Monster,Monster ID,Book,Page,URL,Type,Size,Category,Legendary,CR,PB,XP,Str Mod,Dex Mod,Con Mod,Int Mod,Wis Mod,Cha Mod,Str Save,Dex Save,Con Save,Int Save,Wis Save,Cha Save,Blinded,Charmed,Deafened,Exhaustion,Frightened,Grappled,Incapacitated,Invisible,Paralyzed,Petrified,Poisoned,Prone,Restrained,Stunned,Unconscious,Bludgeoning,Piercing,Slashing,Acid,Cold,Fire,Force,Lightning,Necrotic,Poison,Psychic,Radiant,Thunder,Initiative,HP Multiplier,AC,adj AC,HP,adj HP,SB,adj SB,AB,adj AB,Save DC,DPR,adj DPR,Damage 1,Damage 2,Damage 3,Damage Adj,Damage 1 formula,Damage 2 formula,Damage 3 formula,Damage Adj formula,Notes
Aarakocra Aeromancer,5194864-aarakocra-aeromancer,MM (2024),10.0,https://www.dndbeyond.com/monsters/5194864-aarakocra-aeromancer,Elemental,Medium,generic,N,4.0,2,1000.0,0.0,3.0,1.0,1.0,3.0,1.0,0,5,1,1,5,1,0.0,0.0,0.0,0.0,0.0,0.0,0.0,0.0,0.0,0.0,0.0,0.0,0.0,0.0,0.0,1.0,1.0,1.0,1.0,1.0,1.0,1.0,1.0,1.0,1.0,1.0,1.0,1.0,3,1.0,16.0,20.0,66.0,66.0,2.2,2.2,5.0,5.0,13.0,43.333332,43.333332,56.0,37.0,37.0,0.0,= 2*28,= 2*18.5,= 2*18.5,,Assumes +4 AC from flying.
Aarakocra Skirmisher,5194865-aarakocra-skirmisher,MM (2024),10.0,https://www.dndbeyond.com/monsters/5194865-aarakocra-skirmisher,Elemental,Medium,generic,N,0.25,2,37.0,0.0,2.0,1.0,0.0,1.0,0.0,0,2,1,0,1,0,0.0,0.0,0.0,0.0,0.0,0.0,0.0,0.0,0.0,0.0,0.0,0.0,0.0,0.0,0.0,1.0,1.0,1.0,1.0,1.0,1.0,1.0,1.0,1.0,1.0,1.0,1.0,1.0,2,1.0,12.0,16.0,11.0,11.0,0.7,0.7,4.0,4.0,,8.0,8.0,8.0,8.0,8.0,0.0,= 8,= 8,= 8,,Assumes +4 AC from flying.
Aberrant Cultist,5194866-aberrant-cultist,MM (2024),86.0,https://www.dndbeyond.com/monsters/5194866-aberrant-cultist,Humanoid,Medium,generic,N,8.0,3,3500.0,0.0,4.0,1.0,3.0,4.0,2.0,0,4,1,6,7,2,0.0,0.0,0.0,0.0,0.0,0.0,0.0,0.0,0.0,0.0,0.0,0.0,0.0,0.0,0.0,1.0,1.0,1.0,1.0,1.0,1.0,1.0,1.0,1.0,1.0,1.0,1.0,1.0,7,1.0,14.0,16.0,137.5,165.5,3.3,3.3,7.0,7.0,15.0,48.5,48.5,48.5,48.5,48.5,0.0,= 21.5 + 27,= 21.5 + 27,= 21.5 + 27,,"Assumes +2*14 HP from counterspell. Assumes +1 AC from Tentacle Lash (restrained), and +1 AC from Mind Rot (Poisoned)."
Aberrant Death’s Head,6491338-aberrant-deaths-head,RTHW,243.0,https://www.dndbeyond.com/monsters/6491338-aberrant-deaths-head,Undead,Tiny,generic,N,1.0,2,150.0,-1.0,1.0,1.0,-1.0,2.0,-4.0,-1,1,1,1,4,-4,0.0,0.0,0.0,1.0,0.0,0.0,0.0,0.0,0.0,0.0,1.0,0.0,0.0,0.0,0.0,1.0,1.0,1.0,1.0,1.0,1.0,1.0,1.0,0.5,0.0,0.5,1.0,1.0,1,1.0,16.0,20.0,24.5,24.5,0.3,0.3,3.0,3.0,,7.0,7.0,7.0,7.0,7.0,0.0,= 7,= 7,= 7,,"Assumes +2 AC from flying with Flyby, and +2 AC from Brain-Rending Bite (Frightened)."
Abjurer Archmage,6719566-abjurer-archmage,AU,135.0,https://www.dndbeyond.com/monsters/6719566-abjurer-archmage,Humanoid,Medium,generic,N,15.0,5,13000.0,0.0,3.0,1.0,5.0,2.0,3.0,0,3,6,10,7,3,0.0,1.0,0.0,0.0,0.0,0.0,0.0,0.0,0.0,0.0,0.0,0.0,0.0,0.0,0.0,1.0,1.0,1.0,1.0,1.0,1.0,1.0,1.0,1.0,1.0,0.0,1.0,1.0,8,1.0,16.0,16.0,198.0,318.0,4.8,13.8,10.0,10.0,18.0,86.0,86.0,90.0,84.0,84.0,0.0,= 2*45,= 2*42,= 2*42,,"Assumes +80 HP from Fortify, and +40 HP from Banishing Blast (incapacitated). Assumes +5 SB from Counterspell."
Aboleth,5194867-aboleth,MM (2024),12.0,https://www.dndbeyond.com/monsters/5194867-aboleth,Aberration,Large,generic,L,10.0,4,5700.0,5.0,-1.0,2.0,4.0,2.0,4.0,5,3,6,8,6,4,0.0,0.0,0.0,0.0,0.0,0.0,0.0,0.0,0.0,0.0,0.0,0.0,0.0,0.0,0.0,1.0,1.0,1.0,1.0,1.0,1.0,1.0,1.0,1.0,1.0,1.0,1.0,1.0,7,1.0,17.0,17.0,150.0,249.0,5.3,5.3,9.0,9.0,16.0,67.0,80.0,60.0,70.5,70.5,39.0,= 2*12 + 3*12,= 2*12 + 10.5 + 3*12,= 2*12 + 10.5 + 3*12,= 3*13,Assumes +13 HPR from Dominate Mind. Assumes +13 DPR from Dominate Mind.
Aboleth,5194867-aboleth,MM (2024),12.0,https://www.dndbeyond.com/monsters/5194867-aboleth,Aberration,Large,generic,LL,11.0,4,6800.0,5.0,-1.0,2.0,4.0,2.0,4.0,5,3,6,8,6,4,0.0,0.0,0.0,0.0,0.0,0.0,0.0,0.0,0.0,0.0,0.0,0.0,0.0,0.0,0.0,1.0,1.0,1.0,1.0,1.0,1.0,1.0,1.0,1.0,1.0,1.0,1.0,1.0,7,1.0,17.0,17.0,150.0,269.0,5.3,5.3,9.0,9.0,16.0,79.0,92.0,72.0,82.5,82.5,39.0,= 2*12 + 4*12,= 2*12 + 10.5 + 4*12,= 2*12 + 10.5 + 4*12,= 3*13,Assumes +13 HPR from Dominate Mind. Assumes +13 DPR from Dominate Mind.
Abominable Yeti,5194868-abominable-yeti,MM (2024),340.0,https://www.dndbeyond.com/monsters/5194868-abominable-yeti,Monstrosity,Huge,generic,N,9.0,4,4500.0,7.0,0.0,6.0,-1.0,1.0,-1.0,7,0,6,-1,1,-1,0.0,0.0,0.0,0.0,0.0,0.0,0.0,0.0,0.0,0.0,0.0,0.0,0.0,0.0,0.0,1.0,1.0,1.0,1.0,0.0,1.0,1.0,1.0,1.0,1.0,1.0,1.0,1.0,4,1.0,15.0,15.0,137.5,157.5,2.0,2.0,11.0,11.0,18.0,72.0,72.0,90.0,63.0,63.0,0.0,= 2*45,= 21 + 2*21,= 21 + 2*21,,Assumes +2*10 HP from Chilling Gaze (paralyzed).
Abveku,6719629-abveku,AUD,122.0,https://www.dndbeyond.com/monsters/6719629-abveku,Fiend,Medium,generic,N,14.0,5,11500.0,3.0,6.0,5.0,3.0,4.0,2.0,8,11,5,8,9,2,0.0,0.0,0.0,1.0,0.0,0.0,0.0,0.0,0.0,0.0,1.0,0.0,0.0,0.0,0.0,1.0,1.0,1.0,1.0,0.5,0.5,1.0,0.5,1.0,0.0,1.0,1.0,1.0,11,1.0,17.0,23.0,209.0,209.0,7.2,15.2,11.0,11.0,18.0,78.0,93.6,78.0,78.0,78.0,46.8,= 4*19.5,= 4*19.5,= 4*19.5,= SUM(BK12:BM12)*(1/5),"Assumes +2 AC from Parry, and +4 from Shadow Stealth (Hide). Assumes +4 SB from Shadow Stealth (Hide). Assumes +20% DPR from Mesmerizing Dance (Paralyzed)."
Adult Black Dragon,5194869-adult-black-dragon,MM (2024),39.0,https://www.dndbeyond.com/monsters/5194869-adult-black-dragon,Dragon,Huge,generic,L,14.0,5,11500.0,6.0,2.0,5.0,2.0,1.0,4.0,6,7,5,2,6,4,0.0,0.0,0.0,0.0,0.0,0.0,0.0,0.0,0.0,0.0,0.0,0.0,0.0,0.0,0.0,1.0,1.0,1.0,0.0,1.0,1.0,1.0,1.0,1.0,1.0,1.0,1.0,1.0,12,1.0,19.0,19.0,195.5,399.7,5.0,5.0,11.0,11.0,18.0,110.5,110.5,147.5,92.0,92.0,0.0,= 2*54 + 17.5 + 22,= 3*17.5 + 17.5 + 22,= 3*17.5 + 17.5 + 22,,Assumes +40% HP from Frightful Presence (dash action).
Adult Black Dragon,5194869-adult-black-dragon,MM (2024),39.0,https://www.dndbeyond.com/monsters/5194869-adult-black-dragon,Dragon,Huge,generic,LL,15.0,5,13000.0,6.0,2.0,5.0,2.0,1.0,4.0,6,7,5,2,6,4,0.0,0.0,0.0,0.0,0.0,0.0,0.0,0.0,0.0,0.0,0.0,0.0,0.0,0.0,0.0,1.0,1.0,1.0,0.0,1.0,1.0,1.0,1.0,1.0,1.0,1.0,1.0,1.0,12,1.0,19.0,19.0,195.5,441.7,5.0,5.0,11.0,11.0,18.0,128.0,128.0,165.0,109.5,109.5,0.0,= 2*54 + 2*17.5 + 22,= 3*17.5 + 2*17.5 + 22,= 3*17.5 + 2*17.5 + 22,,Assumes +40% HP from Frightful Presence (dash action).
Adult Blue Dragon,5194870-adult-blue-dragon,MM (2024),49.0,https://www.dndbeyond.com/monsters/5194870-adult-blue-dragon,Dragon,Huge,generic,L,16.0,5,15000.0,7.0,0.0,6.0,3.0,2.0,5.0,7,5,6,3,7,5,0.0,0.0,0.0,0.0,0.0,0.0,0.0,0.0,0.0,0.0,0.0,0.0,0.0,0.0,0.0,1.0,1.0,1.0,1.0,1.0,1.0,1.0,0.0,1.0,1.0,1.0,1.0,1.0,10,1.0,19.0,19.0,212.5,302.5,5.5,5.5,12.0,12.0,19.0,157.0,157.0,191.0,140.0,140.0,0.0,= 2*60.5 + 2*21.5 + 2*13.5,= 2*21.5 + 2*13.5 + 2*21.5 + 2*13.5,= 2*21.5 + 2*13.5 + 2*21.5 + 2*13.5,,
Adult Blue Dragon,5194870-adult-blue-dragon,MM (2024),49.0,https://www.dndbeyond.com/monsters/5194870-adult-blue-dragon,Dragon,Huge,generic,LL,17.0,6,18000.0,7.0,0.0,6.0,3.0,2.0,5.0,7,5,6,3,7,5,0.0,0.0,0.0,0.0,0.0,0.0,0.0,0.0,0.0,0.0,0.0,0.0,0.0,0.0,0.0,1.0,1.0,1.0,1.0,1.0,1.0,1.0,0.0,1.0,1.0,1.0,1.0,1.0,10,1.0,19.0,19.0,212.5,332.5,5.5,5.5,12.0,12.0,19.0,170.5,170.5,204.5,153.5,153.5,0.0,= 2*60.5 + 2*21.5 + 3*13.5,= 2*21.5 + 2*13.5 + 2*21.5 + 3*13.5,= 2*21.5 + 2*13.5 + 2*21.5 + 3*13.5,,
Adult Brass Dragon,5194871-adult-brass-dragon,MM (2024),55.0,https://www.dndbeyond.com/monsters/5194871-adult-brass-dragon,Dragon,Huge,generic,L,13.0,5,10000.0,6.0,0.0,5.0,2.0,1.0,3.0,6,5,5,2,6,3,0.0,0.0,0.0,0.0,0.0,0.0,0.0,0.0,0.0,0.0,0.0,0.0,0.0,0.0,0.0,1.0,1.0,1.0,1.0,1.0,0.0,1.0,1.0,1.0,1.0,1.0,1.0,1.0,10,1.0,18.0,18.0,172.5,262.5,4.5,4.5,11.0,11.0,18.0,137.5,137.5,154.5,129.0,129.0,0.0,= 2*45 + 3*21.5,= 3*21.5 + 3*21.5,= 3*21.5 + 3*21.5,,
Adult Brass Dragon,5194871-adult-brass-dragon,MM (2024),55.0,https://www.dndbeyond.com/monsters/5194871-adult-brass-dragon,Dragon,Huge,generic,LL,14.0,5,11500.0,6.0,0.0,5.0,2.0,1.0,3.0,6,5,5,2,6,3,0.0,0.0,0.0,0.0,0.0,0.0,0.0,0.0,0.0,0.0,0.0,0.0,0.0,0.0,0.0,1.0,1.0,1.0,1.0,1.0,0.0,1.0,1.0,1.0,1.0,1.0,1.0,1.0,10,1.0,18.0,18.0,172.5,292.5,4.5,4.5,11.0,11.0,18.0,159.0,159.0,176.0,150.5,150.5,0.0,= 2*45 + 4*21.5,= 3*21.5 + 4*21.5,= 3*21.5 + 4*21.5,,
Adult Bronze Dragon,5198155-adult-bronze-dragon,MM (2024),59.0,https://www.dndbeyond.com/monsters/5198155-adult-bronze-dragon,Dragon,Huge,generic,L,15.0,5,13000.0,7.0,0.0,6.0,3.0,2.0,5.0,7,5,6,3,7,5,0.0,0.0,0.0,0.0,0.0,0.0,0.0,0.0,0.0,0.0,0.0,0.0,0.0,0.0,0.0,1.0,1.0,1.0,1.0,1.0,1.0,1.0,0.0,1.0,1.0,1.0,1.0,1.0,10,1.0,18.0,18.0,212.5,302.5,5.5,5.5,12.0,12.0,19.0,144.16667,144.16667,174.5,129.0,129.0,0.0,= 2*55 + 3*21.5,= 3*21.5 + 3*21.5,= 3*21.5 + 3*21.5,,
Adult Bronze Dragon,5198155-adult-bronze-dragon,MM (2024),59.0,https://www.dndbeyond.com/monsters/5198155-adult-bronze-dragon,Dragon,Huge,generic,LL,16.0,5,15000.0,7.0,0.0,6.0,3.0,2.0,5.0,7,5,6,3,7,5,0.0,0.0,0.0,0.0,0.0,0.0,0.0,0.0,0.0,0.0,0.0,0.0,0.0,0.0,0.0,1.0,1.0,1.0,1.0,1.0,1.0,1.0,0.0,1.0,1.0,1.0,1.0,1.0,10,1.0,18.0,18.0,212.5,332.5,5.5,5.5,12.0,12.0,19.0,165.66667,165.66667,196.0,150.5,150.5,0.0,= 2*55 + 4*21.5,= 3*21.5 + 4*21.5,= 3*21.5 + 4*21.5,,
Adult Copper Dragon,5194872-adult-copper-dragon,MM (2024),79.0,https://www.dndbeyond.com/monsters/5194872-adult-copper-dragon,Dragon,Huge,generic,L,14.0,5,11500.0,6.0,1.0,5.0,4.0,2.0,4.0,6,6,5,4,7,4,0.0,0.0,0.0,0.0,0.0,0.0,0.0,0.0,0.0,0.0,0.0,0.0,0.0,0.0,0.0,1.0,1.0,1.0,0.0,1.0,1.0,1.0,1.0,1.0,1.0,1.0,1.0,1.0,11,1.0,18.0,18.0,184.0,274.0,5.3,5.3,11.0,11.0,18.0,148.16667,148.16667,176.5,134.0,134.0,0.0,= 2*54 + 21.5 + 24.5 + 22.5,= 2*21.5 + 22.5 + 21.5 + 24.5 + 22.5,= 2*21.5 + 22.5 + 21.5 + 24.5 + 22.5,,
Adult Copper Dragon,5194872-adult-copper-dragon,MM (2024),79.0,https://www.dndbeyond.com/monsters/5194872-adult-copper-dragon,Dragon,Huge,generic,LL,15.0,5,13000.0,6.0,1.0,5.0,4.0,2.0,4.0,6,6,5,4,7,4,0.0,0.0,0.0,0.0,0.0,0.0,0.0,0.0,0.0,0.0,0.0,0.0,0.0,0.0,0.0,1.0,1.0,1.0,0.0,1.0,1.0,1.0,1.0,1.0,1.0,1.0,1.0,1.0,11,1.0,18.0,18.0,184.0,304.0,5.3,5.3,11.0,11.0,18.0,169.66667,169.66667,198.0,155.5,155.5,0.0,= 2*54 + 2*21.5 + 24.5 + 22.5,= 2*21.5 + 22.5 + 2*21.5 + 24.5 + 22.5,= 2*21.5 + 22.5 + 2*21.5 + 24.5 + 22.5,,
Adult Deep Dragon,5900645-adult-deep-dragon,FRAiF,258.0,https://www.dndbeyond.com/monsters/5900645-adult-deep-dragon,Dragon,Huge,generic,L,11.0,4,6800.0,5.0,2.0,3.0,3.0,3.0,4.0,5,6,3,3,7,4,0.0,1.0,0.0,0.0,1.0,0.0,0.0,0.0,0.0,0.0,1.0,0.0,0.0,0.0,0.0,1.0,1.0,1.0,1.0,1.0,1.0,1.0,1.0,1.0,0.5,0.5,1.0,1.0,10,1.0,17.0,21.0,161.5,251.5,4.7,4.7,9.0,9.0,15.0,123.166664,123.166664,135.5,117.0,117.0,0.0,= 2*38.5 + 3*19.5,= 3*19.5 + 3*19.5,= 3*19.5 + 3*19.5,,Assumes +4 AC from flying.
Adult Deep Dragon,5900645-adult-deep-dragon,FRAiF,258.0,https://www.dndbeyond.com/monsters/5900645-adult-deep-dragon,Dragon,Huge,generic,LL,12.0,4,8200.0,5.0,2.0,3.0,3.0,3.0,4.0,5,6,3,3,7,4,0.0,1.0,0.0,0.0,1.0,0.0,0.0,0.0,0.0,0.0,1.0,0.0,0.0,0.0,0.0,1.0,1.0,1.0,1.0,1.0,1.0,1.0,1.0,1.0,0.5,0.5,1.0,1.0,10,1.0,17.0,21.0,161.5,281.5,4.7,4.7,9.0,9.0,15.0,142.66667,142.66667,155.0,136.5,136.5,0.0,= 2*38.5 + 4*19.5,= 3*19.5 + 4*19.5,= 3*19.5 + 4*19.5,,Assumes +4 AC from flying.
Adult Gold Dragon,5194873-adult-gold-dragon,MM (2024),145.0,https://www.dndbeyond.com/monsters/5194873-adult-gold-dragon,Dragon,Huge,generic,L,17.0,6,18000.0,8.0,2.0,7.0,3.0,2.0,7.0,8,8,7,3,8,7,0.0,0.0,0.0,0.0,0.0,0.0,0.0,0.0,0.0,0.0,0.0,0.0,0.0,0.0,0.0,1.0,1.0,1.0,1.0,1.0,0.0,1.0,1.0,1.0,1.0,1.0,1.0,1.0,14,1.0,19.0,19.0,243.0,399.6,6.8,6.8,14.0,14.0,21.0,175.5,175.5,220.5,153.0,153.0,0.0,= 2*66 + 2*21.5 + 10.5 + 35,= 3*21.5 + 2*21.5 + 10.5 + 35,= 3*21.5 + 2*21.5 + 10.5 + 35,,Assumes +20% HP from Banish (incapacitated).
Adult Gold Dragon,5194873-adult-gold-dragon,MM (2024),145.0,https://www.dndbeyond.com/monsters/5194873-adult-gold-dragon,Dragon,Huge,generic,LL,18.0,6,20000.0,8.0,2.0,7.0,3.0,2.0,7.0,8,8,7,3,8,7,0.0,0.0,0.0,0.0,0.0,0.0,0.0,0.0,0.0,0.0,0.0,0.0,0.0,0.0,0.0,1.0,1.0,1.0,1.0,1.0,0.0,1.0,1.0,1.0,1.0,1.0,1.0,1.0,14,1.0,19.0,19.0,243.0,435.6,6.8,6.8,14.0,14.0,21.0,197.0,197.0,242.0,174.5,174.5,0.0,= 2*66 + 3*21.5 + 10.5 + 35,= 3*21.5 + 3*21.5 + 10.5 + 35,= 3*21.5 + 3*21.5 + 10.5 + 35,,Assumes +20% HP from Banish (incapacitated).
Adult Green Dragon,5194874-adult-green-dragon,MM (2024),153.0,https://www.dndbeyond.com/monsters/5194874-adult-green-dragon,Dragon,Huge,generic,L,15.0,5,13000.0,6.0,1.0,5.0,4.0,2.0,4.0,6,6,5,4,7,4,0.0,0.0,0.0,0.0,0.0,0.0,0.0,0.0,0.0,0.0,1.0,0.0,0.0,0.0,0.0,1.0,1.0,1.0,1.0,1.0,1.0,1.0,1.0,1.0,0.0,1.0,1.0,1.0,11,1.0,19.0,19.0,207.0,297.0,5.3,5.3,11.0,11.0,18.0,147.33333,147.33333,178.0,132.0,132.0,0.0,= 2*56 + 3*22,= 3*22 + 3*22,= 3*22 + 3*22,,
Adult Green Dragon,5194874-adult-green-dragon,MM (2024),153.0,https://www.dndbeyond.com/monsters/5194874-adult-green-dragon,Dragon,Huge,generic,LL,16.0,5,15000.0,6.0,1.0,5.0,4.0,2.0,4.0,6,6,5,4,7,4,0.0,0.0,0.0,0.0,0.0,0.0,0.0,0.0,0.0,0.0,1.0,0.0,0.0,0.0,0.0,1.0,1.0,1.0,1.0,1.0,1.0,1.0,1.0,1.0,0.0,1.0,1.0,1.0,11,1.0,19.0,19.0,207.0,327.0,5.3,5.3,11.0,11.0,18.0,169.33333,169.33333,200.0,154.0,154.0,0.0,= 2*56 + 4*22,= 3*22 + 4*22,= 3*22 + 4*22,,
Adult Red Dragon,5194875-adult-red-dragon,MM (2024),255.0,https://www.dndbeyond.com/monsters/5194875-adult-red-dragon,Dragon,Huge,generic,L,17.0,6,18000.0,8.0,0.0,7.0,3.0,1.0,6.0,8,6,7,3,7,6,0.0,0.0,0.0,0.0,0.0,0.0,0.0,0.0,0.0,0.0,0.0,0.0,0.0,0.0,0.0,1.0,1.0,1.0,1.0,1.0,0.0,1.0,1.0,1.0,1.0,1.0,1.0,1.0,12,1.0,19.0,19.0,256.5,346.5,6.2,6.2,14.0,14.0,21.0,132.16667,132.16667,174.5,111.0,111.0,0.0,= 2*59.5 + 3*18.5,= 3*18.5 + 3*18.5,= 3*18.5 + 3*18.5,,
Adult Red Dragon,5194875-adult-red-dragon,MM (2024),255.0,https://www.dndbeyond.com/monsters/5194875-adult-red-dragon,Dragon,Huge,generic,LL,18.0,6,20000.0,8.0,0.0,7.0,3.0,1.0,6.0,8,6,7,3,7,6,0.0,0.0,0.0,0.0,0.0,0.0,0.0,0.0,0.0,0.0,0.0,0.0,0.0,0.0,0.0,1.0,1.0,1.0,1.0,1.0,0.0,1.0,1.0,1.0,1.0,1.0,1.0,1.0,12,1.0,19.0,19.0,256.5,376.5,6.2,6.2,14.0,14.0,21.0,150.66667,150.66667,193.0,129.5,129.5,0.0,= 2*59.5 + 4*18.5,= 3*18.5 + 4*18.5,= 3*18.5 + 4*18.5,,
Adult Silver Dragon,5194876-adult-silver-dragon,MM (2024),279.0,https://www.dndbeyond.com/monsters/5194876-adult-silver-dragon,Dragon,Huge,generic,L,16.0,5,15000.0,8.0,0.0,7.0,3.0,1.0,6.0,8,5,7,3,6,6,0.0,0.0,0.0,0.0,0.0,0.0,0.0,0.0,0.0,0.0,0.0,0.0,0.0,0.0,0.0,1.0,1.0,1.0,1.0,0.0,1.0,1.0,1.0,1.0,1.0,1.0,1.0,1.0,10,1.0,19.0,19.0,216.0,396.0,5.8,5.8,13.0,13.0,20.0,135.66667,135.66667,179.0,114.0,114.0,0.0,= 2*54 + 2*21.5 + 2*14,= 2*21.5 + 2*21.5 + 2*14,= 2*21.5 + 2*21.5 + 2*14,,Assumes +6*15 HP from Paralyzing Breath (incapacitated).
Adult Silver Dragon,5194876-adult-silver-dragon,MM (2024),279.0,https://www.dndbeyond.com/monsters/5194876-adult-silver-dragon,Dragon,Huge,generic,LL,17.0,6,18000.0,8.0,0.0,7.0,3.0,1.0,6.0,8,5,7,3,6,6,0.0,0.0,0.0,0.0,0.0,0.0,0.0,0.0,0.0,0.0,0.0,0.0,0.0,0.0,0.0,1.0,1.0,1.0,1.0,0.0,1.0,1.0,1.0,1.0,1.0,1.0,1.0,1.0,10,1.0,19.0,19.0,216.0,426.0,5.8,5.8,13.0,13.0,20.0,157.16667,157.16667,200.5,135.5,135.5,0.0,= 2*54 + 3*21.5 + 2*14,= 2*21.5 + 3*21.5 + 2*14,= 2*21.5 + 3*21.5 + 2*14,,Assumes +6*15 HP from Paralyzing Breath (incapacitated).
Adult Spirit Dragon,5900646-adult-spirit-dragon,FRAiF,278.0,https://www.dndbeyond.com/monsters/5900646-adult-spirit-dragon,Dragon,Huge,generic,L,15.0,5,13000.0,6.0,2.0,5.0,5.0,2.0,4.0,6,7,10,5,2,4,0.0,0.0,0.0,0.0,0.0,0.0,0.0,0.0,0.0,0.0,0.0,0.0,0.0,0.0,0.0,1.0,1.0,1.0,1.0,1.0,1.0,1.0,1.0,0.5,1.0,1.0,1.0,1.0,7,1.0,18.0,18.0,207.0,297.0,5.7,5.7,11.0,11.0,18.0,152.0,152.0,192.0,132.0,132.0,0.0,= 2*63 + 3*22,= 3*22 + 3*22,= 3*22 + 3*22,,
Adult Spirit Dragon,5900646-adult-spirit-dragon,FRAiF,278.0,https://www.dndbeyond.com/monsters/5900646-adult-spirit-dragon,Dragon,Huge,generic,LL,16.0,5,15000.0,6.0,2.0,5.0,5.0,2.0,4.0,6,7,10,5,2,4,0.0,0.0,0.0,0.0,0.0,0.0,0.0,0.0,0.0,0.0,0.0,0.0,0.0,0.0,0.0,1.0,1.0,1.0,1.0,1.0,1.0,1.0,1.0,0.5,1.0,1.0,1.0,1.0,7,1.0,18.0,18.0,207.0,327.0,5.7,5.7,11.0,11.0,18.0,174.0,174.0,214.0,154.0,154.0,0.0,= 2*63 + 4*22,= 3*22 + 4*22,= 3*22 + 4*22,,
Adult White Dragon,5194877-adult-white-dragon,MM (2024),329.0,https://www.dndbeyond.com/monsters/5194877-adult-white-dragon,Dragon,Huge,generic,L,13.0,5,10000.0,6.0,0.0,6.0,-1.0,1.0,1.0,6,5,6,-1,6,1,0.0,0.0,0.0,0.0,0.0,0.0,0.0,0.0,0.0,0.0,0.0,0.0,0.0,0.0,0.0,1.0,1.0,1.0,1.0,0.0,1.0,1.0,1.0,1.0,1.0,1.0,1.0,1.0,10,1.0,18.0,18.0,200.0,290.0,3.8,3.8,11.0,11.0,19.0,123.5,123.5,160.5,105.0,105.0,0.0,= 2*54 + 3*17.5,= 3*17.5 + 3*17.5,= 3*17.5 + 3*17.5,,
Adult White Dragon,5194877-adult-white-dragon,MM (2024),329.0,https://www.dndbeyond.com/monsters/5194877-adult-white-dragon,Dragon,Huge,generic,LL,14.0,5,11500.0,6.0,0.0,6.0,-1.0,1.0,1.0,6,5,6,-1,6,1,0.0,0.0,0.0,0.0,0.0,0.0,0.0,0.0,0.0,0.0,0.0,0.0,0.0,0.0,0.0,1.0,1.0,1.0,1.0,0.0,1.0,1.0,1.0,1.0,1.0,1.0,1.0,1.0,10,1.0,18.0,18.0,200.0,320.0,3.8,3.8,11.0,11.0,19.0,141.0,141.0,178.0,122.5,122.5,0.0,= 2*54 + 4*17.5,= 3*17.5 + 4*17.5,= 3*17.5 + 4*17.5,,
Air Elemental,5194878-air-elemental,MM (2024),13.0,https://www.dndbeyond.com/monsters/5194878-air-elemental,Elemental,Large,generic,N,5.0,3,1400.0,2.0,5.0,2.0,-2.0,0.0,-2.0,2,5,2,-2,0,-2,0.0,0.0,0.0,1.0,0.0,1.0,0.0,0.0,1.0,1.0,1.0,1.0,1.0,0.0,1.0,0.5,0.5,0.5,1.0,1.0,1.0,1.0,0.5,1.0,0.0,1.0,1.0,0.0,5,1.5,15.0,15.0,90.0,135.0,0.8,0.8,8.0,8.0,13.0,28.0,28.0,28.0,28.0,28.0,0.0,= 2*14,= 2*14,= 2*14,,
Allosaurus,5194879-allosaurus,MM (2024),348.0,https://www.dndbeyond.com/monsters/5194879-allosaurus,Beast,Large,generic,N,2.0,2,300.0,4.0,1.0,3.0,-4.0,1.0,-3.0,4,1,3,-4,1,-3,0.0,0.0,0.0,0.0,0.0,0.0,0.0,0.0,0.0,0.0,0.0,0.0,0.0,0.0,0.0,1.0,1.0,1.0,1.0,1.0,1.0,1.0,1.0,1.0,1.0,1.0,1.0,1.0,1,1.0,13.0,13.0,51.0,51.0,0.3,0.3,6.0,6.0,,17.833334,17.833334,23.5,15.0,15.0,0.0,= 8.5 + 15,= 15,= 15,,
Ancient Black Dragon,5194880-ancient-black-dragon,MM (2024),40.0,https://www.dndbeyond.com/monsters/5194880-ancient-black-dragon,Dragon,Gargantuan,generic,L,21.0,7,33000.0,8.0,2.0,7.0,3.0,2.0,6.0,8,9,7,3,9,6,0.0,0.0,0.0,0.0,0.0,0.0,0.0,0.0,0.0,0.0,0.0,0.0,0.0,0.0,0.0,1.0,1.0,1.0,0.0,1.0,1.0,1.0,1.0,1.0,1.0,1.0,1.0,1.0,16,1.0,22.0,22.0,367.5,457.5,7.0,7.0,15.0,15.0,22.0,182.0,182.0,220.0,163.0,163.0,0.0,= 2*67.5 + 33 + 2*26,= 3*26 + 33 + 2*26,= 3*26 + 33 + 2*26,,
Ancient Black Dragon,5194880-ancient-black-dragon,MM (2024),40.0,https://www.dndbeyond.com/monsters/5194880-ancient-black-dragon,Dragon,Gargantuan,generic,LL,22.0,7,41000.0,8.0,2.0,7.0,3.0,2.0,6.0,8,9,7,3,9,6,0.0,0.0,0.0,0.0,0.0,0.0,0.0,0.0,0.0,0.0,0.0,0.0,0.0,0.0,0.0,1.0,1.0,1.0,0.0,1.0,1.0,1.0,1.0,1.0,1.0,1.0,1.0,1.0,16,1.0,22.0,22.0,367.5,517.5,7.0,7.0,15.0,15.0,22.0,208.0,208.0,246.0,189.0,189.0,0.0,= 2*67.5 + 33 + 3*26,= 3*26 + 33 + 3*26,= 3*26 + 33 + 3*26,,
Ancient Blue Dragon,5194881-ancient-blue-dragon,MM (2024),50.0,https://www.dndbeyond.com/monsters/5194881-ancient-blue-dragon,Dragon,Gargantuan,generic,L,23.0,7,50000.0,9.0,0.0,8.0,4.0,3.0,7.0,9,7,8,4,10,7,0.0,0.0,0.0,0.0,0.0,0.0,0.0,0.0,0.0,0.0,0.0,0.0,0.0,0.0,0.0,1.0,1.0,1.0,1.0,1.0,1.0,1.0,0.0,1.0,1.0,1.0,1.0,1.0,14,1.0,22.0,22.0,481.0,601.0,7.5,7.5,16.0,16.0,23.0,210.66667,210.66667,270.0,181.0,181.0,0.0,= 2*88 + 2*29 + 2*18,= 3*29 + 2*29 + 2*18,= 3*29 + 2*29 + 2*18,,
Ancient Blue Dragon,5194881-ancient-blue-dragon,MM (2024),50.0,https://www.dndbeyond.com/monsters/5194881-ancient-blue-dragon,Dragon,Gargantuan,generic,LL,24.0,7,62000.0,9.0,0.0,8.0,4.0,3.0,7.0,9,7,8,4,10,7,0.0,0.0,0.0,0.0,0.0,0.0,0.0,0.0,0.0,0.0,0.0,0.0,0.0,0.0,0.0,1.0,1.0,1.0,1.0,1.0,1.0,1.0,0.0,1.0,1.0,1.0,1.0,1.0,14,1.0,22.0,22.0,481.0,631.0,7.5,7.5,16.0,16.0,23.0,239.66667,239.66667,299.0,210.0,210.0,0.0,= 2*88 + 3*29 + 2*18,= 3*29 + 3*29 + 2*18,= 3*29 + 3*29 + 2*18,,
Ancient Brass Dragon,5194882-ancient-brass-dragon,MM (2024),56.0,https://www.dndbeyond.com/monsters/5194882-ancient-brass-dragon,Dragon,Gargantuan,generic,L,20.0,6,25000.0,8.0,0.0,7.0,3.0,2.0,6.0,8,6,7,3,8,6,0.0,0.0,0.0,0.0,0.0,0.0,0.0,0.0,0.0,0.0,0.0,0.0,0.0,0.0,0.0,1.0,1.0,1.0,1.0,1.0,0.0,1.0,1.0,1.0,1.0,1.0,1.0,1.0,12,1.0,20.0,20.0,332.5,452.5,6.3,6.3,14.0,14.0,21.0,169.0,169.0,195.0,156.0,156.0,0.0,= 2*58.5 + 3*26,= 3*26 + 3*26,= 3*26 + 3*26,,
Ancient Brass Dragon,5194882-ancient-brass-dragon,MM (2024),56.0,https://www.dndbeyond.com/monsters/5194882-ancient-brass-dragon,Dragon,Gargantuan,generic,LL,21.0,7,33000.0,8.0,0.0,7.0,3.0,2.0,6.0,8,6,7,3,8,6,0.0,0.0,0.0,0.0,0.0,0.0,0.0,0.0,0.0,0.0,0.0,0.0,0.0,0.0,0.0,1.0,1.0,1.0,1.0,1.0,0.0,1.0,1.0,1.0,1.0,1.0,1.0,1.0,12,1.0,20.0,20.0,332.5,482.5,6.3,6.3,14.0,14.0,21.0,195.0,195.0,221.0,182.0,182.0,0.0,= 2*58.5 + 4*26,= 3*26 + 4*26,= 3*26 + 4*26,,
Ancient Bronze Dragon,5194883-ancient-bronze-dragon,MM (2024),60.0,https://www.dndbeyond.com/monsters/5194883-ancient-bronze-dragon,Dragon,Gargantuan,generic,L,22.0,7,41000.0,9.0,0.0,8.0,4.0,3.0,7.0,9,7,8,4,10,7,0.0,0.0,0.0,0.0,0.0,0.0,0.0,0.0,0.0,0.0,0.0,0.0,0.0,0.0,0.0,1.0,1.0,1.0,1.0,1.0,1.0,1.0,0.0,1.0,1.0,1.0,1.0,1.0,14,1.0,22.0,22.0,444.0,564.0,7.5,7.5,16.0,16.0,23.0,190.0,190.0,246.0,162.0,162.0,0.0,= 2*82.5 + 3*27,= 3*27 + 3*27,= 3*27 + 3*27,,
Ancient Bronze Dragon,5194883-ancient-bronze-dragon,MM (2024),60.0,https://www.dndbeyond.com/monsters/5194883-ancient-bronze-dragon,Dragon,Gargantuan,generic,LL,23.0,7,50000.0,9.0,0.0,8.0,4.0,3.0,7.0,9,7,8,4,10,7,0.0,0.0,0.0,0.0,0.0,0.0,0.0,0.0,0.0,0.0,0.0,0.0,0.0,0.0,0.0,1.0,1.0,1.0,1.0,1.0,1.0,1.0,0.0,1.0,1.0,1.0,1.0,1.0,14,1.0,22.0,22.0,444.0,594.0,7.5,7.5,16.0,16.0,23.0,217.0,217.0,273.0,189.0,189.0,0.0,= 2*82.5 + 4*27,= 3*27 + 4*27,= 3*27 + 4*27,,
Ancient Copper Dragon,5194884-ancient-copper-dragon,MM (2024),80.0,https://www.dndbeyond.com/monsters/5194884-ancient-copper-dragon,Dragon,Gargantuan,generic,L,21.0,7,33000.0,8.0,1.0,7.0,5.0,3.0,6.0,8,8,7,5,10,6,0.0,0.0,0.0,0.0,0.0,0.0,0.0,0.0,0.0,0.0,0.0,0.0,0.0,0.0,0.0,1.0,1.0,1.0,0.0,1.0,1.0,1.0,1.0,1.0,1.0,1.0,1.0,1.0,15,1.0,21.0,21.0,367.5,487.5,7.3,7.3,15.0,15.0,22.0,185.5,185.5,213.5,171.5,171.5,0.0,= 2*63 + 31.5 + 2*28,= 3*28 + 31.5 + 2*28,= 3*28 + 31.5 + 2*28,,
Ancient Copper Dragon,5194884-ancient-copper-dragon,MM (2024),80.0,https://www.dndbeyond.com/monsters/5194884-ancient-copper-dragon,Dragon,Gargantuan,generic,LL,22.0,7,41000.0,8.0,1.0,7.0,5.0,3.0,6.0,8,8,7,5,10,6,0.0,0.0,0.0,0.0,0.0,0.0,0.0,0.0,0.0,0.0,0.0,0.0,0.0,0.0,0.0,1.0,1.0,1.0,0.0,1.0,1.0,1.0,1.0,1.0,1.0,1.0,1.0,1.0,15,1.0,21.0,21.0,367.5,517.5,7.3,7.3,15.0,15.0,22.0,213.5,213.5,241.5,199.5,199.5,0.0,= 2*63 + 31.5 + 3*28,= 3*28 + 31.5 + 3*28,= 3*28 + 31.5 + 3*28,,
Ancient Deep Dragon,5900647-ancient-deep-dragon,FRAiF,259.0,https://www.dndbeyond.com/monsters/5900647-ancient-deep-dragon,Dragon,Gargantuan,generic,L,18.0,6,20000.0,6.0,3.0,6.0,4.0,4.0,5.0,6,9,6,4,10,5,0.0,1.0,0.0,0.0,1.0,0.0,0.0,0.0,0.0,0.0,1.0,0.0,0.0,0.0,0.0,1.0,1.0,1.0,1.0,1.0,1.0,1.0,1.0,1.0,0.5,0.5,1.0,1.0,15,1.0,20.0,20.0,247.5,367.5,6.7,6.7,12.0,12.0,,156.5,156.5,199.5,135.0,135.0,0.0,= 3*44 + 3*22.5,= 3*22.5 + 3*22.5,= 3*22.5 + 3*22.5,,
Ancient Deep Dragon,5900647-ancient-deep-dragon,FRAiF,259.0,https://www.dndbeyond.com/monsters/5900647-ancient-deep-dragon,Dragon,Gargantuan,generic,LL,19.0,6,22000.0,6.0,3.0,6.0,4.0,4.0,5.0,6,9,6,4,10,5,0.0,1.0,0.0,0.0,1.0,0.0,0.0,0.0,0.0,0.0,1.0,0.0,0.0,0.0,0.0,1.0,1.0,1.0,1.0,1.0,1.0,1.0,1.0,1.0,0.5,0.5,1.0,1.0,15,1.0,20.0,20.0,247.5,397.5,6.7,6.7,12.0,12.0,,179.0,179.0,222.0,157.5,157.5,0.0,= 3*44 + 4*22.5,= 3*22.5 + 4*22.5,= 3*22.5 + 4*22.5,,
Ancient Gold Dragon,5194885-ancient-gold-dragon,MM (2024),146.0,https://www.dndbeyond.com/monsters/5194885-ancient-gold-dragon,Dragon,Gargantuan,generic,L,24.0,7,62000.0,10.0,2.0,9.0,4.0,3.0,9.0,10,9,9,4,10,9,0.0,0.0,0.0,0.0,0.0,0.0,0.0,0.0,0.0,0.0,0.0,0.0,0.0,0.0,0.0,1.0,1.0,1.0,1.0,1.0,0.0,1.0,1.0,1.0,1.0,1.0,1.0,1.0,16,1.0,22.0,22.0,546.0,799.2,8.5,8.5,17.0,17.0,24.0,243.0,243.0,330.0,199.5,199.5,0.0,= 3*71.5 + 2*28 + 24.5 + 35,= 3*28 + 2*28 + 24.5 + 35,= 3*28 + 2*28 + 24.5 + 35,,Assumes +20% HP from Banish (incapacitated).
Ancient Gold Dragon,5194885-ancient-gold-dragon,MM (2024),146.0,https://www.dndbeyond.com/monsters/5194885-ancient-gold-dragon,Dragon,Gargantuan,generic,LL,25.0,8,75000.0,10.0,2.0,9.0,4.0,3.0,9.0,10,9,9,4,10,9,0.0,0.0,0.0,0.0,0.0,0.0,0.0,0.0,0.0,0.0,0.0,0.0,0.0,0.0,0.0,1.0,1.0,1.0,1.0,1.0,0.0,1.0,1.0,1.0,1.0,1.0,1.0,1.0,16,1.0,22.0,22.0,546.0,835.2,8.5,8.5,17.0,17.0,24.0,271.0,271.0,358.0,227.5,227.5,0.0,= 3*71.5 + 3*28 + 24.5 + 35,= 3*28 + 3*28 + 24.5 + 35,= 3*28 + 3*28 + 24.5 + 35,,Assumes +20% HP from Banish (incapacitated).
Ancient Green Dragon,5194886-ancient-green-dragon,MM (2024),154.0,https://www.dndbeyond.com/monsters/5194886-ancient-green-dragon,Dragon,Gargantuan,generic,L,22.0,7,41000.0,8.0,1.0,7.0,5.0,3.0,6.0,8,8,7,5,10,6,0.0,0.0,0.0,0.0,0.0,0.0,0.0,0.0,0.0,0.0,1.0,0.0,0.0,0.0,0.0,1.0,1.0,1.0,1.0,1.0,1.0,1.0,1.0,1.0,0.0,1.0,1.0,1.0,15,1.0,21.0,21.0,402.5,522.5,7.3,7.3,15.0,15.0,22.0,222.0,222.0,321.0,172.5,172.5,0.0,= 3*77 + 2*27.5 + 2*17.5,= 3*27.5 + 2*27.5 + 2*17.5,= 3*27.5 + 2*27.5 + 2*17.5,,
Ancient Green Dragon,5194886-ancient-green-dragon,MM (2024),154.0,https://www.dndbeyond.com/monsters/5194886-ancient-green-dragon,Dragon,Gargantuan,generic,LL,23.0,7,50000.0,8.0,1.0,7.0,5.0,3.0,6.0,8,8,7,5,10,6,0.0,0.0,0.0,0.0,0.0,0.0,0.0,0.0,0.0,0.0,1.0,0.0,0.0,0.0,0.0,1.0,1.0,1.0,1.0,1.0,1.0,1.0,1.0,1.0,0.0,1.0,1.0,1.0,15,1.0,21.0,21.0,402.5,552.5,7.3,7.3,15.0,15.0,22.0,249.5,249.5,348.5,200.0,200.0,0.0,= 3*77 + 3*27.5 + 2*17.5,= 3*27.5 + 3*27.5 + 2*17.5,= 3*27.5 + 3*27.5 + 2*17.5,,
Ancient Red Dragon,5194887-ancient-red-dragon,MM (2024),256.0,https://www.dndbeyond.com/monsters/5194887-ancient-red-dragon,Dragon,Gargantuan,generic,L,24.0,7,62000.0,10.0,0.0,9.0,4.0,2.0,8.0,10,7,9,4,9,8,0.0,0.0,0.0,0.0,0.0,0.0,0.0,0.0,0.0,0.0,0.0,0.0,0.0,0.0,0.0,1.0,1.0,1.0,1.0,1.0,0.0,1.0,1.0,1.0,1.0,1.0,1.0,1.0,14,1.0,22.0,22.0,507.0,627.0,7.8,7.8,17.0,17.0,24.0,238.5,238.5,361.5,177.0,177.0,0.0,= 3*91 + 3*29.5,= 3*29.5 + 3*29.5,= 3*29.5 + 3*29.5,,
Ancient Red Dragon,5194887-ancient-red-dragon,MM (2024),256.0,https://www.dndbeyond.com/monsters/5194887-ancient-red-dragon,Dragon,Gargantuan,generic,LL,25.0,8,75000.0,10.0,0.0,9.0,4.0,2.0,8.0,10,7,9,4,9,8,0.0,0.0,0.0,0.0,0.0,0.0,0.0,0.0,0.0,0.0,0.0,0.0,0.0,0.0,0.0,1.0,1.0,1.0,1.0,1.0,0.0,1.0,1.0,1.0,1.0,1.0,1.0,1.0,14,1.0,22.0,22.0,507.0,657.0,7.8,7.8,17.0,17.0,24.0,268.0,268.0,391.0,206.5,206.5,0.0,= 3*91 + 4*29.5,= 3*29.5 + 4*29.5,= 3*29.5 + 4*29.5,,
Ancient Silver Dragon,5194888-ancient-silver-dragon,MM (2024),280.0,https://www.dndbeyond.com/monsters/5194888-ancient-silver-dragon,Dragon,Gargantuan,generic,L,23.0,7,50000.0,10.0,0.0,9.0,4.0,2.0,8.0,10,7,9,4,9,8,0.0,0.0,0.0,0.0,0.0,0.0,0.0,0.0,0.0,0.0,0.0,0.0,0.0,0.0,0.0,1.0,1.0,1.0,1.0,0.0,1.0,1.0,1.0,1.0,1.0,1.0,1.0,1.0,14,1.0,22.0,22.0,468.0,708.0,7.8,7.8,17.0,17.0,24.0,188.83333,188.83333,286.5,140.0,140.0,0.0,= 3*67.5 + 3*28,= 2*28 + 3*28,= 2*28 + 3*28,,Assumes +6*20 HP from Paralyzing Breath (incapacitated).
Ancient Silver Dragon,5194888-ancient-silver-dragon,MM (2024),280.0,https://www.dndbeyond.com/monsters/5194888-ancient-silver-dragon,Dragon,Gargantuan,generic,LL,24.0,7,62000.0,10.0,0.0,9.0,4.0,2.0,8.0,10,7,9,4,9,8,0.0,0.0,0.0,0.0,0.0,0.0,0.0,0.0,0.0,0.0,0.0,0.0,0.0,0.0,0.0,1.0,1.0,1.0,1.0,0.0,1.0,1.0,1.0,1.0,1.0,1.0,1.0,1.0,14,1.0,22.0,22.0,468.0,738.0,7.8,7.8,17.0,17.0,24.0,216.83333,216.83333,314.5,168.0,168.0,0.0,= 3*67.5 + 4*28,= 2*28 + 4*28,= 2*28 + 4*28,,Assumes +6*20 HP from Paralyzing Breath (incapacitated).
Ancient Spirit Dragon,5900648-ancient-spirit-dragon,FRAiF,279.0,https://www.dndbeyond.com/monsters/5900648-ancient-spirit-dragon,Dragon,Gargantuan,generic,L,22.0,7,41000.0,8.0,2.0,7.0,7.0,4.0,6.0,8,9,14,7,4,6,0.0,0.0,0.0,0.0,0.0,0.0,0.0,0.0,0.0,0.0,0.0,0.0,0.0,0.0,0.0,1.0,1.0,1.0,1.0,1.0,1.0,1.0,1.0,0.5,1.0,1.0,1.0,1.0,9,1.0,21.0,21.0,420.0,540.0,8.0,8.0,15.0,15.0,22.0,212.0,212.0,300.0,168.0,168.0,0.0,= 3*72 + 3*28,= 3*28 + 3*28,= 3*28 + 3*28,,
Ancient Spirit Dragon,5900648-ancient-spirit-dragon,FRAiF,279.0,https://www.dndbeyond.com/monsters/5900648-ancient-spirit-dragon,Dragon,Gargantuan,generic,LL,23.0,7,50000.0,8.0,2.0,7.0,7.0,4.0,6.0,8,9,14,7,4,6,0.0,0.0,0.0,0.0,0.0,0.0,0.0,0.0,0.0,0.0,0.0,0.0,0.0,0.0,0.0,1.0,1.0,1.0,1.0,1.0,1.0,1.0,1.0,0.5,1.0,1.0,1.0,1.0,9,1.0,21.0,21.0,420.0,570.0,8.0,8.0,15.0,15.0,22.0,240.0,240.0,328.0,196.0,196.0,0.0,= 3*72 + 4*28,= 3*28 + 4*28,= 3*28 + 4*28,,
Ancient White Dragon,5194889-ancient-white-dragon,MM (2024),330.0,https://www.dndbeyond.com/monsters/5194889-ancient-white-dragon,Dragon,Gargantuan,generic,L,20.0,6,25000.0,8.0,0.0,8.0,0.0,1.0,4.0,8,6,8,0,7,4,0.0,0.0,0.0,0.0,0.0,0.0,0.0,0.0,0.0,0.0,0.0,0.0,0.0,0.0,0.0,1.0,1.0,1.0,1.0,0.0,1.0,1.0,1.0,1.0,1.0,1.0,1.0,1.0,12,1.0,20.0,20.0,333.0,453.0,5.5,5.5,14.0,14.0,22.0,183.0,183.0,261.0,144.0,144.0,0.0,= 3*63 + 3*24,= 3*24 + 3*24,= 3*24 + 3*24,,
Ancient White Dragon,5194889-ancient-white-dragon,MM (2024),330.0,https://www.dndbeyond.com/monsters/5194889-ancient-white-dragon,Dragon,Gargantuan,generic,LL,21.0,7,33000.0,8.0,0.0,8.0,0.0,1.0,4.0,8,6,8,0,7,4,0.0,0.0,0.0,0.0,0.0,0.0,0.0,0.0,0.0,0.0,0.0,0.0,0.0,0.0,0.0,1.0,1.0,1.0,1.0,0.0,1.0,1.0,1.0,1.0,1.0,1.0,1.0,1.0,12,1.0,20.0,20.0,333.0,483.0,5.5,5.5,14.0,14.0,22.0,207.0,207.0,285.0,168.0,168.0,0.0,= 3*63 + 4*24,= 3*24 + 4*24,= 3*24 + 4*24,,
Animal Lord (Forager),5194892-animal-lord,MM (2024),15.0,https://www.dndbeyond.com/monsters/5194892-animal-lord,Celestial,Medium,generic,L,20.0,6,25000.0,7.0,7.0,5.0,4.0,6.0,6.0,7,7,11,4,12,6,0.0,1.0,0.0,0.0,1.0,0.0,0.0,0.0,0.0,0.0,0.0,0.0,0.0,1.0,0.0,1.0,1.0,1.0,1.0,0.5,0.5,1.0,1.0,0.5,1.0,0.5,0.5,1.0,19,1.0,19.0,19.0,323.0,704.2,7.8,11.8,13.0,13.0,20.0,173.66667,173.66667,213.0,154.0,154.0,0.0,= 3*43 + 2*10.5 + 3*21,= 2*21 + 28 + 2*10.5 + 3*21,= 2*21 + 28 + 2*10.5 + 3*21,,"Assumes +20 HPR from Animal Spirit - Fortify, and +40% HP from Lordly Presence - Captivated (incapacitated)."
Animal Lord (Hunter),5194892-animal-lord,MM (2024),15.0,https://www.dndbeyond.com/monsters/5194892-animal-lord,Celestial,Medium,generic,L,20.0,6,25000.0,7.0,7.0,5.0,4.0,6.0,6.0,7,7,11,4,12,6,0.0,1.0,0.0,0.0,1.0,0.0,0.0,0.0,0.0,0.0,0.0,0.0,0.0,1.0,0.0,1.0,1.0,1.0,1.0,0.5,0.5,1.0,1.0,0.5,1.0,0.5,0.5,1.0,19,1.0,19.0,21.0,323.0,443.0,7.8,11.8,13.0,17.0,20.0,173.66667,173.66667,213.0,154.0,154.0,0.0,= 3*43 + 2*10.5 + 3*21,= 2*21 + 28 + 2*10.5 + 3*21,= 2*21 + 28 + 2*10.5 + 3*21,,Assumes +2 AC from Lordly Presence - Fearful (frightened). Assumes +4 AB from Animal Spirit - Marked as Prey (advantage).
Animal Lord (Sage),5194892-animal-lord,MM (2024),15.0,https://www.dndbeyond.com/monsters/5194892-animal-lord,Celestial,Medium,generic,L,20.0,6,25000.0,7.0,7.0,5.0,4.0,6.0,6.0,7,7,11,4,12,6,0.0,1.0,0.0,0.0,1.0,0.0,0.0,0.0,0.0,0.0,0.0,0.0,0.0,1.0,0.0,1.0,1.0,1.0,1.0,0.5,0.5,1.0,1.0,0.5,1.0,0.5,0.5,1.0,19,1.0,19.0,21.0,323.0,443.0,7.8,11.8,13.0,14.0,20.0,173.66667,173.66667,213.0,154.0,154.0,0.0,= 3*43 + 2*10.5 + 3*21,= 2*21 + 28 + 2*10.5 + 3*21,= 2*21 + 28 + 2*10.5 + 3*21,,Assumes +2 AC from Animal Spirit (Pesky Swarm). Assumes +1 AB from Lordly Presence (Mired).
Animated Armor,5194893-animated-armor,MM (2024),16.0,https://www.dndbeyond.com/monsters/5194893-animated-armor,Construct,Medium,generic,N,1.0,2,150.0,2.0,0.0,1.0,-5.0,-4.0,-5.0,2,0,1,-5,-4,-5,0.0,1.0,1.0,1.0,1.0,0.0,0.0,0.0,1.0,1.0,1.0,0.0,0.0,0.0,0.0,1.0,1.0,1.0,1.0,1.0,1.0,1.0,1.0,1.0,0.0,0.0,1.0,1.0,2,1.0,18.0,18.0,33.0,33.0,-1.8,-1.8,4.0,4.0,,11.0,11.0,11.0,11.0,11.0,0.0,= 2*5.5,= 2*5.5,= 2*5.5,,
Animated Broom,5194894-animated-broom,MM (2024),16.0,https://www.dndbeyond.com/monsters/5194894-animated-broom,Construct,Small,generic,N,0.25,2,37.0,0.0,3.0,0.0,-5.0,-3.0,-5.0,0,3,0,-5,-3,-5,0.0,1.0,1.0,1.0,1.0,0.0,0.0,0.0,1.0,1.0,1.0,0.0,0.0,0.0,0.0,1.0,1.0,1.0,1.0,1.0,1.0,1.0,1.0,1.0,0.0,0.0,1.0,1.0,5,1.0,15.0,19.0,14.0,14.0,-1.7,-1.7,5.0,5.0,,5.5,5.5,5.5,5.5,5.5,0.0,= 5.5,= 5.5,= 5.5,,Assumes +4 AC from flying with Flyby.
Animated Flying Sword,5194895-animated-flying-sword,MM (2024),17.0,https://www.dndbeyond.com/monsters/5194895-animated-flying-sword,Construct,Small,generic,N,0.25,2,37.0,1.0,2.0,0.0,-5.0,-3.0,-5.0,1,4,0,-5,-3,-5,0.0,1.0,1.0,1.0,1.0,0.0,0.0,0.0,1.0,1.0,1.0,0.0,0.0,0.0,0.0,1.0,1.0,1.0,1.0,1.0,1.0,1.0,1.0,1.0,0.0,0.0,1.0,1.0,4,1.0,17.0,17.0,14.0,14.0,-1.3,-1.3,4.0,4.0,,6.5,6.5,6.5,6.5,6.5,0.0,= 6.5,= 6.5,= 6.5,,
Animated Rug of Smothering,5194896-animated-rug-of-smothering,MM (2024),17.0,https://www.dndbeyond.com/monsters/5194896-animated-rug-of-smothering,Construct,Large,generic,N,2.0,2,300.0,3.0,2.0,0.0,-5.0,-4.0,-5.0,3,2,0,-5,-4,-5,0.0,1.0,1.0,1.0,1.0,0.0,0.0,0.0,1.0,1.0,1.0,0.0,0.0,0.0,0.0,1.0,1.0,1.0,1.0,1.0,1.0,1.0,1.0,1.0,0.0,0.0,1.0,1.0,4,1.0,12.0,13.0,27.5,55.0,-1.5,-1.5,5.0,8.0,,10.0,19.166666,10.0,10.0,10.0,27.5,= 10,= 10,= 10,= BA69,Assumes +1 AC from Smother (restrained). Assumes +3 AB from Smother (advantage). Assumes +27.5 damage from Smother.
Ankheg,5194897-ankheg,MM (2024),18.0,https://www.dndbeyond.com/monsters/5194897-ankheg,Monstrosity,Large,generic,N,2.0,2,300.0,3.0,0.0,2.0,-5.0,1.0,-2.0,3,0,2,-5,1,-2,0.0,0.0,0.0,0.0,0.0,0.0,0.0,0.0,0.0,0.0,0.0,0.0,0.0,0.0,0.0,1.0,1.0,1.0,1.0,1.0,1.0,1.0,1.0,1.0,1.0,1.0,1.0,1.0,0,1.0,14.0,14.0,45.0,45.0,-0.2,-0.2,5.0,6.0,12.0,18.333334,18.333334,28.0,13.5,13.5,0.0,= 2*14,= 13.5,= 13.5,,Assumes +1 AB from Bite (advantage).
Ankhtepot,6491339-ankhtepot,RTHW,88.0,https://www.dndbeyond.com/monsters/6491339-ankhtepot,Undead,Medium,unique,L,17.0,6,18000.0,4.0,0.0,3.0,2.0,5.0,3.0,4,0,3,8,11,3,0.0,1.0,0.0,1.0,1.0,0.0,0.0,0.0,1.0,0.0,1.0,0.0,0.0,0.0,0.0,1.0,1.0,1.0,1.0,1.0,2.0,1.0,1.0,0.0,0.0,1.0,1.0,1.0,6,1.0,17.0,17.0,202.5,292.5,4.8,8.8,11.0,11.0,,156.0,218.40001,156.0,156.0,156.0,187.2,= 3*26 + 3*26,= 3*26 + 3*26,= 3*26 + 3*26,= SUM(BK71:BM71)*(2/5),Assumes +40% DPR from Power Word Stun (Stunned).
Ankhtepot,6491339-ankhtepot,RTHW,88.0,https://www.dndbeyond.com/monsters/6491339-ankhtepot,Undead,Medium,unique,LD,18.0,6,20000.0,4.0,0.0,3.0,2.0,5.0,3.0,4,0,3,8,11,3,0.0,1.0,0.0,1.0,1.0,0.0,0.0,0.0,1.0,0.0,1.0,0.0,0.0,0.0,0.0,1.0,1.0,1.0,1.0,1.0,2.0,1.0,1.0,0.0,0.0,1.0,1.0,1.0,6,1.0,17.0,17.0,202.5,322.5,4.8,8.8,11.0,11.0,,182.0,254.8,182.0,182.0,182.0,218.4,= 3*26 + 4*26,= 3*26 + 4*26,= 3*26 + 4*26,= SUM(BK72:BM72)*(2/5),Assumes +40% DPR from Power Word Stun (Stunned).
Ankylosaurus,5194898-ankylosaurus,MM (2024),348.0,https://www.dndbeyond.com/monsters/5194898-ankylosaurus,Beast,Huge,generic,N,3.0,2,600.0,4.0,0.0,2.0,-4.0,1.0,-3.0,6,0,2,-4,1,-3,0.0,0.0,0.0,0.0,0.0,0.0,0.0,0.0,0.0,0.0,0.0,0.0,0.0,0.0,0.0,1.0,1.0,1.0,1.0,1.0,1.0,1.0,1.0,1.0,1.0,1.0,1.0,1.0,0,1.0,15.0,15.0,68.0,68.0,0.3,0.3,6.0,6.0,,19.0,19.0,19.0,19.0,19.0,0.0,= 2*9.5,= 2*9.5,= 2*9.5,,
Ape,4775801-ape,MM (2024),348.0,https://www.dndbeyond.com/monsters/4775801-ape,Beast,Medium,generic,N,0.5,2,75.0,3.0,2.0,2.0,-2.0,1.0,-2.0,3,2,2,-2,1,-2,0.0,0.0,0.0,0.0,0.0,0.0,0.0,0.0,0.0,0.0,0.0,0.0,0.0,0.0,0.0,1.0,1.0,1.0,1.0,1.0,1.0,1.0,1.0,1.0,1.0,1.0,1.0,1.0,2,1.0,12.0,12.0,19.5,19.5,0.7,0.7,5.0,5.0,,11.0,11.0,11.0,11.0,11.0,0.0,= 2*5.5,= 2*5.5,= 2*5.5,,
Aranea,5900649-aranea,FRAiF,250.0,https://www.dndbeyond.com/monsters/5900649-aranea,Monstrosity,Medium,generic,N,2.0,2,300.0,0.0,3.0,1.0,1.0,0.0,2.0,0,3,1,1,0,2,0.0,0.0,0.0,0.0,0.0,0.0,0.0,0.0,0.0,0.0,0.0,0.0,0.0,0.0,0.0,1.0,1.0,1.0,1.0,1.0,1.0,1.0,1.0,1.0,1.0,1.0,1.0,1.0,3,1.0,14.0,14.0,66.0,66.0,1.2,1.2,5.0,5.0,,18.0,18.0,18.0,18.0,18.0,0.0,= 2*9,= 2*9,= 2*9,,
Arcanaloth,5194899-arcanaloth,MM (2024),19.0,https://www.dndbeyond.com/monsters/5194899-arcanaloth,Fiend,Medium,generic,N,12.0,4,8200.0,3.0,1.0,2.0,5.0,3.0,3.0,3,5,6,9,7,3,0.0,1.0,0.0,0.0,0.0,0.0,0.0,0.0,0.0,0.0,1.0,0.0,0.0,0.0,0.0,1.0,1.0,1.0,0.0,0.5,0.5,1.0,0.5,1.0,0.0,1.0,1.0,1.0,5,1.0,18.0,18.0,175.5,246.6,5.5,9.5,9.0,9.0,17.0,91.5,91.5,91.5,91.5,91.5,0.0,= 2*31 + 29.5,= 2*31 + 29.5,= 2*31 + 29.5,,"Assumes +10 HPR from Counterspell, and +20% HP from Banishing Claw (incapacitated)."
Arch-hag,5194900-arch-hag,MM (2024),21.0,https://www.dndbeyond.com/monsters/5194900-arch-hag,Fey,Large,generic,L,21.0,7,33000.0,7.0,2.0,6.0,4.0,4.0,7.0,7,9,6,4,11,7,0.0,1.0,0.0,1.0,1.0,0.0,0.0,0.0,0.0,0.0,0.0,0.0,0.0,0.0,0.0,1.0,1.0,1.0,1.0,0.5,0.5,1.0,1.0,1.0,1.0,0.5,1.0,1.0,16,1.0,20.0,20.0,333.5,498.5,7.3,11.3,14.0,14.0,22.0,180.5,180.5,180.5,180.5,180.5,0.0,= 2*17.5 + 2*32.5 + 2*14 + 3*17.5,= 2*17.5 + 2*32.5 + 2*14 + 3*17.5,= 2*17.5 + 2*32.5 + 2*14 + 3*17.5,,Assumes +15 HPR from Tongue Twister.
Arch-hag,5194900-arch-hag,MM (2024),21.0,https://www.dndbeyond.com/monsters/5194900-arch-hag,Fey,Large,generic,LL,22.0,7,41000.0,7.0,2.0,6.0,4.0,4.0,7.0,7,9,6,4,11,7,0.0,1.0,0.0,1.0,1.0,0.0,0.0,0.0,0.0,0.0,0.0,0.0,0.0,0.0,0.0,1.0,1.0,1.0,1.0,0.5,0.5,1.0,1.0,1.0,1.0,0.5,1.0,1.0,16,1.0,20.0,20.0,333.5,528.5,7.3,11.3,14.0,14.0,22.0,198.0,198.0,198.0,198.0,198.0,0.0,= 2*17.5 + 2*32.5 + 2*14 + 4*17.5,= 2*17.5 + 2*32.5 + 2*14 + 4*17.5,= 2*17.5 + 2*32.5 + 2*14 + 4*17.5,,Assumes +15 HPR from Tongue Twister.
Archelon,5194901-archelon,MM (2024),349.0,https://www.dndbeyond.com/monsters/5194901-archelon,Beast,Huge,generic,N,4.0,2,1000.0,4.0,3.0,1.0,-3.0,2.0,-2.0,4,3,1,-3,2,-2,0.0,0.0,0.0,0.0,0.0,0.0,0.0,0.0,0.0,0.0,0.0,0.0,0.0,0.0,0.0,1.0,1.0,1.0,1.0,1.0,1.0,1.0,1.0,1.0,1.0,1.0,1.0,1.0,3,1.0,17.0,17.0,90.0,90.0,0.8,0.8,6.0,6.0,,29.0,29.0,29.0,29.0,29.0,0.0,= 2*14.5,= 2*14.5,= 2*14.5,,
Archmage,5194902-archmage,MM (2024),199.0,https://www.dndbeyond.com/monsters/5194902-archmage,Humanoid,Medium,generic,N,12.0,4,8200.0,0.0,2.0,1.0,5.0,2.0,3.0,0,2,1,9,6,3,0.0,1.0,0.0,0.0,0.0,0.0,0.0,0.0,0.0,0.0,0.0,0.0,0.0,0.0,0.0,1.0,1.0,1.0,1.0,1.0,1.0,1.0,1.0,1.0,1.0,0.0,1.0,1.0,7,1.0,17.0,17.0,170.5,200.5,3.5,7.5,9.0,9.0,17.0,108.0,108.0,108.0,108.0,108.0,0.0,= 4*27,= 4*27,= 4*27,,Assumes +10 HPR from Protective Magic.
Archpriest,5194903-archpriest,MM (2024),248.0,https://www.dndbeyond.com/monsters/5194903-archpriest,Humanoid,Medium,generic,N,12.0,4,8200.0,3.0,1.0,3.0,2.0,5.0,2.0,7,1,7,6,9,2,0.0,0.0,0.0,0.0,0.0,0.0,0.0,0.0,0.0,0.0,0.0,0.0,0.0,0.0,0.0,1.0,1.0,1.0,1.0,1.0,1.0,1.0,1.0,1.0,1.0,1.0,1.0,1.0,5,1.0,16.0,16.0,240.0,270.0,5.3,5.3,9.0,9.0,17.0,82.0,82.0,84.0,81.0,81.0,0.0,= 2*42,= 3*27,= 3*27,,
Arisen Sarrukh,6719630-arisen-sarrukh,AUD,125.0,https://www.dndbeyond.com/monsters/6719630-arisen-sarrukh,Undead,Medium,generic,L,18.0,6,20000.0,6.0,3.0,6.0,4.0,3.0,4.0,12,9,12,4,9,4,0.0,1.0,0.0,1.0,1.0,0.0,0.0,0.0,0.0,0.0,1.0,0.0,0.0,0.0,0.0,1.0,1.0,1.0,1.0,1.0,0.0,1.0,1.0,0.0,0.0,1.0,1.0,1.0,9,1.25,18.0,18.0,273.0,363.0,8.3,12.3,12.0,12.0,20.0,113.666664,113.666664,143.0,99.0,99.0,0.0,= 3*33 + 2*22,= 3*33,= 3*33,,
Assassin,5194904-assassin,MM (2024),22.0,https://www.dndbeyond.com/monsters/5194904-assassin,Humanoid,Medium,generic,N,8.0,3,3500.0,0.0,4.0,2.0,3.0,0.0,0.0,0,7,2,6,0,0,0.0,0.0,0.0,0.0,0.0,0.0,0.0,0.0,0.0,0.0,0.0,0.0,0.0,0.0,0.0,1.0,1.0,1.0,1.0,1.0,1.0,1.0,1.0,1.0,0.5,1.0,1.0,1.0,10,1.0,16.0,20.0,97.5,97.5,2.5,8.5,7.0,7.0,,88.5,88.5,88.5,88.5,88.5,0.0,= 3*29.5,= 3*29.5,= 3*29.5,,"Assumes +4 AC from Cunning Action. Assumes +4 SB from Cunning Action, +2 SB from Evasion (Avoidance)."
Awakened Shrub,5194905-awakened-shrub,MM (2024),23.0,https://www.dndbeyond.com/monsters/5194905-awakened-shrub,Plant,Small,generic,N,0.0,2,7.0,-4.0,-1.0,0.0,0.0,0.0,-2.0,-4,-1,0,0,0,-2,0.0,0.0,0.0,0.0,0.0,0.0,0.0,0.0,0.0,0.0,0.0,0.0,0.0,0.0,0.0,1.0,0.5,1.0,1.0,1.0,2.0,1.0,1.0,1.0,1.0,1.0,1.0,1.0,-1,1.0,9.0,9.0,10.5,10.5,-1.2,-1.2,1.0,1.0,,1.0,1.0,1.0,1.0,1.0,0.0,= 1,= 1,= 1,,
Awakened Tree,5194906-awakened-tree,MM (2024),23.0,https://www.dndbeyond.com/monsters/5194906-awakened-tree,Plant,Huge,generic,N,2.0,2,300.0,4.0,-2.0,2.0,0.0,0.0,-2.0,4,-2,2,0,0,-2,0.0,0.0,0.0,0.0,0.0,0.0,0.0,0.0,0.0,0.0,0.0,0.0,0.0,0.0,0.0,0.5,0.5,1.0,1.0,1.0,2.0,1.0,1.0,1.0,1.0,1.0,1.0,1.0,-2,1.0,13.0,13.0,59.5,59.5,0.3,0.3,6.0,6.0,,13.0,13.0,13.0,13.0,13.0,0.0,= 13,= 13,= 13,,
Axe Beak,5194907-axe-beak,MM (2024),24.0,https://www.dndbeyond.com/monsters/5194907-axe-beak,Monstrosity,Large,generic,N,0.25,2,37.0,2.0,1.0,1.0,-4.0,0.0,-3.0,2,1,1,-4,0,-3,0.0,0.0,0.0,0.0,0.0,0.0,0.0,0.0,0.0,0.0,0.0,0.0,0.0,0.0,0.0,1.0,1.0,1.0,1.0,1.0,1.0,1.0,1.0,1.0,1.0,1.0,1.0,1.0,1,1.0,11.0,11.0,19.5,19.5,-0.5,-0.5,4.0,4.0,,5.5,5.5,5.5,5.5,5.5,0.0,= 5.5,= 5.5,= 5.5,,
Azalin Rex,6491340-azalin-rex,RTHW,62.0,https://www.dndbeyond.com/monsters/6491340-azalin-rex,Undead,Medium,unique,L,23.0,7,50000.0,0.0,3.0,3.0,5.0,3.0,3.0,0,10,10,12,10,3,0.0,1.0,0.0,1.0,1.0,0.0,0.0,0.0,1.0,0.0,1.0,0.0,0.0,0.0,0.0,1.0,1.0,1.0,1.0,0.5,1.0,1.0,0.5,0.0,0.0,1.0,1.0,1.0,17,1.0,20.0,20.0,390.0,510.0,7.5,12.5,12.0,12.0,20.0,211.0,295.4,211.0,211.0,211.0,253.2,= 3*31 + 2*31 + 2*28,= 3*31 + 2*31 + 2*28,= 3*31 + 2*31 + 2*28,= SUM(BK87:BM87)*(2/5),Assumes +5 SB from Siphon Spell (Counterspell). Assumes +40% DPR from Forbidden Knowledge (Stunned).
Azalin Rex,6491340-azalin-rex,RTHW,62.0,https://www.dndbeyond.com/monsters/6491340-azalin-rex,Undead,Medium,unique,LD,24.0,7,62000.0,0.0,3.0,3.0,5.0,3.0,3.0,0,10,10,12,10,3,0.0,1.0,0.0,1.0,1.0,0.0,0.0,0.0,1.0,0.0,1.0,0.0,0.0,0.0,0.0,1.0,1.0,1.0,1.0,0.5,1.0,1.0,0.5,0.0,0.0,1.0,1.0,1.0,17,1.0,20.0,20.0,390.0,540.0,7.5,12.5,12.0,12.0,20.0,242.0,338.80002,242.0,242.0,242.0,290.4,= 3*31 + 3*31 + 2*28,= 3*31 + 3*31 + 2*28,= 3*31 + 3*31 + 2*28,= SUM(BK88:BM88)*(2/5),Assumes +5 SB from Siphon Spell (Counterspell). Assumes +40% DPR from Forbidden Knowledge (Stunned).
Azer Pyromancer,5194908-azer-pyromancer,MM (2024),25.0,https://www.dndbeyond.com/monsters/5194908-azer-pyromancer,Elemental,Medium,generic,N,6.0,3,2000.0,2.0,2.0,3.0,1.0,4.0,1.0,2,2,6,1,7,1,0.0,0.0,0.0,0.0,0.0,0.0,0.0,0.0,0.0,0.0,1.0,0.0,0.0,0.0,0.0,1.0,1.0,1.0,1.0,1.0,0.0,1.0,1.0,1.0,0.0,1.0,1.0,1.0,2,1.0,18.0,18.0,97.5,97.5,3.2,3.2,7.0,7.0,15.0,57.0,57.0,67.0,52.0,52.0,0.0,= 2*28 + 11,= 2*15 + 11 + 11,= 2*15 + 11 + 11,,
Azer Sentinel,5194909-azer-sentinel,MM (2024),25.0,https://www.dndbeyond.com/monsters/5194909-azer-sentinel,Elemental,Medium,generic,N,2.0,2,300.0,3.0,1.0,2.0,1.0,1.0,0.0,3,1,4,1,1,0,0.0,0.0,0.0,0.0,0.0,0.0,0.0,0.0,0.0,0.0,1.0,0.0,0.0,0.0,0.0,1.0,1.0,1.0,1.0,1.0,0.0,1.0,1.0,1.0,0.0,1.0,1.0,1.0,1,1.0,17.0,17.0,39.0,39.0,1.7,1.7,5.0,5.0,,17.5,17.5,17.5,17.5,17.5,0.0,= 12 + 5.5,= 12 + 5.5,= 12 + 5.5,,
Baboon,5194910-baboon,MM (2024),349.0,https://www.dndbeyond.com/monsters/5194910-baboon,Beast,Small,generic,N,0.0,2,7.0,-1.0,2.0,0.0,-3.0,1.0,-2.0,-1,2,0,-3,1,-2,0.0,0.0,0.0,0.0,0.0,0.0,0.0,0.0,0.0,0.0,0.0,0.0,0.0,0.0,0.0,1.0,1.0,1.0,1.0,1.0,1.0,1.0,1.0,1.0,1.0,1.0,1.0,1.0,2,1.0,12.0,12.0,3.5,3.5,-0.5,-0.5,1.0,2.0,,1.5,1.5,1.5,1.5,1.5,0.0,= 1.5,= 1.5,= 1.5,,
Badger,4775802-badger,MM (2024),349.0,https://www.dndbeyond.com/monsters/4775802-badger,Beast,Tiny,generic,N,0.0,2,7.0,0.0,0.0,3.0,-4.0,1.0,-3.0,0,0,3,-4,1,-3,0.0,0.0,0.0,0.0,0.0,0.0,0.0,0.0,0.0,0.0,0.0,0.0,0.0,0.0,0.0,1.0,1.0,1.0,1.0,1.0,1.0,1.0,1.0,1.0,0.5,1.0,1.0,1.0,0,1.0,11.0,11.0,5.5,5.5,-0.5,-0.5,2.0,2.0,,1.0,1.0,1.0,1.0,1.0,0.0,= 1,= 1,= 1,,
Baelnorn,6719567-baelnorn,AU,141.0,https://www.dndbeyond.com/monsters/6719567-baelnorn,Undead,Medium,generic,L,18.0,6,20000.0,0.0,3.0,3.0,5.0,2.0,3.0,0,9,9,11,8,3,0.0,1.0,0.0,1.0,1.0,0.0,0.0,0.0,1.0,0.0,1.0,0.0,0.0,0.0,0.0,1.0,1.0,1.0,1.0,1.0,1.0,1.0,0.5,0.0,0.0,1.0,0.5,1.0,15,1.0,18.0,18.0,255.0,345.0,6.7,15.7,11.0,11.0,19.0,160.0,160.0,160.0,160.0,160.0,0.0,= 31 + 2*31.5 + 3*2*11,= 31 + 2*31.5 + 3*2*11,= 31 + 2*31.5 + 3*2*11,,Assumes +5 SB from Counterspell.
Baelnorn,6719567-baelnorn,AU,141.0,https://www.dndbeyond.com/monsters/6719567-baelnorn,Undead,Medium,generic,LL,19.0,6,22000.0,0.0,3.0,3.0,5.0,2.0,3.0,0,9,9,11,8,3,0.0,1.0,0.0,1.0,1.0,0.0,0.0,0.0,1.0,0.0,1.0,0.0,0.0,0.0,0.0,1.0,1.0,1.0,1.0,1.0,1.0,1.0,0.5,0.0,0.0,1.0,0.5,1.0,15,1.0,18.0,18.0,255.0,375.0,6.7,15.7,11.0,11.0,19.0,182.0,182.0,182.0,182.0,182.0,0.0,= 31 + 2*31.5 + 4*2*11,= 31 + 2*31.5 + 4*2*11,= 31 + 2*31.5 + 4*2*11,,Assumes +5 SB from Counterspell.
Balor,5194911-balor,MM (2024),26.0,https://www.dndbeyond.com/monsters/5194911-balor,Fiend,Huge,generic,L,19.0,6,22000.0,8.0,2.0,6.0,5.0,3.0,6.0,8,2,12,5,9,6,0.0,1.0,0.0,0.0,1.0,0.0,0.0,0.0,0.0,0.0,1.0,0.0,0.0,0.0,0.0,1.0,1.0,1.0,1.0,0.5,0.0,1.0,0.5,1.0,0.0,1.0,1.0,1.0,14,1.0,19.0,19.0,287.5,377.5,7.0,11.0,14.0,14.0,20.0,91.0,133.0,91.0,91.0,91.0,126.0,= 36 + 41.5 + 13.5,= 36 + 41.5 + 13.5,= 36 + 41.5 + 13.5,= 2*63,
Bandit,5194915-bandit,MM (2024),27.0,https://www.dndbeyond.com/monsters/5194915-bandit,Humanoid,Medium,generic,N,0.125,2,19.0,0.0,1.0,1.0,0.0,0.0,0.0,0,1,1,0,0,0,0.0,0.0,0.0,0.0,0.0,0.0,0.0,0.0,0.0,0.0,0.0,0.0,0.0,0.0,0.0,1.0,1.0,1.0,1.0,1.0,1.0,1.0,1.0,1.0,1.0,1.0,1.0,1.0,1,1.0,12.0,12.0,11.0,11.0,0.3,0.3,3.0,3.0,,5.5,5.5,5.5,5.5,5.5,0.0,= 5.5,= 5.5,= 5.5,,
Bandit Captain,5194912-bandit-captain,MM (2024),27.0,https://www.dndbeyond.com/monsters/5194912-bandit-captain,Humanoid,Medium,generic,N,2.0,2,300.0,2.0,3.0,2.0,2.0,0.0,2.0,4,5,2,2,2,2,0.0,0.0,0.0,0.0,0.0,0.0,0.0,0.0,0.0,0.0,0.0,0.0,0.0,0.0,0.0,1.0,1.0,1.0,1.0,1.0,1.0,1.0,1.0,1.0,1.0,1.0,1.0,1.0,3,1.0,15.0,16.0,52.0,52.0,2.8,2.8,5.0,5.0,,17.0,17.0,17.0,17.0,17.0,0.0,= 2*8.5,= 2*8.5,= 2*8.5,,Assumes +1 AC from Parry.
Bandit Crime Lord,5194913-bandit-crime-lord,MM (2024),28.0,https://www.dndbeyond.com/monsters/5194913-bandit-crime-lord,Humanoid,Medium,generic,N,11.0,4,6800.0,0.0,5.0,2.0,4.0,2.0,2.0,0,9,6,4,2,2,0.0,0.0,0.0,0.0,0.0,0.0,0.0,0.0,0.0,0.0,0.0,0.0,0.0,0.0,0.0,1.0,1.0,1.0,1.0,1.0,1.0,1.0,1.0,1.0,1.0,1.0,1.0,1.0,9,1.0,17.0,17.0,169.0,169.0,3.8,5.8,9.0,11.0,,106.0,106.0,106.0,106.0,106.0,0.0,= 3*26 + 28,= 3*26 + 28,= 3*26 + 28,,Assumes +2 SB from Evasion (Avoidance). Assumes +2 AB from Deadly Aim.
Bandit Deceiver,5194914-bandit-deceiver,MM (2024),28.0,https://www.dndbeyond.com/monsters/5194914-bandit-deceiver,Humanoid,Medium,generic,N,7.0,3,2600.0,-1.0,3.0,2.0,3.0,1.0,3.0,-1,6,2,6,1,3,0.0,0.0,0.0,0.0,0.0,0.0,0.0,0.0,0.0,0.0,0.0,0.0,0.0,0.0,0.0,1.0,1.0,1.0,1.0,1.0,1.0,1.0,1.0,1.0,1.0,1.0,1.0,1.0,6,1.0,16.0,16.0,130.0,130.0,2.8,2.8,6.0,6.0,14.0,55.5,55.5,55.5,55.5,55.5,0.0,= 3*18.5,= 3*18.5,= 3*18.5,,
Banshee,5194916-banshee,MM (2024),29.0,https://www.dndbeyond.com/monsters/5194916-banshee,Undead,Medium,generic,N,4.0,2,1000.0,-5.0,2.0,0.0,1.0,0.0,3.0,-5,2,0,1,2,3,0.0,1.0,0.0,1.0,1.0,1.0,0.0,0.0,1.0,1.0,1.0,1.0,1.0,0.0,0.0,0.5,0.5,0.5,0.5,0.0,0.5,1.0,0.5,0.0,0.0,1.0,1.0,0.5,2,2.0,12.0,13.0,54.0,108.0,0.5,0.5,5.0,5.0,13.0,26.666666,26.666666,15.0,15.0,50.0,0.0,= 2*7.5,= 2*7.5,= 2*25,,Assumes +1 AC from Horrify (frightened).
Barbed Devil,5194917-barbed-devil,MM (2024),30.0,https://www.dndbeyond.com/monsters/5194917-barbed-devil,Fiend,Medium,generic,N,5.0,3,1400.0,3.0,3.0,4.0,1.0,2.0,2.0,6,3,7,1,5,5,0.0,0.0,0.0,0.0,0.0,0.0,0.0,0.0,0.0,0.0,1.0,0.0,0.0,0.0,0.0,1.0,1.0,1.0,1.0,0.5,0.0,1.0,1.0,1.0,0.0,1.0,1.0,1.0,3,1.0,15.0,15.0,110.5,110.5,4.5,8.5,6.0,6.0,,35.0,35.0,35.0,35.0,35.0,0.0,= 2*17.5,= 2*17.5,= 2*17.5,,
Barlgura,5194918-barlgura,MM (2024),31.0,https://www.dndbeyond.com/monsters/5194918-barlgura,Fiend,Large,generic,N,5.0,3,1400.0,4.0,2.0,3.0,-2.0,2.0,-1.0,4,5,6,-2,2,-1,0.0,0.0,0.0,0.0,0.0,0.0,0.0,0.0,0.0,0.0,1.0,0.0,0.0,0.0,0.0,1.0,1.0,1.0,1.0,0.5,0.5,1.0,0.5,1.0,0.0,1.0,1.0,1.0,2,1.0,15.0,15.0,85.0,85.0,2.3,2.3,7.0,7.0,13.0,43.0,43.0,43.0,43.0,43.0,0.0,= 24 + 2*9.5,= 24 + 2*9.5,= 24 + 2*9.5,,
Basilisk,5194919-basilisk,MM (2024),32.0,https://www.dndbeyond.com/monsters/5194919-basilisk,Monstrosity,Medium,generic,N,3.0,2,600.0,3.0,-1.0,2.0,-4.0,-1.0,-2.0,3,-1,2,-4,-1,-2,0.0,0.0,0.0,0.0,0.0,0.0,0.0,0.0,0.0,0.0,0.0,0.0,0.0,0.0,0.0,1.0,1.0,1.0,1.0,1.0,1.0,1.0,1.0,1.0,1.0,1.0,1.0,1.0,-1,1.0,15.0,17.0,52.0,52.0,-0.5,-0.5,5.0,9.0,12.0,17.0,17.0,17.0,17.0,17.0,0.0,= 17,= 17,= 17,,Assumes +2 AC from Petrifying Gaze. Assumes +4 AB from Petrifying Gaze.
Bat,4775803-bat,MM (2024),349.0,https://www.dndbeyond.com/monsters/4775803-bat,Beast,Tiny,generic,N,0.0,2,7.0,-4.0,2.0,-1.0,-4.0,1.0,-3.0,-4,2,-1,-4,1,-3,0.0,0.0,0.0,0.0,0.0,0.0,0.0,0.0,0.0,0.0,0.0,0.0,0.0,0.0,0.0,1.0,1.0,1.0,1.0,1.0,1.0,1.0,1.0,1.0,1.0,1.0,1.0,1.0,2,1.0,12.0,12.0,1.5,1.5,-1.5,-1.5,4.0,4.0,,1.0,1.0,1.0,1.0,1.0,0.0,= 1,= 1,= 1,,
Bearded Devil,5194920-bearded-devil,MM (2024),33.0,https://www.dndbeyond.com/monsters/5194920-bearded-devil,Fiend,Medium,generic,N,3.0,2,600.0,3.0,2.0,2.0,-1.0,0.0,2.0,5,2,4,-1,0,4,0.0,0.0,0.0,0.0,1.0,0.0,0.0,0.0,0.0,0.0,1.0,0.0,0.0,0.0,0.0,1.0,1.0,1.0,1.0,0.5,0.0,1.0,1.0,1.0,0.0,1.0,1.0,1.0,2,1.0,13.0,13.0,58.5,58.5,2.3,6.3,5.0,5.0,12.0,27.0,27.0,27.0,27.0,27.0,0.0,= 7.5 + 8.5 + 2*5.5,= 7.5 + 8.5 + 2*5.5,= 7.5 + 8.5 + 2*5.5,,
Beast of Malar,5900650-beast-of-malar,FRAiF,251.0,https://www.dndbeyond.com/monsters/5900650-beast-of-malar,Monstrosity,Medium,generic,L,11.0,4,6800.0,5.0,3.0,6.0,0.0,2.0,1.0,9,3,6,0,2,1,0.0,1.0,0.0,0.0,1.0,0.0,0.0,0.0,0.0,0.0,0.0,0.0,0.0,0.0,0.0,1.0,1.0,1.0,1.0,1.0,1.0,1.0,1.0,1.0,1.0,1.0,1.0,1.0,7,1.0,17.0,17.0,168.0,345.0,3.5,7.5,9.0,9.0,,69.0,69.0,69.0,69.0,69.0,0.0,= 3*23,= 3*23,= 3*23,,Assumes +9 HPR from Recuperative Shape-Shift.
Behir,5194921-behir,MM (2024),34.0,https://www.dndbeyond.com/monsters/5194921-behir,Monstrosity,Huge,generic,N,11.0,4,6800.0,6.0,3.0,4.0,-2.0,2.0,1.0,6,3,4,-2,2,1,0.0,0.0,0.0,0.0,0.0,0.0,0.0,0.0,0.0,0.0,0.0,0.0,0.0,0.0,0.0,1.0,1.0,1.0,1.0,1.0,1.0,1.0,0.0,1.0,1.0,1.0,1.0,1.0,3,1.0,17.0,18.0,168.0,168.0,2.3,2.3,10.0,10.0,18.0,96.666664,96.666664,132.0,79.0,79.0,0.0,= 2*66,= 30 + 28 + 21,= 30 + 28 + 21,,Assumes +1 AC from Constrict and Swallow (restrained).
Beholder,5194923-beholder,MM (2024),36.0,https://www.dndbeyond.com/monsters/5194923-beholder,Aberration,Large,generic,L,13.0,5,10000.0,3.0,2.0,4.0,3.0,2.0,3.0,3,2,9,3,7,3,0.0,0.0,0.0,0.0,0.0,0.0,0.0,0.0,0.0,0.0,0.0,1.0,0.0,0.0,0.0,1.0,1.0,1.0,1.0,1.0,1.0,1.0,1.0,1.0,1.0,1.0,1.0,1.0,12,1.0,18.0,20.0,190.0,291.2,4.5,4.5,8.0,8.0,16.0,126.0,126.0,126.0,126.0,126.0,0.0,= 3*(13.5 + 14 + 18 + 13.5 + 36 + 55)/10 + 6*13.5,= 3*(13.5 + 14 + 18 + 13.5 + 36 + 55)/10 + 6*13.5,= 3*(13.5 + 14 + 18 + 13.5 + 36 + 55)/10 + 6*13.5,,"Assumes +4% HP from combination of Charm Ray, Paralyzing Ray, Sleep Ray, and Petrification Ray. Assumes +2 AC from Fear Ray, Enervation Ray, and Telekinetic Ray combined."
Beholder,5194923-beholder,MM (2024),36.0,https://www.dndbeyond.com/monsters/5194923-beholder,Aberration,Large,generic,LL,14.0,5,11500.0,3.0,2.0,4.0,3.0,2.0,3.0,3,2,9,3,7,3,0.0,0.0,0.0,0.0,0.0,0.0,0.0,0.0,0.0,0.0,0.0,1.0,0.0,0.0,0.0,1.0,1.0,1.0,1.0,1.0,1.0,1.0,1.0,1.0,1.0,1.0,1.0,1.0,12,1.0,18.0,20.0,190.0,322.4,4.5,4.5,8.0,8.0,16.0,153.0,153.0,153.0,153.0,153.0,0.0,= 3*(13.5 + 14 + 18 + 13.5 + 36 + 55)/10 + 8*13.5,= 3*(13.5 + 14 + 18 + 13.5 + 36 + 55)/10 + 8*13.5,= 3*(13.5 + 14 + 18 + 13.5 + 36 + 55)/10 + 8*13.5,,"Assumes +4% HP from combination of Charm Ray, Paralyzing Ray, Sleep Ray, and Petrification Ray. Assumes +2 AC from Fear Ray, Enervation Ray, and Telekinetic Ray combined."
Beholder Zombie,5194922-beholder-zombie,MM (2024),347.0,https://www.dndbeyond.com/monsters/5194922-beholder-zombie,Undead,Large,generic,N,5.0,3,1400.0,2.0,-1.0,3.0,-4.0,-1.0,-3.0,2,-1,3,-4,2,-3,0.0,0.0,0.0,1.0,0.0,0.0,0.0,0.0,0.0,0.0,1.0,1.0,0.0,0.0,0.0,1.0,1.0,1.0,1.0,1.0,1.0,1.0,1.0,1.0,0.0,1.0,1.0,1.0,-1,1.0,15.0,16.0,93.5,129.0,-0.2,-0.2,6.0,6.0,14.0,25.75,25.75,25.75,25.75,25.75,0.0,= 2*(13.5 + 10.5 + 27.5)/4,= 2*(13.5 + 10.5 + 27.5)/4,= 2*(13.5 + 10.5 + 27.5)/4,,"Assumes +20% HP from Eye Rays (paralyzed). Assumes +1 AC from Eye Rays (poisoned, frightened)."
Berserker,4904621-berserker,MM (2024),37.0,https://www.dndbeyond.com/monsters/4904621-berserker,Humanoid,Medium,generic,N,2.0,2,300.0,3.0,1.0,3.0,-1.0,0.0,-1.0,3,1,3,-1,0,-1,0.0,0.0,0.0,0.0,0.0,0.0,0.0,0.0,0.0,0.0,0.0,0.0,0.0,0.0,0.0,1.0,1.0,1.0,1.0,1.0,1.0,1.0,1.0,1.0,1.0,1.0,1.0,1.0,1,1.0,13.0,13.0,67.5,67.5,0.8,2.8,5.0,7.0,,9.5,9.5,9.5,9.5,9.5,0.0,= 9.5,= 9.5,= 9.5,,Assumes +2 SB from Bloodied Frenzy. Assumes +2 AB from Bloodied Frenzy.
Berserker Commander,5194924-berserker-commander,MM (2024),37.0,https://www.dndbeyond.com/monsters/5194924-berserker-commander,Humanoid,Medium,generic,N,8.0,3,3500.0,4.0,2.0,4.0,0.0,2.0,-1.0,7,2,7,0,2,-1,0.0,1.0,0.0,0.0,1.0,0.0,0.0,0.0,0.0,0.0,0.0,0.0,0.0,0.0,0.0,1.0,1.0,1.0,1.0,1.0,1.0,1.0,1.0,1.0,1.0,1.0,1.0,1.0,5,1.0,16.0,16.0,136.0,136.0,2.8,2.8,7.0,9.0,,63.0,63.0,63.0,63.0,63.0,0.0,= 3*21,= 3*21,= 3*21,,Assumes +2 AB from Bloodied Frenzy.
Biha Babir,5900651-biha-babir,FRAiF,253.0,https://www.dndbeyond.com/monsters/5900651-biha-babir,Elemental,Large,unique,L,12.0,4,8200.0,6.0,1.0,8.0,4.0,3.0,5.0,6,5,8,4,7,9,0.0,0.0,0.0,0.0,0.0,0.0,0.0,0.0,0.0,0.0,0.0,0.0,0.0,0.0,0.0,1.0,1.0,1.0,0.5,0.5,1.0,1.0,0.5,1.0,1.0,1.0,1.0,1.0,9,1.0,17.0,17.0,229.5,319.5,6.5,6.5,10.0,10.0,18.0,89.0,89.0,89.0,89.0,89.0,0.0,= 2*17 + 2*17 + 2*10.5,= 2*17 + 2*17 + 2*10.5,= 2*17 + 2*17 + 2*10.5,,
Black Bear,4775804-black-bear,MM (2024),349.0,https://www.dndbeyond.com/monsters/4775804-black-bear,Beast,Medium,generic,N,0.5,2,75.0,2.0,1.0,2.0,-4.0,1.0,-2.0,2,1,2,-4,1,-2,0.0,0.0,0.0,0.0,0.0,0.0,0.0,0.0,0.0,0.0,0.0,0.0,0.0,0.0,0.0,1.0,1.0,1.0,1.0,1.0,1.0,1.0,1.0,1.0,1.0,1.0,1.0,1.0,1,1.0,11.0,11.0,19.5,19.5,0.0,0.0,4.0,4.0,,11.0,11.0,11.0,11.0,11.0,0.0,= 2*5.5,= 2*5.5,= 2*5.5,,
Black Dragon Wyrmling,5198095-black-dragon-wyrmling,MM (2024),38.0,https://www.dndbeyond.com/monsters/5198095-black-dragon-wyrmling,Dragon,Medium,generic,N,2.0,2,300.0,2.0,2.0,1.0,0.0,0.0,1.0,2,4,1,0,2,1,0.0,0.0,0.0,0.0,0.0,0.0,0.0,0.0,0.0,0.0,0.0,0.0,0.0,0.0,0.0,1.0,1.0,1.0,0.0,1.0,1.0,1.0,1.0,1.0,1.0,1.0,1.0,1.0,4,1.0,17.0,17.0,33.0,33.0,1.7,1.7,4.0,4.0,11.0,25.666666,25.666666,45.0,16.0,16.0,0.0,= 2*22.5,= 2*8,= 2*8,,
Black Pudding,5194925-black-pudding,MM (2024),42.0,https://www.dndbeyond.com/monsters/5194925-black-pudding,Ooze,Large,generic,N,4.0,2,1000.0,3.0,-3.0,3.0,-5.0,-2.0,-5.0,3,-3,3,-5,-2,-5,0.0,1.0,1.0,1.0,1.0,1.0,0.0,0.0,0.0,0.0,0.0,1.0,1.0,0.0,0.0,1.0,1.0,0.0,0.0,0.0,1.0,1.0,0.0,1.0,1.0,1.0,1.0,1.0,-3,2.0,7.0,7.0,68.0,136.0,-1.5,-1.5,5.0,5.0,,30.0,30.0,30.0,30.0,30.0,0.0,= 1.5*17 + 1*4.5,= 1.5*17 + 1*4.5,= 1.5*17 + 1*4.5,,
Blink Dog,4830980-blink-dog,MM (2024),46.0,https://www.dndbeyond.com/monsters/4830980-blink-dog,Fey,Medium,generic,N,0.25,2,37.0,1.0,3.0,1.0,0.0,1.0,0.0,1,3,1,0,1,0,0.0,0.0,0.0,0.0,0.0,0.0,0.0,0.0,0.0,0.0,0.0,0.0,0.0,0.0,0.0,1.0,1.0,1.0,1.0,1.0,1.0,1.0,1.0,1.0,1.0,1.0,1.0,1.0,3,1.0,13.0,13.0,22.0,22.0,1.0,1.0,5.0,5.0,,5.5,5.5,5.5,5.5,5.5,0.0,= 5.5,= 5.5,= 5.5,,
Blob of Annihilation,5194926-blob-of-annihilation,MM (2024),47.0,https://www.dndbeyond.com/monsters/5194926-blob-of-annihilation,Ooze,Gargantuan,generic,L,23.0,7,50000.0,8.0,2.0,9.0,0.0,3.0,0.0,8,9,16,0,3,0,0.0,1.0,0.0,1.0,1.0,1.0,0.0,0.0,1.0,1.0,1.0,1.0,1.0,1.0,1.0,0.5,0.5,0.5,0.0,1.0,1.0,1.0,1.0,0.0,0.0,1.0,1.0,1.0,16,1.25,18.0,18.0,448.5,710.6,6.0,10.0,15.0,15.0,23.0,168.0,168.0,168.0,168.0,168.0,0.0,= (2*24.5 + 2*21) + (2*24.5 + 2*14),= 2*24.5 + 2*21 + 2*24.5 + 2*14,= 2*24.5 + 2*21 + 2*24.5 + 2*14,,
Blood Hawk,5194927-blood-hawk,MM (2024),350.0,https://www.dndbeyond.com/monsters/5194927-blood-hawk,Beast,Small,generic,N,0.125,2,19.0,-2.0,2.0,0.0,-4.0,2.0,-3.0,-2,2,0,-4,2,-3,0.0,0.0,0.0,0.0,0.0,0.0,0.0,0.0,0.0,0.0,0.0,0.0,0.0,0.0,0.0,1.0,1.0,1.0,1.0,1.0,1.0,1.0,1.0,1.0,1.0,1.0,1.0,1.0,2,1.0,12.0,12.0,7.0,7.0,-0.8,-0.8,4.0,5.0,,5.8333335,5.8333335,4.5,6.5,6.5,0.0,= 4.5,= 6.5,= 6.5,,
Blue Dragon Wyrmling,5194928-blue-dragon-wyrmling,MM (2024),48.0,https://www.dndbeyond.com/monsters/5194928-blue-dragon-wyrmling,Dragon,Medium,generic,N,3.0,2,600.0,3.0,0.0,2.0,1.0,0.0,2.0,3,2,2,1,2,2,0.0,0.0,0.0,0.0,0.0,0.0,0.0,0.0,0.0,0.0,0.0,0.0,0.0,0.0,0.0,1.0,1.0,1.0,1.0,1.0,1.0,1.0,0.0,1.0,1.0,1.0,1.0,1.0,2,1.0,17.0,17.0,65.0,65.0,2.0,2.0,5.0,5.0,12.0,30.0,30.0,42.0,24.0,24.0,0.0,= 2*21,= 2*12,= 2*12,,
Blue Slaad,5194929-blue-slaad,MM (2024),285.0,https://www.dndbeyond.com/monsters/5194929-blue-slaad,Aberration,Large,generic,N,7.0,3,2600.0,5.0,2.0,4.0,-2.0,-2.0,-1.0,5,2,4,-2,-2,-1,0.0,0.0,0.0,0.0,0.0,0.0,0.0,0.0,0.0,0.0,0.0,0.0,0.0,0.0,0.0,1.0,1.0,1.0,0.5,0.5,0.5,1.0,0.5,1.0,1.0,1.0,1.0,0.5,2,1.0,15.0,15.0,133.0,163.0,1.0,5.0,8.0,8.0,15.0,46.5,46.5,46.5,46.5,46.5,0.0,= 3*15.5,= 3*15.5,= 3*15.5,,
Boar,4775805-boar,MM (2024),350.0,https://www.dndbeyond.com/monsters/4775805-boar,Beast,Medium,generic,N,0.25,2,37.0,1.0,0.0,2.0,-4.0,-1.0,-3.0,1,0,2,-4,-1,-3,0.0,0.0,0.0,0.0,0.0,0.0,0.0,0.0,0.0,0.0,0.0,0.0,0.0,0.0,0.0,1.0,1.0,1.0,1.0,1.0,1.0,1.0,1.0,1.0,1.0,1.0,1.0,1.0,0,1.0,11.0,11.0,13.0,13.0,-0.8,-0.8,3.0,5.0,,5.6666665,5.6666665,8.0,4.5,4.5,0.0,= 8,= 4.5,= 4.5,,Assumes +2 AB from Bloodied Fury.
Bodytaker Plant,6491341-bodytaker-plant,RTHW,237.0,https://www.dndbeyond.com/monsters/6491341-bodytaker-plant,Plant,Huge,generic,N,7.0,3,2600.0,4.0,-1.0,5.0,2.0,2.0,4.0,4,-1,5,2,2,4,1.0,1.0,0.0,1.0,1.0,0.0,0.0,0.0,0.0,0.0,0.0,1.0,0.0,0.0,0.0,1.0,1.0,1.0,1.0,1.0,1.0,1.0,1.0,1.0,2.0,1.0,1.0,1.0,-1,1.0,16.0,16.0,138.0,153.0,2.7,2.7,7.0,7.0,,52.5,52.5,52.5,52.5,52.5,0.0,= 3*17.5,= 3*17.5,= 3*17.5,,Assumes +5 HPR from Transfer Harm.
Bodytaker Podling,6491342-bodytaker-podling,RTHW,236.0,https://www.dndbeyond.com/monsters/6491342-bodytaker-podling,Plant,Medium,generic,N,0.5,2,75.0,3.0,0.0,2.0,0.0,0.0,0.0,3,0,2,0,0,0,0.0,1.0,0.0,0.0,1.0,0.0,0.0,0.0,0.0,0.0,0.0,0.0,0.0,0.0,0.0,1.0,1.0,1.0,1.0,1.0,1.0,1.0,1.0,1.0,1.0,1.0,1.0,1.0,0,1.0,12.0,12.0,26.0,26.0,0.8,0.8,5.0,5.0,,6.5,6.5,6.5,6.5,6.5,0.0,= 6.5,= 6.5,= 6.5,,
Bone Devil,5194930-bone-devil,MM (2024),52.0,https://www.dndbeyond.com/monsters/5194930-bone-devil,Fiend,Large,generic,N,9.0,4,4500.0,4.0,3.0,4.0,1.0,2.0,3.0,8,3,4,5,6,7,0.0,0.0,0.0,0.0,0.0,0.0,0.0,0.0,0.0,0.0,1.0,0.0,0.0,0.0,0.0,1.0,1.0,1.0,1.0,0.5,0.0,1.0,1.0,1.0,0.0,1.0,1.0,1.0,7,1.0,16.0,17.0,161.5,161.5,5.5,9.5,8.0,8.0,,59.0,59.0,59.0,59.0,59.0,0.0,= 2*13 + 33,= 2*13 + 33,= 2*13 + 33,,Assumes +1 AC from Infernal Sting (poisoned).
Bone Naga,5198080-bone-naga,MM (2024),53.0,https://www.dndbeyond.com/monsters/5198080-bone-naga,Undead,Large,generic,N,4.0,2,1000.0,2.0,3.0,1.0,3.0,2.0,2.0,2,3,1,3,2,2,0.0,1.0,0.0,1.0,0.0,0.0,0.0,0.0,1.0,0.0,1.0,0.0,0.0,0.0,0.0,1.0,1.0,1.0,1.0,1.0,1.0,1.0,1.0,1.0,0.0,1.0,1.0,1.0,3,1.0,15.0,15.0,65.0,75.0,2.2,2.2,5.0,5.0,13.0,39.0,39.0,56.0,30.5,30.5,0.0,= 2*28,= 17 + 13.5,= 17 + 13.5,,Assumes +2*5 HP from Serpentine Gaze.
Boneless,6491343-boneless,RTHW,238.0,https://www.dndbeyond.com/monsters/6491343-boneless,Undead,Medium,generic,N,1.0,2,150.0,2.0,2.0,1.0,-5.0,0.0,-5.0,2,2,1,-5,0,-5,0.0,0.0,0.0,1.0,0.0,0.0,0.0,0.0,0.0,0.0,1.0,0.0,0.0,0.0,0.0,0.5,1.0,1.0,1.0,1.0,1.0,1.0,1.0,1.0,0.0,1.0,1.0,1.0,2,1.0,12.0,13.0,22.0,22.0,-0.8,-0.8,4.0,4.0,11.0,7.0,7.0,7.0,7.0,7.0,0.0,= 7,= 7,= 7,,"Assumes +1 AC from Smother (Blinded/Restrained), and +1 from Unraveling Flesh."
Boromar Smuggler,5976743-boromar-smuggler,EFotA,57.0,https://www.dndbeyond.com/monsters/5976743-boromar-smuggler,Humanoid,Small,generic,N,0.5,2,75.0,0.0,2.0,1.0,0.0,0.0,2.0,0,4,1,0,2,2,0.0,0.0,0.0,0.0,0.0,0.0,0.0,0.0,0.0,0.0,0.0,0.0,0.0,0.0,0.0,1.0,1.0,1.0,1.0,1.0,1.0,1.0,1.0,1.0,1.0,1.0,1.0,1.0,4,1.0,13.0,13.0,27.0,27.0,1.5,1.5,4.0,4.0,,8.0,8.0,8.0,8.0,8.0,0.0,= 8,= 8,= 8,,
Boromar Underboss,5976744-boromar-underboss,EFotA,57.0,https://www.dndbeyond.com/monsters/5976744-boromar-underboss,Humanoid,Small,generic,N,8.0,3,3500.0,0.0,4.0,2.0,1.0,2.0,3.0,0,7,5,1,5,3,0.0,0.0,0.0,0.0,0.0,0.0,0.0,0.0,0.0,0.0,0.0,0.0,0.0,0.0,0.0,1.0,1.0,1.0,1.0,1.0,1.0,1.0,1.0,1.0,1.0,1.0,1.0,1.0,7,1.0,16.0,16.0,104.5,134.5,3.5,3.5,7.0,7.0,,78.0,78.0,78.0,78.0,78.0,0.0,= 3*26,= 3*26,= 3*26,,Assumes +10 HPR from Uncanny Dodge.
Brain in a Jar,6491344-brain-in-a-jar,RTHW,239.0,https://www.dndbeyond.com/monsters/6491344-brain-in-a-jar,Undead,Small,generic,N,3.0,2,600.0,-5.0,-4.0,2.0,4.0,0.0,2.0,-5,-4,2,6,0,4,0.0,0.0,0.0,1.0,0.0,0.0,0.0,0.0,1.0,0.0,0.0,0.0,0.0,0.0,0.0,1.0,1.0,1.0,1.0,1.0,1.0,1.0,1.0,1.0,1.0,1.0,1.0,1.0,-4,1.0,11.0,11.0,55.0,65.0,0.5,4.5,6.0,6.0,14.0,24.0,24.0,28.0,22.0,22.0,0.0,= 2*14,= 2*11,= 2*11,,Assumes +10 HP from Mind Blast (Incapacitated).
Brass Dragon Wyrmling,5194931-brass-dragon-wyrmling,MM (2024),54.0,https://www.dndbeyond.com/monsters/5194931-brass-dragon-wyrmling,Dragon,Medium,generic,N,1.0,2,150.0,2.0,0.0,1.0,0.0,0.0,1.0,2,2,1,0,2,1,0.0,0.0,0.0,0.0,0.0,0.0,0.0,0.0,0.0,0.0,0.0,0.0,0.0,0.0,0.0,1.0,1.0,1.0,1.0,1.0,0.0,1.0,1.0,1.0,1.0,1.0,1.0,1.0,2,1.0,15.0,15.0,22.0,22.0,1.3,1.3,4.0,4.0,11.0,14.333333,14.333333,28.0,7.5,7.5,0.0,= 2*14,= 7.5,= 7.5,,
Brazen Gorgon,5194932-brazen-gorgon,MM (2024),149.0,https://www.dndbeyond.com/monsters/5194932-brazen-gorgon,Construct,Large,generic,N,9.0,4,4500.0,4.0,2.0,4.0,-4.0,2.0,-2.0,4,2,4,-4,2,-2,0.0,0.0,0.0,1.0,0.0,0.0,0.0,0.0,0.0,1.0,0.0,0.0,0.0,0.0,0.0,1.0,1.0,1.0,1.0,1.0,0.0,1.0,1.0,1.0,1.0,1.0,1.0,1.0,2,1.0,19.0,19.0,161.5,161.5,1.0,1.0,8.0,10.0,16.0,59.833332,59.833332,66.5,56.5,56.5,0.0,= 2*26.5 + 13.5,= 2*21.5 + 13.5,= 2*21.5 + 13.5,,Assumes +2 AB from Smelting Charge (restrained).
Bronze Dragon Wyrmling,5194933-bronze-dragon-wyrmling,MM (2024),58.0,https://www.dndbeyond.com/monsters/5194933-bronze-dragon-wyrmling,Dragon,Medium,generic,N,2.0,2,300.0,3.0,0.0,2.0,1.0,0.0,2.0,3,2,2,1,2,2,0.0,0.0,0.0,0.0,0.0,0.0,0.0,0.0,0.0,0.0,0.0,0.0,0.0,0.0,0.0,1.0,1.0,1.0,1.0,1.0,1.0,1.0,0.0,1.0,1.0,1.0,1.0,1.0,2,1.0,15.0,15.0,39.0,39.0,2.0,2.0,5.0,5.0,12.0,22.333334,22.333334,33.0,17.0,17.0,0.0,= 2*16.5,= 2*8.5,= 2*8.5,,
Brown Bear,4775806-brown-bear,MM (2024),350.0,https://www.dndbeyond.com/monsters/4775806-brown-bear,Beast,Large,generic,N,1.0,2,150.0,3.0,1.0,2.0,-4.0,1.0,-2.0,3,1,2,-4,1,-2,0.0,0.0,0.0,0.0,0.0,0.0,0.0,0.0,0.0,0.0,0.0,0.0,0.0,0.0,0.0,1.0,1.0,1.0,1.0,1.0,1.0,1.0,1.0,1.0,1.0,1.0,1.0,1.0,1,1.0,11.0,11.0,22.5,22.5,0.2,0.2,5.0,5.0,,13.0,13.0,13.0,13.0,13.0,0.0,= 7.5 + 5.5,= 7.5 + 5.5,= 7.5 + 5.5,,
Bugbear Stalker,5194934-bugbear-stalker,MM (2024),63.0,https://www.dndbeyond.com/monsters/5194934-bugbear-stalker,Fey,Medium,generic,N,3.0,2,600.0,3.0,2.0,2.0,0.0,1.0,0.0,3,2,4,0,3,0,0.0,0.0,0.0,0.0,0.0,0.0,0.0,0.0,0.0,0.0,0.0,0.0,0.0,0.0,0.0,1.0,1.0,1.0,1.0,1.0,1.0,1.0,1.0,1.0,1.0,1.0,1.0,1.0,2,1.0,15.0,15.0,65.0,65.0,2.0,2.0,5.0,5.0,13.0,27.0,27.0,27.0,27.0,27.0,0.0,= 2*13.5,= 2*13.5,= 2*13.5,,
Bugbear Warrior,4831002-bugbear-warrior,MM (2024),62.0,https://www.dndbeyond.com/monsters/4831002-bugbear-warrior,Fey,Medium,generic,N,1.0,2,150.0,2.0,2.0,1.0,-1.0,0.0,-1.0,2,2,1,-1,0,-1,0.0,0.0,0.0,0.0,0.0,0.0,0.0,0.0,0.0,0.0,0.0,0.0,0.0,0.0,0.0,1.0,1.0,1.0,1.0,1.0,1.0,1.0,1.0,1.0,1.0,1.0,1.0,1.0,2,1.0,14.0,14.0,33.0,33.0,0.5,0.5,4.0,6.0,,9.0,9.0,9.0,9.0,9.0,0.0,= 9,= 9,= 9,,Assumes +2 AB from Light Hammer (grappled).
Bulette,5194936-bulette,MM (2024),63.0,https://www.dndbeyond.com/monsters/5194936-bulette,Monstrosity,Large,generic,N,5.0,3,1400.0,4.0,0.0,5.0,-4.0,0.0,-3.0,4,0,5,-4,0,-3,0.0,0.0,0.0,0.0,0.0,0.0,0.0,0.0,0.0,0.0,0.0,0.0,0.0,0.0,0.0,1.0,1.0,1.0,1.0,1.0,1.0,1.0,1.0,1.0,1.0,1.0,1.0,1.0,0,1.0,17.0,17.0,94.5,94.5,0.3,0.3,7.0,7.0,15.0,35.666668,35.666668,39.0,34.0,34.0,0.0,= 2*19.5,= 2*17,= 2*17,,
Bulette Pup,5194935-bulette-pup,MM (2024),63.0,https://www.dndbeyond.com/monsters/5194935-bulette-pup,Monstrosity,Medium,generic,N,2.0,2,300.0,3.0,-1.0,3.0,-4.0,0.0,-3.0,3,-1,3,-4,0,-3,0.0,0.0,0.0,0.0,0.0,0.0,0.0,0.0,0.0,0.0,0.0,0.0,0.0,0.0,0.0,1.0,1.0,1.0,1.0,1.0,1.0,1.0,1.0,1.0,1.0,1.0,1.0,1.0,-1,1.0,16.0,16.0,45.0,45.0,-0.3,-0.3,5.0,5.0,,14.0,14.0,14.0,14.0,14.0,0.0,= 14,= 14,= 14,,
Bullywug Bog Sage,4831048-bullywug-bog-sage,MM (2024),64.0,https://www.dndbeyond.com/monsters/4831048-bullywug-bog-sage,Fey,Medium,generic,N,4.0,2,1000.0,-1.0,3.0,2.0,0.0,3.0,1.0,-1,3,4,0,5,1,0.0,0.0,0.0,0.0,0.0,0.0,0.0,0.0,0.0,0.0,0.0,0.0,0.0,0.0,0.0,1.0,1.0,1.0,1.0,1.0,1.0,1.0,1.0,1.0,1.0,1.0,1.0,1.0,3,1.0,16.0,16.0,52.0,52.0,2.0,2.0,5.0,5.0,13.0,49.0,49.0,75.0,36.0,36.0,0.0,= 2*25 + 2*12.5,= 2*18,= 2*18,,
Bullywug Warrior,4831017-bullywug-warrior,MM (2024),64.0,https://www.dndbeyond.com/monsters/4831017-bullywug-warrior,Fey,Medium,generic,N,0.25,2,37.0,1.0,2.0,1.0,-2.0,0.0,-2.0,1,2,1,-2,0,-2,0.0,0.0,0.0,0.0,0.0,0.0,0.0,0.0,0.0,0.0,0.0,0.0,0.0,0.0,0.0,1.0,1.0,1.0,1.0,1.0,1.0,1.0,1.0,1.0,1.0,1.0,1.0,1.0,2,1.0,15.0,15.0,11.0,11.0,0.0,0.0,4.0,4.0,,9.0,9.0,9.0,9.0,9.0,0.0,= 9,= 9,= 9,,
Cambion,5194937-cambion,MM (2024),65.0,https://www.dndbeyond.com/monsters/5194937-cambion,Fiend,Medium,generic,N,5.0,3,1400.0,4.0,4.0,3.0,2.0,1.0,3.0,7,4,6,5,1,6,0.0,0.0,0.0,0.0,0.0,0.0,0.0,0.0,0.0,0.0,1.0,0.0,0.0,0.0,0.0,1.0,1.0,1.0,1.0,0.5,0.5,1.0,0.5,1.0,0.5,1.0,1.0,1.0,4,1.0,19.0,19.0,105.0,105.0,4.8,4.8,7.0,7.0,,31.0,31.0,31.0,31.0,31.0,0.0,= 2*15.5,= 2*15.5,= 2*15.5,,
Camel,4775807-camel,MM (2024),351.0,https://www.dndbeyond.com/monsters/4775807-camel,Beast,Large,generic,N,0.125,2,19.0,2.0,-1.0,3.0,-4.0,0.0,-3.0,2,-1,5,-4,0,-3,0.0,0.0,0.0,0.0,0.0,0.0,0.0,0.0,0.0,0.0,0.0,0.0,0.0,0.0,0.0,1.0,1.0,1.0,1.0,1.0,1.0,1.0,1.0,1.0,1.0,1.0,1.0,1.0,-1,1.0,10.0,10.0,17.0,17.0,-0.2,-0.2,4.0,4.0,,4.5,4.5,4.5,4.5,4.5,0.0,= 4.5,= 4.5,= 4.5,,
Cannith Artificer,5976745-cannith-artificer,EFotA,80.0,https://www.dndbeyond.com/monsters/5976745-cannith-artificer,Humanoid,Medium,generic,N,4.0,2,1000.0,1.0,1.0,2.0,4.0,2.0,0.0,1,1,4,6,2,0,0.0,0.0,0.0,0.0,0.0,0.0,0.0,0.0,0.0,0.0,0.0,0.0,0.0,0.0,0.0,1.0,1.0,1.0,1.0,1.0,1.0,1.0,1.0,1.0,1.0,1.0,1.0,1.0,1,1.0,16.0,16.0,71.5,71.5,2.3,2.3,6.0,6.0,14.0,44.0,44.0,44.0,44.0,44.0,0.0,= 2*22,= 2*22,= 2*22,,
Carrion Crawler,5194938-carrion-crawler,MM (2024),66.0,https://www.dndbeyond.com/monsters/5194938-carrion-crawler,Monstrosity,Large,generic,N,2.0,2,300.0,2.0,1.0,3.0,-5.0,1.0,-3.0,2,1,3,-5,1,-3,0.0,0.0,0.0,0.0,0.0,0.0,0.0,0.0,0.0,0.0,0.0,0.0,0.0,0.0,0.0,1.0,1.0,1.0,1.0,1.0,1.0,1.0,1.0,1.0,1.0,1.0,1.0,1.0,1,1.0,13.0,13.0,51.0,61.2,-0.2,-0.2,4.0,7.0,12.0,10.5,10.5,10.5,10.5,10.5,0.0,= 10.5,= 10.5,= 10.5,,Assumes +20% HP from Paralyzing Tentacles (paralyzed). Assumes +3 AB from Paralyzing Tentacles (paralyzed).
Carrion Stalker,6491345-carrion-stalker,RTHW,240.0,https://www.dndbeyond.com/monsters/6491345-carrion-stalker,Aberration,Tiny,generic,N,3.0,2,600.0,-2.0,3.0,3.0,-4.0,1.0,-2.0,-2,3,3,-4,1,-2,0.0,0.0,0.0,0.0,0.0,0.0,0.0,0.0,0.0,0.0,0.0,0.0,0.0,0.0,0.0,1.0,1.0,1.0,1.0,1.0,1.0,1.0,1.0,1.0,1.0,1.0,1.0,1.0,3,1.0,15.0,16.0,55.0,55.0,-0.2,-0.2,5.0,5.0,13.0,23.0,23.0,23.0,23.0,23.0,0.0,= 2*8 + 7,= 2*8 + 7,= 2*8 + 7,,Assumes +1 AC from Stinger (Poisoned).
Carrionette,6491346-carrionette,RTHW,241.0,https://www.dndbeyond.com/monsters/6491346-carrionette,Construct,Tiny,generic,N,1.0,2,150.0,-1.0,2.0,1.0,-1.0,2.0,2.0,-1,2,1,-1,2,2,0.0,1.0,0.0,1.0,1.0,0.0,0.0,0.0,0.0,0.0,1.0,0.0,0.0,0.0,0.0,1.0,1.0,1.0,1.0,1.0,1.0,1.0,1.0,1.0,0.5,0.5,1.0,1.0,4,1.0,15.0,16.0,17.5,17.5,0.8,0.8,4.0,4.0,11.0,3.5,3.5,3.5,3.5,3.5,0.0,= 3.5,= 3.5,= 3.5,,Assumes +1 AC from Silver Needle (Poisoned).
Cat,4775808-cat,MM (2024),351.0,https://www.dndbeyond.com/monsters/4775808-cat,Beast,Tiny,generic,N,0.0,2,7.0,-4.0,2.0,0.0,-4.0,1.0,-2.0,-4,4,0,-4,1,-2,0.0,0.0,0.0,0.0,0.0,0.0,0.0,0.0,0.0,0.0,0.0,0.0,0.0,0.0,0.0,1.0,1.0,1.0,1.0,1.0,1.0,1.0,1.0,1.0,1.0,1.0,1.0,1.0,2,1.0,12.0,12.0,2.5,2.5,-0.8,-0.8,4.0,4.0,,1.0,1.0,1.0,1.0,1.0,0.0,= 1,= 1,= 1,,
Centaur Trooper,5194939-centaur-trooper,MM (2024),67.0,https://www.dndbeyond.com/monsters/5194939-centaur-trooper,Fey,Large,generic,N,2.0,2,300.0,4.0,2.0,2.0,-1.0,1.0,0.0,4,2,2,-1,1,0,0.0,0.0,0.0,0.0,0.0,0.0,0.0,0.0,0.0,0.0,0.0,0.0,0.0,0.0,0.0,1.0,1.0,1.0,1.0,1.0,1.0,1.0,1.0,1.0,1.0,1.0,1.0,1.0,2,1.0,16.0,16.0,45.0,45.0,1.3,1.3,6.0,6.0,14.0,24.0,24.0,34.0,19.0,19.0,0.0,= 2*9.5 + 2*7.5,= 2*9.5,= 2*9.5,,
Centaur Warden,5194940-centaur-warden,MM (2024),67.0,https://www.dndbeyond.com/monsters/5194940-centaur-warden,Fey,Large,generic,N,7.0,3,2600.0,4.0,2.0,2.0,-1.0,4.0,0.0,4,2,5,-1,7,0,0.0,0.0,0.0,0.0,0.0,0.0,0.0,0.0,0.0,0.0,0.0,0.0,0.0,0.0,0.0,1.0,1.0,1.0,1.0,1.0,1.0,1.0,1.0,1.0,1.0,1.0,1.0,1.0,2,1.0,16.0,16.0,105.0,105.0,2.8,2.8,7.0,8.0,,61.333332,61.333332,76.0,54.0,54.0,0.0,= 2*27 + 2*11,= 2*27,= 2*27,,Assumes +1 AB from Entangling Trail (restrained).
Chain Devil,5194941-chain-devil,MM (2024),68.0,https://www.dndbeyond.com/monsters/5194941-chain-devil,Fiend,Medium,generic,N,8.0,3,3500.0,4.0,2.0,4.0,0.0,1.0,2.0,4,2,7,0,4,2,0.0,0.0,0.0,0.0,0.0,0.0,0.0,0.0,0.0,0.0,1.0,0.0,0.0,0.0,0.0,0.5,0.5,0.5,1.0,0.5,0.0,1.0,1.0,1.0,0.0,1.0,1.0,1.0,5,1.5,15.0,17.0,85.0,127.5,3.2,7.2,7.0,10.0,15.0,31.0,31.0,31.0,31.0,31.0,0.0,= 2*11 + 9,= 2*11 + 9,= 2*11 + 9,,"Assumes +2 AC from Chain and Conjure Infernal Chain (restrained), and from Unnerving Gaze (frightened). Assumes +3 AB from Chain and Conjure Infernal Chain (restrained)."
Chakuna,6491347-chakuna,RTHW,174.0,https://www.dndbeyond.com/monsters/6491347-chakuna,Monstrosity,Medium,unique,L,11.0,4,6800.0,3.0,4.0,3.0,0.0,2.0,0.0,3,4,7,0,6,0,0.0,0.0,0.0,0.0,0.0,0.0,0.0,0.0,0.0,0.0,0.0,0.0,0.0,0.0,0.0,1.0,1.0,1.0,1.0,1.0,1.0,1.0,1.0,1.0,1.0,1.0,1.0,1.0,12,1.0,16.0,18.0,210.0,300.0,3.3,5.3,8.0,9.0,,88.5,99.5,88.5,88.5,88.5,33.0,= 2*13 + 20.5 + 1*13 + 8.5 + 20.5,= 2*13 + 20.5 + 1*13 + 8.5 + 20.5,= 2*13 + 20.5 + 1*13 + 8.5 + 20.5,= 3*2*5.5,Assumes +2 AC from Prowl (Invisible). Assumes +2 SB from Prowl (Invisible). Assumes +1 AB from Prowl (Invisible). Assumes +11 DPR from Barbed Spear.
Chakuna,6491347-chakuna,RTHW,174.0,https://www.dndbeyond.com/monsters/6491347-chakuna,Monstrosity,Medium,unique,LD,12.0,4,8200.0,3.0,4.0,3.0,0.0,2.0,0.0,3,4,7,0,6,0,0.0,0.0,0.0,0.0,0.0,0.0,0.0,0.0,0.0,0.0,0.0,0.0,0.0,0.0,0.0,1.0,1.0,1.0,1.0,1.0,1.0,1.0,1.0,1.0,1.0,1.0,1.0,1.0,12,1.0,16.0,18.0,210.0,330.0,3.3,5.3,8.0,9.0,,101.5,112.5,101.5,101.5,101.5,33.0,= 2*13 + 20.5 + 2*13 + 8.5 + 20.5,= 2*13 + 20.5 + 2*13 + 8.5 + 20.5,= 2*13 + 20.5 + 2*13 + 8.5 + 20.5,= 3*2*5.5,Assumes +2 AC from Prowl (Invisible). Assumes +2 SB from Prowl (Invisible). Assumes +1 AB from Prowl (Invisible). Assumes +11 DPR from Barbed Spear.
Chasme,5194942-chasme,MM (2024),69.0,https://www.dndbeyond.com/monsters/5194942-chasme,Fiend,Large,generic,N,6.0,3,2000.0,2.0,2.0,1.0,0.0,2.0,0.0,2,5,1,0,5,0,0.0,0.0,0.0,0.0,0.0,0.0,0.0,0.0,0.0,0.0,1.0,0.0,0.0,0.0,0.0,1.0,1.0,1.0,1.0,0.5,0.5,1.0,0.5,1.0,0.0,1.0,1.0,1.0,5,1.0,15.0,15.0,78.0,109.2,2.2,6.2,5.0,5.0,12.0,37.0,37.0,37.0,37.0,37.0,0.0,= 37,= 37,= 37,,Assumes +40% HP from Drone (unconscious).
Chimera,5194943-chimera,MM (2024),70.0,https://www.dndbeyond.com/monsters/5194943-chimera,Monstrosity,Large,generic,N,6.0,3,2000.0,4.0,0.0,4.0,-4.0,2.0,0.0,4,0,4,-4,2,0,0.0,0.0,0.0,0.0,0.0,0.0,0.0,0.0,0.0,0.0,0.0,0.0,0.0,0.0,0.0,1.0,1.0,1.0,1.0,1.0,1.0,1.0,1.0,1.0,1.0,1.0,1.0,1.0,0,1.0,14.0,14.0,114.0,114.0,1.0,1.0,7.0,9.0,15.0,51.0,51.0,88.0,32.5,32.5,0.0,= 10.5 + 14.5 + 2*31.5,= 10.5 + 14.5 + 7.5,= 10.5 + 14.5 + 7.5,,Assumes +2 AB from Ram (prone).
Chuul,5194944-chuul,MM (2024),71.0,https://www.dndbeyond.com/monsters/5194944-chuul,Aberration,Large,generic,N,4.0,2,1000.0,4.0,0.0,3.0,-3.0,0.0,-3.0,4,0,3,-3,0,-3,0.0,0.0,0.0,0.0,0.0,0.0,0.0,0.0,0.0,0.0,1.0,0.0,0.0,0.0,0.0,1.0,1.0,1.0,1.0,1.0,1.0,1.0,1.0,1.0,0.0,1.0,1.0,1.0,0,1.0,16.0,16.0,76.5,91.8,0.2,0.2,6.0,9.0,13.0,19.0,19.0,19.0,19.0,19.0,0.0,= 2*9.5,= 2*9.5,= 2*9.5,,Assumes +20% HP from Paralyzing Tentacles (paralyzed). Assumes +3 AB from Paralyzing Tentacles (paralyzed).
Clay Golem,5194945-clay-golem,MM (2024),72.0,https://www.dndbeyond.com/monsters/5194945-clay-golem,Construct,Large,generic,N,9.0,4,4500.0,5.0,-1.0,4.0,-4.0,-1.0,-5.0,5,-1,4,-4,-1,-5,0.0,1.0,0.0,1.0,1.0,0.0,0.0,0.0,1.0,1.0,1.0,0.0,0.0,0.0,0.0,0.5,0.5,0.5,0.0,1.0,1.0,1.0,1.0,1.0,0.0,0.0,1.0,1.0,3,2.0,14.0,14.0,123.5,247.0,-0.3,3.7,9.0,9.0,,39.666668,39.666668,51.0,34.0,34.0,0.0,= 3*17,= 2*17,= 2*17,,
Cloaker,5194946-cloaker,MM (2024),73.0,https://www.dndbeyond.com/monsters/5194946-cloaker,Aberration,Large,generic,N,8.0,3,3500.0,3.0,2.0,1.0,1.0,2.0,-2.0,3,2,1,1,2,-2,0.0,0.0,0.0,0.0,1.0,0.0,0.0,0.0,0.0,0.0,0.0,0.0,0.0,0.0,0.0,1.0,1.0,1.0,1.0,1.0,1.0,1.0,1.0,1.0,1.0,1.0,1.0,1.0,5,1.0,14.0,14.0,91.0,242.0,1.2,1.2,6.0,6.0,,30.5,60.833332,30.5,30.5,30.5,91.0,= 13.5 + 2*8.5,= 13.5 + 2*8.5,= 13.5 + 2*8.5,= BA157,"Assumes +3*10 HP from Phantasms (Mirror Image), +100% HP from Attach. Assumes +91 damage from Attach."
Cloud Giant,5194947-cloud-giant,MM (2024),74.0,https://www.dndbeyond.com/monsters/5194947-cloud-giant,Giant,Huge,generic,N,9.0,4,4500.0,8.0,0.0,6.0,1.0,3.0,3.0,8,0,10,1,7,3,0.0,0.0,0.0,0.0,0.0,0.0,0.0,0.0,0.0,0.0,0.0,0.0,0.0,0.0,0.0,1.0,1.0,1.0,1.0,1.0,1.0,1.0,1.0,1.0,1.0,1.0,1.0,1.0,4,1.0,14.0,14.0,200.0,200.0,4.8,4.8,12.0,12.0,15.0,57.0,57.0,57.0,57.0,57.0,0.0,= 2*28.5,= 2*28.5,= 2*28.5,,
Cockatrice,5194949-cockatrice,MM (2024),75.0,https://www.dndbeyond.com/monsters/5194949-cockatrice,Monstrosity,Small,generic,N,0.5,2,75.0,-2.0,1.0,1.0,-4.0,1.0,-3.0,-2,1,1,-4,1,-3,0.0,0.0,0.0,0.0,0.0,0.0,0.0,0.0,0.0,1.0,0.0,0.0,0.0,0.0,0.0,1.0,1.0,1.0,1.0,1.0,1.0,1.0,1.0,1.0,1.0,1.0,1.0,1.0,1,1.0,11.0,12.0,22.5,22.5,-1.0,-1.0,3.0,6.0,11.0,3.5,3.5,3.5,3.5,3.5,0.0,= 3.5,= 3.5,= 3.5,,Assumes +1 AC from Petrifying Bite (restrained). Assumes +3 AB from Petrifying Bite (restrained).
Cockatrice Regent,5194948-cockatrice-regent,MM (2024),75.0,https://www.dndbeyond.com/monsters/5194948-cockatrice-regent,Monstrosity,Large,generic,N,8.0,3,3500.0,4.0,2.0,3.0,-4.0,3.0,-3.0,4,2,3,-4,6,-3,0.0,0.0,0.0,0.0,0.0,0.0,0.0,0.0,0.0,1.0,0.0,0.0,0.0,0.0,0.0,1.0,1.0,1.0,1.0,1.0,1.0,1.0,1.0,1.0,1.0,1.0,1.0,1.0,2,1.0,15.0,19.0,136.0,136.0,1.3,1.3,7.0,9.0,14.0,62.5,62.5,62.5,62.5,62.5,0.0,= 13 + 2*18 + 13.5,= 13 + 2*18 + 13.5,= 13 + 2*18 + 13.5,,Assumes +4 AC from flying with Flyby. Assumes +2 AB from Petrifying Bite (restrained).
Colossus,5194950-colossus,MM (2024),76.0,https://www.dndbeyond.com/monsters/5194950-colossus,Construct,Gargantuan,generic,L,25.0,8,75000.0,10.0,0.0,10.0,-4.0,0.0,-1.0,10,8,10,-4,8,-1,0.0,1.0,0.0,1.0,1.0,0.0,0.0,0.0,1.0,1.0,1.0,0.0,0.0,1.0,1.0,1.0,1.0,1.0,1.0,1.0,1.0,1.0,1.0,0.5,0.0,0.0,0.5,1.0,16,1.0,23.0,23.0,553.5,673.5,5.2,9.2,18.0,18.0,26.0,203.33333,203.33333,226.0,192.0,192.0,0.0,= 2*65 + 3*32,= 3*32 + 3*32,= 3*32 + 3*32,,
Commoner,5194951-commoner,MM (2024),77.0,https://www.dndbeyond.com/monsters/5194951-commoner,Humanoid,Medium,generic,N,0.0,2,7.0,0.0,0.0,0.0,0.0,0.0,0.0,0,0,0,0,0,0,0.0,0.0,0.0,0.0,0.0,0.0,0.0,0.0,0.0,0.0,0.0,0.0,0.0,0.0,0.0,1.0,1.0,1.0,1.0,1.0,1.0,1.0,1.0,1.0,1.0,1.0,1.0,1.0,0,1.0,10.0,10.0,4.5,4.5,0.0,0.0,2.0,2.0,,2.5,2.5,2.5,2.5,2.5,0.0,= 2.5,= 2.5,= 2.5,,
Conjurer Archmage,6719568-conjurer-archmage,AU,136.0,https://www.dndbeyond.com/monsters/6719568-conjurer-archmage,Humanoid,Medium,generic,N,15.0,5,13000.0,0.0,3.0,1.0,5.0,2.0,3.0,0,3,6,10,7,3,0.0,0.0,0.0,0.0,0.0,0.0,0.0,0.0,0.0,0.0,0.0,0.0,0.0,0.0,0.0,1.0,1.0,1.0,1.0,1.0,1.0,1.0,1.0,1.0,1.0,1.0,1.0,1.0,8,1.0,16.0,21.0,225.5,225.5,4.8,8.8,10.0,10.0,18.0,108.0,108.0,108.0,108.0,108.0,0.0,= 4*27,= 4*27,= 4*27,,Assumes +5 AC from Protective Magic (Shield).
Constrictor Snake,4775809-constrictor-snake,MM (2024),351.0,https://www.dndbeyond.com/monsters/4775809-constrictor-snake,Beast,Large,generic,N,0.25,2,37.0,2.0,2.0,1.0,-5.0,0.0,-4.0,2,2,1,-5,0,-4,0.0,0.0,0.0,0.0,0.0,0.0,0.0,0.0,0.0,0.0,0.0,0.0,0.0,0.0,0.0,1.0,1.0,1.0,1.0,1.0,1.0,1.0,1.0,1.0,1.0,1.0,1.0,1.0,2,1.0,13.0,13.0,13.0,13.0,-0.7,-0.7,4.0,4.0,12.0,7.5,7.5,7.5,7.5,7.5,0.0,= 7.5,= 7.5,= 7.5,,
Copper Dragon Wyrmling,5194952-copper-dragon-wyrmling,MM (2024),78.0,https://www.dndbeyond.com/monsters/5194952-copper-dragon-wyrmling,Dragon,Medium,generic,N,1.0,2,150.0,2.0,1.0,1.0,2.0,0.0,1.0,2,3,1,2,2,1,0.0,0.0,0.0,0.0,0.0,0.0,0.0,0.0,0.0,0.0,0.0,0.0,0.0,0.0,0.0,1.0,1.0,1.0,0.0,1.0,1.0,1.0,1.0,1.0,1.0,1.0,1.0,1.0,3,1.0,16.0,16.0,22.0,22.0,1.8,1.8,4.0,4.0,11.0,17.0,17.0,36.0,7.5,7.5,0.0,= 2*18,= 7.5,= 7.5,,
Couatl,5194953-couatl,MM (2024),82.0,https://www.dndbeyond.com/monsters/5194953-couatl,Celestial,Medium,generic,N,4.0,2,1000.0,3.0,5.0,3.0,4.0,5.0,4.0,3,5,5,4,7,4,0.0,0.0,0.0,0.0,0.0,0.0,0.0,0.0,0.0,0.0,0.0,0.0,0.0,0.0,0.0,0.5,0.5,0.5,1.0,1.0,1.0,1.0,1.0,1.0,1.0,0.0,0.0,1.0,5,2.0,19.0,19.0,60.0,120.0,4.7,7.2,7.0,9.5,15.0,11.5,11.5,11.5,11.5,11.5,0.0,= 11.5,= 11.5,= 11.5,,Assumes +2.5 SB from Bless. Assumes +2.5 AB from Bless.
Crab,4775810-crab,MM (2024),351.0,https://www.dndbeyond.com/monsters/4775810-crab,Beast,Tiny,generic,N,0.0,2,7.0,-2.0,0.0,1.0,-5.0,-1.0,-4.0,-2,0,1,-5,-1,-4,0.0,0.0,0.0,0.0,0.0,0.0,0.0,0.0,0.0,0.0,0.0,0.0,0.0,0.0,0.0,1.0,1.0,1.0,1.0,1.0,1.0,1.0,1.0,1.0,1.0,1.0,1.0,1.0,0,1.0,11.0,11.0,3.5,3.5,-1.8,-1.8,2.0,2.0,,1.0,1.0,1.0,1.0,1.0,0.0,= 1,= 1,= 1,,
Crawling Claw,5194954-crawling-claw,MM (2024),83.0,https://www.dndbeyond.com/monsters/5194954-crawling-claw,Undead,Tiny,generic,N,0.0,2,7.0,1.0,2.0,0.0,-3.0,0.0,-3.0,1,2,0,-3,0,-3,0.0,1.0,0.0,1.0,1.0,0.0,1.0,0.0,0.0,0.0,1.0,0.0,0.0,0.0,0.0,1.0,1.0,1.0,1.0,1.0,1.0,1.0,1.0,0.0,0.0,1.0,1.0,1.0,2,1.0,12.0,12.0,2.5,2.5,-0.5,-0.5,3.0,3.0,,2.0,2.0,2.0,2.0,2.0,0.0,= 2,= 2,= 2,,
Crocodile,4775811-crocodile,MM (2024),352.0,https://www.dndbeyond.com/monsters/4775811-crocodile,Beast,Large,generic,N,0.5,2,75.0,2.0,0.0,1.0,-4.0,0.0,-3.0,2,0,3,-4,0,-3,0.0,0.0,0.0,0.0,0.0,0.0,0.0,0.0,0.0,0.0,0.0,0.0,0.0,0.0,0.0,1.0,1.0,1.0,1.0,1.0,1.0,1.0,1.0,1.0,1.0,1.0,1.0,1.0,0,1.0,12.0,12.0,13.0,13.0,-0.3,-0.3,4.0,6.0,,6.5,6.5,6.5,6.5,6.5,0.0,= 6.5,= 6.5,= 6.5,,Assumes +2 AB from Bite (restrained).
Cthulhu,6491348-cthulhu,RTHW,106.0,https://www.dndbeyond.com/monsters/6491348-cthulhu,Aberration,Gargantuan,unique,L,25.0,8,75000.0,9.0,1.0,7.0,9.0,4.0,7.0,9,1,15,9,12,15,0.0,1.0,0.0,1.0,1.0,0.0,0.0,0.0,1.0,0.0,1.0,0.0,0.0,0.0,0.0,1.0,1.0,1.0,0.5,0.5,1.0,1.0,0.5,1.0,1.0,0.5,1.0,1.0,9,1.0,19.0,19.0,385.0,545.5,10.2,14.2,17.0,17.0,25.0,265.16666,272.16666,293.5,251.0,251.0,21.0,= 2*27 + 34.5 + 65 + 14 + 2*27 + 2*36,= 2*27 + 34.5 + 22.5 + 14 + 2*27 + 2*36,= 2*27 + 34.5 + 22.5 + 14 + 2*27 + 2*36,= 3*7,Assumes +13.5 HPR from Tentacle. Assumes +7 DPR from Impossible Geometry.
Cthulhu,6491348-cthulhu,RTHW,106.0,https://www.dndbeyond.com/monsters/6491348-cthulhu,Aberration,Gargantuan,unique,LD,26.0,8,90000.0,9.0,1.0,7.0,9.0,4.0,7.0,9,1,15,9,12,15,0.0,1.0,0.0,1.0,1.0,0.0,0.0,0.0,1.0,0.0,1.0,0.0,0.0,0.0,0.0,1.0,1.0,1.0,0.5,0.5,1.0,1.0,0.5,1.0,1.0,0.5,1.0,1.0,9,1.0,19.0,19.0,385.0,575.5,10.2,14.2,17.0,17.0,25.0,292.16666,299.16666,320.5,278.0,278.0,21.0,= 2*27 + 34.5 + 65 + 14 + 3*27 + 2*36,= 2*27 + 34.5 + 22.5 + 14 + 3*27 + 2*36,= 2*27 + 34.5 + 22.5 + 14 + 3*27 + 2*36,= 3*7,Assumes +13.5 HPR from Tentacle. Assumes +7 DPR from Impossible Geometry.
Cultist,4904636-cultist,MM (2024),84.0,https://www.dndbeyond.com/monsters/4904636-cultist,Humanoid,Medium,generic,N,0.125,2,19.0,0.0,1.0,0.0,0.0,0.0,0.0,0,1,0,0,2,0,0.0,0.0,0.0,0.0,0.0,0.0,0.0,0.0,0.0,0.0,0.0,0.0,0.0,0.0,0.0,1.0,1.0,1.0,1.0,1.0,1.0,1.0,1.0,1.0,1.0,1.0,1.0,1.0,1,1.0,12.0,12.0,9.0,9.0,0.5,0.5,3.0,3.0,,4.5,4.5,4.5,4.5,4.5,0.0,= 4.5,= 4.5,= 4.5,,
Cultist Fanatic,4904746-cultist-fanatic,MM (2024),85.0,https://www.dndbeyond.com/monsters/4904746-cultist-fanatic,Humanoid,Medium,generic,N,2.0,2,300.0,0.0,2.0,1.0,0.0,2.0,1.0,0,2,1,0,4,1,0.0,0.0,0.0,0.0,0.0,0.0,0.0,0.0,0.0,0.0,0.0,0.0,0.0,0.0,0.0,1.0,1.0,1.0,1.0,1.0,1.0,1.0,1.0,1.0,1.0,1.0,1.0,1.0,2,1.0,13.0,13.0,44.0,44.0,1.3,1.3,4.0,4.0,,20.0,20.0,20.0,20.0,20.0,0.0,= 13.5 + 6.5,= 13.5 + 6.5,= 13.5 + 6.5,,
Cultist Hierophant,5194955-cultist-hierophant,MM (2024),85.0,https://www.dndbeyond.com/monsters/5194955-cultist-hierophant,Humanoid,Medium,generic,N,10.0,4,5700.0,2.0,4.0,4.0,1.0,3.0,5.0,2,4,4,1,7,9,0.0,0.0,0.0,0.0,0.0,0.0,0.0,0.0,0.0,0.0,0.0,0.0,0.0,0.0,0.0,1.0,1.0,1.0,1.0,1.0,1.0,1.0,1.0,1.0,1.0,1.0,1.0,1.0,8,1.0,16.0,16.0,144.5,144.5,4.5,4.5,9.0,9.0,17.0,93.0,93.0,93.0,93.0,93.0,0.0,= 3*31,= 3*31,= 3*31,,
Cultist of Bane,5900652-cultist-of-bane,FRAiF,254.0,https://www.dndbeyond.com/monsters/5900652-cultist-of-bane,Humanoid,Medium,generic,N,9.0,4,4500.0,4.0,2.0,3.0,1.0,4.0,2.0,4,2,7,1,8,6,0.0,0.0,0.0,0.0,0.0,0.0,0.0,0.0,0.0,0.0,0.0,0.0,0.0,0.0,0.0,1.0,1.0,1.0,1.0,1.0,1.0,1.0,1.0,1.0,1.0,1.0,1.0,1.0,6,1.0,16.0,16.0,142.5,157.5,4.7,4.7,8.0,8.0,16.0,52.5,70.0,52.5,52.5,52.5,52.5,= 3*17.5,= 3*17.5,= 3*17.5,= 3*17.5,Assumes +15 HP from Determined Survivor. Assumes +17.5 DPR from Counterattack.
Cultist of Bhaal,5900653-cultist-of-bhaal,FRAiF,255.0,https://www.dndbeyond.com/monsters/5900653-cultist-of-bhaal,Humanoid,Medium,generic,N,7.0,3,2600.0,1.0,4.0,4.0,2.0,3.0,2.0,1,7,4,5,3,2,0.0,0.0,0.0,0.0,0.0,0.0,0.0,0.0,0.0,0.0,0.0,0.0,0.0,0.0,0.0,1.0,1.0,1.0,1.0,1.0,1.0,1.0,1.0,1.0,1.0,1.0,1.0,1.0,7,1.0,16.0,16.0,144.5,144.5,3.7,5.7,7.0,10.0,14.0,43.5,43.5,43.5,43.5,43.5,0.0,= 3*14.5,= 3*14.5,= 3*14.5,,Assumes +2 SB from Blood-Soaked Resolve. Assumes +3 AB from Cursed Blade (advantage).
Cultist of Myrkul,5900654-cultist-of-myrkul,FRAiF,255.0,https://www.dndbeyond.com/monsters/5900654-cultist-of-myrkul,Humanoid,Medium,generic,N,11.0,4,6800.0,1.0,2.0,4.0,5.0,4.0,2.0,1,2,8,9,8,6,0.0,0.0,0.0,0.0,0.0,0.0,0.0,0.0,0.0,0.0,0.0,0.0,0.0,0.0,0.0,1.0,1.0,1.0,1.0,1.0,1.0,1.0,1.0,0.5,1.0,1.0,1.0,1.0,6,1.0,16.0,16.0,204.0,204.0,5.7,5.7,9.0,9.0,17.0,82.5,82.5,82.5,82.5,82.5,0.0,= 3*27.5,= 3*27.5,= 3*27.5,,
Cyclops Oracle,5194956-cyclops-oracle,MM (2024),88.0,https://www.dndbeyond.com/monsters/5194956-cyclops-oracle,Giant,Huge,generic,N,10.0,4,5700.0,6.0,0.0,5.0,3.0,4.0,0.0,6,0,9,3,8,0,0.0,0.0,0.0,0.0,0.0,0.0,0.0,0.0,0.0,0.0,0.0,0.0,0.0,0.0,0.0,1.0,1.0,1.0,1.0,1.0,1.0,1.0,1.0,1.0,1.0,1.0,1.0,1.0,8,1.0,16.0,18.0,207.0,207.0,4.3,4.3,10.0,10.0,,67.5,67.5,67.5,67.5,67.5,0.0,= 3*22.5,= 3*22.5,= 3*22.5,,Assumes +2 AC from Portent.
Cyclops Sentry,5194957-cyclops-sentry,MM (2024),88.0,https://www.dndbeyond.com/monsters/5194957-cyclops-sentry,Giant,Huge,generic,N,6.0,3,2000.0,6.0,0.0,5.0,-1.0,-2.0,0.0,6,0,5,-1,-2,0,0.0,0.0,0.0,0.0,0.0,0.0,0.0,0.0,0.0,0.0,0.0,0.0,0.0,0.0,0.0,1.0,1.0,1.0,1.0,1.0,1.0,1.0,1.0,1.0,1.0,1.0,1.0,1.0,0,1.0,14.0,14.0,138.0,138.0,1.3,1.3,9.0,10.0,,45.0,45.0,45.0,45.0,45.0,0.0,= 2*22.5,= 2*22.5,= 2*22.5,,Assumes +1 AB from Limited Foresight (advantage).
Daask Bruiser,5976746-daask-bruiser,EFotA,58.0,https://www.dndbeyond.com/monsters/5976746-daask-bruiser,Humanoid,Medium,generic,N,9.0,4,4500.0,5.0,1.0,3.0,0.0,1.0,2.0,9,1,7,0,5,2,0.0,0.0,0.0,0.0,0.0,0.0,0.0,0.0,0.0,0.0,0.0,0.0,0.0,0.0,0.0,1.0,1.0,1.0,1.0,1.0,1.0,1.0,1.0,1.0,1.0,1.0,1.0,1.0,5,1.0,17.0,18.0,150.0,150.0,4.0,4.0,9.0,13.0,14.0,36.0,36.0,36.0,36.0,36.0,0.0,= 3*12,= 3*12,= 3*12,,Assumes +1 AC from Glare (frightened). Assumes +4 AB from Blood Frenzy (advantage).
Daask Raider,5976747-daask-raider,EFotA,58.0,https://www.dndbeyond.com/monsters/5976747-daask-raider,Humanoid,Medium,generic,N,1.0,2,150.0,3.0,1.0,1.0,0.0,0.0,-1.0,5,1,1,0,0,-1,0.0,0.0,0.0,0.0,0.0,0.0,0.0,0.0,0.0,0.0,0.0,0.0,0.0,0.0,0.0,1.0,1.0,1.0,1.0,1.0,1.0,1.0,1.0,1.0,1.0,1.0,1.0,1.0,1,1.0,15.0,15.0,33.0,33.0,1.0,1.0,5.0,6.0,,11.0,11.0,11.0,11.0,11.0,0.0,= 5.5 + 5.5,= 5.5 + 5.5,= 5.5 + 5.5,,Assumes +1 AB from Pack Tactics (advantage).
Dao,5194958-dao,MM (2024),89.0,https://www.dndbeyond.com/monsters/5194958-dao,Elemental,Large,generic,N,11.0,4,6800.0,6.0,1.0,7.0,1.0,1.0,4.0,6,5,7,1,5,4,0.0,0.0,0.0,0.0,0.0,0.0,0.0,0.0,0.0,1.0,0.0,0.0,0.0,0.0,0.0,1.0,1.0,1.0,1.0,1.0,1.0,1.0,1.0,1.0,1.0,1.0,1.0,1.0,1,1.0,18.0,22.0,200.0,200.0,4.7,8.7,10.0,10.0,16.0,72.0,72.0,72.0,72.0,72.0,0.0,= 2*15 + 4*10.5,= 2*15 + 4*10.5,= 2*15 + 4*10.5,,Assumes +4 AC from flying.
Darkenbeast,6719569-darkenbeast,AU,142.0,https://www.dndbeyond.com/monsters/6719569-darkenbeast,Monstrosity,Medium,generic,N,4.0,2,1000.0,3.0,2.0,3.0,-3.0,0.0,1.0,5,2,3,-3,0,1,0.0,0.0,0.0,0.0,1.0,0.0,0.0,0.0,0.0,0.0,0.0,0.0,0.0,0.0,0.0,1.0,1.0,1.0,1.0,1.0,1.0,1.0,1.0,1.0,1.0,1.0,1.0,1.0,4,1.0,15.0,19.0,60.0,60.0,1.3,5.3,5.0,9.0,,36.0,36.0,36.0,36.0,36.0,0.0,= 3*12,= 3*12,= 3*12,,Assumes +4 AC from Shadow Stalker (Hide). Assumes +4 SB from Shadow Stalker (Hide). Assumes +4 AB from Shadow Stalker (Hide).
Darkmantle,5194959-darkmantle,MM (2024),90.0,https://www.dndbeyond.com/monsters/5194959-darkmantle,Aberration,Small,generic,N,0.5,2,75.0,3.0,1.0,1.0,-4.0,0.0,-3.0,3,1,1,-4,0,-3,0.0,0.0,0.0,0.0,0.0,0.0,0.0,0.0,0.0,0.0,0.0,0.0,0.0,0.0,0.0,1.0,1.0,1.0,1.0,1.0,1.0,1.0,1.0,1.0,1.0,1.0,1.0,1.0,3,1.0,11.0,11.0,22.5,22.5,-0.3,-0.3,5.0,9.0,,6.5,6.5,6.5,6.5,6.5,0.0,= 6.5,= 6.5,= 6.5,,Assumes +4 AB from Crush (advantage).
Dead Three Scion,5900655-dead-three-scion,FRAiF,256.0,https://www.dndbeyond.com/monsters/5900655-dead-three-scion,Humanoid,Medium,generic,L,16.0,5,15000.0,5.0,2.0,4.0,4.0,5.0,7.0,5,2,9,4,10,7,0.0,1.0,0.0,0.0,1.0,0.0,0.0,0.0,0.0,0.0,0.0,0.0,0.0,0.0,0.0,1.0,1.0,1.0,1.0,1.0,1.0,1.0,1.0,0.0,1.0,1.0,1.0,1.0,7,1.0,17.0,17.0,221.0,311.0,6.2,10.2,12.0,12.0,20.0,107.333336,150.26666,122.0,100.0,100.0,128.8,= 2*36 + 2*25,= 2*25 + 2*25,= 2*25 + 2*25,= (2/5)*SUM(BK185:BM185),Assumes +4 SB from Magic Resistance. Assumes +40% DPR from Command (incapacitated) each round.
Death Cultist,5194960-death-cultist,MM (2024),86.0,https://www.dndbeyond.com/monsters/5194960-death-cultist,Humanoid,Medium,generic,N,8.0,3,3500.0,4.0,1.0,4.0,1.0,3.0,2.0,4,1,7,1,6,2,0.0,0.0,0.0,0.0,0.0,0.0,0.0,0.0,0.0,0.0,0.0,0.0,0.0,0.0,0.0,1.0,1.0,1.0,1.0,1.0,1.0,1.0,1.0,1.0,1.0,1.0,1.0,1.0,4,1.0,17.0,17.0,127.5,127.5,3.5,3.5,7.0,7.0,14.0,70.833336,70.833336,89.5,61.5,61.5,0.0,= 3*20.5 + 2*14,= 3*20.5,= 3*20.5,,
Death Dog,5194961-death-dog,MM (2024),91.0,https://www.dndbeyond.com/monsters/5194961-death-dog,Monstrosity,Medium,generic,N,1.0,2,150.0,2.0,2.0,2.0,-4.0,1.0,-2.0,2,2,2,-4,1,-2,1.0,1.0,1.0,0.0,1.0,0.0,0.0,0.0,0.0,0.0,0.0,0.0,0.0,1.0,1.0,1.0,1.0,1.0,1.0,1.0,1.0,1.0,1.0,1.0,1.0,1.0,1.0,1.0,2,1.0,12.0,14.0,39.0,39.0,0.2,0.2,4.0,4.0,12.0,9.0,9.0,9.0,9.0,9.0,0.0,= 2*4.5,= 2*4.5,= 2*4.5,,Assumes +2 AC from Bite (poisoned).
Death Knight,5194963-death-knight,MM (2024),92.0,https://www.dndbeyond.com/monsters/5194963-death-knight,Undead,Medium,generic,L,17.0,6,18000.0,5.0,0.0,5.0,1.0,3.0,4.0,5,6,5,1,9,4,0.0,0.0,0.0,1.0,1.0,0.0,0.0,0.0,0.0,0.0,1.0,0.0,0.0,0.0,0.0,1.0,1.0,1.0,1.0,1.0,1.0,1.0,1.0,0.0,0.0,1.0,1.0,1.0,12,1.0,20.0,22.0,199.5,289.5,5.0,9.0,11.0,11.0,18.0,174.16667,174.16667,216.5,153.0,153.0,0.0,= 2*70 + 3*25.5,= 3*25.5 + 3*25.5,= 3*25.5 + 3*25.5,,Assumes +2 AC from Parry.
Death Knight Aspirant,5194962-death-knight-aspirant,MM (2024),93.0,https://www.dndbeyond.com/monsters/5194962-death-knight-aspirant,Undead,Medium,generic,N,11.0,4,6800.0,5.0,0.0,4.0,0.0,1.0,3.0,5,4,4,0,5,3,0.0,0.0,0.0,1.0,1.0,0.0,0.0,0.0,0.0,0.0,1.0,0.0,0.0,0.0,0.0,1.0,1.0,1.0,1.0,1.0,1.0,1.0,1.0,0.0,0.0,1.0,1.0,1.0,4,1.0,20.0,22.0,178.5,178.5,3.5,7.5,9.0,9.0,15.0,77.0,77.0,84.0,73.5,73.5,0.0,= 2*42,= 3*24.5,= 3*24.5,,Assumes +2 AC from Parry.
Death Slaad,5194964-death-slaad,MM (2024),287.0,https://www.dndbeyond.com/monsters/5194964-death-slaad,Aberration,Medium,generic,N,10.0,4,5700.0,5.0,2.0,4.0,2.0,0.0,4.0,5,2,4,2,0,4,0.0,0.0,0.0,0.0,0.0,0.0,0.0,0.0,0.0,0.0,0.0,0.0,0.0,0.0,0.0,1.0,1.0,1.0,0.5,0.5,0.5,1.0,0.5,1.0,1.0,1.0,1.0,0.5,10,1.0,18.0,20.0,178.5,250.2,2.8,6.8,9.0,9.0,16.0,44.0,44.0,44.0,44.0,44.0,0.0,= 2*22,= 2*22,= 2*22,,"Assumes +20% HP from Chaos Blade (charmed, incapacitated). Assumes +2 AC from Chaos Blade (frightened, poisoned)."
Death Tyrant,5194965-death-tyrant,MM (2024),95.0,https://www.dndbeyond.com/monsters/5194965-death-tyrant,Undead,Large,generic,L,14.0,5,11500.0,4.0,2.0,2.0,4.0,2.0,4.0,4,2,7,4,7,4,0.0,1.0,0.0,1.0,0.0,0.0,0.0,0.0,1.0,1.0,1.0,1.0,0.0,0.0,0.0,1.0,1.0,1.0,1.0,1.0,1.0,1.0,1.0,1.0,0.0,1.0,1.0,1.0,12,1.0,19.0,21.0,195.0,296.4,4.7,4.7,9.0,9.0,17.0,123.0,123.0,123.0,123.0,123.0,0.0,= 3*(13.5 + 14 + 18 + 13.5 + 36 + 55)/10 + 6*13,= 3*(13.5 + 14 + 18 + 13.5 + 36 + 55)/10 + 6*13,= 3*(13.5 + 14 + 18 + 13.5 + 36 + 55)/10 + 6*13,,"Assumes +4% HP from combination of Charm Ray, Paralyzing Ray, Sleep Ray, and Petrification Ray. Assumes +2 AC from Fear Ray, Enervation Ray, and Telekinetic Ray combined."
Death Tyrant,5194965-death-tyrant,MM (2024),95.0,https://www.dndbeyond.com/monsters/5194965-death-tyrant,Undead,Large,generic,LL,15.0,5,13000.0,4.0,2.0,2.0,4.0,2.0,4.0,4,2,7,4,7,4,0.0,1.0,0.0,1.0,0.0,0.0,0.0,0.0,1.0,1.0,1.0,1.0,0.0,0.0,0.0,1.0,1.0,1.0,1.0,1.0,1.0,1.0,1.0,1.0,0.0,1.0,1.0,1.0,12,1.0,19.0,21.0,195.0,327.6,4.7,4.7,9.0,9.0,17.0,149.0,149.0,149.0,149.0,149.0,0.0,= 3*(13.5 + 14 + 18 + 13.5 + 36 + 55)/10 + 8*13,= 3*(13.5 + 14 + 18 + 13.5 + 36 + 55)/10 + 8*13,= 3*(13.5 + 14 + 18 + 13.5 + 36 + 55)/10 + 8*13,,"Assumes +4% HP from combination of Charm Ray, Paralyzing Ray, Sleep Ray, and Petrification Ray. Assumes +2 AC from Fear Ray, Enervation Ray, and Telekinetic Ray combined."
Death’s Head,6491350-deaths-head,RTHW,242.0,https://www.dndbeyond.com/monsters/6491350-deaths-head,Undead,Tiny,generic,N,0.5,2,75.0,-1.0,1.0,1.0,-3.0,2.0,-4.0,-1,1,1,-3,2,-4,0.0,0.0,0.0,1.0,0.0,0.0,0.0,0.0,0.0,0.0,1.0,0.0,0.0,0.0,0.0,1.0,1.0,1.0,1.0,1.0,1.0,1.0,1.0,0.5,0.0,1.0,1.0,1.0,1,1.0,16.0,18.0,17.5,17.5,-0.7,-0.7,3.0,3.0,,10.5,10.5,10.5,10.5,10.5,0.0,= 10.5,= 10.5,= 10.5,,Assumes +2 AC from flying with Flyby.
Death’s Head Tree,6491349-deaths-head-tree,RTHW,243.0,https://www.dndbeyond.com/monsters/6491349-deaths-head-tree,Plant,Huge,generic,N,4.0,2,1000.0,4.0,-1.0,3.0,-3.0,0.0,1.0,6,-1,3,-3,0,1,0.0,0.0,0.0,1.0,0.0,0.0,0.0,0.0,0.0,0.0,1.0,0.0,0.0,0.0,0.0,1.0,1.0,1.0,1.0,1.0,1.0,1.0,1.0,1.0,0.0,1.0,1.0,1.0,-1,1.0,15.0,15.0,95.0,95.0,1.0,1.0,6.0,6.0,,30.0,30.0,30.0,30.0,30.0,0.0,= 2*15,= 2*15,= 2*15,,
Deep Dragon Wyrmling,5900656-deep-dragon-wyrmling,FRAiF,257.0,https://www.dndbeyond.com/monsters/5900656-deep-dragon-wyrmling,Dragon,Medium,generic,N,1.0,2,150.0,2.0,0.0,1.0,0.0,1.0,1.0,2,2,1,0,3,1,0.0,1.0,0.0,0.0,1.0,0.0,0.0,0.0,0.0,0.0,1.0,0.0,0.0,0.0,0.0,1.0,1.0,1.0,1.0,1.0,1.0,1.0,1.0,1.0,0.5,0.5,1.0,1.0,2,1.0,15.0,15.0,27.5,27.5,1.5,1.5,4.0,4.0,11.0,9.0,9.0,14.0,6.5,6.5,0.0,= 2*7,= 6.5,= 6.5,,
Deer,5194966-deer,MM (2024),352.0,https://www.dndbeyond.com/monsters/5194966-deer,Beast,Medium,generic,N,0.0,2,7.0,0.0,3.0,0.0,-4.0,2.0,-3.0,0,3,0,-4,2,-3,0.0,0.0,0.0,0.0,0.0,0.0,0.0,0.0,0.0,0.0,0.0,0.0,0.0,0.0,0.0,1.0,1.0,1.0,1.0,1.0,1.0,1.0,1.0,1.0,1.0,1.0,1.0,1.0,3,1.0,13.0,13.0,4.5,4.5,-0.3,-0.3,2.0,2.0,,2.5,2.5,2.5,2.5,2.5,0.0,= 2.5,= 2.5,= 2.5,,
Demilich,5194967-demilich,MM (2024),96.0,https://www.dndbeyond.com/monsters/5194967-demilich,Undead,Tiny,generic,L,18.0,6,20000.0,-5.0,5.0,0.0,5.0,3.0,5.0,-5,11,6,11,9,5,0.0,1.0,1.0,1.0,1.0,0.0,0.0,0.0,1.0,1.0,1.0,1.0,0.0,1.0,0.0,0.5,0.5,0.5,1.0,1.0,1.0,1.0,1.0,0.0,0.0,0.0,1.0,1.0,17,1.25,20.0,20.0,180.0,337.5,6.2,6.2,11.0,11.0,19.0,169.16667,169.16667,213.5,147.0,147.0,0.0,= 2*70 + 3*24.5,= 3*24.5 + 3*24.5,= 3*24.5 + 3*24.5,,
Demilich,5194967-demilich,MM (2024),96.0,https://www.dndbeyond.com/monsters/5194967-demilich,Undead,Tiny,generic,LL,19.0,6,22000.0,-5.0,5.0,0.0,5.0,3.0,5.0,-5,11,6,11,9,5,0.0,1.0,1.0,1.0,1.0,0.0,0.0,0.0,1.0,1.0,1.0,1.0,0.0,1.0,0.0,0.5,0.5,0.5,1.0,1.0,1.0,1.0,1.0,0.0,0.0,0.0,1.0,1.0,17,1.25,20.0,20.0,180.0,375.0,6.2,6.2,11.0,11.0,19.0,193.66667,193.66667,238.0,171.5,171.5,0.0,= 2*70 + 4*24.5,= 3*24.5 + 4*24.5,= 3*24.5 + 4*24.5,,
Deva,5194968-deva,MM (2024),97.0,https://www.dndbeyond.com/monsters/5194968-deva,Celestial,Medium,generic,N,10.0,4,5700.0,4.0,4.0,4.0,3.0,5.0,5.0,4,4,4,3,9,9,0.0,1.0,0.0,1.0,1.0,0.0,0.0,0.0,0.0,0.0,0.0,0.0,0.0,0.0,0.0,1.0,1.0,1.0,1.0,1.0,1.0,1.0,1.0,1.0,1.0,1.0,0.5,1.0,4,1.0,17.0,17.0,229.5,257.5,5.5,9.5,8.0,8.0,,51.0,51.0,51.0,51.0,51.0,0.0,= 2*25.5,= 2*25.5,= 2*25.5,,
Dire Wolf,4775812-dire-wolf,MM (2024),352.0,https://www.dndbeyond.com/monsters/4775812-dire-wolf,Beast,Large,generic,N,1.0,2,150.0,3.0,2.0,2.0,-4.0,1.0,-2.0,3,2,2,-4,1,-2,0.0,0.0,0.0,0.0,0.0,0.0,0.0,0.0,0.0,0.0,0.0,0.0,0.0,0.0,0.0,1.0,1.0,1.0,1.0,1.0,1.0,1.0,1.0,1.0,1.0,1.0,1.0,1.0,2,1.0,14.0,14.0,22.5,22.5,0.3,0.3,5.0,6.0,,8.5,8.5,8.5,8.5,8.5,0.0,= 8.5,= 8.5,= 8.5,,
Dire Worg,5194969-dire-worg,MM (2024),335.0,https://www.dndbeyond.com/monsters/5194969-dire-worg,Fey,Huge,generic,N,10.0,4,5700.0,6.0,2.0,4.0,-2.0,3.0,-1.0,6,6,4,-2,7,-1,0.0,0.0,0.0,0.0,0.0,0.0,0.0,0.0,0.0,0.0,0.0,0.0,0.0,0.0,0.0,1.0,1.0,1.0,1.0,1.0,1.0,1.0,1.0,1.0,1.0,1.0,1.0,1.0,2,1.0,16.0,18.0,147.0,147.0,3.3,7.3,10.0,10.0,16.0,68.0,68.0,72.0,66.0,66.0,0.0,= 2*36,= 3*22,= 3*22,,Assumes +2 AC from Bite (poisoned).
Displacer Beast,5194970-displacer-beast,MM (2024),98.0,https://www.dndbeyond.com/monsters/5194970-displacer-beast,Monstrosity,Large,generic,N,3.0,2,600.0,4.0,2.0,3.0,-2.0,1.0,-1.0,4,2,3,-2,1,-1,0.0,0.0,0.0,0.0,0.0,0.0,0.0,0.0,0.0,0.0,0.0,0.0,0.0,0.0,0.0,1.0,1.0,1.0,1.0,1.0,1.0,1.0,1.0,1.0,1.0,1.0,1.0,1.0,4,1.0,13.0,17.0,76.5,76.5,1.2,3.2,6.0,6.0,,20.5,20.5,20.5,20.5,20.5,0.0,= 9.5 + 11,= 9.5 + 11,= 9.5 + 11,,Assumes +4 AC from Displacement (disadvantage).
Diviner Archmage,6719570-diviner-archmage,AU,137.0,https://www.dndbeyond.com/monsters/6719570-diviner-archmage,Humanoid,Medium,generic,N,15.0,5,13000.0,0.0,3.0,1.0,5.0,2.0,3.0,0,3,6,10,7,3,0.0,0.0,0.0,0.0,0.0,0.0,0.0,0.0,0.0,0.0,0.0,0.0,0.0,0.0,0.0,1.0,1.0,1.0,1.0,1.0,1.0,1.0,1.0,1.0,1.0,1.0,1.0,1.0,8,1.0,16.0,25.0,176.0,176.0,4.8,8.8,10.0,14.0,18.0,98.0,98.0,98.0,98.0,98.0,0.0,= 4*24.5,= 4*24.5,= 4*24.5,,"Assumes +5 AC from Protective Magic (Shield), and +4 AC from Foresight (disadvantage). Assumes +4 AB from Foresight (advantage)."
Djinni,5194971-djinni,MM (2024),99.0,https://www.dndbeyond.com/monsters/5194971-djinni,Elemental,Large,generic,N,11.0,4,6800.0,5.0,2.0,6.0,2.0,3.0,5.0,5,6,6,2,7,5,0.0,0.0,0.0,0.0,0.0,0.0,0.0,0.0,0.0,0.0,0.0,0.0,0.0,0.0,0.0,1.0,1.0,1.0,1.0,1.0,1.0,1.0,0.0,1.0,1.0,1.0,1.0,0.0,2,1.0,17.0,21.0,218.5,218.5,5.2,9.2,9.0,9.0,17.0,66.0,66.0,84.0,57.0,57.0,0.0,= 4*21,= 3*19,= 3*19,,Assumes +4 AC from flying. Assumes 4 targets for Whirlwind during encounter.
Doppelganger,5174955-doppelganger,MM (2024),100.0,https://www.dndbeyond.com/monsters/5174955-doppelganger,Monstrosity,Medium,generic,N,3.0,2,600.0,0.0,4.0,2.0,0.0,1.0,2.0,0,4,2,0,1,2,0.0,1.0,0.0,0.0,0.0,0.0,0.0,0.0,0.0,0.0,0.0,0.0,0.0,0.0,0.0,1.0,1.0,1.0,1.0,1.0,1.0,1.0,1.0,1.0,1.0,1.0,1.0,1.0,4,1.0,14.0,14.0,52.0,52.0,1.5,1.5,6.0,8.0,,22.0,22.0,22.0,22.0,22.0,0.0,= 2*11,= 2*11,= 2*11,,Assumes +2 AB from Slam (advantage).
Dracolich,5194972-dracolich,MM (2024),102.0,https://www.dndbeyond.com/monsters/5194972-dracolich,or,Huge,generic,L,17.0,6,18000.0,7.0,0.0,6.0,4.0,2.0,5.0,7,6,6,4,8,5,0.0,1.0,0.0,1.0,1.0,0.0,0.0,0.0,1.0,0.0,1.0,0.0,0.0,0.0,0.0,1.0,1.0,1.0,1.0,1.0,1.0,1.0,1.0,0.0,0.0,1.0,1.0,1.0,12,1.0,20.0,20.0,225.0,315.0,6.0,10.0,13.0,13.0,20.0,147.16667,147.16667,171.5,135.0,135.0,0.0,= 2*52 + 3*22.5,= 3*22.5 + 3*22.5,= 3*22.5 + 3*22.5,,
Dracolich,5194972-dracolich,MM (2024),102.0,https://www.dndbeyond.com/monsters/5194972-dracolich,or,Huge,generic,LL,18.0,6,20000.0,7.0,0.0,6.0,4.0,2.0,5.0,7,6,6,4,8,5,0.0,1.0,0.0,1.0,1.0,0.0,0.0,0.0,1.0,0.0,1.0,0.0,0.0,0.0,0.0,1.0,1.0,1.0,1.0,1.0,1.0,1.0,1.0,0.0,0.0,1.0,1.0,1.0,12,1.0,20.0,20.0,225.0,345.0,6.0,10.0,13.0,13.0,20.0,169.66667,169.66667,194.0,157.5,157.5,0.0,= 2*52 + 4*22.5,= 3*22.5 + 4*22.5,= 3*22.5 + 4*22.5,,
Draft Horse,4775813-draft-horse,MM (2024),352.0,https://www.dndbeyond.com/monsters/4775813-draft-horse,Beast,Large,generic,N,0.25,2,37.0,4.0,0.0,2.0,-4.0,0.0,-2.0,4,0,2,-4,0,-2,0.0,0.0,0.0,0.0,0.0,0.0,0.0,0.0,0.0,0.0,0.0,0.0,0.0,0.0,0.0,1.0,1.0,1.0,1.0,1.0,1.0,1.0,1.0,1.0,1.0,1.0,1.0,1.0,0,1.0,10.0,10.0,15.0,15.0,0.0,0.0,6.0,6.0,,6.5,6.5,6.5,6.5,6.5,0.0,= 6.5,= 6.5,= 6.5,,
Dragon Turtle,5194973-dragon-turtle,MM (2024),103.0,https://www.dndbeyond.com/monsters/5194973-dragon-turtle,Dragon,Gargantuan,generic,N,17.0,6,18000.0,7.0,0.0,5.0,0.0,1.0,1.0,7,0,11,0,7,1,0.0,0.0,0.0,0.0,0.0,0.0,0.0,0.0,0.0,0.0,0.0,0.0,0.0,0.0,0.0,1.0,1.0,1.0,1.0,1.0,0.5,1.0,1.0,1.0,1.0,1.0,1.0,1.0,6,1.0,20.0,20.0,356.5,356.5,4.3,4.3,13.0,13.0,19.0,98.333336,98.333336,112.0,91.5,91.5,0.0,= 2*56,= 3*30.5,= 3*30.5,,
Dreaming Dark Infiltrator,5976748-dreaming-dark-infiltrator,EFotA,59.0,https://www.dndbeyond.com/monsters/5976748-dreaming-dark-infiltrator,Humanoid,Medium,generic,N,7.0,3,2600.0,2.0,3.0,2.0,4.0,3.0,3.0,2,3,2,7,6,6,0.0,0.0,0.0,0.0,0.0,0.0,0.0,0.0,0.0,0.0,0.0,0.0,0.0,0.0,0.0,1.0,1.0,1.0,1.0,1.0,1.0,1.0,1.0,1.0,1.0,1.0,1.0,1.0,3,1.0,15.0,16.0,104.0,104.0,4.3,4.3,7.0,7.0,15.0,61.666668,61.666668,70.0,57.5,57.5,0.0,= 2*28 + 14,= 3*14.5 + 14,= 3*14.5 + 14,,Assumes +1 AC from Mind Curse (disadvantage).
Dreaming Dark Mindkiller,5976749-dreaming-dark-mindkiller,EFotA,60.0,https://www.dndbeyond.com/monsters/5976749-dreaming-dark-mindkiller,Humanoid,Medium,generic,N,11.0,4,6800.0,2.0,4.0,3.0,5.0,4.0,3.0,2,8,3,9,8,7,0.0,0.0,0.0,0.0,0.0,0.0,0.0,0.0,0.0,0.0,0.0,0.0,0.0,0.0,0.0,1.0,1.0,1.0,1.0,1.0,1.0,1.0,1.0,1.0,1.0,1.0,1.0,1.0,4,1.0,19.0,21.0,180.0,180.0,6.2,6.2,9.0,9.0,17.0,67.0,80.4,70.0,65.5,65.5,40.2,= 2*35,= 2*27.5 + 10.5,= 2*27.5 + 10.5,= (1/5)*SUM(BK211:BM211),Assumes +2 AC from Primal Fear and Nightmare Whisper (frightened). Assumes +20% DPR from Slayer’s Puppet (dominate person).
Dretch,5194974-dretch,MM (2024),103.0,https://www.dndbeyond.com/monsters/5194974-dretch,Fiend,Small,generic,N,0.25,2,37.0,1.0,0.0,1.0,-3.0,-1.0,-4.0,1,0,1,-3,-1,-4,0.0,0.0,0.0,0.0,0.0,0.0,0.0,0.0,0.0,0.0,1.0,0.0,0.0,0.0,0.0,1.0,1.0,1.0,1.0,0.5,0.5,1.0,0.5,1.0,0.0,1.0,1.0,1.0,0,1.0,11.0,11.0,18.0,18.0,-1.0,-1.0,3.0,3.0,,4.5,4.5,4.5,4.5,4.5,0.0,= 4.5,= 4.5,= 4.5,,
Drider,5194975-drider,MM (2024),105.0,https://www.dndbeyond.com/monsters/5194975-drider,Monstrosity,Large,generic,N,6.0,3,2000.0,3.0,4.0,4.0,1.0,3.0,1.0,3,4,4,1,3,1,0.0,0.0,0.0,0.0,0.0,0.0,0.0,0.0,0.0,0.0,0.0,0.0,0.0,0.0,0.0,1.0,1.0,1.0,1.0,1.0,1.0,1.0,1.0,1.0,1.0,1.0,1.0,1.0,4,1.0,19.0,19.0,123.5,123.5,2.7,2.7,7.0,9.0,14.0,39.0,39.0,39.0,39.0,39.0,0.0,= 3*13,= 3*13,= 3*13,,Assumes +2 AB from Magic of the Spider Queen (Faerie Fire).
Drow Elite Warrior of Lolth,5900658-drow-elite-warrior-of-lolth,FRAiF,260.0,https://www.dndbeyond.com/monsters/5900658-drow-elite-warrior-of-lolth,Humanoid,Medium,generic,N,5.0,3,1400.0,1.0,4.0,2.0,0.0,1.0,1.0,1,7,5,0,4,1,0.0,0.0,0.0,0.0,0.0,0.0,0.0,0.0,0.0,0.0,0.0,0.0,0.0,0.0,0.0,1.0,1.0,1.0,1.0,1.0,1.0,1.0,1.0,1.0,1.0,1.0,1.0,1.0,4,1.0,18.0,18.0,71.5,71.5,3.0,3.0,7.0,11.0,12.0,43.0,43.0,43.0,43.0,43.0,0.0,= 2*21.5,= 2*21.5,= 2*21.5,,Assumes +4 AB from Underdark Magic (faerie fire).
Drow Mage of Lolth,5900659-drow-mage-of-lolth,FRAiF,261.0,https://www.dndbeyond.com/monsters/5900659-drow-mage-of-lolth,Humanoid,Medium,generic,N,7.0,3,2600.0,-1.0,2.0,0.0,3.0,1.0,1.0,-1,5,0,3,4,1,0.0,0.0,0.0,0.0,0.0,0.0,0.0,0.0,0.0,0.0,0.0,0.0,0.0,0.0,0.0,1.0,1.0,1.0,1.0,1.0,1.0,1.0,1.0,1.0,1.0,1.0,1.0,1.0,2,1.0,15.0,15.0,81.0,81.0,2.0,2.0,6.0,10.0,14.0,63.0,63.0,63.0,63.0,63.0,0.0,= 3*21,= 3*21,= 3*21,,Assumes +4 AB from Underdark Magic (faerie fire).
Drow of Lolth,5900660-drow-of-lolth,FRAiF,260.0,https://www.dndbeyond.com/monsters/5900660-drow-of-lolth,Humanoid,Medium,generic,N,0.25,2,37.0,0.0,2.0,0.0,0.0,0.0,1.0,0,2,0,0,0,1,0.0,0.0,0.0,0.0,0.0,0.0,0.0,0.0,0.0,0.0,0.0,0.0,0.0,0.0,0.0,1.0,1.0,1.0,1.0,1.0,1.0,1.0,1.0,1.0,1.0,1.0,1.0,1.0,2,1.0,15.0,15.0,13.5,13.5,0.5,0.5,4.0,4.0,,6.5,6.5,6.5,6.5,6.5,0.0,= 6.5,= 6.5,= 6.5,,
Drow Priestess of Lolth,5900661-drow-priestess-of-lolth,FRAiF,261.0,https://www.dndbeyond.com/monsters/5900661-drow-priestess-of-lolth,Humanoid,Medium,generic,N,8.0,3,3500.0,0.0,2.0,1.0,1.0,4.0,3.0,0,2,4,1,7,6,0.0,0.0,0.0,0.0,0.0,0.0,0.0,0.0,0.0,0.0,0.0,0.0,0.0,0.0,0.0,1.0,1.0,1.0,1.0,1.0,1.0,1.0,1.0,1.0,1.0,1.0,1.0,1.0,2,1.0,16.0,16.0,99.0,138.0,3.3,3.3,5.0,5.0,,72.0,72.0,72.0,72.0,72.0,0.0,= 3*24,= 3*24,= 3*24,,Assumes +13 HPR from Lolth's Blessing (cure wounds).
Druid,5194976-druid,MM (2024),106.0,https://www.dndbeyond.com/monsters/5194976-druid,Humanoid,Medium,generic,N,2.0,2,300.0,0.0,1.0,1.0,1.0,3.0,0.0,0,1,1,1,3,0,0.0,0.0,0.0,0.0,0.0,0.0,0.0,0.0,0.0,0.0,0.0,0.0,0.0,0.0,0.0,1.0,1.0,1.0,1.0,1.0,1.0,1.0,1.0,1.0,1.0,1.0,1.0,1.0,1,1.0,13.0,13.0,44.0,44.0,1.0,1.0,5.0,5.0,13.0,21.0,21.0,21.0,21.0,21.0,0.0,= 2*10.5,= 2*10.5,= 2*10.5,,
Dryad,5194977-dryad,MM (2024),107.0,https://www.dndbeyond.com/monsters/5194977-dryad,Fey,Medium,generic,N,1.0,2,150.0,0.0,1.0,0.0,2.0,2.0,4.0,0,1,0,2,2,4,0.0,0.0,0.0,0.0,0.0,0.0,0.0,0.0,0.0,0.0,0.0,0.0,0.0,0.0,0.0,1.0,1.0,1.0,1.0,1.0,1.0,1.0,1.0,1.0,1.0,1.0,1.0,1.0,1,1.0,16.0,16.0,22.5,27.0,1.5,5.5,6.0,6.0,,8.5,8.5,8.5,8.5,8.5,0.0,= 8.5,= 8.5,= 8.5,,Assumes +20% HP from Charm Monster (charmed).
Dullahan,6491351-dullahan,RTHW,244.0,https://www.dndbeyond.com/monsters/6491351-dullahan,Undead,Medium,generic,N,10.0,4,5700.0,4.0,2.0,3.0,0.0,2.0,3.0,4,2,7,0,2,3,1.0,1.0,1.0,0.0,1.0,0.0,0.0,0.0,0.0,0.0,1.0,0.0,0.0,0.0,0.0,1.0,1.0,1.0,1.0,0.5,1.0,1.0,1.0,0.5,0.5,1.0,1.0,1.0,2,1.0,15.0,15.0,127.5,127.5,3.0,3.0,8.0,10.0,15.0,80.0,80.0,80.0,80.0,80.0,0.0,= 2*20.5 + 3*13,= 2*20.5 + 3*13,= 2*20.5 + 3*13,,Assumes +2 AB from Headless Wail (advantage).
Dust Mephit,5194978-dust-mephit,MM (2024),206.0,https://www.dndbeyond.com/monsters/5194978-dust-mephit,Elemental,Small,generic,N,0.5,2,75.0,-3.0,2.0,0.0,-1.0,0.0,0.0,-3,2,0,-1,0,0,0.0,0.0,0.0,1.0,0.0,0.0,0.0,0.0,0.0,0.0,1.0,0.0,0.0,0.0,0.0,1.0,1.0,1.0,1.0,1.0,2.0,1.0,1.0,1.0,0.0,1.0,1.0,1.0,2,1.0,12.0,12.0,17.5,17.5,-0.3,-0.3,4.0,4.0,10.0,4.5,6.1666665,4.5,4.5,4.5,5.0,= 4.5,= 4.5,= 4.5,= 5,
Eagle,5194979-eagle,MM (2024),353.0,https://www.dndbeyond.com/monsters/5194979-eagle,Beast,Small,generic,N,0.0,2,7.0,-2.0,2.0,1.0,-4.0,2.0,-2.0,-2,2,1,-4,2,-2,0.0,0.0,0.0,0.0,0.0,0.0,0.0,0.0,0.0,0.0,0.0,0.0,0.0,0.0,0.0,1.0,1.0,1.0,1.0,1.0,1.0,1.0,1.0,1.0,1.0,1.0,1.0,1.0,2,1.0,12.0,12.0,4.5,4.5,-0.5,-0.5,4.0,4.0,,4.5,4.5,4.5,4.5,4.5,0.0,= 4.5,= 4.5,= 4.5,,
Earth Elemental,5194980-earth-elemental,MM (2024),108.0,https://www.dndbeyond.com/monsters/5194980-earth-elemental,Elemental,Large,generic,N,5.0,3,1400.0,5.0,-1.0,5.0,-3.0,0.0,-3.0,5,-1,5,-3,0,-3,0.0,0.0,0.0,1.0,0.0,0.0,0.0,0.0,1.0,1.0,1.0,0.0,0.0,0.0,1.0,1.0,1.0,1.0,1.0,1.0,1.0,1.0,1.0,1.0,0.0,1.0,1.0,2.0,-1,1.0,17.0,17.0,147.0,147.0,0.5,0.5,8.0,8.0,,28.0,28.0,28.0,28.0,28.0,0.0,= 2*14,= 2*14,= 2*14,,
Ebonbane,6491352-ebonbane,RTHW,150.0,https://www.dndbeyond.com/monsters/6491352-ebonbane,Construct,Small,unique,L,13.0,5,10000.0,4.0,4.0,1.0,3.0,2.0,4.0,4,4,6,3,7,4,0.0,1.0,1.0,1.0,1.0,0.0,0.0,0.0,1.0,1.0,1.0,0.0,0.0,0.0,0.0,0.5,0.5,0.5,1.0,1.0,0.5,1.0,1.0,0.0,0.0,0.5,1.0,1.0,14,1.25,17.0,19.0,130.5,338.1,4.7,8.7,9.0,9.0,,113.333336,113.333336,100.0,120.0,120.0,0.0,= 2*20 + 3*20,= 3*20 + 3*20,= 3*20 + 3*20,,Assumes +50 HP from Possess Dead. Assumes +2 AC from Parry.
Ebonbane,6491352-ebonbane,RTHW,150.0,https://www.dndbeyond.com/monsters/6491352-ebonbane,Construct,Small,unique,LD,14.0,5,11500.0,4.0,4.0,1.0,3.0,2.0,4.0,4,4,6,3,7,4,0.0,1.0,1.0,1.0,1.0,0.0,0.0,0.0,1.0,1.0,1.0,0.0,0.0,0.0,0.0,0.5,0.5,0.5,1.0,1.0,0.5,1.0,1.0,0.0,0.0,0.5,1.0,1.0,14,1.25,17.0,19.0,130.5,375.6,4.7,8.7,9.0,9.0,,133.33333,133.33333,120.0,140.0,140.0,0.0,= 2*20 + 4*20,= 3*20 + 4*20,= 3*20 + 4*20,,Assumes +50 HP from Possess Dead. Assumes +2 AC from Parry.
Efreeti,5194981-efreeti,MM (2024),109.0,https://www.dndbeyond.com/monsters/5194981-efreeti,Elemental,Large,generic,N,11.0,4,6800.0,6.0,1.0,7.0,3.0,2.0,4.0,6,1,7,3,6,8,0.0,0.0,0.0,0.0,0.0,0.0,0.0,0.0,0.0,0.0,0.0,0.0,0.0,0.0,0.0,1.0,1.0,1.0,1.0,1.0,0.0,1.0,1.0,1.0,1.0,1.0,1.0,1.0,1,1.0,17.0,17.0,212.5,212.5,5.2,9.2,10.0,10.0,,78.0,78.0,78.0,78.0,78.0,0.0,= 3*26,= 3*26,= 3*26,,
Elder Thing,6491353-elder-thing,RTHW,245.0,https://www.dndbeyond.com/monsters/6491353-elder-thing,Aberration,Large,generic,N,14.0,5,11500.0,5.0,0.0,4.0,5.0,3.0,3.0,5,0,9,10,3,3,0.0,1.0,0.0,0.0,1.0,0.0,0.0,0.0,0.0,0.0,0.0,0.0,0.0,0.0,0.0,0.5,0.5,0.5,1.0,1.0,1.0,1.0,0.0,1.0,1.0,0.5,1.0,1.0,0,1.25,16.0,16.0,209.0,261.3,5.0,9.0,10.0,10.0,18.0,70.0,97.333336,110.0,50.0,50.0,82.0,= 2*55,= 2*14 + 22,= 2*14 + 22,= SUM(BL227:BM227)*(2/5) + SUM(BK227:BM227)*(1/5),"Assumes +60% DPR for two rounds from Soothing Tentacle (Charmed), Psychic Skewer (Stunned), and Command (Incapacitated), and +20% DPR for one round."
Elemental Cataclysm,5194982-elemental-cataclysm,MM (2024),111.0,https://www.dndbeyond.com/monsters/5194982-elemental-cataclysm,Elemental,Gargantuan,generic,L,22.0,7,41000.0,8.0,4.0,8.0,-1.0,2.0,-1.0,8,11,15,-1,9,6,1.0,1.0,1.0,1.0,1.0,1.0,0.0,0.0,1.0,1.0,1.0,1.0,1.0,1.0,1.0,1.0,1.0,1.0,0.0,0.0,0.0,1.0,0.0,1.0,0.0,1.0,1.0,0.0,18,1.25,20.0,20.0,370.0,612.5,8.0,12.0,15.0,15.0,23.0,156.0,156.0,213.0,127.5,127.5,0.0,= 3*45.5 + 3*25.5,= 2*25.5 + 3*25.5,= 2*25.5 + 3*25.5,,
Elemental Cultist,5194983-elemental-cultist,MM (2024),87.0,https://www.dndbeyond.com/monsters/5194983-elemental-cultist,Humanoid,Medium,generic,N,8.0,3,3500.0,4.0,1.0,3.0,2.0,4.0,1.0,4,1,6,2,7,1,0.0,0.0,0.0,0.0,0.0,0.0,0.0,0.0,0.0,0.0,0.0,0.0,0.0,0.0,0.0,1.0,1.0,1.0,1.0,1.0,1.0,1.0,1.0,1.0,1.0,1.0,1.0,1.0,4,1.0,16.0,16.0,135.0,150.0,3.5,3.5,7.0,7.0,,75.0,75.0,75.0,75.0,75.0,0.0,= 3*25,= 3*25,= 3*25,,Assumes +15 HP from Elemental Absorption.
Elephant,4775814-elephant,MM (2024),353.0,https://www.dndbeyond.com/monsters/4775814-elephant,Beast,Huge,generic,N,4.0,2,1000.0,6.0,-1.0,3.0,-4.0,0.0,-2.0,6,-1,3,-4,0,-2,0.0,0.0,0.0,0.0,0.0,0.0,0.0,0.0,0.0,0.0,0.0,0.0,0.0,0.0,0.0,1.0,1.0,1.0,1.0,1.0,1.0,1.0,1.0,1.0,1.0,1.0,1.0,1.0,-1,1.0,12.0,12.0,76.0,76.0,0.3,0.3,8.0,8.0,16.0,35.666668,35.666668,47.0,30.0,30.0,0.0,= 2*15 + 17,= 2*15,= 2*15,,
Elk,4775815-elk,MM (2024),353.0,https://www.dndbeyond.com/monsters/4775815-elk,Beast,Large,generic,N,0.25,2,37.0,3.0,0.0,0.0,-4.0,0.0,-2.0,3,0,0,-4,0,-2,0.0,0.0,0.0,0.0,0.0,0.0,0.0,0.0,0.0,0.0,0.0,0.0,0.0,0.0,0.0,1.0,1.0,1.0,1.0,1.0,1.0,1.0,1.0,1.0,1.0,1.0,1.0,1.0,0,1.0,10.0,10.0,11.0,11.0,-0.5,-0.5,5.0,5.0,,7.6666665,7.6666665,10.0,6.5,6.5,0.0,= 10,= 6.5,= 6.5,,
Emerald Claw Commander,5976750-emerald-claw-commander,EFotA,90.0,https://www.dndbeyond.com/monsters/5976750-emerald-claw-commander,Humanoid,Medium,generic,N,4.0,2,1000.0,4.0,0.0,2.0,2.0,1.0,2.0,4,0,4,2,3,2,0.0,0.0,0.0,0.0,0.0,0.0,0.0,0.0,0.0,0.0,0.0,0.0,0.0,0.0,0.0,1.0,1.0,1.0,1.0,1.0,1.0,1.0,1.0,1.0,1.0,1.0,1.0,1.0,2,1.0,20.0,21.0,78.0,78.0,2.5,6.5,6.0,10.0,,17.0,24.0,17.0,17.0,17.0,21.0,= 2*8.5,= 2*8.5,= 2*8.5,= 3*7,Assumes +1 AC from Flail (disadvantage). Assumes +4 SB from Aura of Authority. Assumes +4 AB from Aura of Authority. Assumes +7 DPR from Flail (bloodied).
Emerald Claw Knight,5976751-emerald-claw-knight,EFotA,90.0,https://www.dndbeyond.com/monsters/5976751-emerald-claw-knight,Humanoid,Medium,generic,N,2.0,2,300.0,3.0,0.0,2.0,1.0,0.0,1.0,3,0,2,1,2,1,0.0,0.0,0.0,0.0,0.0,0.0,0.0,0.0,0.0,0.0,0.0,0.0,0.0,0.0,0.0,1.0,1.0,1.0,1.0,1.0,1.0,1.0,1.0,1.0,1.0,1.0,1.0,1.0,0,1.0,18.0,19.0,52.0,52.0,1.5,1.5,5.0,5.0,,15.0,19.5,15.0,15.0,15.0,13.5,= 2*7.5,= 2*7.5,= 2*7.5,= 3*4.5,Assumes +1 AC from Flail (disadvantage). Assumes +4.5 DPR from Flail (bloodied).
Empyrean,5194984-empyrean-celestial,MM (2024),111.0,https://www.dndbeyond.com/monsters/5194984-empyrean-celestial,,Huge,generic,L,23.0,7,50000.0,10.0,5.0,10.0,5.0,6.0,8.0,17,5,10,5,13,8,0.0,0.0,0.0,0.0,0.0,0.0,0.0,0.0,0.0,0.0,0.0,0.0,0.0,0.0,0.0,0.5,0.5,0.5,1.0,1.0,1.0,1.0,1.0,0.0,1.0,1.0,0.0,1.0,19,1.0,22.0,22.0,346.5,466.5,9.7,13.7,16.0,16.0,23.0,228.0,228.0,228.0,228.0,228.0,0.0,= 2*52 + 2*27 + 2*35,= 2*52 + 2*27 + 2*35,= 2*52 + 2*27 + 2*35,,
Empyrean Iota,5194986-empyrean-iota-celestial,MM (2024),111.0,https://www.dndbeyond.com/monsters/5194986-empyrean-iota-celestial,,Medium,generic,N,1.0,2,150.0,-5.0,2.0,0.0,2.0,3.0,3.0,-5,2,0,2,3,3,0.0,0.0,0.0,0.0,0.0,0.0,0.0,0.0,0.0,0.0,0.0,1.0,0.0,0.0,0.0,0.5,0.5,0.5,1.0,1.0,1.0,1.0,1.0,1.0,1.0,1.0,1.0,1.0,2,2.0,13.0,17.0,22.5,61.0,0.8,4.8,5.0,5.0,,7.5,7.5,7.5,7.5,7.5,0.0,= 7.5,= 7.5,= 7.5,,Assumes +8 HP from Healing Word. Assumes +4 AC from flying.
Enchanter Archmage,6719571-enchanter-archmage,AU,137.0,https://www.dndbeyond.com/monsters/6719571-enchanter-archmage,Humanoid,Medium,generic,N,15.0,5,13000.0,0.0,3.0,1.0,5.0,2.0,3.0,0,3,6,10,7,3,0.0,0.0,0.0,0.0,0.0,0.0,0.0,0.0,0.0,0.0,0.0,0.0,0.0,0.0,0.0,1.0,1.0,1.0,1.0,1.0,1.0,1.0,1.0,1.0,1.0,1.0,1.0,1.0,8,1.0,16.0,21.0,214.5,214.5,4.8,8.8,10.0,10.0,18.0,86.0,116.53333,86.0,86.0,86.0,91.6,= 4*21.5,= 4*21.5,= 4*21.5,= SUM(BK236:BM236)*(1/5) + 2*20,"Assumes +5 AC from Protective Magic (Shield). Assumes +20% DPR from Dominate Person and Duplicitous Magic (Incapacitated), and +40 damage from Dominate Person."
Erinyes,5194988-erinyes,MM (2024),114.0,https://www.dndbeyond.com/monsters/5194988-erinyes,Fiend,Medium,generic,N,12.0,4,8200.0,4.0,3.0,4.0,2.0,2.0,4.0,4,7,8,2,2,8,0.0,0.0,0.0,0.0,0.0,0.0,0.0,0.0,0.0,0.0,1.0,0.0,0.0,0.0,0.0,1.0,1.0,1.0,1.0,0.5,0.0,1.0,1.0,1.0,0.0,1.0,1.0,1.0,7,1.0,18.0,20.0,178.5,178.5,5.2,9.2,8.0,10.0,16.0,86.0,86.0,86.0,86.0,86.0,0.0,= 3*24 + 14,= 3*24 + 14,= 3*24 + 14,,Assumes +2 AC from Parry. Assumes +2 AB from Entangling Rope (restrained).
Ettercap,5194989-ettercap,MM (2024),115.0,https://www.dndbeyond.com/monsters/5194989-ettercap,Monstrosity,Medium,generic,N,2.0,2,300.0,2.0,2.0,1.0,-2.0,1.0,-1.0,2,2,1,-2,1,-1,0.0,0.0,0.0,0.0,0.0,0.0,0.0,0.0,0.0,0.0,0.0,0.0,0.0,0.0,0.0,1.0,1.0,1.0,1.0,1.0,1.0,1.0,1.0,1.0,1.0,1.0,1.0,1.0,2,1.0,13.0,14.0,44.0,44.0,0.5,0.5,4.0,4.0,12.0,15.0,15.0,15.0,15.0,15.0,0.0,= 8 + 7,= 8 + 7,= 8 + 7,,Assumes +1 AC from Bite (poisoned).
Ettin,5194990-ettin,MM (2024),116.0,https://www.dndbeyond.com/monsters/5194990-ettin,Giant,Large,generic,N,4.0,2,1000.0,5.0,-1.0,3.0,-2.0,0.0,-1.0,5,-1,3,-2,0,-1,1.0,1.0,1.0,0.0,1.0,0.0,0.0,0.0,0.0,0.0,0.0,0.0,0.0,1.0,1.0,1.0,1.0,1.0,1.0,1.0,1.0,1.0,1.0,1.0,1.0,1.0,1.0,1.0,-1,1.0,12.0,12.0,85.0,85.0,0.7,0.7,7.0,9.0,,28.0,28.0,28.0,28.0,28.0,0.0,= 14 + 14,= 14 + 14,= 14 + 14,,Assumes +2 AB from Battleaxe (prone).
Evoker Archmage,6719572-evoker-archmage,AU,138.0,https://www.dndbeyond.com/monsters/6719572-evoker-archmage,Humanoid,Medium,generic,N,15.0,5,13000.0,0.0,3.0,1.0,5.0,2.0,3.0,0,3,6,10,7,3,0.0,0.0,0.0,0.0,0.0,0.0,0.0,0.0,0.0,0.0,0.0,0.0,0.0,0.0,0.0,1.0,1.0,1.0,1.0,1.0,1.0,1.0,1.0,1.0,1.0,1.0,1.0,1.0,8,1.0,16.0,21.0,214.5,214.5,4.8,8.8,10.0,10.0,18.0,109.333336,109.333336,112.0,108.0,108.0,0.0,= 2*28 + 2*28,= 4*27,= 4*27,,Assumes +5 AC from Protective Magic (Shield).
Ez d’Avenir,6491354-ez-davenir,RTHW,246.0,https://www.dndbeyond.com/monsters/6491354-ez-davenir,Humanoid,Medium,unique,N,8.0,3,3500.0,2.0,4.0,3.0,4.0,0.0,3.0,2,7,3,4,3,3,0.0,0.0,0.0,0.0,0.0,0.0,0.0,0.0,0.0,0.0,0.0,0.0,0.0,0.0,0.0,1.0,1.0,1.0,1.0,1.0,1.0,1.0,1.0,1.0,1.0,1.0,1.0,1.0,7,1.0,14.0,19.0,120.0,120.0,3.7,3.7,7.0,7.0,15.0,58.5,77.5,58.5,58.5,58.5,57.0,= 3*19.5,= 3*19.5,= 3*19.5,= 0.65*0.5*SUM(BK241:BM241),Assumes +5 AC from Shield. Assumes +33% DPR from Curse of the All-Seeing Eye.
Faerie Dragon Adult,5194991-faerie-dragon-adult,MM (2024),117.0,https://www.dndbeyond.com/monsters/5194991-faerie-dragon-adult,Dragon,Tiny,generic,N,2.0,2,300.0,-4.0,5.0,1.0,2.0,1.0,3.0,-4,5,1,2,1,3,0.0,0.0,0.0,0.0,0.0,0.0,0.0,0.0,0.0,0.0,0.0,0.0,0.0,0.0,0.0,1.0,1.0,1.0,1.0,1.0,1.0,1.0,1.0,1.0,1.0,1.0,1.0,1.0,5,1.0,15.0,19.0,35.0,35.0,1.3,9.3,7.0,11.0,,11.0,11.0,11.0,11.0,11.0,0.0,= 11,= 11,= 11,,Assumes +4 AC from Superior Invisibility (Greater Invisibility). Assumes +4 SB from Superior Invisibility (Greater Invisibility). Assumes +4 AB from Superior Invisibility (Greater Invisibility).
Faerie Dragon Youth,5194992-faerie-dragon-youth,MM (2024),117.0,https://www.dndbeyond.com/monsters/5194992-faerie-dragon-youth,Dragon,Tiny,generic,N,1.0,2,150.0,-4.0,3.0,1.0,1.0,1.0,2.0,-4,3,1,1,1,2,0.0,0.0,0.0,0.0,0.0,0.0,0.0,0.0,0.0,0.0,0.0,0.0,0.0,0.0,0.0,1.0,1.0,1.0,1.0,1.0,1.0,1.0,1.0,1.0,1.0,1.0,1.0,1.0,3,1.0,13.0,17.0,21.0,21.0,0.7,8.7,5.0,9.0,,8.0,8.0,8.0,8.0,8.0,0.0,= 8,= 8,= 8,,Assumes +4 AC from Superior Invisibility (Greater Invisibility). Assumes +4 SB from Superior Invisibility (Greater Invisibility). Assumes +4 AB from Superior Invisibility (Greater Invisibility).
Fiend Cultist,5194993-fiend-cultist,MM (2024),87.0,https://www.dndbeyond.com/monsters/5194993-fiend-cultist,Humanoid,Medium,generic,N,8.0,3,3500.0,4.0,2.0,3.0,1.0,4.0,0.0,4,2,6,1,7,0,0.0,0.0,0.0,0.0,0.0,0.0,0.0,0.0,0.0,0.0,0.0,0.0,0.0,0.0,0.0,1.0,1.0,1.0,1.0,1.0,1.0,1.0,1.0,1.0,1.0,1.0,1.0,1.0,5,1.0,16.0,16.0,127.5,127.5,3.3,3.3,7.0,7.0,15.0,86.333336,86.333336,88.0,88.0,83.0,0.0,= 2*38.5 + 11,= 2*38.5 + 11,= 3*24 + 11,,
Fire Elemental,4904758-fire-elemental,MM (2024),118.0,https://www.dndbeyond.com/monsters/4904758-fire-elemental,Elemental,Large,generic,N,5.0,3,1400.0,0.0,3.0,3.0,-2.0,0.0,-2.0,0,3,3,-2,0,-2,0.0,0.0,0.0,1.0,0.0,1.0,0.0,0.0,1.0,1.0,1.0,1.0,1.0,0.0,1.0,0.5,0.5,0.5,1.0,1.0,0.0,1.0,1.0,1.0,0.0,1.0,1.0,1.0,3,1.5,13.0,13.0,93.5,140.3,0.3,0.3,6.0,6.0,,41.5,41.5,41.5,41.5,41.5,0.0,= 2*10 + 2*5.5 + 5.5 + 2*2.5,= 2*10 + 2*5.5 + 5.5 + 2*2.5,= 2*10 + 2*5.5 + 5.5 + 2*2.5,,
Fire Giant,5194994-fire-giant,MM (2024),119.0,https://www.dndbeyond.com/monsters/5194994-fire-giant,Giant,Huge,generic,N,9.0,4,4500.0,7.0,-1.0,6.0,0.0,2.0,1.0,7,3,10,0,2,5,0.0,0.0,0.0,0.0,0.0,0.0,0.0,0.0,0.0,0.0,0.0,0.0,0.0,0.0,0.0,1.0,1.0,1.0,1.0,1.0,0.0,1.0,1.0,1.0,1.0,1.0,1.0,1.0,3,1.0,18.0,18.0,162.5,162.5,4.5,4.5,11.0,11.0,,63.0,63.0,63.0,63.0,63.0,0.0,= 2*31.5,= 2*31.5,= 2*31.5,,
Flameskull,5194995-flameskull,MM (2024),120.0,https://www.dndbeyond.com/monsters/5194995-flameskull,Undead,Tiny,generic,N,4.0,2,1000.0,-5.0,3.0,2.0,3.0,0.0,0.0,-5,3,2,3,0,0,0.0,1.0,0.0,1.0,1.0,0.0,0.0,0.0,1.0,0.0,1.0,1.0,0.0,0.0,0.0,1.0,1.0,1.0,1.0,1.0,0.0,1.0,1.0,0.0,0.0,1.0,1.0,1.0,3,2.0,13.0,17.0,40.5,81.0,0.5,4.5,5.0,5.0,13.0,36.666668,36.666668,56.0,27.0,27.0,0.0,= 2*28,= 2*13.5,= 2*13.5,,Assumes +4 AC from flying.
Flaming Skeleton,5194996-flaming-skeleton,MM (2024),283.0,https://www.dndbeyond.com/monsters/5194996-flaming-skeleton,Undead,Medium,generic,N,3.0,2,600.0,0.0,2.0,2.0,0.0,2.0,-1.0,0,2,2,0,2,-1,0.0,0.0,0.0,1.0,0.0,0.0,0.0,0.0,0.0,0.0,1.0,0.0,0.0,0.0,0.0,2.0,1.0,1.0,1.0,1.0,0.0,1.0,1.0,1.0,0.0,1.0,1.0,1.0,2,1.0,15.0,15.0,65.0,65.0,0.8,0.8,4.0,4.0,12.0,18.0,27.333334,18.0,18.0,18.0,28.0,= 2*9,= 2*9,= 2*9,= 2*14,
Flesh Golem,5194997-flesh-golem,MM (2024),121.0,https://www.dndbeyond.com/monsters/5194997-flesh-golem,Construct,Medium,generic,N,5.0,3,1400.0,4.0,-1.0,4.0,-2.0,0.0,-3.0,4,-1,4,-2,0,-3,0.0,1.0,0.0,1.0,1.0,0.0,0.0,0.0,1.0,1.0,1.0,0.0,0.0,0.0,0.0,1.0,1.0,1.0,1.0,1.0,1.0,1.0,0.0,1.0,0.0,1.0,1.0,1.0,-1,1.0,9.0,9.0,127.5,127.5,0.3,4.3,7.0,7.0,,35.0,35.0,35.0,35.0,35.0,0.0,= 2*17.5,= 2*17.5,= 2*17.5,,
Flumph,5194998-flumph,MM (2024),122.0,https://www.dndbeyond.com/monsters/5194998-flumph,Aberration,Small,generic,N,0.125,2,19.0,-2.0,2.0,0.0,2.0,2.0,0.0,-2,2,0,2,2,0,0.0,0.0,0.0,0.0,0.0,0.0,0.0,0.0,0.0,0.0,0.0,0.0,0.0,0.0,0.0,1.0,1.0,1.0,1.0,1.0,1.0,1.0,1.0,1.0,1.0,2.0,1.0,1.0,2,1.0,12.0,12.0,7.0,7.0,0.7,0.7,4.0,4.0,,4.5,4.5,4.5,4.5,4.5,0.0,= 4.5,= 4.5,= 4.5,,
Flying Snake,5194999-flying-snake,MM (2024),353.0,https://www.dndbeyond.com/monsters/5194999-flying-snake,Monstrosity,Tiny,generic,N,0.125,2,19.0,-3.0,2.0,0.0,-4.0,1.0,-3.0,-3,2,0,-4,1,-3,0.0,0.0,0.0,0.0,0.0,0.0,0.0,0.0,0.0,0.0,0.0,0.0,0.0,0.0,0.0,1.0,1.0,1.0,1.0,1.0,1.0,1.0,1.0,1.0,1.0,1.0,1.0,1.0,2,1.0,14.0,18.0,5.0,5.0,-1.2,-1.2,4.0,4.0,,6.0,6.0,6.0,6.0,6.0,0.0,= 6,= 6,= 6,,Assumes +4 AC from flying with Flyby.
Flying Wonder,5900662-flying-wonder,FRAiF,246.0,https://www.dndbeyond.com/monsters/5900662-flying-wonder,Construct,Tiny,generic,N,0.0,2,7.0,-4.0,2.0,0.0,-4.0,0.0,-5.0,-4,2,0,-4,0,-5,0.0,0.0,0.0,1.0,0.0,0.0,0.0,0.0,0.0,0.0,1.0,0.0,0.0,0.0,0.0,1.0,1.0,1.0,1.0,1.0,1.0,1.0,1.0,1.0,0.0,1.0,1.0,1.0,2,1.0,12.0,12.0,2.5,2.5,-1.8,-1.8,0.0,0.0,,0.0,0.0,0.0,0.0,0.0,0.0,0,0,0,,
Fomorian,5195000-fomorian,MM (2024),123.0,https://www.dndbeyond.com/monsters/5195000-fomorian,Giant,Huge,generic,N,8.0,3,3500.0,6.0,0.0,5.0,-1.0,2.0,-2.0,6,0,5,-1,2,-2,0.0,0.0,0.0,0.0,0.0,0.0,0.0,0.0,0.0,0.0,0.0,0.0,0.0,0.0,0.0,1.0,1.0,1.0,1.0,1.0,1.0,1.0,1.0,1.0,1.0,1.0,1.0,1.0,0,1.0,14.0,14.0,172.5,172.5,1.7,1.7,9.0,9.0,16.0,48.0,48.0,48.0,48.0,48.0,0.0,= 2*24,= 2*24,= 2*24,,
Frog,4775816-frog,MM (2024),354.0,https://www.dndbeyond.com/monsters/4775816-frog,Beast,Tiny,generic,N,0.0,2,7.0,-5.0,1.0,-1.0,-5.0,-1.0,-4.0,-5,1,-1,-5,-1,-4,0.0,0.0,0.0,0.0,0.0,0.0,0.0,0.0,0.0,0.0,0.0,0.0,0.0,0.0,0.0,1.0,1.0,1.0,1.0,1.0,1.0,1.0,1.0,1.0,1.0,1.0,1.0,1.0,1,1.0,11.0,11.0,1.5,1.5,-2.5,-2.5,3.0,3.0,,1.0,1.0,1.0,1.0,1.0,0.0,= 1,= 1,= 1,,
Frost Giant,5195001-frost-giant,MM (2024),124.0,https://www.dndbeyond.com/monsters/5195001-frost-giant,Giant,Huge,generic,N,8.0,3,3500.0,6.0,-1.0,5.0,-1.0,0.0,1.0,6,-1,8,-1,3,4,0.0,0.0,0.0,0.0,0.0,0.0,0.0,0.0,0.0,0.0,0.0,0.0,0.0,0.0,0.0,1.0,1.0,1.0,1.0,0.0,1.0,1.0,1.0,1.0,1.0,1.0,1.0,1.0,2,1.0,15.0,15.0,149.5,165.5,3.2,3.2,9.0,10.0,,56.0,56.0,56.0,56.0,56.0,0.0,= 2*28,= 2*28,= 2*28,,Assumes +1 AB from War Cry (advantage).
Galeb Duhr,5195002-galeb-duhr,MM (2024),127.0,https://www.dndbeyond.com/monsters/5195002-galeb-duhr,Elemental,Medium,generic,N,6.0,3,2000.0,5.0,2.0,5.0,0.0,1.0,0.0,5,2,5,0,1,0,0.0,1.0,0.0,1.0,1.0,0.0,0.0,0.0,1.0,1.0,1.0,0.0,0.0,0.0,0.0,1.0,1.0,1.0,1.0,1.0,1.0,1.0,1.0,1.0,0.0,1.0,1.0,1.0,2,1.0,16.0,16.0,123.5,123.5,2.2,2.2,8.0,8.0,,39.0,39.0,38.0,43.0,36.0,0.0,= 2*19,= 19 + 2*12,= 3*12,,
Gallows Speaker,6491355-gallows-speaker,RTHW,248.0,https://www.dndbeyond.com/monsters/6491355-gallows-speaker,Undead,Huge,generic,N,6.0,3,2000.0,-1.0,3.0,1.0,0.0,1.0,4.0,-1,3,1,0,1,4,0.0,1.0,0.0,1.0,1.0,1.0,0.0,0.0,1.0,1.0,1.0,1.0,1.0,0.0,0.0,0.5,0.5,0.5,1.0,1.0,1.0,1.0,1.0,0.0,0.0,1.0,1.0,0.5,3,1.5,13.0,15.0,75.0,112.5,1.3,1.3,6.0,6.0,15.0,42.0,56.0,42.0,42.0,42.0,42.0,= 2*21,= 2*21,= 2*21,= 3*2*7,Assumes +2 AC from flying. Assumes +14 DPR from Aura of Violence.
Gargoyle,5195003-gargoyle,MM (2024),128.0,https://www.dndbeyond.com/monsters/5195003-gargoyle,Elemental,Medium,generic,N,2.0,2,300.0,2.0,0.0,3.0,-2.0,0.0,-2.0,2,0,3,-2,0,-2,0.0,0.0,0.0,1.0,0.0,0.0,0.0,0.0,0.0,1.0,1.0,0.0,0.0,0.0,0.0,1.0,1.0,1.0,1.0,1.0,1.0,1.0,1.0,1.0,0.0,1.0,1.0,1.0,2,1.0,15.0,19.0,67.5,67.5,0.2,0.2,4.0,4.0,,14.0,14.0,14.0,14.0,14.0,0.0,= 2*7,= 2*7,= 2*7,,Assumes +4 AC from flying with Flyby.
Gas Spore Fungus,5195004-gas-spore-fungus,MM (2024),125.0,https://www.dndbeyond.com/monsters/5195004-gas-spore-fungus,Plant,Large,generic,N,0.5,2,75.0,-3.0,-5.0,-4.0,-5.0,-5.0,-5.0,-3,-5,-4,-5,-5,-5,1.0,1.0,1.0,0.0,1.0,0.0,0.0,0.0,1.0,0.0,1.0,1.0,0.0,0.0,0.0,1.0,1.0,1.0,1.0,1.0,1.0,1.0,1.0,1.0,0.0,1.0,1.0,1.0,-5,1.0,8.0,9.0,13.5,13.5,-4.5,-4.5,0.0,0.0,10.0,3.5,10.5,3.5,3.5,3.5,21.0,= 3.5,= 3.5,= 3.5,= 2*10.5,Assumes +1 AC from Tendril (poisoned).
Gelatinous Cube,5195005-gelatinous-cube,MM (2024),129.0,https://www.dndbeyond.com/monsters/5195005-gelatinous-cube,Ooze,Large,generic,N,2.0,2,300.0,2.0,-4.0,5.0,-5.0,-2.0,-5.0,2,-4,5,-5,-2,-5,1.0,1.0,1.0,1.0,1.0,0.0,0.0,0.0,0.0,0.0,0.0,1.0,0.0,0.0,0.0,1.0,1.0,1.0,0.0,1.0,1.0,1.0,1.0,1.0,1.0,1.0,1.0,1.0,-4,1.0,6.0,6.0,63.0,63.0,-1.5,-1.5,4.0,4.0,12.0,29.333334,29.333334,21.0,33.5,33.5,0.0,= 2*10.5,= 12.5 + 2*10.5,= 12.5 + 2*10.5,,
Gennifer Weathermay-Foxgrove,6491356-gennifer-weathermay-foxgrove,RTHW,278.0,https://www.dndbeyond.com/monsters/6491356-gennifer-weathermay-foxgrove,Humanoid,Medium,unique,N,3.0,2,600.0,0.0,2.0,1.0,2.0,3.0,0.0,0,2,1,2,3,0,0.0,0.0,0.0,0.0,0.0,0.0,0.0,0.0,0.0,0.0,0.0,0.0,0.0,0.0,0.0,1.0,1.0,1.0,1.0,1.0,1.0,1.0,1.0,1.0,1.0,1.0,1.0,1.0,2,1.0,14.0,14.0,44.0,70.0,1.3,1.3,5.0,5.0,13.0,30.666666,30.666666,36.0,28.0,28.0,0.0,= 2*18,= 2*14,= 2*14,,"Assumes +16 HP from Occult Aid (Healing Word), +10 HP from Esoteric Ward (Stunned)."
Ghallanda Troubleshooter,5976752-ghallanda-troubleshooter,EFotA,80.0,https://www.dndbeyond.com/monsters/5976752-ghallanda-troubleshooter,Humanoid,Small,generic,N,3.0,2,600.0,0.0,3.0,3.0,1.0,2.0,3.0,0,5,5,1,4,5,0.0,0.0,0.0,0.0,1.0,0.0,0.0,0.0,0.0,0.0,0.0,0.0,0.0,0.0,0.0,1.0,1.0,1.0,1.0,1.0,1.0,1.0,1.0,1.0,1.0,1.0,1.0,1.0,3,1.0,14.0,18.0,78.0,78.0,3.3,7.3,5.0,7.0,,11.0,11.0,11.0,11.0,11.0,0.0,= 2*5.5,= 2*5.5,= 2*5.5,,Assumes +4 AC from Nimble Escape (invisible). Assumes +4 SB from Nimble Escape (invisible). Assumes +2 AB from Nimble Escape (invisible).
Ghast,5195007-ghast,MM (2024),130.0,https://www.dndbeyond.com/monsters/5195007-ghast,Undead,Medium,generic,N,2.0,2,300.0,3.0,3.0,0.0,0.0,0.0,-1.0,3,3,0,0,2,-1,0.0,1.0,0.0,1.0,0.0,0.0,0.0,0.0,0.0,0.0,1.0,0.0,0.0,0.0,0.0,1.0,1.0,1.0,1.0,1.0,1.0,1.0,1.0,0.5,0.0,1.0,1.0,1.0,3,1.0,13.0,14.0,36.0,36.0,1.2,1.2,5.0,5.0,10.0,16.5,16.5,16.5,16.5,16.5,0.0,= 16.5,= 16.5,= 16.5,,Assumes +1 AC from Stench (poisoned).
Ghast Gravecaller,5195006-ghast-gravecaller,MM (2024),130.0,https://www.dndbeyond.com/monsters/5195006-ghast-gravecaller,Undead,Medium,generic,N,6.0,3,2000.0,3.0,3.0,2.0,4.0,2.0,-1.0,3,3,5,4,5,-1,0.0,1.0,0.0,1.0,0.0,0.0,0.0,0.0,0.0,0.0,1.0,0.0,0.0,0.0,0.0,1.0,1.0,1.0,1.0,1.0,1.0,1.0,1.0,0.0,0.0,1.0,1.0,1.0,3,1.0,16.0,18.0,97.5,117.0,3.2,3.2,7.0,11.0,,28.0,28.0,28.0,28.0,28.0,0.0,= 15 + 13,= 15 + 13,= 15 + 13,,Assumes +20% HP from Claw (paralyzed). Assumes +2 AC from Stench (poisoned). Assumes +4 AB from Claw (paralyzed).
Ghost,5195008-ghost,MM (2024),131.0,https://www.dndbeyond.com/monsters/5195008-ghost,Undead,Medium,generic,N,4.0,2,1000.0,-2.0,1.0,0.0,0.0,1.0,3.0,-2,1,0,0,1,3,0.0,1.0,0.0,1.0,1.0,1.0,0.0,0.0,1.0,1.0,1.0,1.0,1.0,0.0,0.0,0.5,0.5,0.5,0.5,0.5,0.5,1.0,0.5,0.0,0.0,1.0,1.0,0.5,1,2.0,11.0,11.0,45.0,90.0,0.5,0.5,5.0,5.0,13.0,39.0,39.0,39.0,39.0,39.0,0.0,= 2*19.5,= 2*19.5,= 2*19.5,,
Ghoul,5195009-ghoul,MM (2024),132.0,https://www.dndbeyond.com/monsters/5195009-ghoul,Undead,Medium,generic,N,1.0,2,150.0,1.0,2.0,0.0,-2.0,0.0,-2.0,1,2,0,-2,0,-2,0.0,1.0,0.0,1.0,0.0,0.0,0.0,0.0,0.0,0.0,1.0,0.0,0.0,0.0,0.0,1.0,1.0,1.0,1.0,1.0,1.0,1.0,1.0,1.0,0.0,1.0,1.0,1.0,2,1.0,12.0,12.0,22.5,22.5,-0.2,-0.2,4.0,4.0,,18.0,18.0,18.0,18.0,18.0,0.0,= 2*9,= 2*9,= 2*9,,
Giant Ape,5195010-giant-ape,MM (2024),354.0,https://www.dndbeyond.com/monsters/5195010-giant-ape,Beast,Huge,generic,N,7.0,3,2600.0,6.0,2.0,4.0,-3.0,1.0,-2.0,6,2,4,-3,1,-2,0.0,0.0,0.0,0.0,0.0,0.0,0.0,0.0,0.0,0.0,0.0,0.0,0.0,0.0,0.0,1.0,1.0,1.0,1.0,1.0,1.0,1.0,1.0,1.0,1.0,1.0,1.0,1.0,5,1.0,12.0,12.0,168.0,168.0,1.3,1.3,9.0,9.0,,45.0,45.0,45.0,45.0,45.0,0.0,= 2*22.5,= 2*22.5,= 2*22.5,,
Giant Axe Beak,5195011-giant-axe-beak,MM (2024),24.0,https://www.dndbeyond.com/monsters/5195011-giant-axe-beak,Monstrosity,Huge,generic,N,5.0,3,1400.0,5.0,2.0,4.0,-4.0,1.0,-3.0,5,2,4,-4,1,-3,0.0,0.0,0.0,0.0,0.0,0.0,0.0,0.0,0.0,0.0,0.0,0.0,0.0,0.0,0.0,1.0,1.0,1.0,1.0,1.0,1.0,1.0,1.0,1.0,1.0,1.0,1.0,1.0,5,1.0,15.0,15.0,84.0,84.0,0.8,0.8,8.0,8.0,,38.5,38.5,38.5,38.5,38.5,0.0,= 24.5 + 14,= 24.5 + 14,= 24.5 + 14,,
Giant Badger,4775817-giant-badger,MM (2024),354.0,https://www.dndbeyond.com/monsters/4775817-giant-badger,Beast,Medium,generic,N,0.25,2,37.0,1.0,0.0,3.0,-4.0,1.0,-3.0,1,0,3,-4,1,-3,0.0,0.0,0.0,0.0,0.0,0.0,0.0,0.0,0.0,0.0,0.0,0.0,0.0,0.0,0.0,1.0,1.0,1.0,1.0,1.0,1.0,1.0,1.0,1.0,0.5,1.0,1.0,1.0,0,1.0,13.0,13.0,15.0,15.0,-0.3,-0.3,3.0,3.0,,6.0,6.0,6.0,6.0,6.0,0.0,= 6,= 6,= 6,,
Giant Bat,5195012-giant-bat,MM (2024),355.0,https://www.dndbeyond.com/monsters/5195012-giant-bat,Beast,Large,generic,N,0.25,2,37.0,2.0,3.0,0.0,-4.0,1.0,-2.0,2,3,0,-4,1,-2,0.0,0.0,0.0,0.0,0.0,0.0,0.0,0.0,0.0,0.0,0.0,0.0,0.0,0.0,0.0,1.0,1.0,1.0,1.0,1.0,1.0,1.0,1.0,1.0,1.0,1.0,1.0,1.0,3,1.0,13.0,13.0,22.0,22.0,0.0,0.0,5.0,5.0,,6.5,6.5,6.5,6.5,6.5,0.0,= 6.5,= 6.5,= 6.5,,
Giant Boar,5195013-giant-boar,MM (2024),355.0,https://www.dndbeyond.com/monsters/5195013-giant-boar,Beast,Large,generic,N,2.0,2,300.0,3.0,0.0,3.0,-4.0,-2.0,-3.0,5,0,3,-4,-2,-3,0.0,0.0,0.0,0.0,0.0,0.0,0.0,0.0,0.0,0.0,0.0,0.0,0.0,0.0,0.0,1.0,1.0,1.0,1.0,1.0,1.0,1.0,1.0,1.0,1.0,1.0,1.0,1.0,0,1.0,13.0,13.0,42.5,42.5,-0.2,-0.2,5.0,7.0,,12.333333,12.333333,17.0,10.0,10.0,0.0,= 17,= 10,= 10,,Assumes +2 AB from Bloodied Fury.
Giant Centipede,5195014-giant-centipede,MM (2024),355.0,https://www.dndbeyond.com/monsters/5195014-giant-centipede,Beast,Small,generic,N,0.25,2,37.0,-3.0,2.0,1.0,-5.0,-2.0,-4.0,-3,2,1,-5,-2,-4,0.0,0.0,0.0,0.0,0.0,0.0,0.0,0.0,0.0,0.0,0.0,0.0,0.0,0.0,0.0,1.0,1.0,1.0,1.0,1.0,1.0,1.0,1.0,1.0,1.0,1.0,1.0,1.0,2,1.0,14.0,15.0,9.0,9.0,-1.8,-1.8,4.0,4.0,,4.5,4.5,4.5,4.5,4.5,0.0,= 4.5,= 4.5,= 4.5,,Assumes +1 AC from Bite (poisoned).
Giant Constrictor Snake,5195015-giant-constrictor-snake,MM (2024),355.0,https://www.dndbeyond.com/monsters/5195015-giant-constrictor-snake,Beast,Huge,generic,N,2.0,2,300.0,4.0,2.0,1.0,-5.0,0.0,-4.0,4,2,1,-5,0,-4,0.0,0.0,0.0,0.0,0.0,0.0,0.0,0.0,0.0,0.0,0.0,0.0,0.0,0.0,0.0,1.0,1.0,1.0,1.0,1.0,1.0,1.0,1.0,1.0,1.0,1.0,1.0,1.0,2,1.0,12.0,12.0,60.0,60.0,-0.3,-0.3,6.0,6.0,14.0,24.0,24.0,24.0,24.0,24.0,0.0,= 11 + 13,= 11 + 13,= 11 + 13,,
Giant Crab,4775818-giant-crab,MM (2024),356.0,https://www.dndbeyond.com/monsters/4775818-giant-crab,Beast,Medium,generic,N,0.125,2,19.0,1.0,1.0,0.0,-5.0,-1.0,-4.0,1,1,0,-5,-1,-4,0.0,0.0,0.0,0.0,0.0,0.0,0.0,0.0,0.0,0.0,0.0,0.0,0.0,0.0,0.0,1.0,1.0,1.0,1.0,1.0,1.0,1.0,1.0,1.0,1.0,1.0,1.0,1.0,1,1.0,15.0,15.0,13.5,13.5,-1.3,-1.3,3.0,3.0,,4.5,4.5,4.5,4.5,4.5,0.0,= 4.5,= 4.5,= 4.5,,
Giant Crocodile,5195016-giant-crocodile,MM (2024),356.0,https://www.dndbeyond.com/monsters/5195016-giant-crocodile,Beast,Huge,generic,N,5.0,3,1400.0,5.0,-1.0,3.0,-4.0,0.0,-2.0,5,-1,3,-4,0,-2,0.0,0.0,0.0,0.0,0.0,0.0,0.0,0.0,0.0,0.0,0.0,0.0,0.0,0.0,0.0,1.0,1.0,1.0,1.0,1.0,1.0,1.0,1.0,1.0,1.0,1.0,1.0,1.0,-1,1.0,14.0,15.0,85.5,85.5,0.2,0.2,8.0,9.0,,40.0,40.0,40.0,40.0,40.0,0.0,= 21.5 + 18.5,= 21.5 + 18.5,= 21.5 + 18.5,,Assumes +1 AC from Bite (restrained). Assumes +1 AB from Bite (restrained).
Giant Eagle,5195017-giant-eagle,MM (2024),356.0,https://www.dndbeyond.com/monsters/5195017-giant-eagle,Celestial,Large,generic,N,1.0,2,150.0,3.0,3.0,1.0,-1.0,2.0,0.0,3,3,1,-1,2,0,0.0,0.0,0.0,0.0,0.0,0.0,0.0,0.0,0.0,0.0,0.0,0.0,0.0,0.0,0.0,1.0,1.0,1.0,1.0,1.0,1.0,1.0,1.0,0.5,1.0,1.0,0.5,1.0,3,1.0,13.0,13.0,26.0,26.0,1.3,1.3,5.0,5.0,,18.0,18.0,18.0,18.0,18.0,0.0,= 2*9,= 2*9,= 2*9,,
Giant Elk,5195018-giant-elk,MM (2024),356.0,https://www.dndbeyond.com/monsters/5195018-giant-elk,Celestial,Huge,generic,N,2.0,2,300.0,4.0,4.0,2.0,-2.0,2.0,0.0,6,6,2,-2,2,0,0.0,0.0,0.0,0.0,0.0,0.0,0.0,0.0,0.0,0.0,0.0,0.0,0.0,0.0,0.0,1.0,1.0,1.0,1.0,1.0,1.0,1.0,1.0,0.5,1.0,1.0,0.5,1.0,6,1.0,14.0,14.0,42.5,42.5,2.3,2.3,6.0,6.0,,17.666666,17.666666,21.0,16.0,16.0,0.0,= 21,= 16,= 16,,
Giant Fire Beetle,5195019-giant-fire-beetle,MM (2024),357.0,https://www.dndbeyond.com/monsters/5195019-giant-fire-beetle,Beast,Small,generic,N,0.0,2,7.0,-1.0,0.0,1.0,-5.0,-2.0,-4.0,-1,0,1,-5,-2,-4,0.0,0.0,0.0,0.0,0.0,0.0,0.0,0.0,0.0,0.0,0.0,0.0,0.0,0.0,0.0,1.0,1.0,1.0,1.0,1.0,0.5,1.0,1.0,1.0,1.0,1.0,1.0,1.0,0,1.0,13.0,13.0,4.5,4.5,-1.8,-1.8,1.0,1.0,,1.0,1.0,1.0,1.0,1.0,0.0,= 1,= 1,= 1,,
Giant Frog,5195020-giant-frog,MM (2024),357.0,https://www.dndbeyond.com/monsters/5195020-giant-frog,Beast,Medium,generic,N,0.25,2,37.0,1.0,1.0,0.0,-4.0,0.0,-4.0,1,1,0,-4,0,-4,0.0,0.0,0.0,0.0,0.0,0.0,0.0,0.0,0.0,0.0,0.0,0.0,0.0,0.0,0.0,1.0,1.0,1.0,1.0,1.0,1.0,1.0,1.0,1.0,1.0,1.0,1.0,1.0,1,1.0,11.0,11.0,18.0,18.0,-1.0,-1.0,3.0,3.0,,5.5,5.5,5.5,5.5,5.5,0.0,= 5.5,= 5.5,= 5.5,,
Giant Goat,4775819-giant-goat,MM (2024),357.0,https://www.dndbeyond.com/monsters/4775819-giant-goat,Beast,Large,generic,N,0.5,2,75.0,3.0,1.0,1.0,-4.0,1.0,-2.0,5,1,1,-4,1,-2,0.0,0.0,0.0,0.0,0.0,0.0,0.0,0.0,0.0,0.0,0.0,0.0,0.0,0.0,0.0,1.0,1.0,1.0,1.0,1.0,1.0,1.0,1.0,1.0,1.0,1.0,1.0,1.0,1,1.0,11.0,11.0,19.5,19.5,0.3,0.3,5.0,5.0,,8.166667,8.166667,11.5,6.5,6.5,0.0,= 11.5,= 6.5,= 6.5,,
Giant Hyena,5195021-giant-hyena,MM (2024),357.0,https://www.dndbeyond.com/monsters/5195021-giant-hyena,Beast,Large,generic,N,1.0,2,150.0,3.0,2.0,2.0,-4.0,1.0,-2.0,3,2,2,-4,1,-2,0.0,0.0,0.0,0.0,0.0,0.0,0.0,0.0,0.0,0.0,0.0,0.0,0.0,0.0,0.0,1.0,1.0,1.0,1.0,1.0,1.0,1.0,1.0,1.0,1.0,1.0,1.0,1.0,2,1.0,12.0,12.0,45.0,45.0,0.3,0.3,5.0,5.0,,10.0,13.333333,10.0,10.0,10.0,10.0,= 10,= 10,= 10,= 10,
Giant Lizard,5195022-giant-lizard,MM (2024),358.0,https://www.dndbeyond.com/monsters/5195022-giant-lizard,Beast,Large,generic,N,0.25,2,37.0,2.0,1.0,1.0,-4.0,0.0,-3.0,2,3,1,-4,0,-3,0.0,0.0,0.0,0.0,0.0,0.0,0.0,0.0,0.0,0.0,0.0,0.0,0.0,0.0,0.0,1.0,1.0,1.0,1.0,1.0,1.0,1.0,1.0,1.0,1.0,1.0,1.0,1.0,1,1.0,12.0,12.0,19.5,19.5,-0.2,-0.2,4.0,4.0,,6.5,6.5,6.5,6.5,6.5,0.0,= 6.5,= 6.5,= 6.5,,
Giant Octopus,5195023-giant-octopus,MM (2024),358.0,https://www.dndbeyond.com/monsters/5195023-giant-octopus,Beast,Large,generic,N,1.0,2,150.0,3.0,1.0,1.0,-3.0,0.0,-3.0,3,1,1,-3,0,-3,0.0,0.0,0.0,0.0,0.0,0.0,0.0,0.0,0.0,0.0,0.0,0.0,0.0,0.0,0.0,1.0,1.0,1.0,1.0,1.0,1.0,1.0,1.0,1.0,1.0,1.0,1.0,1.0,1,1.0,11.0,11.0,45.5,45.5,-0.2,-0.2,5.0,7.0,,10.0,10.0,10.0,10.0,10.0,0.0,= 10,= 10,= 10,,Assumes +2 AB from Tentacles (restrained).
Giant Owl,5195024-giant-owl,MM (2024),358.0,https://www.dndbeyond.com/monsters/5195024-giant-owl,Celestial,Large,generic,N,0.25,2,37.0,1.0,2.0,1.0,0.0,2.0,0.0,1,2,1,0,4,0,0.0,0.0,0.0,0.0,0.0,0.0,0.0,0.0,0.0,0.0,0.0,0.0,0.0,0.0,0.0,1.0,1.0,1.0,1.0,1.0,1.0,1.0,1.0,0.5,1.0,1.0,0.5,1.0,2,1.0,12.0,16.0,19.5,19.5,1.3,1.3,4.0,4.0,,7.5,7.5,7.5,7.5,7.5,0.0,= 7.5,= 7.5,= 7.5,,Assumes +4 AC from flying with Flyby.
Giant Rat,5195025-giant-rat,MM (2024),358.0,https://www.dndbeyond.com/monsters/5195025-giant-rat,Beast,Small,generic,N,0.125,2,19.0,-2.0,3.0,0.0,-4.0,0.0,-3.0,-2,5,0,-4,0,-3,0.0,0.0,0.0,0.0,0.0,0.0,0.0,0.0,0.0,0.0,0.0,0.0,0.0,0.0,0.0,1.0,1.0,1.0,1.0,1.0,1.0,1.0,1.0,1.0,1.0,1.0,1.0,1.0,3,1.0,13.0,13.0,7.0,7.0,-0.7,-0.7,5.0,6.0,,5.5,5.5,5.5,5.5,5.5,0.0,= 5.5,= 5.5,= 5.5,,
Giant Scorpion,5195026-giant-scorpion,MM (2024),359.0,https://www.dndbeyond.com/monsters/5195026-giant-scorpion,Beast,Large,generic,N,3.0,2,600.0,3.0,1.0,2.0,-5.0,-1.0,-4.0,3,1,2,-5,-1,-4,0.0,0.0,0.0,0.0,0.0,0.0,0.0,0.0,0.0,0.0,0.0,0.0,0.0,0.0,0.0,1.0,1.0,1.0,1.0,1.0,1.0,1.0,1.0,1.0,1.0,1.0,1.0,1.0,1,1.0,15.0,15.0,52.5,52.5,-0.7,-0.7,5.0,5.0,,31.5,31.5,31.5,31.5,31.5,0.0,= 2*6.5 + 18.5,= 2*6.5 + 18.5,= 2*6.5 + 18.5,,
Giant Seahorse,4775820-giant-seahorse,MM (2024),359.0,https://www.dndbeyond.com/monsters/4775820-giant-seahorse,Beast,Large,generic,N,0.5,2,75.0,2.0,1.0,0.0,-4.0,1.0,-3.0,2,1,0,-4,1,-3,0.0,0.0,0.0,0.0,0.0,0.0,0.0,0.0,0.0,0.0,0.0,0.0,0.0,0.0,0.0,1.0,1.0,1.0,1.0,1.0,1.0,1.0,1.0,1.0,1.0,1.0,1.0,1.0,1,1.0,14.0,14.0,16.5,16.5,-0.5,-0.5,4.0,4.0,,11.0,11.0,11.0,11.0,11.0,0.0,= 11,= 11,= 11,,
Giant Shark,5195027-giant-shark,MM (2024),359.0,https://www.dndbeyond.com/monsters/5195027-giant-shark,Beast,Huge,generic,N,5.0,3,1400.0,6.0,0.0,5.0,-5.0,0.0,-3.0,6,0,5,-5,0,-3,0.0,0.0,0.0,0.0,0.0,0.0,0.0,0.0,0.0,0.0,0.0,0.0,0.0,0.0,0.0,1.0,1.0,1.0,1.0,1.0,1.0,1.0,1.0,1.0,1.0,1.0,1.0,1.0,3,1.0,13.0,13.0,92.0,92.0,0.5,0.5,9.0,12.0,,45.0,45.0,45.0,45.0,45.0,0.0,= 2*22.5,= 2*22.5,= 2*22.5,,Assumes +3 AB from Bite (advantage).
Giant Spider,4775821-giant-spider,MM (2024),359.0,https://www.dndbeyond.com/monsters/4775821-giant-spider,Beast,Large,generic,N,1.0,2,150.0,2.0,3.0,1.0,-4.0,0.0,-3.0,2,3,1,-4,0,-3,0.0,0.0,0.0,0.0,0.0,0.0,0.0,0.0,0.0,0.0,0.0,0.0,0.0,0.0,0.0,1.0,1.0,1.0,1.0,1.0,1.0,1.0,1.0,1.0,1.0,1.0,1.0,1.0,3,1.0,14.0,14.0,26.0,26.0,-0.2,-0.2,5.0,5.0,,14.5,14.5,14.5,14.5,14.5,0.0,= 14.5,= 14.5,= 14.5,,
Giant Squid,5195028-giant-squid,MM (2024),360.0,https://www.dndbeyond.com/monsters/5195028-giant-squid,Beast,Huge,generic,N,6.0,3,2000.0,6.0,2.0,1.0,-3.0,0.0,-3.0,9,5,1,-3,0,-3,0.0,0.0,0.0,0.0,0.0,0.0,0.0,0.0,0.0,0.0,0.0,0.0,0.0,0.0,0.0,1.0,1.0,1.0,1.0,1.0,1.0,1.0,1.0,1.0,1.0,1.0,1.0,1.0,2,1.0,12.0,13.0,120.0,120.0,1.5,2.5,9.0,9.0,,47.5,47.5,47.5,47.5,47.5,0.0,= 28 + 19.5,= 28 + 19.5,= 28 + 19.5,,Assumes +1 AC from Ink Cloud. Assumes +1 SB from Ink Cloud.
Giant Toad,5195029-giant-toad,MM (2024),360.0,https://www.dndbeyond.com/monsters/5195029-giant-toad,Beast,Large,generic,N,1.0,2,150.0,2.0,1.0,1.0,-4.0,0.0,-4.0,2,1,1,-4,0,-4,0.0,0.0,0.0,0.0,0.0,0.0,0.0,0.0,0.0,0.0,0.0,0.0,0.0,0.0,0.0,1.0,1.0,1.0,1.0,1.0,1.0,1.0,1.0,1.0,1.0,1.0,1.0,1.0,1,1.0,11.0,11.0,39.0,39.0,-0.7,-0.7,4.0,4.0,,10.5,10.5,10.5,10.5,10.5,0.0,= 10.5,= 10.5,= 10.5,,
Giant Venomous Snake,5195030-giant-venomous-snake,MM (2024),361.0,https://www.dndbeyond.com/monsters/5195030-giant-venomous-snake,Beast,Medium,generic,N,0.25,2,37.0,0.0,4.0,1.0,-4.0,0.0,-4.0,0,4,1,-4,0,-4,0.0,0.0,0.0,0.0,0.0,0.0,0.0,0.0,0.0,0.0,0.0,0.0,0.0,0.0,0.0,1.0,1.0,1.0,1.0,1.0,1.0,1.0,1.0,1.0,1.0,1.0,1.0,1.0,4,1.0,14.0,14.0,11.0,11.0,-0.5,-0.5,6.0,6.0,,11.0,11.0,11.0,11.0,11.0,0.0,= 11,= 11,= 11,,
Giant Vulture,5195031-giant-vulture,MM (2024),361.0,https://www.dndbeyond.com/monsters/5195031-giant-vulture,Monstrosity,Large,generic,N,1.0,2,150.0,2.0,0.0,3.0,-2.0,1.0,-2.0,2,0,3,-2,1,-2,0.0,0.0,0.0,0.0,0.0,0.0,0.0,0.0,0.0,0.0,0.0,0.0,0.0,0.0,0.0,1.0,1.0,1.0,1.0,1.0,1.0,1.0,1.0,0.5,1.0,1.0,1.0,1.0,0,1.0,10.0,11.0,25.5,25.5,0.3,0.3,4.0,5.0,,9.0,9.0,9.0,9.0,9.0,0.0,= 9,= 9,= 9,,Assumes +1 AC from Gouge (poisoned).
Giant Wasp,5195032-giant-wasp,MM (2024),361.0,https://www.dndbeyond.com/monsters/5195032-giant-wasp,Beast,Medium,generic,N,0.5,2,75.0,0.0,2.0,0.0,-5.0,0.0,-4.0,0,2,0,-5,0,-4,0.0,0.0,0.0,0.0,0.0,0.0,0.0,0.0,0.0,0.0,0.0,0.0,0.0,0.0,0.0,1.0,1.0,1.0,1.0,1.0,1.0,1.0,1.0,1.0,1.0,1.0,1.0,1.0,2,1.0,13.0,17.0,22.5,22.5,-1.2,-1.2,4.0,4.0,,10.5,10.5,10.5,10.5,10.5,0.0,= 10.5,= 10.5,= 10.5,,Assumes +4 AC from flying with Flyby.
Giant Weasel,4775822-giant-weasel,MM (2024),361.0,https://www.dndbeyond.com/monsters/4775822-giant-weasel,Beast,Medium,generic,N,0.125,2,19.0,0.0,3.0,0.0,-3.0,1.0,-3.0,0,3,0,-3,1,-3,0.0,0.0,0.0,0.0,0.0,0.0,0.0,0.0,0.0,0.0,0.0,0.0,0.0,0.0,0.0,1.0,1.0,1.0,1.0,1.0,1.0,1.0,1.0,1.0,1.0,1.0,1.0,1.0,3,1.0,13.0,13.0,9.0,9.0,-0.3,-0.3,5.0,5.0,,5.5,5.5,5.5,5.5,5.5,0.0,= 5.5,= 5.5,= 5.5,,
Giant Wolf Spider,5195033-giant-wolf-spider,MM (2024),362.0,https://www.dndbeyond.com/monsters/5195033-giant-wolf-spider,Beast,Medium,generic,N,0.25,2,37.0,1.0,3.0,1.0,-4.0,1.0,-3.0,1,3,1,-4,1,-3,0.0,0.0,0.0,0.0,0.0,0.0,0.0,0.0,0.0,0.0,0.0,0.0,0.0,0.0,0.0,1.0,1.0,1.0,1.0,1.0,1.0,1.0,1.0,1.0,1.0,1.0,1.0,1.0,3,1.0,13.0,13.0,11.0,11.0,-0.2,-0.2,5.0,5.0,,10.5,10.5,10.5,10.5,10.5,0.0,= 10.5,= 10.5,= 10.5,,
Gibbering Mouther,5195034-gibbering-mouther,MM (2024),133.0,https://www.dndbeyond.com/monsters/5195034-gibbering-mouther,Aberration,Medium,generic,N,2.0,2,300.0,0.0,-1.0,3.0,-4.0,0.0,-2.0,0,-1,3,-4,0,-2,0.0,0.0,0.0,0.0,0.0,0.0,0.0,0.0,0.0,0.0,0.0,1.0,0.0,0.0,0.0,1.0,1.0,1.0,1.0,1.0,1.0,1.0,1.0,1.0,1.0,1.0,1.0,1.0,-1,1.0,9.0,9.0,52.5,73.5,-0.7,-0.7,2.0,2.0,10.0,7.0,7.0,7.0,7.0,7.0,0.0,= 7,= 7,= 7,,Assumes +40% HP from Gibbering.
Githyanki Dracomancer,5195035-githyanki-dracomancer,MM (2024),135.0,https://www.dndbeyond.com/monsters/5195035-githyanki-dracomancer,Aberration,Medium,generic,N,16.0,5,15000.0,0.0,3.0,4.0,5.0,3.0,4.0,0,8,9,10,8,4,0.0,0.0,0.0,0.0,0.0,0.0,0.0,0.0,0.0,0.0,0.0,0.0,0.0,0.0,0.0,1.0,1.0,1.0,1.0,1.0,1.0,1.0,1.0,1.0,1.0,1.0,1.0,1.0,8,1.0,18.0,18.0,255.0,255.0,6.5,6.5,10.0,10.0,18.0,113.0,113.0,162.0,88.5,88.5,0.0,= 3*54,= 3*29.5,= 3*29.5,,
Githyanki Knight,5195036-githyanki-knight,MM (2024),135.0,https://www.dndbeyond.com/monsters/5195036-githyanki-knight,Aberration,Medium,generic,N,8.0,3,3500.0,3.0,2.0,2.0,2.0,2.0,2.0,3,2,5,5,5,2,0.0,0.0,0.0,0.0,0.0,0.0,0.0,0.0,0.0,0.0,0.0,0.0,0.0,0.0,0.0,1.0,1.0,1.0,1.0,1.0,1.0,1.0,1.0,1.0,1.0,1.0,1.0,1.0,5,1.0,18.0,18.0,117.0,117.0,3.7,3.7,6.0,6.0,,72.0,72.0,72.0,72.0,72.0,0.0,= 3*24,= 3*24,= 3*24,,
Githyanki Warrior,5195037-githyanki-warrior,MM (2024),134.0,https://www.dndbeyond.com/monsters/5195037-githyanki-warrior,Aberration,Medium,generic,N,3.0,2,600.0,2.0,2.0,1.0,1.0,1.0,0.0,2,2,3,3,3,0,0.0,0.0,0.0,0.0,0.0,0.0,0.0,0.0,0.0,0.0,0.0,0.0,0.0,0.0,0.0,1.0,1.0,1.0,1.0,1.0,1.0,1.0,1.0,1.0,1.0,1.0,1.0,1.0,4,1.0,17.0,17.0,49.5,49.5,2.2,2.2,4.0,4.0,,32.0,32.0,32.0,32.0,32.0,0.0,= 2*16,= 2*16,= 2*16,,
Githzerai Monk,5195038-githzerai-monk,MM (2024),136.0,https://www.dndbeyond.com/monsters/5195038-githzerai-monk,Aberration,Medium,generic,N,2.0,2,300.0,1.0,2.0,1.0,1.0,2.0,0.0,3,4,1,3,4,0,0.0,0.0,0.0,0.0,0.0,0.0,0.0,0.0,0.0,0.0,0.0,0.0,0.0,0.0,0.0,1.0,1.0,1.0,1.0,1.0,1.0,1.0,1.0,1.0,1.0,1.0,1.0,1.0,4,1.0,14.0,17.0,38.5,38.5,2.5,2.5,4.0,4.0,,31.0,31.0,31.0,31.0,31.0,0.0,= 2*15.5,= 2*15.5,= 2*15.5,,Assumes +3 AC from Psionic Defense (Shield).
Githzerai Psion,5195039-githzerai-psion,MM (2024),137.0,https://www.dndbeyond.com/monsters/5195039-githzerai-psion,Aberration,Medium,generic,N,12.0,4,8200.0,1.0,4.0,2.0,4.0,4.0,2.0,5,8,2,8,8,2,0.0,0.0,0.0,0.0,0.0,0.0,0.0,0.0,0.0,0.0,0.0,0.0,0.0,0.0,0.0,1.0,1.0,1.0,1.0,1.0,1.0,1.0,1.0,1.0,1.0,1.0,1.0,1.0,8,1.0,18.0,23.0,169.0,169.0,5.5,5.5,8.0,11.0,,78.0,78.0,78.0,78.0,78.0,0.0,= 3*26,= 3*26,= 3*26,,Assumes +3 AB from Psychic Warp (prone).
Githzerai Zerth,5195040-githzerai-zerth,MM (2024),137.0,https://www.dndbeyond.com/monsters/5195040-githzerai-zerth,Aberration,Medium,generic,N,6.0,3,2000.0,1.0,4.0,2.0,3.0,3.0,1.0,4,7,2,6,6,1,0.0,0.0,0.0,0.0,0.0,0.0,0.0,0.0,0.0,0.0,0.0,0.0,0.0,0.0,0.0,1.0,1.0,1.0,1.0,1.0,1.0,1.0,1.0,1.0,1.0,1.0,1.0,1.0,7,1.0,17.0,20.0,84.5,84.5,4.3,4.3,7.0,7.0,14.0,54.666668,54.666668,66.0,49.0,49.0,0.0,= 2*33,= 2*24.5,= 2*24.5,,Assumes +3 AC from Psionic Defense (Shield).
Glabrezu,5195041-glabrezu,MM (2024),138.0,https://www.dndbeyond.com/monsters/5195041-glabrezu,Fiend,Large,generic,N,9.0,4,4500.0,5.0,2.0,5.0,4.0,3.0,3.0,9,2,9,4,7,7,0.0,0.0,0.0,0.0,0.0,0.0,0.0,0.0,0.0,0.0,1.0,0.0,0.0,0.0,0.0,1.0,1.0,1.0,1.0,0.5,0.5,1.0,0.5,1.0,0.0,1.0,1.0,1.0,6,1.0,17.0,17.0,189.0,189.0,6.3,10.3,9.0,9.0,17.0,47.5,47.5,47.5,47.5,47.5,0.0,= 2*16 + 15.5,= 2*16 + 15.5,= 2*16 + 15.5,,
Gladiator,5195042-gladiator,MM (2024),139.0,https://www.dndbeyond.com/monsters/5195042-gladiator,Humanoid,Medium,generic,N,5.0,3,1400.0,4.0,2.0,3.0,0.0,1.0,2.0,7,5,6,0,4,2,0.0,0.0,0.0,0.0,0.0,0.0,0.0,0.0,0.0,0.0,0.0,0.0,0.0,0.0,0.0,1.0,1.0,1.0,1.0,1.0,1.0,1.0,1.0,1.0,1.0,1.0,1.0,1.0,5,1.0,16.0,18.0,112.5,112.5,4.0,4.0,7.0,9.0,15.0,31.0,31.0,31.0,31.0,31.0,0.0,= 9 + 2*11,= 9 + 2*11,= 9 + 2*11,,Assumes +2 AC from Parry. Assumes +2 AB from Shield Bash (prone).
Gnoll Demoniac,5195043-gnoll-demoniac,MM (2024),141.0,https://www.dndbeyond.com/monsters/5195043-gnoll-demoniac,Fiend,Medium,generic,N,8.0,3,3500.0,3.0,1.0,3.0,2.0,2.0,3.0,6,1,6,2,5,6,0.0,0.0,0.0,0.0,0.0,0.0,0.0,0.0,0.0,0.0,0.0,0.0,0.0,0.0,0.0,1.0,1.0,1.0,1.0,1.0,1.0,1.0,1.0,1.0,1.0,1.0,1.0,1.0,4,1.0,16.0,16.0,135.0,155.0,4.3,4.3,6.0,6.0,,59.666668,59.666668,56.0,61.5,61.5,0.0,= 2*28,= 2*20.5 + 20.5,= 2*20.5 + 20.5,,Assumes +2*10 HP from Hunger of Yeenoghu.
Gnoll Fang of Yeenoghu,5195044-gnoll-fang-of-yeenoghu,MM (2024),141.0,https://www.dndbeyond.com/monsters/5195044-gnoll-fang-of-yeenoghu,Fiend,Medium,generic,N,4.0,2,1000.0,3.0,2.0,2.0,0.0,0.0,1.0,3,2,4,0,2,3,0.0,0.0,0.0,0.0,0.0,0.0,0.0,0.0,0.0,0.0,0.0,0.0,0.0,0.0,0.0,1.0,1.0,1.0,1.0,1.0,1.0,1.0,1.0,1.0,1.0,1.0,1.0,1.0,4,1.0,14.0,15.0,71.5,71.5,2.3,2.3,5.0,5.0,,37.5,37.5,28.5,42.0,42.0,0.0,= 13.5 + 2*7.5,= 13.5 + 2*7.5 + 13.5,= 13.5 + 2*7.5 + 13.5,,Assumes +1 AC from Bite (poisoned).
Gnoll Pack Lord,5195045-gnoll-pack-lord,MM (2024),140.0,https://www.dndbeyond.com/monsters/5195045-gnoll-pack-lord,Fiend,Medium,generic,N,2.0,2,300.0,3.0,2.0,1.0,-1.0,0.0,-1.0,3,2,1,-1,0,-1,0.0,0.0,0.0,0.0,0.0,0.0,0.0,0.0,0.0,0.0,0.0,0.0,0.0,0.0,0.0,1.0,1.0,1.0,1.0,1.0,1.0,1.0,1.0,1.0,1.0,1.0,1.0,1.0,4,1.0,15.0,15.0,49.5,49.5,0.7,0.7,5.0,5.0,,21.333334,21.333334,16.0,24.0,24.0,0.0,= 2*8,= 2*8 + 8,= 2*8 + 8,,
Gnoll Warrior,5195046-gnoll-warrior,MM (2024),140.0,https://www.dndbeyond.com/monsters/5195046-gnoll-warrior,Fiend,Medium,generic,N,0.5,2,75.0,2.0,1.0,0.0,-2.0,0.0,-2.0,2,1,0,-2,0,-2,0.0,0.0,0.0,0.0,0.0,0.0,0.0,0.0,0.0,0.0,0.0,0.0,0.0,0.0,0.0,1.0,1.0,1.0,1.0,1.0,1.0,1.0,1.0,1.0,1.0,1.0,1.0,1.0,1,1.0,15.0,15.0,27.0,27.0,-0.2,-0.2,3.0,3.0,,6.5,8.333333,6.5,6.5,6.5,5.5,= 6.5,= 6.5,= 6.5,= 5.5,
Goat,4775823-goat,MM (2024),362.0,https://www.dndbeyond.com/monsters/4775823-goat,Beast,Medium,generic,N,0.0,2,7.0,0.0,0.0,0.0,-4.0,0.0,-3.0,2,0,0,-4,0,-3,0.0,0.0,0.0,0.0,0.0,0.0,0.0,0.0,0.0,0.0,0.0,0.0,0.0,0.0,0.0,1.0,1.0,1.0,1.0,1.0,1.0,1.0,1.0,1.0,1.0,1.0,1.0,1.0,0,1.0,10.0,10.0,4.5,4.5,-0.8,-0.8,2.0,2.0,,1.5,1.5,2.5,1.0,1.0,0.0,= 2.5,= 1,= 1,,
Goblin Boss,5195047-goblin-boss,MM (2024),143.0,https://www.dndbeyond.com/monsters/5195047-goblin-boss,Fey,Small,generic,N,1.0,2,150.0,0.0,2.0,0.0,0.0,-1.0,0.0,0,2,0,0,-1,0,0.0,0.0,0.0,0.0,0.0,0.0,0.0,0.0,0.0,0.0,0.0,0.0,0.0,0.0,0.0,1.0,1.0,1.0,1.0,1.0,1.0,1.0,1.0,1.0,1.0,1.0,1.0,1.0,2,1.0,17.0,21.0,21.0,21.0,0.2,4.2,4.0,8.0,,16.0,16.0,16.0,16.0,16.0,0.0,= 2*8,= 2*8,= 2*8,,Assumes +4 AC from Nimble Escape. Assumes +4 SB from Nimble Escape. Assumes +4 AB from Nimble Escape.
Goblin Hexer,5195048-goblin-hexer,MM (2024),143.0,https://www.dndbeyond.com/monsters/5195048-goblin-hexer,Fey,Small,generic,N,3.0,2,600.0,-1.0,3.0,1.0,3.0,0.0,0.0,-1,3,1,3,0,0,0.0,0.0,0.0,0.0,0.0,0.0,0.0,0.0,0.0,0.0,0.0,0.0,0.0,0.0,0.0,1.0,1.0,1.0,1.0,1.0,1.0,1.0,1.0,1.0,1.0,1.0,1.0,1.0,3,1.0,13.0,16.0,45.0,45.0,1.0,1.0,5.0,5.0,13.0,24.0,24.0,24.0,24.0,24.0,0.0,= 2*12,= 2*12,= 2*12,,Assumes +3 AC from Jinx.
Goblin Minion,5195049-goblin-minion,MM (2024),142.0,https://www.dndbeyond.com/monsters/5195049-goblin-minion,Fey,Small,generic,N,0.125,2,19.0,-1.0,2.0,0.0,0.0,-1.0,-1.0,-1,2,0,0,-1,-1,0.0,0.0,0.0,0.0,0.0,0.0,0.0,0.0,0.0,0.0,0.0,0.0,0.0,0.0,0.0,1.0,1.0,1.0,1.0,1.0,1.0,1.0,1.0,1.0,1.0,1.0,1.0,1.0,2,1.0,12.0,16.0,7.0,7.0,-0.2,3.8,4.0,8.0,,4.5,4.5,4.5,4.5,4.5,0.0,= 4.5,= 4.5,= 4.5,,Assumes +4 AC from Nimble Escape. Assumes +4 SB from Nimble Escape. Assumes +4 AB from Nimble Escape.
Goblin Warrior,5195050-goblin-warrior,MM (2024),142.0,https://www.dndbeyond.com/monsters/5195050-goblin-warrior,Fey,Small,generic,N,0.25,2,37.0,-1.0,2.0,0.0,0.0,-1.0,-1.0,-1,2,0,0,-1,-1,0.0,0.0,0.0,0.0,0.0,0.0,0.0,0.0,0.0,0.0,0.0,0.0,0.0,0.0,0.0,1.0,1.0,1.0,1.0,1.0,1.0,1.0,1.0,1.0,1.0,1.0,1.0,1.0,2,1.0,15.0,19.0,10.5,10.5,-0.2,3.8,4.0,8.0,,8.0,8.0,8.0,8.0,8.0,0.0,= 8,= 8,= 8,,Assumes +4 AC from Nimble Escape. Assumes +4 SB from Nimble Escape. Assumes +4 AB from Nimble Escape.
Gold Dragon Wyrmling,5195051-gold-dragon-wyrmling,MM (2024),144.0,https://www.dndbeyond.com/monsters/5195051-gold-dragon-wyrmling,Dragon,Medium,generic,N,3.0,2,600.0,4.0,2.0,3.0,2.0,0.0,3.0,4,4,3,2,2,3,0.0,0.0,0.0,0.0,0.0,0.0,0.0,0.0,0.0,0.0,0.0,0.0,0.0,0.0,0.0,1.0,1.0,1.0,1.0,1.0,0.0,1.0,1.0,1.0,1.0,1.0,1.0,1.0,4,1.0,17.0,17.0,60.0,60.0,3.0,3.0,6.0,6.0,13.0,27.333334,27.333334,44.0,19.0,19.0,0.0,= 2*22,= 2*9.5,= 2*9.5,,
Gorgon,5195052-gorgon,MM (2024),148.0,https://www.dndbeyond.com/monsters/5195052-gorgon,Construct,Large,generic,N,5.0,3,1400.0,5.0,0.0,4.0,-4.0,1.0,-2.0,5,0,4,-4,1,-2,0.0,0.0,0.0,1.0,0.0,0.0,0.0,0.0,0.0,1.0,0.0,0.0,0.0,0.0,0.0,1.0,1.0,1.0,1.0,1.0,1.0,1.0,1.0,1.0,1.0,1.0,1.0,1.0,0,1.0,19.0,19.0,114.0,114.0,0.7,0.7,8.0,8.0,16.0,34.0,34.0,34.0,34.0,34.0,0.0,= 18 + 16,= 18 + 16,= 18 + 16,,
Goristro,5195053-goristro,MM (2024),150.0,https://www.dndbeyond.com/monsters/5195053-goristro,Fiend,Huge,generic,N,17.0,6,18000.0,7.0,0.0,7.0,-2.0,1.0,2.0,13,6,13,-2,7,2,0.0,0.0,0.0,0.0,0.0,0.0,0.0,0.0,0.0,0.0,1.0,0.0,0.0,0.0,0.0,1.0,1.0,1.0,1.0,0.5,0.5,1.0,0.5,1.0,0.0,1.0,1.0,1.0,6,1.0,19.0,19.0,310.5,310.5,6.5,10.5,13.0,13.0,,98.0,98.0,98.0,98.0,98.0,0.0,= 40 + 2*29,= 40 + 2*29,= 40 + 2*29,,
Graveyard Revenant,5195054-graveyard-revenant,MM (2024),260.0,https://www.dndbeyond.com/monsters/5195054-graveyard-revenant,Undead,Huge,generic,N,7.0,3,2600.0,5.0,2.0,5.0,1.0,3.0,4.0,8,2,8,1,6,7,0.0,1.0,0.0,1.0,1.0,0.0,0.0,0.0,1.0,1.0,1.0,0.0,0.0,1.0,1.0,1.0,1.0,1.0,1.0,1.0,1.0,1.0,1.0,0.5,0.0,0.5,1.0,1.0,2,1.0,14.0,14.0,161.0,161.0,5.3,5.3,8.0,8.0,,42.0,42.0,42.0,42.0,42.0,0.0,= 2*21,= 2*21,= 2*21,,
Gray Ooze,4904776-gray-ooze,MM (2024),151.0,https://www.dndbeyond.com/monsters/4904776-gray-ooze,Ooze,Medium,generic,N,0.5,2,75.0,1.0,-2.0,3.0,-5.0,-2.0,-4.0,1,-2,3,-5,-2,-4,1.0,1.0,1.0,1.0,1.0,1.0,0.0,0.0,0.0,0.0,0.0,1.0,1.0,0.0,0.0,1.0,1.0,1.0,0.5,0.5,0.5,1.0,1.0,1.0,1.0,1.0,1.0,1.0,-2,1.0,9.0,10.0,22.5,25.5,-1.5,-1.5,3.0,4.0,,10.0,10.0,10.0,10.0,10.0,0.0,= 10,= 10,= 10,,Assumes +3 HP from Corrosive Form (AB penalty). Assumes +1 AC from Corrosive Form (AB penalty). Assumes +1 AB from Pseudopod (AC penalty).
Gray Slaad,5195055-gray-slaad,MM (2024),286.0,https://www.dndbeyond.com/monsters/5195055-gray-slaad,Aberration,Medium,generic,N,9.0,4,4500.0,4.0,3.0,3.0,1.0,-1.0,4.0,4,3,3,1,-1,4,0.0,0.0,0.0,0.0,0.0,0.0,0.0,0.0,0.0,0.0,0.0,0.0,0.0,0.0,0.0,1.0,1.0,1.0,0.5,0.5,0.5,1.0,0.5,1.0,1.0,1.0,1.0,0.5,7,1.0,18.0,20.0,150.0,216.0,2.3,6.3,8.0,8.0,16.0,41.0,41.0,41.0,41.0,41.0,0.0,= 2*20.5,= 2*20.5,= 2*20.5,,"Assumes +20% HP from Chaos Claws (charmed, incapacitated). Assumes +2 AC from Chaos Claws (frightened, poisoned)."
Greater Star Spawn Emissary,6491357-greater-star-spawn-emissary,RTHW,268.0,https://www.dndbeyond.com/monsters/6491357-greater-star-spawn-emissary,Aberration,Huge,generic,L,21.0,7,33000.0,7.0,1.0,8.0,8.0,6.0,7.0,7,1,15,15,13,14,0.0,1.0,0.0,1.0,1.0,0.0,0.0,0.0,0.0,0.0,0.0,0.0,0.0,0.0,0.0,1.0,1.0,1.0,0.5,1.0,1.0,0.5,1.0,0.5,1.0,0.5,1.0,1.0,8,1.0,15.0,15.0,304.5,394.5,10.8,10.8,14.0,14.0,23.0,206.0,288.4,210.0,204.0,204.0,247.2,= 2*54 + 2*51,= 2*51 + 2*51,= 2*51 + 2*51,= SUM(BK321:BM321)*(2/5),Assumes +40% DPR from Forced Mutations (Paralyzed).
Greater Star Spawn Emissary,6491357-greater-star-spawn-emissary,RTHW,268.0,https://www.dndbeyond.com/monsters/6491357-greater-star-spawn-emissary,Aberration,Huge,generic,LL,22.0,7,41000.0,7.0,1.0,8.0,8.0,6.0,7.0,7,1,15,15,13,14,0.0,1.0,0.0,1.0,1.0,0.0,0.0,0.0,0.0,0.0,0.0,0.0,0.0,0.0,0.0,1.0,1.0,1.0,0.5,1.0,1.0,0.5,1.0,0.5,1.0,0.5,1.0,1.0,8,1.0,15.0,15.0,304.5,424.5,10.8,10.8,14.0,14.0,23.0,257.0,359.80002,261.0,255.0,255.0,308.4,= 2*54 + 3*51,= 2*51 + 3*51,= 2*51 + 3*51,= SUM(BK322:BM322)*(2/5),Assumes +40% DPR from Forced Mutations (Paralyzed).
Green Dragon Wyrmling,5195056-green-dragon-wyrmling,MM (2024),152.0,https://www.dndbeyond.com/monsters/5195056-green-dragon-wyrmling,Dragon,Medium,generic,N,2.0,2,300.0,2.0,1.0,1.0,2.0,0.0,1.0,2,3,1,2,2,1,0.0,0.0,0.0,0.0,0.0,0.0,0.0,0.0,0.0,0.0,1.0,0.0,0.0,0.0,0.0,1.0,1.0,1.0,1.0,1.0,1.0,1.0,1.0,1.0,0.0,1.0,1.0,1.0,3,1.0,17.0,17.0,38.5,38.5,1.8,1.8,4.0,4.0,11.0,28.666666,28.666666,42.0,22.0,22.0,0.0,= 2*21,= 2*11,= 2*11,,
Green Hag,5195057-green-hag,MM (2024),156.0,https://www.dndbeyond.com/monsters/5195057-green-hag,Fey,Medium,generic,N,3.0,2,600.0,4.0,1.0,3.0,1.0,2.0,2.0,4,1,3,1,2,2,0.0,0.0,0.0,0.0,0.0,0.0,0.0,0.0,0.0,0.0,0.0,0.0,0.0,0.0,0.0,1.0,1.0,1.0,1.0,1.0,1.0,1.0,1.0,1.0,1.0,1.0,1.0,1.0,1,1.0,17.0,17.0,82.5,82.5,2.2,2.2,6.0,6.0,12.0,24.0,24.0,24.0,24.0,24.0,0.0,= 2*12,= 2*12,= 2*12,,
Green Slaad,5195058-green-slaad,MM (2024),286.0,https://www.dndbeyond.com/monsters/5195058-green-slaad,Aberration,Large,generic,N,8.0,3,3500.0,3.0,2.0,3.0,0.0,-1.0,4.0,3,2,3,0,-1,4,0.0,0.0,0.0,0.0,0.0,0.0,0.0,0.0,0.0,0.0,0.0,0.0,0.0,0.0,0.0,1.0,1.0,1.0,0.5,0.5,0.5,1.0,0.5,1.0,1.0,1.0,1.0,0.5,5,1.0,16.0,17.0,144.5,209.4,1.8,5.8,7.0,7.0,14.0,35.666668,35.666668,56.0,25.5,25.5,0.0,= 2*28,= 3*8.5,= 3*8.5,,"Assumes +50% HP from resistances and immunities, and +20% HP for 2 rounds from Chaos Staff (charmed, incapacitated). Assumes +1 AC from Chaos Staff (frightened, poisoned)."
Grell,5195059-grell,MM (2024),157.0,https://www.dndbeyond.com/monsters/5195059-grell,Aberration,Medium,generic,N,3.0,2,600.0,2.0,2.0,1.0,1.0,0.0,-1.0,2,2,1,1,0,-1,1.0,0.0,0.0,0.0,0.0,0.0,0.0,0.0,0.0,0.0,0.0,1.0,0.0,0.0,0.0,1.0,1.0,1.0,1.0,1.0,1.0,1.0,0.0,1.0,1.0,1.0,1.0,1.0,6,1.0,12.0,12.0,55.0,77.0,0.8,0.8,4.0,8.0,11.0,18.5,18.5,18.5,18.5,18.5,0.0,= 11 + 7.5,= 11 + 7.5,= 11 + 7.5,,Assumes +40% HP from Paralyzing Tentacles (paralyzed). Assumes +4 AB from Paralyzing Tentacles (paralyzed).
Gremishka,6491358-gremishka,RTHW,249.0,https://www.dndbeyond.com/monsters/6491358-gremishka,Monstrosity,Tiny,generic,N,2.0,2,300.0,1.0,2.0,2.0,0.0,2.0,-3.0,1,2,2,0,2,-3,0.0,1.0,0.0,0.0,1.0,1.0,0.0,0.0,1.0,1.0,0.0,1.0,1.0,1.0,0.0,0.5,0.5,0.5,1.0,1.0,1.0,1.0,1.0,1.0,1.0,1.0,1.0,1.0,2,2.0,14.0,14.0,31.5,69.8,0.7,4.7,4.0,4.0,,16.166666,16.166666,12.5,19.5,16.5,0.0,= 12.5,= 19.5,= 16.5,,Assumes +15 HP and a 1.5x HP multiplier from Magic Allergy.
Grick,5195061-grick,MM (2024),158.0,https://www.dndbeyond.com/monsters/5195061-grick,Aberration,Medium,generic,N,2.0,2,300.0,2.0,2.0,0.0,-4.0,2.0,-3.0,2,2,0,-4,2,-3,0.0,0.0,0.0,0.0,0.0,0.0,0.0,0.0,0.0,0.0,0.0,0.0,0.0,0.0,0.0,1.0,1.0,1.0,1.0,1.0,1.0,1.0,1.0,1.0,1.0,1.0,1.0,1.0,2,1.0,14.0,14.0,54.0,54.0,-0.2,-0.2,4.0,4.0,,16.5,16.5,16.5,16.5,16.5,0.0,= 9 + 7.5,= 9 + 7.5,= 9 + 7.5,,
Grick Ancient,5195060-grick-ancient,MM (2024),158.0,https://www.dndbeyond.com/monsters/5195060-grick-ancient,Aberration,Large,generic,N,7.0,3,2600.0,4.0,3.0,2.0,-3.0,2.0,-1.0,4,3,2,-3,2,-1,0.0,0.0,0.0,0.0,0.0,0.0,0.0,0.0,0.0,0.0,0.0,0.0,0.0,0.0,0.0,1.0,1.0,1.0,1.0,1.0,1.0,1.0,1.0,1.0,1.0,1.0,1.0,1.0,3,1.0,18.0,18.0,135.0,135.0,1.2,1.2,7.0,9.0,,44.5,44.5,44.5,44.5,44.5,0.0,= 22 + 7.5 + 15,= 22 + 7.5 + 15,= 22 + 7.5 + 15,,Assumes +2 AB from Slam (prone) and Tentacles (grappled).
Griffon,5195062-griffon,MM (2024),159.0,https://www.dndbeyond.com/monsters/5195062-griffon,Monstrosity,Large,generic,N,2.0,2,300.0,4.0,2.0,3.0,-4.0,1.0,-1.0,4,2,3,-4,1,-1,0.0,0.0,0.0,0.0,0.0,0.0,0.0,0.0,0.0,0.0,0.0,0.0,0.0,0.0,0.0,1.0,1.0,1.0,1.0,1.0,1.0,1.0,1.0,1.0,1.0,1.0,1.0,1.0,2,1.0,12.0,12.0,59.5,59.5,0.8,0.8,6.0,6.0,,17.0,17.0,17.0,17.0,17.0,0.0,= 2*8.5,= 2*8.5,= 2*8.5,,
Grimlock,5195063-grimlock,MM (2024),160.0,https://www.dndbeyond.com/monsters/5195063-grimlock,Aberration,Medium,generic,N,0.25,2,37.0,3.0,1.0,1.0,-1.0,-1.0,-2.0,3,1,1,-1,-1,-2,0.0,0.0,0.0,0.0,0.0,0.0,0.0,0.0,0.0,0.0,0.0,0.0,0.0,0.0,0.0,1.0,1.0,1.0,1.0,1.0,1.0,1.0,1.0,1.0,1.0,1.0,1.0,1.0,1,1.0,11.0,11.0,11.0,11.0,0.2,0.2,5.0,5.0,,9.0,9.0,9.0,9.0,9.0,0.0,= 9,= 9,= 9,,
Groundling Grunt,6719573-groundling-grunt,AU,143.0,https://www.dndbeyond.com/monsters/6719573-groundling-grunt,Monstrosity,Medium,generic,N,1.0,2,150.0,3.0,2.0,2.0,-2.0,0.0,-1.0,3,2,4,-2,0,-1,0.0,0.0,0.0,0.0,0.0,0.0,0.0,0.0,0.0,0.0,0.0,0.0,0.0,0.0,0.0,1.0,1.0,1.0,1.0,1.0,1.0,1.0,1.0,1.0,0.5,1.0,1.0,1.0,2,1.0,14.0,14.0,45.5,54.5,1.0,1.0,5.0,5.0,,7.5,7.5,7.5,7.5,7.5,0.0,= 7.5,= 7.5,= 7.5,,Assumes +3 HPR from Go to Ground.
Groundling Slayer,6719574-groundling-slayer,AU,144.0,https://www.dndbeyond.com/monsters/6719574-groundling-slayer,Monstrosity,Medium,generic,N,3.0,2,600.0,3.0,3.0,2.0,0.0,1.0,-1.0,3,5,4,0,1,-1,0.0,0.0,0.0,0.0,0.0,0.0,0.0,0.0,0.0,0.0,0.0,0.0,0.0,0.0,0.0,1.0,1.0,1.0,1.0,1.0,1.0,1.0,1.0,1.0,0.5,1.0,1.0,1.0,5,1.0,15.0,15.0,58.5,70.5,2.0,2.0,5.0,5.0,,25.0,25.0,25.0,25.0,25.0,0.0,= 2*12.5,= 2*12.5,= 2*12.5,,Assumes +4 HPR from Go to Ground.
Groundling Stalker,6719575-groundling-stalker,AU,144.0,https://www.dndbeyond.com/monsters/6719575-groundling-stalker,Monstrosity,Medium,generic,N,2.0,2,300.0,3.0,3.0,2.0,-1.0,1.0,-1.0,3,5,4,-1,1,-1,0.0,0.0,0.0,0.0,0.0,0.0,0.0,0.0,0.0,0.0,0.0,0.0,0.0,0.0,0.0,1.0,1.0,1.0,1.0,1.0,1.0,1.0,1.0,1.0,0.5,1.0,1.0,1.0,5,1.0,15.0,15.0,52.0,61.0,1.8,1.8,5.0,5.0,,14.0,14.0,14.0,14.0,14.0,0.0,= 14,= 14,= 14,,Assumes +3 HPR from Go to Ground.
Guard,5195065-guard,MM (2024),162.0,https://www.dndbeyond.com/monsters/5195065-guard,Humanoid,Medium,generic,N,0.125,2,19.0,1.0,1.0,1.0,0.0,0.0,0.0,1,1,1,0,0,0,0.0,0.0,0.0,0.0,0.0,0.0,0.0,0.0,0.0,0.0,0.0,0.0,0.0,0.0,0.0,1.0,1.0,1.0,1.0,1.0,1.0,1.0,1.0,1.0,1.0,1.0,1.0,1.0,1,1.0,16.0,16.0,11.0,11.0,0.5,0.5,3.0,3.0,,4.5,4.5,4.5,4.5,4.5,0.0,= 4.5,= 4.5,= 4.5,,
Guard Captain,5195064-guard-captain,MM (2024),162.0,https://www.dndbeyond.com/monsters/5195064-guard-captain,Humanoid,Medium,generic,N,4.0,2,1000.0,4.0,2.0,3.0,1.0,2.0,1.0,4,2,3,1,2,1,0.0,0.0,0.0,0.0,0.0,0.0,0.0,0.0,0.0,0.0,0.0,0.0,0.0,0.0,0.0,1.0,1.0,1.0,1.0,1.0,1.0,1.0,1.0,1.0,1.0,1.0,1.0,1.0,4,1.0,18.0,18.0,75.0,75.0,2.2,2.2,6.0,6.0,,30.0,30.0,30.0,30.0,30.0,0.0,= 2*15,= 2*15,= 2*15,,
Guardian Naga,5195066-guardian-naga,MM (2024),161.0,https://www.dndbeyond.com/monsters/5195066-guardian-naga,Celestial,Large,generic,N,10.0,4,5700.0,4.0,4.0,3.0,3.0,4.0,4.0,4,8,7,7,8,8,0.0,1.0,0.0,0.0,0.0,0.0,0.0,0.0,1.0,0.0,1.0,0.0,1.0,0.0,0.0,1.0,1.0,1.0,1.0,1.0,1.0,1.0,1.0,1.0,0.0,1.0,1.0,1.0,4,1.0,18.0,18.0,136.0,136.0,7.0,7.0,8.0,8.0,16.0,78.0,78.0,78.0,78.0,78.0,0.0,= 2*39,= 2*39,= 2*39,,
Gug,6491359-gug,RTHW,250.0,https://www.dndbeyond.com/monsters/6491359-gug,Aberration,Huge,generic,N,12.0,4,8200.0,6.0,2.0,6.0,-2.0,3.0,0.0,10,2,10,-2,3,0,0.0,0.0,0.0,0.0,0.0,0.0,0.0,0.0,0.0,0.0,0.0,0.0,0.0,0.0,0.0,1.0,1.0,1.0,1.0,1.0,1.0,1.0,1.0,1.0,1.0,1.0,1.0,1.0,6,1.0,16.0,18.0,250.0,250.0,3.8,3.8,10.0,12.0,18.0,45.0,59.0,45.0,45.0,45.0,42.0,= 2*22.5,= 2*22.5,= 2*22.5,= 2*2*10.5,Assumes +2 AC from Chew (Restrained). Assumes +2 AB from Pact Tactics and Chew (Restrained). Assumes +84 damage from Chew.
Gulthias Blight,5195067-gulthias-blight,MM (2024),45.0,https://www.dndbeyond.com/monsters/5195067-gulthias-blight,Plant,Gargantuan,generic,N,16.0,5,15000.0,7.0,0.0,6.0,0.0,4.0,1.0,7,0,6,0,4,1,0.0,0.0,1.0,0.0,0.0,0.0,0.0,0.0,0.0,0.0,0.0,0.0,0.0,0.0,0.0,1.0,1.0,1.0,1.0,1.0,0.5,1.0,1.0,0.5,1.0,1.0,1.0,1.0,5,1.0,20.0,20.0,264.0,348.0,3.0,3.0,12.0,14.0,20.0,78.0,78.0,78.0,78.0,78.0,0.0,= 2*25 + 2*14,= 2*25 + 2*14,= 2*25 + 2*14,,Assumes +2*14 HPR from Life-Draining Root. Assumes +2 AB from Life-Draining Root (restrained).
Half-Dragon,5195068-half-dragon,MM (2024),163.0,https://www.dndbeyond.com/monsters/5195068-half-dragon,Dragon,Medium,generic,N,5.0,3,1400.0,4.0,2.0,3.0,0.0,2.0,2.0,4,5,3,0,5,2,0.0,0.0,0.0,0.0,0.0,0.0,0.0,0.0,0.0,0.0,0.0,0.0,0.0,0.0,0.0,1.0,1.0,1.0,1.0,1.0,1.0,1.0,1.0,1.0,1.0,1.0,1.0,1.0,5,1.0,18.0,18.0,105.0,105.0,3.2,3.2,7.0,7.0,14.0,36.666668,36.666668,56.0,27.0,27.0,0.0,= 2*28,= 2*13.5,= 2*13.5,,
Harkon Lukas,6491360-harkon-lukas,RTHW,124.0,https://www.dndbeyond.com/monsters/6491360-harkon-lukas,Monstrosity,Medium,unique,L,14.0,5,11500.0,5.0,4.0,4.0,2.0,3.0,4.0,5,4,9,2,8,4,0.0,1.0,0.0,0.0,1.0,0.0,0.0,0.0,0.0,0.0,0.0,0.0,0.0,0.0,0.0,1.0,1.0,1.0,1.0,1.0,1.0,1.0,1.0,1.0,1.0,1.0,1.0,1.0,14,1.0,15.0,15.0,187.0,307.0,5.3,5.3,10.0,14.0,17.0,121.0,121.0,121.0,121.0,121.0,0.0,= 1*16 + 28 + 1*16 + 2*16.5 + 28,= 1*16 + 28 + 1*16 + 2*16.5 + 28,= 1*16 + 28 + 1*16 + 2*16.5 + 28,,Assumes +4 AB from Blood Frenzy (advantage).
Harkon Lukas,6491360-harkon-lukas,RTHW,124.0,https://www.dndbeyond.com/monsters/6491360-harkon-lukas,Monstrosity,Medium,unique,LD,15.0,5,13000.0,5.0,4.0,4.0,2.0,3.0,4.0,5,4,9,2,8,4,0.0,1.0,0.0,0.0,1.0,0.0,0.0,0.0,0.0,0.0,0.0,0.0,0.0,0.0,0.0,1.0,1.0,1.0,1.0,1.0,1.0,1.0,1.0,1.0,1.0,1.0,1.0,1.0,14,1.0,15.0,15.0,187.0,337.0,5.3,5.3,10.0,14.0,17.0,137.0,137.0,137.0,137.0,137.0,0.0,= 1*16 + 28 + 2*16 + 2*16.5 + 28,= 1*16 + 28 + 2*16 + 2*16.5 + 28,= 1*16 + 28 + 2*16 + 2*16.5 + 28,,Assumes +4 AB from Blood Frenzy (advantage).
Harpy,5195069-harpy,MM (2024),164.0,https://www.dndbeyond.com/monsters/5195069-harpy,Monstrosity,Medium,generic,N,1.0,2,150.0,1.0,1.0,1.0,-2.0,0.0,1.0,1,1,1,-2,0,1,0.0,0.0,0.0,0.0,0.0,0.0,0.0,0.0,0.0,0.0,0.0,0.0,0.0,0.0,0.0,1.0,1.0,1.0,1.0,1.0,1.0,1.0,1.0,1.0,1.0,1.0,1.0,1.0,1,1.0,11.0,11.0,38.5,38.5,0.3,0.3,3.0,3.0,,6.0,6.0,6.0,6.0,6.0,0.0,= 6,= 6,= 6,,
Haunting Revenant,5195070-haunting-revenant,MM (2024),260.0,https://www.dndbeyond.com/monsters/5195070-haunting-revenant,Undead,Gargantuan,generic,N,10.0,4,5700.0,5.0,1.0,4.0,3.0,4.0,5.0,5,1,8,3,8,5,0.0,1.0,0.0,1.0,1.0,1.0,0.0,0.0,1.0,1.0,1.0,1.0,1.0,0.0,1.0,1.0,1.0,1.0,1.0,1.0,1.0,1.0,1.0,0.5,0.0,0.5,1.0,1.0,5,1.0,20.0,20.0,203.0,263.0,5.0,5.0,9.0,9.0,17.0,55.0,55.0,55.0,55.0,55.0,0.0,= 2*27.5,= 2*27.5,= 2*27.5,,Assumes +20 HPR from Haunted Zone.
Hawk,4775824-hawk,MM (2024),362.0,https://www.dndbeyond.com/monsters/4775824-hawk,Beast,Tiny,generic,N,0.0,2,7.0,-3.0,3.0,-1.0,-4.0,2.0,-2.0,-3,3,-1,-4,2,-2,0.0,0.0,0.0,0.0,0.0,0.0,0.0,0.0,0.0,0.0,0.0,0.0,0.0,0.0,0.0,1.0,1.0,1.0,1.0,1.0,1.0,1.0,1.0,1.0,1.0,1.0,1.0,1.0,3,1.0,13.0,13.0,1.5,1.5,-0.8,-0.8,5.0,5.0,,1.0,1.0,1.0,1.0,1.0,0.0,= 1,= 1,= 1,,
Hazlik,6491361-hazlik,RTHW,98.0,https://www.dndbeyond.com/monsters/6491361-hazlik,Humanoid,Medium,unique,L,14.0,5,11500.0,0.0,3.0,1.0,5.0,2.0,3.0,0,3,1,10,7,3,0.0,1.0,0.0,0.0,0.0,0.0,0.0,0.0,0.0,0.0,0.0,0.0,0.0,0.0,0.0,1.0,1.0,1.0,1.0,1.0,1.0,1.0,1.0,1.0,1.0,0.0,1.0,1.0,13,1.0,16.0,21.0,154.0,244.0,4.0,8.0,10.0,10.0,18.0,135.16667,150.0,136.5,134.5,134.5,44.5,= 2*36 + 3*21.5,= 2*35 + 3*21.5,= 2*35 + 3*21.5,= 13 + 3*10.5,Assumes +5 AC from Shield. Assumes +13 damage and +31.5 damage from Wild Magic Surge.
Hazlik,6491361-hazlik,RTHW,98.0,https://www.dndbeyond.com/monsters/6491361-hazlik,Humanoid,Medium,unique,LD,15.0,5,13000.0,0.0,3.0,1.0,5.0,2.0,3.0,0,3,1,10,7,3,0.0,1.0,0.0,0.0,0.0,0.0,0.0,0.0,0.0,0.0,0.0,0.0,0.0,0.0,0.0,1.0,1.0,1.0,1.0,1.0,1.0,1.0,1.0,1.0,1.0,0.0,1.0,1.0,13,1.0,16.0,21.0,154.0,274.0,4.0,8.0,10.0,10.0,18.0,156.66667,171.5,158.0,156.0,156.0,44.5,= 2*36 + 4*21.5,= 2*35 + 4*21.5,= 2*35 + 4*21.5,= 13 + 3*10.5,Assumes +5 AC from Shield. Assumes +13 damage and +31.5 damage from Wild Magic Surge.
Hell Hound,5195071-hell-hound,MM (2024),165.0,https://www.dndbeyond.com/monsters/5195071-hell-hound,Fiend,Medium,generic,N,3.0,2,600.0,3.0,1.0,2.0,-2.0,1.0,-2.0,3,1,2,-2,1,-2,0.0,0.0,0.0,0.0,0.0,0.0,0.0,0.0,0.0,0.0,0.0,0.0,0.0,0.0,0.0,1.0,1.0,1.0,1.0,1.0,0.0,1.0,1.0,1.0,1.0,1.0,1.0,1.0,1,1.0,15.0,15.0,58.5,58.5,0.5,0.5,5.0,6.0,12.0,26.333334,26.333334,35.0,22.0,22.0,0.0,= 2*17.5,= 2*11,= 2*11,,
Helmed Horror,5195072-helmed-horror,MM (2024),166.0,https://www.dndbeyond.com/monsters/5195072-helmed-horror,Construct,Medium,generic,N,4.0,2,1000.0,4.0,1.0,3.0,0.0,0.0,0.0,4,1,3,0,0,0,1.0,1.0,1.0,1.0,1.0,0.0,0.0,0.0,1.0,1.0,1.0,0.0,0.0,1.0,0.0,1.0,1.0,1.0,1.0,1.0,1.0,1.0,1.0,0.0,0.0,1.0,1.0,1.0,3,1.0,20.0,20.0,67.5,67.5,1.3,5.3,6.0,6.0,,28.0,28.0,28.0,28.0,28.0,0.0,= 2*14,= 2*14,= 2*14,,
Hezrou,5195073-hezrou,MM (2024),167.0,https://www.dndbeyond.com/monsters/5195073-hezrou,Fiend,Large,generic,N,8.0,3,3500.0,4.0,3.0,5.0,-3.0,1.0,1.0,7,3,8,-3,4,1,0.0,0.0,0.0,0.0,0.0,0.0,0.0,0.0,0.0,0.0,1.0,0.0,0.0,0.0,0.0,1.0,1.0,1.0,1.0,0.5,0.5,1.0,0.5,1.0,0.0,1.0,1.0,1.0,6,1.0,18.0,20.0,157.5,157.5,3.3,7.3,7.0,7.0,16.0,46.5,46.5,46.5,46.5,46.5,0.0,= 3*15.5,= 3*15.5,= 3*15.5,,Assumes +2 AC from Stench (poisoned).
Hill Giant,5195074-hill-giant,MM (2024),168.0,https://www.dndbeyond.com/monsters/5195074-hill-giant,Giant,Huge,generic,N,5.0,3,1400.0,5.0,-1.0,4.0,-3.0,-1.0,-2.0,5,-1,4,-3,-1,-2,0.0,0.0,0.0,0.0,0.0,0.0,0.0,0.0,0.0,0.0,0.0,0.0,0.0,0.0,0.0,1.0,1.0,1.0,1.0,1.0,1.0,1.0,1.0,1.0,1.0,1.0,1.0,1.0,2,1.0,13.0,13.0,105.0,105.0,0.3,0.3,8.0,10.0,,37.0,37.0,37.0,37.0,37.0,0.0,= 2*18.5,= 2*18.5,= 2*18.5,,Assumes +2 AB from Tree Club (prone).
Hippogriff,5195075-hippogriff,MM (2024),169.0,https://www.dndbeyond.com/monsters/5195075-hippogriff,Monstrosity,Large,generic,N,1.0,2,150.0,3.0,1.0,1.0,-4.0,1.0,-1.0,3,1,1,-4,1,-1,0.0,0.0,0.0,0.0,0.0,0.0,0.0,0.0,0.0,0.0,0.0,0.0,0.0,0.0,0.0,1.0,1.0,1.0,1.0,1.0,1.0,1.0,1.0,1.0,1.0,1.0,1.0,1.0,1,1.0,11.0,15.0,26.0,26.0,0.2,0.2,5.0,5.0,,15.0,15.0,15.0,15.0,15.0,0.0,= 2*7.5,= 2*7.5,= 2*7.5,,Assumes +4 AC from flying with Flyby.
Hippopotamus,5195076-hippopotamus,MM (2024),362.0,https://www.dndbeyond.com/monsters/5195076-hippopotamus,Beast,Large,generic,N,4.0,2,1000.0,5.0,-2.0,2.0,-4.0,1.0,-3.0,7,-2,2,-4,1,-3,0.0,0.0,0.0,0.0,0.0,0.0,0.0,0.0,0.0,0.0,0.0,0.0,0.0,0.0,0.0,1.0,1.0,1.0,1.0,1.0,1.0,1.0,1.0,1.0,1.0,1.0,1.0,1.0,-2,1.0,14.0,14.0,82.5,82.5,0.2,0.2,7.0,7.0,,32.0,32.0,32.0,32.0,32.0,0.0,= 2*16,= 2*16,= 2*16,,
Hobgoblin Captain,5195077-hobgoblin-captain,MM (2024),171.0,https://www.dndbeyond.com/monsters/5195077-hobgoblin-captain,Fey,Medium,generic,N,3.0,2,600.0,2.0,2.0,2.0,1.0,0.0,1.0,2,2,2,1,0,1,0.0,0.0,0.0,0.0,0.0,0.0,0.0,0.0,0.0,0.0,0.0,0.0,0.0,0.0,0.0,1.0,1.0,1.0,1.0,1.0,1.0,1.0,1.0,1.0,1.0,1.0,1.0,1.0,4,1.0,17.0,17.0,58.5,58.5,1.3,5.3,4.0,8.0,,25.0,25.0,25.0,25.0,25.0,0.0,= 2*12.5,= 2*12.5,= 2*12.5,,Assumes +4 SB from Aura of Authority (advantage). Assumes +4 AB from Aura of Authority (advantage).
Hobgoblin Warlord,5195078-hobgoblin-warlord,MM (2024),171.0,https://www.dndbeyond.com/monsters/5195078-hobgoblin-warlord,Fey,Medium,generic,N,6.0,3,2000.0,3.0,2.0,3.0,2.0,0.0,2.0,3,5,3,5,3,5,0.0,0.0,0.0,0.0,0.0,0.0,0.0,0.0,0.0,0.0,0.0,0.0,0.0,0.0,0.0,1.0,1.0,1.0,1.0,1.0,1.0,1.0,1.0,1.0,1.0,1.0,1.0,1.0,5,1.0,20.0,22.0,112.5,112.5,4.0,4.0,6.0,10.0,,36.0,36.0,36.0,36.0,36.0,0.0,= 3*12,= 3*12,= 3*12,,Assumes +2 AC from Parry. Assumes +4 AB from Aura of Authority.
Hobgoblin Warrior,5195079-hobgoblin-warrior,MM (2024),170.0,https://www.dndbeyond.com/monsters/5195079-hobgoblin-warrior,Fey,Medium,generic,N,0.5,2,75.0,1.0,1.0,1.0,0.0,0.0,-1.0,1,1,1,0,0,-1,0.0,0.0,0.0,0.0,0.0,0.0,0.0,0.0,0.0,0.0,0.0,0.0,0.0,0.0,0.0,1.0,1.0,1.0,1.0,1.0,1.0,1.0,1.0,1.0,1.0,1.0,1.0,1.0,3,1.0,18.0,18.0,11.0,11.0,0.3,0.3,3.0,4.0,,13.0,13.0,13.0,13.0,13.0,0.0,= 13,= 13,= 13,,
Homunculus,5195080-homunculus,MM (2024),172.0,https://www.dndbeyond.com/monsters/5195080-homunculus,Construct,Tiny,generic,N,0.0,2,7.0,-3.0,2.0,2.0,0.0,0.0,-2.0,-3,2,2,0,2,0,0.0,1.0,0.0,0.0,0.0,0.0,0.0,0.0,0.0,0.0,1.0,0.0,0.0,0.0,0.0,1.0,1.0,1.0,1.0,1.0,1.0,1.0,1.0,1.0,0.0,1.0,1.0,1.0,2,1.0,13.0,14.0,4.5,4.5,0.5,0.5,4.0,4.0,12.0,1.0,1.0,1.0,1.0,1.0,0.0,= 1,= 1,= 1,,Assumes +1 AC from Bite (poisoned).
Hook Horror,5195081-hook-horror,MM (2024),173.0,https://www.dndbeyond.com/monsters/5195081-hook-horror,Monstrosity,Large,generic,N,3.0,2,600.0,4.0,0.0,2.0,-2.0,1.0,-2.0,4,0,4,-2,1,-2,0.0,0.0,0.0,0.0,0.0,0.0,0.0,0.0,0.0,0.0,0.0,0.0,0.0,0.0,0.0,1.0,1.0,1.0,1.0,1.0,1.0,1.0,1.0,1.0,1.0,1.0,1.0,1.0,0,1.0,15.0,15.0,75.0,75.0,0.8,0.8,6.0,6.0,,22.0,22.0,22.0,22.0,22.0,0.0,= 2*11,= 2*11,= 2*11,,
Horned Devil,5195082-horned-devil,MM (2024),174.0,https://www.dndbeyond.com/monsters/5195082-horned-devil,Fiend,Large,generic,N,11.0,4,6800.0,6.0,3.0,5.0,1.0,3.0,4.0,10,7,5,1,7,8,0.0,0.0,0.0,0.0,0.0,0.0,0.0,0.0,0.0,0.0,1.0,0.0,0.0,0.0,0.0,1.0,1.0,1.0,1.0,0.5,0.0,1.0,1.0,1.0,0.0,1.0,1.0,1.0,7,1.0,18.0,18.0,199.5,199.5,6.3,10.3,10.0,10.0,17.0,79.5,79.5,79.5,79.5,79.5,0.0,= 2*24 + 10.5 + 2*10.5,= 2*24 + 10.5 + 2*10.5,= 2*24 + 10.5 + 2*10.5,,
Hunter Shark,5195083-hunter-shark,MM (2024),363.0,https://www.dndbeyond.com/monsters/5195083-hunter-shark,Beast,Large,generic,N,2.0,2,300.0,4.0,2.0,2.0,-5.0,0.0,-3.0,4,2,2,-5,0,-3,0.0,0.0,0.0,0.0,0.0,0.0,0.0,0.0,0.0,0.0,0.0,0.0,0.0,0.0,0.0,1.0,1.0,1.0,1.0,1.0,1.0,1.0,1.0,1.0,1.0,1.0,1.0,1.0,2,1.0,12.0,12.0,45.0,45.0,0.0,0.0,6.0,9.0,,14.5,14.5,14.5,14.5,14.5,0.0,= 14.5,= 14.5,= 14.5,,Assumes +3 AB from Bite (advantage).
Hydra,5195084-hydra,MM (2024),175.0,https://www.dndbeyond.com/monsters/5195084-hydra,Monstrosity,Huge,generic,N,8.0,3,3500.0,5.0,1.0,5.0,-4.0,0.0,-2.0,5,1,5,-4,0,-2,1.0,1.0,1.0,0.0,1.0,0.0,0.0,0.0,0.0,0.0,0.0,0.0,0.0,1.0,1.0,1.0,1.0,1.0,1.0,1.0,1.0,1.0,1.0,1.0,1.0,1.0,1.0,1.0,4,1.0,15.0,15.0,184.0,184.0,0.8,0.8,8.0,8.0,,52.5,52.5,52.5,52.5,52.5,0.0,= 5*10.5,= 5*10.5,= 5*10.5,,
Hyena,5195085-hyena,MM (2024),363.0,https://www.dndbeyond.com/monsters/5195085-hyena,Beast,Medium,generic,N,0.0,2,7.0,0.0,1.0,1.0,-4.0,1.0,-3.0,0,1,1,-4,1,-3,0.0,0.0,0.0,0.0,0.0,0.0,0.0,0.0,0.0,0.0,0.0,0.0,0.0,0.0,0.0,1.0,1.0,1.0,1.0,1.0,1.0,1.0,1.0,1.0,1.0,1.0,1.0,1.0,1,1.0,11.0,11.0,5.5,5.5,-0.7,-0.7,2.0,3.0,,3.5,3.5,3.5,3.5,3.5,0.0,= 3.5,= 3.5,= 3.5,,
Ice Devil,5195086-ice-devil,MM (2024),176.0,https://www.dndbeyond.com/monsters/5195086-ice-devil,Fiend,Large,generic,N,14.0,5,11500.0,5.0,2.0,4.0,4.0,2.0,4.0,5,7,9,4,7,9,0.0,0.0,0.0,0.0,0.0,0.0,0.0,0.0,0.0,0.0,1.0,0.0,0.0,0.0,0.0,1.0,1.0,1.0,1.0,0.0,0.0,1.0,1.0,1.0,0.0,1.0,1.0,1.0,7,1.5,18.0,18.0,228.0,342.0,6.8,10.8,10.0,10.0,17.0,81.5,81.5,81.5,81.5,81.5,0.0,= 2*24.5 + 32.5,= 2*24.5 + 32.5,= 2*24.5 + 32.5,,
Ice Mephit,5195087-ice-mephit,MM (2024),206.0,https://www.dndbeyond.com/monsters/5195087-ice-mephit,Elemental,Small,generic,N,0.5,2,75.0,-2.0,1.0,0.0,-1.0,0.0,1.0,-2,1,0,-1,0,1,0.0,0.0,0.0,1.0,0.0,0.0,0.0,0.0,0.0,0.0,1.0,0.0,0.0,0.0,0.0,1.0,1.0,1.0,1.0,0.0,2.0,1.0,1.0,1.0,0.0,1.0,1.0,1.0,1,1.0,11.0,11.0,21.0,21.0,-0.2,-0.2,3.0,3.0,10.0,9.0,10.666667,15.0,6.0,6.0,5.0,= 2*7.5,= 6,= 6,= 5,
Illusionist Archmage,6719576-illusionist-archmage,AU,138.0,https://www.dndbeyond.com/monsters/6719576-illusionist-archmage,Humanoid,Medium,generic,N,15.0,5,13000.0,0.0,3.0,1.0,5.0,2.0,3.0,0,3,6,10,7,3,0.0,0.0,0.0,0.0,0.0,0.0,0.0,0.0,0.0,0.0,0.0,0.0,0.0,0.0,0.0,1.0,1.0,1.0,1.0,1.0,1.0,1.0,1.0,1.0,1.0,1.0,1.0,1.0,8,1.0,16.0,21.0,220.0,220.0,4.8,8.8,10.0,10.0,18.0,86.0,120.4,86.0,86.0,86.0,103.2,= 4*21.5,= 4*21.5,= 4*21.5,= SUM(BK365:BM365)*(2/5),Assumes +5 AC from Protective Magic (Shield). Assumes +40% DPR from Beguiling Spells (Hypnotic Pattern) (Incapacitated).
Imp,4775825-imp,MM (2024),177.0,https://www.dndbeyond.com/monsters/4775825-imp,Fiend,Tiny,generic,N,1.0,2,150.0,-2.0,3.0,1.0,0.0,1.0,2.0,-2,3,1,0,1,2,0.0,0.0,0.0,0.0,0.0,0.0,0.0,0.0,0.0,0.0,1.0,0.0,0.0,0.0,0.0,1.0,1.0,1.0,1.0,0.5,0.0,1.0,1.0,1.0,0.0,1.0,1.0,1.0,3,1.0,13.0,15.0,21.0,21.0,0.8,0.8,5.0,5.0,,13.5,13.5,13.5,13.5,13.5,0.0,= 13.5,= 13.5,= 13.5,,
Incubus,4904793-incubus,MM (2024),178.0,https://www.dndbeyond.com/monsters/4904793-incubus,Fiend,Medium,generic,N,4.0,2,1000.0,-1.0,3.0,1.0,2.0,1.0,5.0,-1,3,1,2,1,5,0.0,0.0,0.0,0.0,0.0,0.0,0.0,0.0,0.0,0.0,0.0,0.0,0.0,0.0,0.0,1.0,1.0,1.0,1.0,0.5,0.5,1.0,1.0,1.0,0.5,0.5,1.0,1.0,3,1.0,15.0,15.0,66.0,66.0,1.8,1.8,7.0,7.0,15.0,37.0,37.0,49.0,31.0,31.0,0.0,= 2*15.5 + 18,= 2*15.5,= 2*15.5,,
Inquisitor of the Mind Fire,6491362-inquisitor-of-the-mind-fire,RTHW,272.0,https://www.dndbeyond.com/monsters/6491362-inquisitor-of-the-mind-fire,Humanoid,Medium,generic,N,8.0,3,3500.0,0.0,2.0,2.0,3.0,3.0,5.0,0,2,2,6,6,8,0.0,1.0,0.0,0.0,1.0,0.0,0.0,0.0,0.0,0.0,0.0,0.0,0.0,0.0,0.0,1.0,1.0,1.0,1.0,1.0,1.0,1.0,1.0,1.0,1.0,1.0,1.0,1.0,2,1.0,16.0,19.0,104.0,159.5,4.0,4.0,8.0,8.0,16.0,55.5,55.5,55.5,55.5,55.5,0.0,= 3*18.5,= 3*18.5,= 3*18.5,,Assumes +3*18.5 HP from Inquisitor's Command Assumes +3 AC from Silvered Longsword (Frightened).
Inquisitor of the Sword,6491363-inquisitor-of-the-sword,RTHW,273.0,https://www.dndbeyond.com/monsters/6491363-inquisitor-of-the-sword,Humanoid,Medium,generic,N,8.0,3,3500.0,1.0,2.0,3.0,2.0,4.0,3.0,1,2,3,5,7,6,0.0,1.0,0.0,0.0,1.0,0.0,0.0,0.0,0.0,0.0,0.0,0.0,0.0,0.0,0.0,1.0,1.0,1.0,1.0,1.0,1.0,1.0,1.0,1.0,1.0,1.0,1.0,1.0,2,1.0,16.0,16.0,120.0,150.0,4.0,4.0,7.0,7.0,15.0,52.5,52.5,52.5,52.5,52.5,0.0,= 3*17.5,= 3*17.5,= 3*17.5,,
Inquisitor of the Tome,6491364-inquisitor-of-the-tome,RTHW,273.0,https://www.dndbeyond.com/monsters/6491364-inquisitor-of-the-tome,Humanoid,Medium,generic,N,8.0,3,3500.0,0.0,1.0,1.0,4.0,3.0,2.0,0,1,1,7,6,5,0.0,1.0,0.0,0.0,1.0,0.0,0.0,0.0,0.0,0.0,0.0,0.0,0.0,0.0,0.0,1.0,1.0,1.0,1.0,1.0,1.0,1.0,1.0,1.0,1.0,1.0,1.0,1.0,1,1.0,14.0,14.0,88.0,88.0,3.3,3.3,7.0,7.0,15.0,84.0,102.0,120.0,66.0,66.0,54.0,= 3*22 + 2*27,= 3*22,= 3*22,= 2*27,Assumes +54 damage from a second Implode.
Intellect Devourer,5195088-intellect-devourer,MM (2024),179.0,https://www.dndbeyond.com/monsters/5195088-intellect-devourer,Aberration,Tiny,generic,N,2.0,2,300.0,-2.0,2.0,1.0,2.0,0.0,0.0,-2,2,1,2,0,0,0.0,0.0,0.0,0.0,0.0,0.0,0.0,0.0,0.0,0.0,0.0,0.0,0.0,0.0,0.0,1.0,1.0,1.0,1.0,1.0,1.0,1.0,1.0,1.0,1.0,0.5,1.0,1.0,2,1.0,12.0,12.0,28.0,33.6,0.5,0.5,4.0,6.0,12.0,18.0,18.0,18.0,18.0,18.0,0.0,= 7 + 11,= 7 + 11,= 7 + 11,,Assumes +20% HP from Devour Intellect (stunned). Assumes +2 AB from Devour Intellect (stunned).
Invisible Stalker,5195089-invisible-stalker,MM (2024),180.0,https://www.dndbeyond.com/monsters/5195089-invisible-stalker,Elemental,Large,generic,N,6.0,3,2000.0,3.0,4.0,2.0,0.0,2.0,0.0,3,4,2,0,2,0,0.0,0.0,0.0,1.0,0.0,1.0,0.0,0.0,1.0,1.0,1.0,1.0,1.0,0.0,1.0,0.5,0.5,0.5,1.0,1.0,1.0,1.0,1.0,1.0,0.0,1.0,1.0,1.0,7,1.5,14.0,18.0,97.5,146.3,1.8,5.8,7.0,11.0,14.0,36.5,36.5,43.5,33.0,33.0,0.0,= 2*11 + 7.5 + 2*7,= 3*11,= 3*11,,Assumes +4 AC from Invisibility (invisible). Assumes +4 SB from Invisibility (invisible). Assumes +4 AB from Invisibility (invisible).
Iron Golem,5195090-iron-golem,MM (2024),181.0,https://www.dndbeyond.com/monsters/5195090-iron-golem,Construct,Large,generic,N,16.0,5,15000.0,7.0,-1.0,5.0,-4.0,0.0,-5.0,7,-1,5,-4,0,-5,0.0,1.0,0.0,1.0,1.0,0.0,0.0,0.0,1.0,1.0,1.0,0.0,0.0,0.0,0.0,1.0,1.0,1.0,1.0,1.0,0.0,1.0,1.0,1.0,0.0,0.0,1.0,1.0,9,1.5,20.0,20.0,252.0,378.0,0.3,4.3,12.0,12.0,18.0,78.0,78.0,110.0,62.0,62.0,0.0,= 2*55,= 2*31,= 2*31,,
Ivan Dilisnya,6491365-ivan-dilisnya,RTHW,54.0,https://www.dndbeyond.com/monsters/6491365-ivan-dilisnya,Humanoid,Medium,unique,L,5.0,3,1400.0,4.0,2.0,3.0,4.0,1.0,2.0,4,5,3,4,4,2,0.0,0.0,0.0,0.0,0.0,0.0,0.0,0.0,0.0,0.0,0.0,0.0,0.0,0.0,0.0,1.0,1.0,1.0,1.0,1.0,1.0,1.0,1.0,1.0,1.0,1.0,1.0,1.0,2,1.0,12.0,12.0,90.0,130.0,3.7,3.7,7.0,7.0,15.0,58.0,58.0,58.0,58.0,58.0,0.0,= 11 + 18 + 11 + 2*9,= 11 + 18 + 11 + 2*9,= 11 + 18 + 11 + 2*9,,
Ivan Dilisnya,6491365-ivan-dilisnya,RTHW,54.0,https://www.dndbeyond.com/monsters/6491365-ivan-dilisnya,Humanoid,Medium,unique,LD,6.0,3,2000.0,4.0,2.0,3.0,4.0,1.0,2.0,4,5,3,4,4,2,0.0,0.0,0.0,0.0,0.0,0.0,0.0,0.0,0.0,0.0,0.0,0.0,0.0,0.0,0.0,1.0,1.0,1.0,1.0,1.0,1.0,1.0,1.0,1.0,1.0,1.0,1.0,1.0,2,1.0,12.0,12.0,90.0,150.0,3.7,3.7,7.0,7.0,15.0,69.0,69.0,69.0,69.0,69.0,0.0,= 11 + 18 + 2*11 + 2*9,= 11 + 18 + 2*11 + 2*9,= 11 + 18 + 2*11 + 2*9,,
Ivana Boritsi,6491366-ivana-boritsi,RTHW,52.0,https://www.dndbeyond.com/monsters/6491366-ivana-boritsi,Humanoid,Medium,unique,L,5.0,3,1400.0,0.0,3.0,2.0,4.0,2.0,2.0,0,6,5,4,2,2,0.0,0.0,0.0,0.0,0.0,0.0,0.0,0.0,0.0,0.0,1.0,0.0,0.0,0.0,0.0,1.0,1.0,1.0,1.0,1.0,1.0,1.0,1.0,1.0,0.0,1.0,1.0,1.0,3,1.0,17.0,17.0,104.0,144.0,3.2,3.2,7.0,7.0,15.0,37.333332,37.333332,44.0,34.0,34.0,0.0,= 2*13.5 + 2*8.5,= 2*8.5 + 2*8.5,= 2*8.5 + 2*8.5,,
Ivana Boritsi,6491366-ivana-boritsi,RTHW,52.0,https://www.dndbeyond.com/monsters/6491366-ivana-boritsi,Humanoid,Medium,unique,LD,6.0,3,2000.0,0.0,3.0,2.0,4.0,2.0,2.0,0,6,5,4,2,2,0.0,0.0,0.0,0.0,0.0,0.0,0.0,0.0,0.0,0.0,1.0,0.0,0.0,0.0,0.0,1.0,1.0,1.0,1.0,1.0,1.0,1.0,1.0,1.0,0.0,1.0,1.0,1.0,3,1.0,17.0,17.0,104.0,164.0,3.2,3.2,7.0,7.0,15.0,45.833332,45.833332,52.5,42.5,42.5,0.0,= 2*13.5 + 3*8.5,= 2*8.5 + 3*8.5,= 2*8.5 + 3*8.5,,
Jackal,5195091-jackal,MM (2024),364.0,https://www.dndbeyond.com/monsters/5195091-jackal,Beast,Small,generic,N,0.0,2,7.0,-1.0,2.0,0.0,-4.0,1.0,-2.0,-1,2,0,-4,1,-2,0.0,0.0,0.0,0.0,0.0,0.0,0.0,0.0,0.0,0.0,0.0,0.0,0.0,0.0,0.0,1.0,1.0,1.0,1.0,1.0,1.0,1.0,1.0,1.0,1.0,1.0,1.0,1.0,2,1.0,12.0,12.0,3.5,3.5,-0.7,-0.7,1.0,1.0,,1.5,1.5,1.5,1.5,1.5,0.0,= 1.5,= 1.5,= 1.5,,
Jackalwere,5195092-jackalwere,MM (2024),182.0,https://www.dndbeyond.com/monsters/5195092-jackalwere,Fiend,Small,generic,N,0.5,2,75.0,0.0,2.0,1.0,1.0,0.0,0.0,0,2,1,1,0,0,0.0,0.0,0.0,0.0,0.0,0.0,0.0,0.0,0.0,0.0,0.0,0.0,0.0,0.0,0.0,1.0,1.0,1.0,1.0,1.0,1.0,1.0,1.0,1.0,1.0,1.0,1.0,1.0,2,1.0,12.0,12.0,18.0,18.0,0.7,0.7,4.0,5.0,,5.5,5.5,5.5,5.5,5.5,0.0,= 5.5,= 5.5,= 5.5,,
Jiangshi,6491367-jiangshi,RTHW,251.0,https://www.dndbeyond.com/monsters/6491367-jiangshi,Undead,Medium,generic,N,9.0,4,4500.0,4.0,-4.0,4.0,3.0,2.0,1.0,4,-4,8,7,6,5,0.0,1.0,0.0,1.0,1.0,0.0,0.0,0.0,1.0,0.0,1.0,0.0,0.0,0.0,0.0,1.0,1.0,1.0,1.0,1.0,1.0,1.0,1.0,1.0,0.0,1.0,1.0,1.0,-4,1.0,16.0,16.0,119.0,173.0,4.3,4.3,8.0,8.0,16.0,57.0,57.0,57.0,57.0,57.0,0.0,= 3*13 + 18,= 3*13 + 18,= 3*13 + 18,,Assumes +18 HPR from Consume Energy.
Jorasco Medic,5976753-jorasco-medic,EFotA,81.0,https://www.dndbeyond.com/monsters/5976753-jorasco-medic,Humanoid,Small,generic,N,4.0,2,1000.0,1.0,2.0,3.0,2.0,3.0,2.0,1,2,5,2,5,2,0.0,0.0,0.0,0.0,0.0,0.0,0.0,0.0,0.0,0.0,0.0,0.0,0.0,0.0,0.0,1.0,1.0,1.0,1.0,1.0,1.0,1.0,1.0,1.0,1.0,1.0,1.0,1.0,4,1.0,16.0,16.0,58.5,82.5,2.8,2.8,5.0,7.0,,14.0,14.0,14.0,14.0,14.0,0.0,= 2*7,= 2*7,= 2*7,,Assumes +24 HP from Mark of Healing (cure wounds). Assumes +2 AB from Radiant Burst (blinded).
Juvenile Shadow Dragon,5195093-juvenile-shadow-dragon,MM (2024),275.0,https://www.dndbeyond.com/monsters/5195093-juvenile-shadow-dragon,Dragon,Medium,generic,N,4.0,2,1000.0,3.0,2.0,3.0,1.0,0.0,2.0,3,4,3,1,0,2,0.0,0.0,0.0,0.0,0.0,0.0,0.0,0.0,0.0,0.0,0.0,0.0,0.0,0.0,0.0,1.0,1.0,1.0,1.0,1.0,1.0,1.0,1.0,0.0,1.0,1.0,1.0,1.0,4,1.0,15.0,19.0,45.0,90.0,2.2,6.2,5.0,7.0,13.0,26.333334,26.333334,35.0,22.0,22.0,0.0,= 2*17.5,= 2*11,= 2*11,,Assumes +100% HP from Living Shadow (resistance). Assumes +4 AC from Shadow Stealth. Assumes +4 SB from Shadow Stealth. Assumes +2 AB from Shadow Stealth.
Kenku,5195094-kenku,MM (2024),183.0,https://www.dndbeyond.com/monsters/5195094-kenku,Monstrosity,Medium,generic,N,0.25,2,37.0,0.0,3.0,0.0,0.0,0.0,0.0,0,3,0,0,0,0,0.0,0.0,0.0,0.0,0.0,0.0,0.0,0.0,0.0,0.0,0.0,0.0,0.0,0.0,0.0,1.0,1.0,1.0,1.0,1.0,1.0,1.0,1.0,1.0,1.0,1.0,1.0,1.0,3,1.0,13.0,13.0,13.5,13.5,0.5,0.5,5.0,8.0,10.0,6.5,6.5,6.5,6.5,6.5,0.0,= 6.5,= 6.5,= 6.5,,Assumes +3 AB from Eldritch Lantern (Faerie Fire).
Killer Whale,5195095-killer-whale,MM (2024),364.0,https://www.dndbeyond.com/monsters/5195095-killer-whale,Beast,Huge,generic,N,3.0,2,600.0,4.0,2.0,1.0,-4.0,1.0,-2.0,4,2,1,-4,1,-2,0.0,0.0,0.0,0.0,0.0,0.0,0.0,0.0,0.0,0.0,0.0,0.0,0.0,0.0,0.0,1.0,1.0,1.0,1.0,1.0,1.0,1.0,1.0,1.0,1.0,1.0,1.0,1.0,2,1.0,12.0,12.0,90.0,90.0,0.3,0.3,6.0,6.0,,21.5,21.5,21.5,21.5,21.5,0.0,= 21.5,= 21.5,= 21.5,,
Knight,4904816-knight,MM (2024),184.0,https://www.dndbeyond.com/monsters/4904816-knight,Humanoid,Medium,generic,N,3.0,2,600.0,3.0,0.0,2.0,0.0,0.0,2.0,3,0,4,0,2,2,0.0,0.0,0.0,0.0,1.0,0.0,0.0,0.0,0.0,0.0,0.0,0.0,0.0,0.0,0.0,1.0,1.0,1.0,1.0,1.0,1.0,1.0,1.0,1.0,1.0,1.0,1.0,1.0,0,1.0,18.0,19.0,52.0,52.0,1.8,1.8,6.0,6.0,,29.0,29.0,29.0,29.0,29.0,0.0,= 2*14.5,= 2*14.5,= 2*14.5,,Assumes +1 AC from Parry.
Kobold Warrior,5195096-kobold-warrior,MM (2024),185.0,https://www.dndbeyond.com/monsters/5195096-kobold-warrior,Dragon,Small,generic,N,0.125,2,19.0,-2.0,2.0,-1.0,-1.0,-2.0,-1.0,-2,2,-1,-1,-2,-1,0.0,0.0,0.0,0.0,0.0,0.0,0.0,0.0,0.0,0.0,0.0,0.0,0.0,0.0,0.0,1.0,1.0,1.0,1.0,1.0,1.0,1.0,1.0,1.0,1.0,1.0,1.0,1.0,2,1.0,14.0,14.0,7.5,7.5,-0.8,-0.8,4.0,5.0,,4.5,4.5,4.5,4.5,4.5,0.0,= 4.5,= 4.5,= 4.5,,
Kraken,5195097-kraken,MM (2024),187.0,https://www.dndbeyond.com/monsters/5195097-kraken,Monstrosity,Gargantuan,generic,L,23.0,7,50000.0,10.0,0.0,8.0,6.0,4.0,5.0,17,7,15,6,11,5,0.0,0.0,0.0,0.0,1.0,1.0,0.0,0.0,1.0,0.0,0.0,0.0,1.0,0.0,0.0,1.0,1.0,1.0,1.0,0.0,1.0,1.0,0.0,1.0,1.0,1.0,1.0,1.0,14,1.0,18.0,18.0,481.0,601.0,10.2,10.2,17.0,17.0,23.0,206.33333,206.33333,218.0,218.0,183.0,0.0,= 2*24 + 23 + 2*24 + 3*33,= 2*24 + 23 + 2*24 + 3*33,= 2*24 + 2*18 + 3*33,,
Kraken,5195097-kraken,MM (2024),187.0,https://www.dndbeyond.com/monsters/5195097-kraken,Monstrosity,Gargantuan,generic,LL,24.0,7,62000.0,10.0,0.0,8.0,6.0,4.0,5.0,17,7,15,6,11,5,0.0,0.0,0.0,0.0,1.0,1.0,0.0,0.0,1.0,0.0,0.0,0.0,1.0,0.0,0.0,1.0,1.0,1.0,1.0,0.0,1.0,1.0,0.0,1.0,1.0,1.0,1.0,1.0,14,1.0,18.0,18.0,481.0,631.0,10.2,10.2,17.0,17.0,23.0,239.33333,239.33333,251.0,251.0,216.0,0.0,= 2*24 + 23 + 2*24 + 4*33,= 2*24 + 23 + 2*24 + 4*33,= 2*24 + 2*18 + 4*33,,
Kundarak Warden,5976754-kundarak-warden,EFotA,81.0,https://www.dndbeyond.com/monsters/5976754-kundarak-warden,Humanoid,Medium,generic,N,5.0,3,1400.0,2.0,1.0,3.0,3.0,1.0,0.0,2,1,6,3,1,0,0.0,0.0,0.0,0.0,0.0,0.0,0.0,0.0,0.0,0.0,0.0,0.0,0.0,0.0,0.0,1.0,1.0,1.0,1.0,1.0,1.0,1.0,1.0,1.0,1.0,1.0,1.0,1.0,1,1.0,14.0,19.0,82.5,82.5,2.2,6.2,6.0,8.0,14.0,27.0,34.0,27.0,27.0,27.0,21.0,= 2*13.5,= 2*13.5,= 2*13.5,= 3*7,Assumes +5 AC from Protective Magic (shield). Assumes +2 AB from Arcane Whip (prone). Assumes +7 DPR from Arcane Whip.
Kuo-toa,5195101-kuo-toa,MM (2024),189.0,https://www.dndbeyond.com/monsters/5195101-kuo-toa,Aberration,Medium,generic,N,0.25,2,37.0,1.0,0.0,0.0,0.0,0.0,-1.0,1,0,0,0,0,-1,0.0,0.0,0.0,0.0,0.0,0.0,0.0,0.0,0.0,0.0,0.0,0.0,0.0,0.0,0.0,1.0,1.0,1.0,1.0,1.0,1.0,1.0,1.0,1.0,1.0,1.0,1.0,1.0,0,1.0,13.0,13.0,18.0,18.0,0.0,0.0,3.0,3.0,11.0,5.5,5.5,5.5,5.5,5.5,0.0,= 5.5,= 5.5,= 5.5,,
Kuo-toa Archpriest,5195098-kuo-toa-archpriest,MM (2024),191.0,https://www.dndbeyond.com/monsters/5195098-kuo-toa-archpriest,Aberration,Medium,generic,N,6.0,3,2000.0,3.0,2.0,3.0,1.0,3.0,2.0,3,2,3,1,3,2,0.0,0.0,0.0,0.0,0.0,0.0,0.0,0.0,0.0,0.0,0.0,0.0,0.0,0.0,0.0,1.0,1.0,1.0,1.0,1.0,1.0,1.0,1.0,1.0,1.0,1.0,1.0,1.0,2,1.0,13.0,15.0,105.0,105.0,2.3,2.3,6.0,6.0,14.0,64.333336,64.333336,70.0,61.5,61.5,0.0,= 2*35,= 3*20.5,= 3*20.5,,Assumes +2 AC from Shield of Faith.
Kuo-toa Monitor,5195099-kuo-toa-monitor,MM (2024),190.0,https://www.dndbeyond.com/monsters/5195099-kuo-toa-monitor,Aberration,Medium,generic,N,3.0,2,600.0,3.0,0.0,2.0,1.0,2.0,0.0,3,0,2,1,2,0,0.0,0.0,0.0,0.0,0.0,0.0,0.0,0.0,0.0,0.0,0.0,0.0,0.0,0.0,0.0,1.0,1.0,1.0,1.0,1.0,1.0,1.0,1.0,1.0,1.0,1.0,1.0,1.0,0,1.0,13.0,13.0,65.0,65.0,1.3,1.3,5.0,5.0,,27.0,27.0,27.0,27.0,27.0,0.0,= 2*13.5,= 2*13.5,= 2*13.5,,
Kuo-toa Whip,5195100-kuo-toa-whip,MM (2024),190.0,https://www.dndbeyond.com/monsters/5195100-kuo-toa-whip,Aberration,Medium,generic,N,1.0,2,150.0,2.0,0.0,2.0,1.0,2.0,0.0,2,0,2,1,2,0,0.0,0.0,0.0,0.0,0.0,0.0,0.0,0.0,0.0,0.0,0.0,0.0,0.0,0.0,0.0,1.0,1.0,1.0,1.0,1.0,1.0,1.0,1.0,1.0,1.0,1.0,1.0,1.0,0,1.0,11.0,13.0,45.5,45.5,1.2,1.2,4.0,4.0,,9.5,9.5,9.5,9.5,9.5,0.0,= 9.5,= 9.5,= 9.5,,Assumes +2 AC from Shield of Faith.
Lacedon Ghoul,5195102-lacedon-ghoul,MM (2024),132.0,https://www.dndbeyond.com/monsters/5195102-lacedon-ghoul,Undead,Medium,generic,N,1.0,2,150.0,1.0,2.0,0.0,-2.0,0.0,-2.0,1,2,0,-2,0,-2,0.0,1.0,0.0,1.0,0.0,0.0,0.0,0.0,0.0,0.0,1.0,0.0,0.0,0.0,0.0,1.0,1.0,1.0,1.0,0.5,1.0,1.0,1.0,1.0,0.0,1.0,1.0,1.0,2,1.0,12.0,12.0,22.5,22.5,-0.2,-0.2,4.0,4.0,,18.0,18.0,18.0,18.0,18.0,0.0,= 2*9,= 2*9,= 2*9,,
Lamia,5195103-lamia,MM (2024),192.0,https://www.dndbeyond.com/monsters/5195103-lamia,Fiend,Large,generic,N,4.0,2,1000.0,3.0,1.0,2.0,2.0,2.0,3.0,3,1,2,2,2,3,0.0,0.0,0.0,0.0,0.0,0.0,0.0,0.0,0.0,0.0,0.0,0.0,0.0,0.0,0.0,1.0,1.0,1.0,1.0,1.0,1.0,1.0,1.0,1.0,1.0,1.0,1.0,1.0,1,1.0,13.0,13.0,97.5,117.0,2.2,2.2,5.0,5.0,13.0,28.0,28.0,28.0,28.0,28.0,0.0,= 14.5 + 13.5,= 14.5 + 13.5,= 14.5 + 13.5,,Assumes +20% HP from Corrupting Touch (charmed).
Larva,5195104-larva,MM (2024),193.0,https://www.dndbeyond.com/monsters/5195104-larva,Fiend,Medium,generic,N,0.0,2,7.0,-1.0,-1.0,0.0,-2.0,0.0,-4.0,-1,-1,0,-2,0,-4,0.0,0.0,0.0,0.0,0.0,0.0,0.0,0.0,0.0,0.0,0.0,0.0,0.0,0.0,0.0,1.0,1.0,1.0,1.0,1.0,1.0,1.0,1.0,1.0,1.0,1.0,1.0,1.0,-1,1.0,9.0,9.0,9.0,9.0,-1.3,-1.3,1.0,1.0,,1.5,1.5,1.5,1.5,1.5,0.0,= 1.5,= 1.5,= 1.5,,
Laurie Weathermay-Foxgrove,6491368-laurie-weathermay-foxgrove,RTHW,279.0,https://www.dndbeyond.com/monsters/6491368-laurie-weathermay-foxgrove,Humanoid,Medium,unique,N,3.0,2,600.0,3.0,1.0,2.0,0.0,2.0,0.0,3,1,2,0,2,0,0.0,0.0,0.0,0.0,0.0,0.0,0.0,0.0,0.0,0.0,0.0,0.0,0.0,0.0,0.0,1.0,1.0,1.0,1.0,1.0,1.0,1.0,1.0,1.0,1.0,1.0,1.0,1.0,1,1.0,16.0,16.0,65.0,81.5,1.3,1.3,6.0,6.0,,24.0,24.0,24.0,24.0,24.0,0.0,= 2*12,= 2*12,= 2*12,,Assumes +5.5 HPR from Deflect Blows.
Lemure,5195105-lemure,MM (2024),194.0,https://www.dndbeyond.com/monsters/5195105-lemure,Fiend,Medium,generic,N,0.0,2,7.0,0.0,-3.0,0.0,-5.0,0.0,-4.0,0,-3,0,-5,0,-4,0.0,1.0,0.0,0.0,1.0,0.0,0.0,0.0,0.0,0.0,1.0,0.0,0.0,0.0,0.0,1.0,1.0,1.0,1.0,0.5,0.0,1.0,1.0,1.0,0.0,1.0,1.0,1.0,-3,1.0,9.0,9.0,9.0,9.0,-2.0,-2.0,2.0,2.0,,2.5,2.5,2.5,2.5,2.5,0.0,= 2.5,= 2.5,= 2.5,,
Lesser Star Spawn Emissary,6491369-lesser-star-spawn-emissary,RTHW,267.0,https://www.dndbeyond.com/monsters/6491369-lesser-star-spawn-emissary,Aberration,Medium,generic,L,19.0,6,22000.0,5.0,4.0,7.0,7.0,5.0,6.0,5,4,7,13,11,12,0.0,1.0,0.0,1.0,1.0,0.0,0.0,0.0,0.0,0.0,0.0,0.0,0.0,0.0,0.0,1.0,1.0,1.0,0.5,1.0,1.0,0.5,1.0,0.5,1.0,0.5,1.0,1.0,10,1.0,19.0,19.0,241.5,331.5,8.7,8.7,11.0,11.0,21.0,174.5,209.40001,174.5,174.5,174.5,104.7,= 3*29.5 + 2*29.5 + 27,= 3*29.5 + 2*29.5 + 27,= 3*29.5 + 2*29.5 + 27,= SUM(BK399:BM399)*(1/5),Assumes +20% DPR from Warp Body (Stunned).
Lesser Star Spawn Emissary,6491369-lesser-star-spawn-emissary,RTHW,267.0,https://www.dndbeyond.com/monsters/6491369-lesser-star-spawn-emissary,Aberration,Medium,generic,LL,20.0,6,25000.0,5.0,4.0,7.0,7.0,5.0,6.0,5,4,7,13,11,12,0.0,1.0,0.0,1.0,1.0,0.0,0.0,0.0,0.0,0.0,0.0,0.0,0.0,0.0,0.0,1.0,1.0,1.0,0.5,1.0,1.0,0.5,1.0,0.5,1.0,0.5,1.0,1.0,10,1.0,19.0,19.0,241.5,361.5,8.7,8.7,11.0,11.0,21.0,204.0,244.8,204.0,204.0,204.0,122.4,= 3*29.5 + 3*29.5 + 27,= 3*29.5 + 3*29.5 + 27,= 3*29.5 + 3*29.5 + 27,= SUM(BK400:BM400)*(1/5),Assumes +20% DPR from Warp Body (Stunned).
Lich,5195106-lich,MM (2024),196.0,https://www.dndbeyond.com/monsters/5195106-lich,Undead,Medium,generic,L,21.0,7,33000.0,0.0,3.0,3.0,5.0,2.0,3.0,0,10,10,12,9,3,0.0,1.0,0.0,1.0,1.0,0.0,0.0,0.0,1.0,0.0,1.0,0.0,0.0,0.0,0.0,1.0,1.0,1.0,1.0,0.5,1.0,1.0,0.5,0.0,0.0,1.0,1.0,1.0,17,1.0,20.0,20.0,315.0,480.0,7.3,7.3,12.0,12.0,20.0,214.0,214.0,242.0,200.0,200.0,0.0,= 3*45 + 2*31.5 + 4*11,= 3*31 + 2*31.5 + 4*11,= 3*31 + 2*31.5 + 4*11,,Assumes +15 HPR from Protective Magic.
Lich,5195106-lich,MM (2024),196.0,https://www.dndbeyond.com/monsters/5195106-lich,Undead,Medium,generic,LL,22.0,7,41000.0,0.0,3.0,3.0,5.0,2.0,3.0,0,10,10,12,9,3,0.0,1.0,0.0,1.0,1.0,0.0,0.0,0.0,1.0,0.0,1.0,0.0,0.0,0.0,0.0,1.0,1.0,1.0,1.0,0.5,1.0,1.0,0.5,0.0,0.0,1.0,1.0,1.0,17,1.0,20.0,20.0,315.0,510.0,7.3,7.3,12.0,12.0,20.0,236.0,236.0,264.0,222.0,222.0,0.0,= 3*45 + 2*31.5 + 6*11,= 3*31 + 2*31.5 + 6*11,= 3*31 + 2*31.5 + 6*11,,Assumes +15 HPR from Protective Magic.
Lion,4775826-lion,MM (2024),364.0,https://www.dndbeyond.com/monsters/4775826-lion,Beast,Large,generic,N,1.0,2,150.0,3.0,2.0,0.0,-4.0,1.0,-1.0,3,2,0,-4,1,-1,0.0,0.0,0.0,0.0,0.0,0.0,0.0,0.0,0.0,0.0,0.0,0.0,0.0,0.0,0.0,1.0,1.0,1.0,1.0,1.0,1.0,1.0,1.0,1.0,1.0,1.0,1.0,1.0,2,1.0,12.0,12.0,22.0,22.0,0.2,0.2,5.0,6.0,,15.0,15.0,15.0,15.0,15.0,0.0,= 2*7.5,= 2*7.5,= 2*7.5,,
Living Cone of Cold,6719577-living-cone-of-cold,AU,146.0,https://www.dndbeyond.com/monsters/6719577-living-cone-of-cold,Construct,Large,generic,N,7.0,3,2600.0,0.0,2.0,5.0,-4.0,0.0,-2.0,0,2,5,-4,0,-2,1.0,1.0,1.0,1.0,1.0,1.0,0.0,0.0,0.0,0.0,1.0,1.0,1.0,0.0,0.0,1.0,1.0,1.0,1.0,0.0,1.0,1.0,1.0,1.0,1.0,1.0,1.0,1.0,2,1.0,15.0,17.0,105.0,105.0,0.2,4.2,8.0,8.0,16.0,60.666668,60.666668,72.0,55.0,55.0,0.0,= 2*36,= 2*27.5,= 2*27.5,,Assumes +2 AC from flying.
Living Thunderwave,6719578-living-thunderwave,AU,146.0,https://www.dndbeyond.com/monsters/6719578-living-thunderwave,Construct,Medium,generic,N,1.0,2,150.0,0.0,1.0,3.0,-4.0,-2.0,-2.0,0,1,3,-4,-2,-2,1.0,1.0,1.0,1.0,1.0,1.0,0.0,0.0,0.0,0.0,1.0,1.0,1.0,0.0,0.0,1.0,1.0,1.0,1.0,1.0,1.0,1.0,1.0,1.0,1.0,1.0,1.0,0.0,1,1.0,15.0,15.0,30.0,30.0,-0.7,3.3,5.0,5.0,13.0,10.333333,10.333333,18.0,6.5,6.5,0.0,= 2*9,= 6.5,= 6.5,,
Living Vitriolic Sphere,6719579-living-vitriolic-sphere,AU,146.0,https://www.dndbeyond.com/monsters/6719579-living-vitriolic-sphere,Construct,Large,generic,N,5.0,3,1400.0,0.0,2.0,4.0,-4.0,0.0,-2.0,0,2,4,-4,0,-2,1.0,1.0,1.0,1.0,1.0,1.0,0.0,0.0,0.0,0.0,1.0,1.0,1.0,0.0,0.0,1.0,1.0,1.0,0.0,1.0,1.0,1.0,1.0,1.0,1.0,1.0,1.0,1.0,2,1.0,15.0,17.0,76.0,76.0,0.0,4.0,7.0,7.0,15.0,53.666668,53.666668,75.0,43.0,43.0,0.0,= 2*(25 + 12.5),= 2*21.5,= 2*21.5,,Assumes +2 AC from flying.
Lizard,4775827-lizard,MM (2024),364.0,https://www.dndbeyond.com/monsters/4775827-lizard,Beast,Tiny,generic,N,0.0,2,7.0,-4.0,0.0,0.0,-5.0,-1.0,-4.0,-4,0,0,-5,-1,-4,0.0,0.0,0.0,0.0,0.0,0.0,0.0,0.0,0.0,0.0,0.0,0.0,0.0,0.0,0.0,1.0,1.0,1.0,1.0,1.0,1.0,1.0,1.0,1.0,1.0,1.0,1.0,1.0,0,1.0,10.0,10.0,2.5,2.5,-2.3,-2.3,2.0,2.0,,1.0,1.0,1.0,1.0,1.0,0.0,= 1,= 1,= 1,,
Lizardfolk Geomancer,5195107-lizardfolk-geomancer,MM (2024),197.0,https://www.dndbeyond.com/monsters/5195107-lizardfolk-geomancer,Elemental,Medium,generic,N,2.0,2,300.0,2.0,0.0,1.0,0.0,2.0,-1.0,2,0,1,0,2,-1,0.0,0.0,0.0,0.0,0.0,0.0,0.0,0.0,0.0,0.0,0.0,0.0,0.0,0.0,0.0,1.0,1.0,1.0,1.0,1.0,1.0,1.0,1.0,1.0,1.0,1.0,1.0,1.0,0,1.0,13.0,13.0,33.0,33.0,0.7,0.7,4.0,4.0,12.0,22.0,22.0,30.0,18.0,18.0,0.0,= 2*15,= 2*9,= 2*9,,
Lizardfolk Sovereign,5195108-lizardfolk-sovereign,MM (2024),197.0,https://www.dndbeyond.com/monsters/5195108-lizardfolk-sovereign,Elemental,Medium,generic,N,4.0,2,1000.0,3.0,1.0,2.0,0.0,0.0,2.0,3,1,4,0,2,2,0.0,0.0,0.0,0.0,1.0,0.0,0.0,0.0,0.0,0.0,0.0,0.0,0.0,0.0,0.0,1.0,1.0,1.0,1.0,1.0,1.0,1.0,1.0,1.0,1.0,1.0,1.0,1.0,1,1.0,15.0,15.0,78.0,103.5,2.0,2.0,5.0,5.0,,18.5,18.5,18.5,18.5,18.5,0.0,= 8.5 + 10,= 8.5 + 10,= 8.5 + 10,,
Lord Soth of Sithicus,6491370-lord-soth-of-sithicus,RTHW,158.0,https://www.dndbeyond.com/monsters/6491370-lord-soth-of-sithicus,Undead,Medium,unique,L,19.0,6,22000.0,6.0,0.0,5.0,1.0,3.0,5.0,6,6,5,1,9,11,0.0,0.0,0.0,1.0,1.0,0.0,0.0,0.0,0.0,0.0,1.0,0.0,0.0,0.0,0.0,1.0,1.0,1.0,1.0,1.0,1.0,1.0,1.0,0.0,0.0,1.0,1.0,1.0,6,1.0,18.0,18.0,228.0,318.0,6.3,10.3,12.0,12.0,19.0,128.66667,231.59999,146.0,120.0,120.0,308.8,= 2*49 + 2*24,= 3*24 + 2*24,= 3*24 + 2*24,= SUM(BK410:BM410)*(4/5),"Assumes +60% DPR from Soth's Command (Incapacitated), and +20% DPR from Banishment (Incapacitated)."
Lord Soth of Sithicus,6491370-lord-soth-of-sithicus,RTHW,158.0,https://www.dndbeyond.com/monsters/6491370-lord-soth-of-sithicus,Undead,Medium,unique,L,20.0,6,25000.0,6.0,0.0,5.0,1.0,3.0,5.0,6,6,5,1,9,11,0.0,0.0,0.0,1.0,1.0,0.0,0.0,0.0,0.0,0.0,1.0,0.0,0.0,0.0,0.0,1.0,1.0,1.0,1.0,1.0,1.0,1.0,1.0,0.0,0.0,1.0,1.0,1.0,6,1.0,18.0,18.0,228.0,348.0,6.3,10.3,12.0,12.0,19.0,152.66667,274.80002,170.0,144.0,144.0,366.4,= 2*49 + 3*24,= 3*24 + 3*24,= 3*24 + 3*24,= SUM(BK411:BM411)*(4/5),"Assumes +60% DPR from Soth's Command (Incapacitated), and +20% DPR from Banishment (Incapacitated)."
Loup Garou,6491371-loup-garou,RTHW,252.0,https://www.dndbeyond.com/monsters/6491371-loup-garou,Monstrosity,Medium,generic,L,13.0,5,10000.0,7.0,4.0,5.0,2.0,3.0,3.0,7,9,10,2,3,3,0.0,1.0,0.0,0.0,1.0,0.0,0.0,0.0,0.0,0.0,0.0,0.0,0.0,0.0,0.0,1.0,1.0,1.0,1.0,1.0,1.0,1.0,1.0,1.0,1.0,1.0,1.0,1.0,9,1.0,17.0,17.0,187.0,277.0,5.7,5.7,12.0,12.0,,124.5,124.5,124.5,124.5,124.5,0.0,= 30 + 21.5 + 30 + 2*21.5,= 30 + 21.5 + 30 + 2*21.5,= 30 + 21.5 + 30 + 2*21.5,,
Lyrandar Scion,5976755-lyrandar-scion,EFotA,82.0,https://www.dndbeyond.com/monsters/5976755-lyrandar-scion,Humanoid,Medium,generic,N,4.0,2,1000.0,1.0,3.0,1.0,1.0,2.0,4.0,3,5,1,1,2,4,0.0,0.0,0.0,0.0,0.0,0.0,0.0,0.0,0.0,0.0,0.0,0.0,0.0,0.0,0.0,1.0,1.0,1.0,1.0,1.0,1.0,1.0,0.5,1.0,1.0,1.0,1.0,0.5,3,1.0,13.0,13.0,60.5,60.5,2.7,2.7,6.0,6.0,14.0,58.0,58.0,58.0,58.0,58.0,0.0,= 2*20 + 2*9,= 2*20 + 2*9,= 2*20 + 2*9,,
Madam Eva,6491372-madam-eva,RTHW,253.0,https://www.dndbeyond.com/monsters/6491372-madam-eva,Humanoid,Medium,unique,N,10.0,4,5700.0,-1.0,0.0,2.0,3.0,5.0,4.0,-1,0,2,3,9,8,0.0,0.0,0.0,0.0,0.0,0.0,0.0,0.0,0.0,0.0,0.0,0.0,0.0,0.0,0.0,1.0,1.0,1.0,1.0,1.0,1.0,1.0,1.0,1.0,1.0,1.0,1.0,1.0,4,1.0,15.0,16.0,117.0,117.0,3.5,7.5,9.0,9.0,17.0,94.666664,113.6,98.0,93.0,93.0,56.8,= 2*49,= 3*31,= 3*31,= SUM(BK414:BM414)*(1/5),Assumes +1 AC from Apocalyptic Visions (Frightened). Assumes +20% DPR from Evil Eye (Paralyzed).
Mage,4831023-mage,MM (2024),199.0,https://www.dndbeyond.com/monsters/4831023-mage,Humanoid,Medium,generic,N,6.0,3,2000.0,-1.0,2.0,0.0,3.0,1.0,0.0,-1,2,0,6,4,0,0.0,0.0,0.0,0.0,0.0,0.0,0.0,0.0,0.0,0.0,0.0,0.0,0.0,0.0,0.0,1.0,1.0,1.0,1.0,1.0,1.0,1.0,1.0,1.0,1.0,1.0,1.0,1.0,2,1.0,15.0,20.0,81.0,81.0,1.8,1.8,6.0,6.0,14.0,66.0,66.0,72.0,63.0,63.0,0.0,= 2*36,= 2*31.5,= 2*31.5,,
Mage Apprentice,5195109-mage-apprentice,MM (2024),198.0,https://www.dndbeyond.com/monsters/5195109-mage-apprentice,Humanoid,Medium,generic,N,2.0,2,300.0,-1.0,2.0,1.0,3.0,1.0,0.0,-1,2,1,5,3,0,0.0,0.0,0.0,0.0,0.0,0.0,0.0,0.0,0.0,0.0,0.0,0.0,0.0,0.0,0.0,1.0,1.0,1.0,1.0,1.0,1.0,1.0,1.0,1.0,1.0,1.0,1.0,1.0,2,1.0,15.0,15.0,49.5,49.5,1.7,1.7,5.0,5.0,13.0,17.166666,17.166666,18.0,19.5,14.0,0.0,= 2*9,= 5.5 + 2*7,= 14,,
Magma Mephit,5195110-magma-mephit,MM (2024),207.0,https://www.dndbeyond.com/monsters/5195110-magma-mephit,Elemental,Small,generic,N,0.5,2,75.0,-1.0,1.0,1.0,-2.0,0.0,0.0,-1,1,1,-2,0,0,0.0,0.0,0.0,1.0,0.0,0.0,0.0,0.0,0.0,0.0,1.0,0.0,0.0,0.0,0.0,1.0,1.0,1.0,1.0,2.0,0.0,1.0,1.0,1.0,0.0,1.0,1.0,1.0,1,1.0,11.0,11.0,18.0,18.0,-0.2,-0.2,3.0,3.0,11.0,9.333333,11.666667,14.0,7.0,7.0,7.0,= 2*7,= 7,= 7,= 7,
Magmin,5195111-magmin,MM (2024),200.0,https://www.dndbeyond.com/monsters/5195111-magmin,Elemental,Small,generic,N,0.5,2,75.0,-2.0,2.0,1.0,-1.0,0.0,0.0,-2,2,1,-1,0,0,0.0,0.0,0.0,0.0,0.0,0.0,0.0,0.0,0.0,0.0,0.0,0.0,0.0,0.0,0.0,1.0,1.0,1.0,1.0,1.0,0.0,1.0,1.0,1.0,1.0,1.0,1.0,1.0,2,1.0,14.0,14.0,13.5,13.5,0.0,0.0,4.0,4.0,,7.0,11.666667,7.0,7.0,7.0,14.0,= 7,= 7,= 7,= 2*7,
Mammoth,5195112-mammoth,MM (2024),365.0,https://www.dndbeyond.com/monsters/5195112-mammoth,Beast,Huge,generic,N,6.0,3,2000.0,7.0,-1.0,5.0,-4.0,0.0,-2.0,10,-1,8,-4,0,-2,0.0,0.0,0.0,0.0,0.0,0.0,0.0,0.0,0.0,0.0,0.0,0.0,0.0,0.0,0.0,1.0,1.0,1.0,1.0,1.0,1.0,1.0,1.0,1.0,1.0,1.0,1.0,1.0,2,1.0,13.0,13.0,126.5,126.5,1.8,1.8,10.0,10.0,18.0,45.666668,45.666668,65.0,36.0,36.0,0.0,= 2*18 + 29,= 2*18,= 2*18,,
Manes,5195114-manes,MM (2024),201.0,https://www.dndbeyond.com/monsters/5195114-manes,Fiend,Small,generic,N,0.125,2,19.0,0.0,-1.0,1.0,-4.0,-1.0,-3.0,0,-1,1,-4,-1,-3,0.0,1.0,0.0,0.0,1.0,0.0,0.0,0.0,0.0,0.0,1.0,0.0,0.0,0.0,0.0,1.0,1.0,1.0,1.0,0.5,0.5,1.0,0.5,1.0,0.0,1.0,1.0,1.0,-1,1.0,9.0,9.0,9.0,9.0,-1.3,-1.3,2.0,2.0,,5.0,5.0,5.0,5.0,5.0,0.0,= 5,= 5,= 5,,
Manes Vaporspawn,5195113-manes-vaporspawn,MM (2024),201.0,https://www.dndbeyond.com/monsters/5195113-manes-vaporspawn,Fiend,Medium,generic,N,1.0,2,150.0,2.0,1.0,2.0,-3.0,-1.0,-4.0,2,1,2,-3,-1,-4,0.0,1.0,0.0,1.0,1.0,1.0,0.0,0.0,0.0,0.0,1.0,0.0,1.0,0.0,0.0,1.0,1.0,1.0,1.0,0.5,0.5,1.0,0.5,1.0,0.0,1.0,1.0,1.0,1,1.0,13.0,17.0,19.5,23.4,-0.5,3.5,4.0,8.0,,10.5,10.5,10.5,10.5,10.5,0.0,= 10.5,= 10.5,= 10.5,,Assumes +20% HP from Sickening Vapors (incapacitated). Assumes +4 AC from Shadow Stealth. Assumes +4 SB from Shadow Stealth. Assumes +4 AB from Shadow Stealth.
Manshoon,5900664-manshoon,FRAiF,265.0,https://www.dndbeyond.com/monsters/5900664-manshoon,Humanoid,Medium,unique,N,13.0,5,10000.0,0.0,2.0,2.0,6.0,2.0,3.0,0,2,2,11,7,3,0.0,1.0,0.0,0.0,0.0,0.0,0.0,0.0,0.0,0.0,0.0,0.0,0.0,0.0,0.0,1.0,1.0,1.0,1.0,1.0,1.0,1.0,1.0,1.0,1.0,0.0,1.0,1.0,7,1.0,15.0,20.0,214.5,214.5,4.2,8.2,11.0,11.0,,96.0,96.0,96.0,96.0,96.0,0.0,= 3*32,= 3*32,= 3*32,,Assumes +5 AC from Protective Magic (shield).
Manticore,5195115-manticore,MM (2024),202.0,https://www.dndbeyond.com/monsters/5195115-manticore,Monstrosity,Large,generic,N,3.0,2,600.0,3.0,3.0,3.0,-2.0,1.0,-1.0,3,3,3,-2,1,-1,0.0,0.0,0.0,0.0,0.0,0.0,0.0,0.0,0.0,0.0,0.0,0.0,0.0,0.0,0.0,1.0,1.0,1.0,1.0,1.0,1.0,1.0,1.0,1.0,1.0,1.0,1.0,1.0,3,1.0,14.0,14.0,68.0,68.0,1.2,1.2,5.0,5.0,,22.5,22.5,22.5,22.5,22.5,0.0,= 3*7.5,= 3*7.5,= 3*7.5,,
Marid,5195116-marid,MM (2024),203.0,https://www.dndbeyond.com/monsters/5195116-marid,Elemental,Large,generic,N,11.0,4,6800.0,6.0,1.0,8.0,4.0,3.0,4.0,6,5,8,4,3,8,0.0,0.0,0.0,0.0,0.0,0.0,0.0,0.0,0.0,0.0,0.0,0.0,0.0,0.0,0.0,1.0,1.0,1.0,0.5,0.5,1.0,1.0,0.5,1.0,1.0,1.0,1.0,1.0,5,1.0,17.0,19.0,229.5,229.5,5.7,5.7,10.0,10.0,18.0,72.0,72.0,72.0,72.0,72.0,0.0,= 3*24,= 3*24,= 3*24,,Assumes +2 AC from Misty Veil and Blindsight.
Marilith,5195117-marilith,MM (2024),204.0,https://www.dndbeyond.com/monsters/5195117-marilith,Fiend,Large,generic,N,16.0,5,15000.0,4.0,5.0,5.0,4.0,3.0,5.0,9,5,10,4,8,10,0.0,0.0,0.0,0.0,0.0,0.0,0.0,0.0,0.0,0.0,1.0,0.0,0.0,0.0,0.0,1.0,1.0,1.0,1.0,0.5,0.5,1.0,0.5,1.0,0.0,1.0,1.0,1.0,10,1.0,16.0,20.0,220.5,220.5,7.7,11.7,10.0,10.0,17.0,120.0,120.0,120.0,120.0,120.0,0.0,= 6*17.5 + 15,= 6*17.5 + 15,= 6*17.5 + 15,,Assumes +4 AC from Parry.
Mastiff,4775828-mastiff,MM (2024),365.0,https://www.dndbeyond.com/monsters/4775828-mastiff,Beast,Medium,generic,N,0.125,2,19.0,1.0,2.0,1.0,-4.0,1.0,-2.0,1,2,1,-4,3,-2,0.0,0.0,0.0,0.0,0.0,0.0,0.0,0.0,0.0,0.0,0.0,0.0,0.0,0.0,0.0,1.0,1.0,1.0,1.0,1.0,1.0,1.0,1.0,1.0,1.0,1.0,1.0,1.0,2,1.0,12.0,12.0,5.5,5.5,0.2,0.2,3.0,3.0,,4.5,4.5,4.5,4.5,4.5,0.0,= 4.5,= 4.5,= 4.5,,
Medani Inquisitive,5976756-medani-inquisitive,EFotA,82.0,https://www.dndbeyond.com/monsters/5976756-medani-inquisitive,Humanoid,Medium,generic,N,3.0,2,600.0,2.0,0.0,2.0,2.0,3.0,2.0,2,0,4,2,5,2,0.0,0.0,0.0,0.0,0.0,0.0,0.0,0.0,0.0,0.0,0.0,0.0,0.0,0.0,0.0,1.0,1.0,1.0,1.0,1.0,1.0,1.0,1.0,1.0,1.0,1.0,1.0,1.0,0,1.0,14.0,15.0,45.5,45.5,2.5,2.5,4.0,6.0,,19.5,33.5,19.5,19.5,19.5,42.0,= 3*6.5,= 3*6.5,= 3*6.5,= 6*7,Assumes +1 AC from Spontaneous Barrier. Assumes +2 AB from Crooked Staff (prone). Assumes +14 DPR from Crooked Staff.
Medusa,5195118-medusa,MM (2024),205.0,https://www.dndbeyond.com/monsters/5195118-medusa,Monstrosity,Medium,generic,N,6.0,3,2000.0,0.0,3.0,3.0,1.0,1.0,2.0,0,3,3,1,4,2,0.0,0.0,0.0,0.0,0.0,0.0,0.0,0.0,0.0,0.0,0.0,0.0,0.0,0.0,0.0,1.0,1.0,1.0,1.0,1.0,1.0,1.0,1.0,1.0,1.0,1.0,1.0,1.0,6,1.0,15.0,17.0,127.5,127.5,2.2,2.2,6.0,8.0,13.0,39.5,39.5,39.5,39.5,39.5,0.0,= 2*10 + 19.5,= 2*10 + 19.5,= 2*10 + 19.5,,Assumes +2 AC from Petrifying Gaze (restrained). Assumes +2 AB from Petrifying Gaze (restrained).
Merfolk Skirmisher,5195119-merfolk-skirmisher,MM (2024),209.0,https://www.dndbeyond.com/monsters/5195119-merfolk-skirmisher,Elemental,Medium,generic,N,0.125,2,19.0,0.0,1.0,1.0,0.0,2.0,1.0,0,1,1,0,2,1,0.0,0.0,0.0,0.0,0.0,0.0,0.0,0.0,0.0,0.0,0.0,0.0,0.0,0.0,0.0,1.0,1.0,1.0,1.0,1.0,1.0,1.0,1.0,1.0,1.0,1.0,1.0,1.0,1,1.0,11.0,11.0,11.0,11.0,0.8,0.8,2.0,2.0,,6.0,6.0,6.0,6.0,6.0,0.0,= 6,= 6,= 6,,
Merfolk Wavebender,5195120-merfolk-wavebender,MM (2024),209.0,https://www.dndbeyond.com/monsters/5195120-merfolk-wavebender,Elemental,Medium,generic,N,6.0,3,2000.0,0.0,4.0,2.0,1.0,4.0,2.0,0,7,5,1,7,5,0.0,0.0,0.0,0.0,0.0,0.0,0.0,0.0,0.0,0.0,0.0,0.0,0.0,0.0,0.0,1.0,1.0,1.0,1.0,0.5,1.0,1.0,1.0,1.0,1.0,1.0,1.0,1.0,4,1.0,14.0,14.0,97.5,97.5,4.2,4.2,7.0,7.0,15.0,55.0,55.0,55.0,55.0,55.0,0.0,= 2*20.5 + 14,= 2*20.5 + 14,= 2*20.5 + 14,,
Merrow,5195121-merrow,MM (2024),210.0,https://www.dndbeyond.com/monsters/5195121-merrow,Monstrosity,Large,generic,N,2.0,2,300.0,4.0,2.0,2.0,-1.0,0.0,-1.0,4,2,2,-1,0,-1,0.0,0.0,0.0,0.0,0.0,0.0,0.0,0.0,0.0,0.0,0.0,0.0,0.0,0.0,0.0,1.0,1.0,1.0,1.0,1.0,1.0,1.0,1.0,1.0,1.0,1.0,1.0,1.0,2,1.0,13.0,13.0,45.0,45.0,1.0,1.0,6.0,6.0,,22.0,22.0,22.0,22.0,22.0,0.0,= 2*11,= 2*11,= 2*11,,
Mezzoloth,5195122-mezzoloth,MM (2024),211.0,https://www.dndbeyond.com/monsters/5195122-mezzoloth,Fiend,Medium,generic,N,5.0,3,1400.0,4.0,0.0,3.0,-2.0,2.0,0.0,4,0,3,-2,2,0,0.0,0.0,0.0,0.0,0.0,0.0,0.0,0.0,0.0,0.0,1.0,0.0,0.0,0.0,0.0,1.0,1.0,1.0,0.0,0.5,0.5,1.0,0.5,1.0,0.0,1.0,1.0,1.0,3,1.0,18.0,18.0,75.0,75.0,1.2,5.2,7.0,7.0,13.0,40.333332,40.333332,45.0,38.0,38.0,0.0,= 2*22.5,= 2*19,= 2*19,,
Mi-Go,6491373-mi-go,RTHW,254.0,https://www.dndbeyond.com/monsters/6491373-mi-go,Aberration,Medium,generic,N,9.0,4,4500.0,5.0,2.0,3.0,5.0,2.0,1.0,5,6,3,9,6,1,0.0,1.0,0.0,0.0,1.0,0.0,0.0,0.0,0.0,0.0,0.0,0.0,0.0,0.0,0.0,1.0,1.0,1.0,0.5,1.0,1.0,1.0,0.5,1.0,1.0,1.0,1.0,1.0,6,1.0,16.0,16.0,120.0,120.0,5.0,9.0,9.0,9.0,17.0,79.0,79.0,79.0,79.0,79.0,0.0,= 2*39.5,= 2*39.5,= 2*39.5,,
Mimic,5195123-mimic,MM (2024),212.0,https://www.dndbeyond.com/monsters/5195123-mimic,Monstrosity,Medium,generic,N,2.0,2,300.0,3.0,1.0,2.0,-3.0,1.0,-1.0,3,1,2,-3,1,-1,0.0,0.0,0.0,0.0,0.0,0.0,0.0,0.0,0.0,0.0,0.0,1.0,0.0,0.0,0.0,1.0,1.0,1.0,0.0,1.0,1.0,1.0,1.0,1.0,1.0,1.0,1.0,1.0,3,1.0,12.0,12.0,58.5,58.5,0.5,0.5,5.0,8.0,,15.0,15.0,12.0,16.5,16.5,0.0,= 12,= 16.5,= 16.5,,Assumes +3 AB from Bite (advantage).
Mind Flayer,5195125-mind-flayer,MM (2024),214.0,https://www.dndbeyond.com/monsters/5195125-mind-flayer,Aberration,Medium,generic,N,7.0,3,2600.0,0.0,1.0,1.0,4.0,3.0,3.0,0,4,1,7,6,6,0.0,0.0,0.0,0.0,0.0,0.0,0.0,0.0,0.0,0.0,0.0,0.0,0.0,0.0,0.0,1.0,1.0,1.0,1.0,1.0,1.0,1.0,1.0,1.0,1.0,0.5,1.0,1.0,4,1.0,15.0,15.0,99.0,120.0,4.0,8.0,7.0,7.0,15.0,46.333332,46.333332,62.0,22.0,55.0,0.0,= 2*31,= 22,= 55,,Assumes +3*7 HP from Tentacles and Mind Blast (stunned).
Mind Flayer Arcanist,5195124-mind-flayer-arcanist,MM (2024),214.0,https://www.dndbeyond.com/monsters/5195124-mind-flayer-arcanist,Aberration,Medium,generic,N,11.0,4,6800.0,0.0,2.0,1.0,5.0,3.0,3.0,0,6,1,9,7,7,0.0,1.0,0.0,0.0,1.0,0.0,0.0,0.0,0.0,0.0,0.0,0.0,0.0,0.0,0.0,1.0,1.0,1.0,1.0,1.0,1.0,1.0,1.0,1.0,1.0,0.0,1.0,1.0,6,1.0,16.0,19.0,143.0,173.0,5.0,9.0,9.0,9.0,17.0,95.0,95.0,123.0,81.0,81.0,0.0,= 3*41,= 3*27,= 3*27,,Assumes =3*10 HP from Mind Burst (stunned). Assumes +3 AC from Shield (2/Day).
Minotaur of Baphomet,5195126-minotaur-of-baphomet,MM (2024),215.0,https://www.dndbeyond.com/monsters/5195126-minotaur-of-baphomet,Monstrosity,Large,generic,N,3.0,2,600.0,4.0,0.0,3.0,-2.0,3.0,-1.0,4,0,3,-2,3,-1,0.0,0.0,0.0,0.0,0.0,0.0,0.0,0.0,0.0,0.0,0.0,0.0,0.0,0.0,0.0,1.0,1.0,1.0,1.0,1.0,1.0,1.0,1.0,1.0,1.0,1.0,1.0,1.0,0,1.0,14.0,14.0,85.0,85.0,1.2,1.2,6.0,6.0,,23.5,23.5,28.5,21.0,21.0,0.0,= 28.5,= 21,= 21,,
Minotaur Skeleton,5195127-minotaur-skeleton,MM (2024),283.0,https://www.dndbeyond.com/monsters/5195127-minotaur-skeleton,Undead,Large,generic,N,2.0,2,300.0,4.0,0.0,2.0,-2.0,-1.0,-3.0,4,0,2,-2,-1,-3,0.0,0.0,0.0,1.0,0.0,0.0,0.0,0.0,0.0,0.0,1.0,0.0,0.0,0.0,0.0,2.0,1.0,1.0,1.0,1.0,1.0,1.0,1.0,1.0,0.0,1.0,1.0,1.0,0,1.0,12.0,12.0,45.0,45.0,0.0,0.0,6.0,6.0,,16.666666,16.666666,20.0,15.0,15.0,0.0,= 20,= 15,= 15,,
Mist Horror,6491374-mist-horror,RTHW,255.0,https://www.dndbeyond.com/monsters/6491374-mist-horror,Undead,Large,generic,N,3.0,2,600.0,-5.0,2.0,1.0,-2.0,1.0,3.0,-5,2,1,-2,1,3,0.0,1.0,0.0,1.0,1.0,1.0,0.0,0.0,1.0,1.0,1.0,1.0,1.0,0.0,1.0,0.5,0.5,0.5,1.0,1.0,1.0,1.0,1.0,1.0,0.0,1.0,1.0,1.0,2,2.0,13.0,17.0,45.5,91.0,0.0,4.0,5.0,5.0,13.0,17.0,17.0,17.0,17.0,17.0,0.0,= 2*8.5,= 2*8.5,= 2*8.5,,Assumes +4 AC from One with the Mists (Invisible). Assumes +4 SB from One with the Mists (Invisible).
Mist Wanderer,6491375-mist-wanderer,RTHW,256.0,https://www.dndbeyond.com/monsters/6491375-mist-wanderer,Humanoid,Medium,generic,N,3.0,2,600.0,0.0,2.0,2.0,1.0,3.0,1.0,0,2,2,1,3,1,0.0,0.0,0.0,0.0,0.0,0.0,0.0,0.0,0.0,0.0,0.0,0.0,0.0,0.0,0.0,1.0,1.0,1.0,1.0,1.0,1.0,1.0,1.0,1.0,1.0,1.0,1.0,1.0,2,1.0,13.0,13.0,52.0,62.0,1.5,1.5,5.0,5.0,13.0,28.166666,28.166666,28.5,28.0,28.0,0.0,= 14 + 14.5,= 2*14,= 2*14,,Assumes +10 HP from Evil Eye (Hold Person).
Modron Duodrone,5195128-modron-duodrone,MM (2024),217.0,https://www.dndbeyond.com/monsters/5195128-modron-duodrone,Construct,Medium,generic,N,0.25,2,37.0,0.0,1.0,1.0,-2.0,0.0,-2.0,0,1,1,-2,0,-2,0.0,1.0,0.0,0.0,0.0,0.0,0.0,0.0,0.0,0.0,0.0,0.0,0.0,0.0,0.0,1.0,1.0,1.0,1.0,1.0,1.0,1.0,1.0,1.0,1.0,1.0,1.0,1.0,1,1.0,15.0,15.0,11.0,11.0,-0.3,-0.3,3.0,3.0,,9.0,9.0,9.0,9.0,9.0,0.0,= 2*4.5,= 2*4.5,= 2*4.5,,
Modron Monodrone,5195129-modron-monodrone,MM (2024),216.0,https://www.dndbeyond.com/monsters/5195129-modron-monodrone,Construct,Medium,generic,N,0.125,2,19.0,0.0,2.0,1.0,-3.0,0.0,-3.0,0,2,1,-3,0,-3,0.0,1.0,0.0,0.0,0.0,0.0,0.0,0.0,0.0,0.0,0.0,0.0,0.0,0.0,0.0,1.0,1.0,1.0,1.0,1.0,1.0,1.0,1.0,1.0,1.0,1.0,1.0,1.0,2,1.0,15.0,15.0,5.5,5.5,-0.5,-0.5,4.0,4.0,,6.5,6.5,6.5,6.5,6.5,0.0,= 6.5,= 6.5,= 6.5,,
Modron Pentadrone,5195130-modron-pentadrone,MM (2024),218.0,https://www.dndbeyond.com/monsters/5195130-modron-pentadrone,Construct,Large,generic,N,2.0,2,300.0,2.0,2.0,1.0,0.0,0.0,1.0,2,2,1,0,0,1,0.0,1.0,0.0,0.0,0.0,0.0,0.0,0.0,0.0,0.0,0.0,0.0,0.0,0.0,0.0,1.0,1.0,1.0,1.0,1.0,1.0,1.0,1.0,1.0,1.0,1.0,1.0,1.0,2,1.0,16.0,16.0,32.5,32.5,1.0,1.0,4.0,4.0,11.0,27.5,27.5,27.5,27.5,27.5,0.0,= 5*5.5,= 5*5.5,= 5*5.5,,
Modron Quadrone,5195131-modron-quadrone,MM (2024),218.0,https://www.dndbeyond.com/monsters/5195131-modron-quadrone,Construct,Medium,generic,N,1.0,2,150.0,1.0,2.0,1.0,0.0,0.0,0.0,1,2,1,0,0,0,0.0,1.0,0.0,0.0,0.0,0.0,0.0,0.0,0.0,0.0,0.0,0.0,0.0,0.0,0.0,1.0,1.0,1.0,1.0,1.0,1.0,1.0,1.0,1.0,1.0,1.0,1.0,1.0,2,1.0,16.0,20.0,22.0,22.0,0.7,0.7,4.0,4.0,,18.0,18.0,18.0,18.0,18.0,0.0,= 4*4.5,= 4*4.5,= 4*4.5,,Assumes +4 AC from flying.
Modron Tridrone,5195132-modron-tridrone,MM (2024),217.0,https://www.dndbeyond.com/monsters/5195132-modron-tridrone,Construct,Medium,generic,N,0.5,2,75.0,1.0,1.0,1.0,-1.0,0.0,-1.0,1,1,1,-1,0,-1,0.0,1.0,0.0,0.0,0.0,0.0,0.0,0.0,0.0,0.0,0.0,0.0,0.0,0.0,0.0,1.0,1.0,1.0,1.0,1.0,1.0,1.0,1.0,1.0,1.0,1.0,1.0,1.0,1,1.0,15.0,15.0,16.5,16.5,0.2,0.2,3.0,3.0,,13.5,13.5,13.5,13.5,13.5,0.0,= 3*4.5,= 3*4.5,= 3*4.5,,
Mordenheim’s Monster,6491376-mordenheims-monster,RTHW,257.0,https://www.dndbeyond.com/monsters/6491376-mordenheims-monster,Construct,Medium,generic,N,12.0,4,8200.0,6.0,3.0,4.0,2.0,0.0,-3.0,10,7,4,2,0,-3,0.0,1.0,0.0,1.0,1.0,0.0,0.0,0.0,1.0,1.0,1.0,0.0,0.0,0.0,0.0,0.5,0.5,0.5,1.0,1.0,1.0,1.0,0.0,1.0,0.0,1.0,1.0,1.0,7,1.25,18.0,18.0,161.5,201.9,3.3,7.3,10.0,12.0,18.0,80.0,80.0,80.0,80.0,80.0,0.0,= 2*20 + 2*13 + 14,= 2*20 + 2*13 + 14,= 2*20 + 2*13 + 14,,Assumes +2 AB from Violent Leap (Prone).
Mother Lorinda,6491377-mother-lorinda,RTHW,166.0,https://www.dndbeyond.com/monsters/6491377-mother-lorinda,Fey,Medium,unique,L,8.0,3,3500.0,4.0,1.0,3.0,1.0,3.0,2.0,7,4,6,1,6,2,0.0,0.0,0.0,0.0,0.0,0.0,0.0,0.0,0.0,0.0,0.0,0.0,0.0,0.0,0.0,1.0,1.0,1.0,1.0,1.0,1.0,1.0,1.0,1.0,1.0,1.0,1.0,1.0,7,1.0,18.0,18.0,105.0,165.0,4.3,4.3,7.0,7.0,14.0,72.666664,87.200005,78.0,70.0,70.0,43.6,= 36 + 3*14,= 2*14 + 3*14,= 2*14 + 3*14,= SUM(BK447:BM447)*(1/5),Assumes +20% DPR Charm Person (Charmed).
Mother Lorinda,6491377-mother-lorinda,RTHW,166.0,https://www.dndbeyond.com/monsters/6491377-mother-lorinda,Fey,Medium,unique,LD,9.0,4,4500.0,4.0,1.0,3.0,1.0,3.0,2.0,7,4,6,1,6,2,0.0,0.0,0.0,0.0,0.0,0.0,0.0,0.0,0.0,0.0,0.0,0.0,0.0,0.0,0.0,1.0,1.0,1.0,1.0,1.0,1.0,1.0,1.0,1.0,1.0,1.0,1.0,1.0,7,1.0,18.0,18.0,105.0,185.0,4.3,4.3,7.0,7.0,14.0,86.666664,104.0,92.0,84.0,84.0,52.0,= 36 + 4*14,= 2*14 + 4*14,= 2*14 + 4*14,= SUM(BK448:BM448)*(1/5),Assumes +20% DPR Charm Person (Charmed).
Mud Mephit,5195133-mud-mephit,MM (2024),207.0,https://www.dndbeyond.com/monsters/5195133-mud-mephit,Elemental,Small,generic,N,0.25,2,37.0,-1.0,1.0,1.0,-1.0,0.0,-2.0,-1,1,1,-1,0,-2,0.0,0.0,0.0,1.0,0.0,0.0,0.0,0.0,0.0,0.0,1.0,0.0,0.0,0.0,0.0,1.0,1.0,1.0,1.0,1.0,1.0,1.0,1.0,1.0,0.0,1.0,1.0,1.0,1,1.0,11.0,11.0,13.5,13.5,-0.3,-0.3,3.0,3.0,,4.5,4.5,4.5,4.5,4.5,0.0,= 4.5,= 4.5,= 4.5,,
Mule,4775829-mule,MM (2024),365.0,https://www.dndbeyond.com/monsters/4775829-mule,Beast,Medium,generic,N,0.125,2,19.0,2.0,0.0,1.0,-4.0,0.0,-3.0,4,0,1,-4,0,-3,0.0,0.0,0.0,0.0,0.0,0.0,0.0,0.0,0.0,0.0,0.0,0.0,0.0,0.0,0.0,1.0,1.0,1.0,1.0,1.0,1.0,1.0,1.0,1.0,1.0,1.0,1.0,1.0,0,1.0,10.0,10.0,11.0,11.0,-0.3,-0.3,4.0,4.0,,4.5,4.5,4.5,4.5,4.5,0.0,= 4.5,= 4.5,= 4.5,,
Mummy,5195135-mummy,MM (2024),219.0,https://www.dndbeyond.com/monsters/5195135-mummy,Undead,Medium,generic,N,3.0,2,600.0,3.0,-1.0,2.0,-2.0,1.0,1.0,3,-1,2,-2,3,1,0.0,1.0,0.0,1.0,1.0,0.0,0.0,0.0,1.0,0.0,1.0,0.0,0.0,0.0,0.0,1.0,1.0,1.0,1.0,1.0,2.0,1.0,1.0,0.0,0.0,1.0,1.0,1.0,-1,1.0,11.0,12.0,58.5,58.5,1.0,1.0,5.0,5.0,11.0,38.0,38.0,38.0,38.0,38.0,0.0,= 2*19,= 2*19,= 2*19,,Assumes +1 AC from Dreadful Glare.
Mummy Lord,5195134-mummy-lord,MM (2024),221.0,https://www.dndbeyond.com/monsters/5195134-mummy-lord,Undead,Medium,generic,L,15.0,5,13000.0,4.0,0.0,3.0,0.0,4.0,3.0,4,0,3,5,9,3,0.0,1.0,0.0,1.0,1.0,0.0,0.0,0.0,1.0,0.0,1.0,0.0,0.0,0.0,0.0,1.0,1.0,1.0,1.0,1.0,2.0,1.0,1.0,0.0,0.0,1.0,1.0,1.0,10,1.0,17.0,19.0,187.5,388.5,4.0,8.0,9.0,9.0,17.0,126.5,126.5,126.5,126.5,126.5,0.0,= 25.5 + 25 + 2*25.5 + 25,= 25.5 + 25 + 2*25.5 + 25,= 25.5 + 25 + 2*25.5 + 25,,Assumes +40% HP from Dreadful Glare (paralyzed). Assumes +2 AC from Whirlwind of Sand.
Mummy Lord,5195134-mummy-lord,MM (2024),221.0,https://www.dndbeyond.com/monsters/5195134-mummy-lord,Undead,Medium,generic,LL,16.0,5,15000.0,4.0,0.0,3.0,0.0,4.0,3.0,4,0,3,5,9,3,0.0,1.0,0.0,1.0,1.0,0.0,0.0,0.0,1.0,0.0,1.0,0.0,0.0,0.0,0.0,1.0,1.0,1.0,1.0,1.0,2.0,1.0,1.0,0.0,0.0,1.0,1.0,1.0,10,1.0,17.0,19.0,187.5,430.5,4.0,8.0,9.0,9.0,17.0,152.0,152.0,152.0,152.0,152.0,0.0,= 25.5 + 25 + 3*25.5 + 25,= 25.5 + 25 + 3*25.5 + 25,= 25.5 + 25 + 3*25.5 + 25,,Assumes +40% HP from Dreadful Glare (paralyzed). Assumes +2 AC from Whirlwind of Sand.
Myconid Adult,5195136-myconid-adult,MM (2024),223.0,https://www.dndbeyond.com/monsters/5195136-myconid-adult,Plant,Medium,generic,N,0.5,2,75.0,0.0,0.0,1.0,0.0,1.0,-2.0,0,0,1,0,1,-2,0.0,0.0,0.0,0.0,0.0,0.0,0.0,0.0,0.0,0.0,0.0,0.0,0.0,0.0,0.0,1.0,1.0,1.0,1.0,1.0,1.0,1.0,1.0,1.0,1.0,1.0,1.0,1.0,0,1.0,12.0,12.0,16.5,16.5,0.0,0.0,2.0,2.0,,8.0,8.0,8.0,8.0,8.0,0.0,= 8,= 8,= 8,,
Myconid Sovereign,5195137-myconid-sovereign,MM (2024),223.0,https://www.dndbeyond.com/monsters/5195137-myconid-sovereign,Plant,Large,generic,N,2.0,2,300.0,1.0,0.0,2.0,1.0,2.0,0.0,1,0,2,1,2,0,0.0,0.0,0.0,0.0,0.0,0.0,0.0,0.0,0.0,0.0,0.0,0.0,0.0,0.0,0.0,1.0,1.0,1.0,1.0,1.0,1.0,1.0,1.0,1.0,1.0,1.0,1.0,1.0,0,1.0,13.0,13.0,45.0,54.0,1.0,1.0,3.0,6.0,12.0,11.0,11.0,11.0,11.0,11.0,0.0,= 11,= 11,= 11,,Assumes +20% HP from Pacifying Spores (stunned). Assumes +3 AB from Pacifying Spores (stunned).
Myconid Spore Servant,5195138-myconid-spore-servant,MM (2024),223.0,https://www.dndbeyond.com/monsters/5195138-myconid-spore-servant,Plant,Medium,generic,N,1.0,2,150.0,3.0,1.0,3.0,-4.0,-2.0,-5.0,3,1,3,-4,-2,-5,1.0,1.0,0.0,0.0,1.0,0.0,0.0,0.0,1.0,0.0,1.0,0.0,0.0,0.0,0.0,1.0,1.0,1.0,1.0,1.0,1.0,1.0,1.0,1.0,0.0,1.0,1.0,1.0,1,1.0,13.0,13.0,37.5,37.5,-0.7,-0.7,5.0,5.0,,9.0,9.0,9.0,9.0,9.0,0.0,= 9,= 9,= 9,,
Myconid Sprout,5195139-myconid-sprout,MM (2024),222.0,https://www.dndbeyond.com/monsters/5195139-myconid-sprout,Plant,Small,generic,N,0.0,2,7.0,-1.0,0.0,0.0,-1.0,0.0,-3.0,-1,0,0,-1,0,-3,0.0,0.0,0.0,0.0,0.0,0.0,0.0,0.0,0.0,0.0,0.0,0.0,0.0,0.0,0.0,1.0,1.0,1.0,1.0,1.0,1.0,1.0,1.0,1.0,1.0,1.0,1.0,1.0,0,1.0,10.0,10.0,3.5,3.5,-0.8,-0.8,1.0,1.0,,4.0,4.0,4.0,4.0,4.0,0.0,= 4,= 4,= 4,,
Nalfeshnee,5195140-nalfeshnee,MM (2024),224.0,https://www.dndbeyond.com/monsters/5195140-nalfeshnee,Fiend,Large,generic,N,13.0,5,10000.0,5.0,0.0,6.0,4.0,1.0,2.0,5,0,11,9,6,7,0.0,0.0,0.0,0.0,1.0,0.0,0.0,0.0,0.0,0.0,1.0,0.0,0.0,0.0,0.0,1.0,1.0,1.0,1.0,0.5,0.5,1.0,0.5,1.0,0.0,1.0,1.0,1.0,5,1.0,18.0,18.0,184.0,184.0,6.3,10.3,10.0,10.0,15.0,99.666664,99.666664,137.0,81.0,81.0,0.0,= 3*27 + 2*28,= 3*27,= 3*27,,
Necrichor,6491378-necrichor,RTHW,258.0,https://www.dndbeyond.com/monsters/6491378-necrichor,Undead,Medium,generic,N,7.0,3,2600.0,-1.0,3.0,4.0,3.0,1.0,0.0,-1,3,7,6,4,0,1.0,1.0,1.0,1.0,1.0,1.0,0.0,0.0,1.0,0.0,1.0,1.0,1.0,0.0,0.0,1.0,1.0,1.0,0.5,1.0,1.0,1.0,1.0,0.5,0.0,1.0,1.0,1.0,3,1.0,14.0,16.0,85.0,125.0,3.2,3.2,6.0,6.0,15.0,46.0,46.0,46.0,46.0,46.0,0.0,= 2*23,= 2*23,= 2*23,,Assumes +2 AC from Necrotic Burst (Poisoned).
Necromancer Archmage,6719580-necromancer-archmage,AU,139.0,https://www.dndbeyond.com/monsters/6719580-necromancer-archmage,Humanoid,Medium,generic,N,15.0,5,13000.0,0.0,3.0,1.0,5.0,2.0,3.0,0,3,6,10,7,3,0.0,0.0,0.0,0.0,0.0,0.0,0.0,0.0,0.0,0.0,0.0,0.0,0.0,0.0,0.0,1.0,1.0,1.0,1.0,1.0,1.0,1.0,1.0,0.5,1.0,1.0,1.0,1.0,8,1.0,16.0,21.0,225.5,225.5,4.8,8.8,10.0,10.0,18.0,112.0,112.0,135.0,100.5,100.5,0.0,= 3*45,= 3*21.5 + 36,= 3*21.5 + 36,,Assumes +5 AC from Protective Magic (Shield).
Needle Blight,5195141-needle-blight,MM (2024),43.0,https://www.dndbeyond.com/monsters/5195141-needle-blight,Plant,Medium,generic,N,0.25,2,37.0,1.0,1.0,1.0,-3.0,-1.0,-4.0,1,1,1,-3,-1,-4,0.0,0.0,1.0,0.0,0.0,0.0,0.0,0.0,0.0,0.0,0.0,0.0,0.0,0.0,0.0,1.0,1.0,1.0,1.0,1.0,1.0,1.0,1.0,1.0,1.0,1.0,1.0,1.0,1,1.0,12.0,12.0,16.5,16.5,-0.8,-0.8,3.0,3.0,,6.0,6.0,6.0,6.0,6.0,0.0,= 6,= 6,= 6,,
Night Hag,5195142-night-hag,MM (2024),225.0,https://www.dndbeyond.com/monsters/5195142-night-hag,Fiend,Medium,generic,N,5.0,3,1400.0,4.0,2.0,3.0,3.0,2.0,3.0,4,2,3,3,2,3,0.0,1.0,0.0,0.0,0.0,0.0,0.0,0.0,0.0,0.0,0.0,0.0,0.0,0.0,0.0,1.0,1.0,1.0,1.0,0.5,0.5,1.0,1.0,1.0,1.0,1.0,1.0,1.0,5,1.0,17.0,17.0,112.5,112.5,2.8,6.8,7.0,7.0,,26.0,26.0,26.0,26.0,26.0,0.0,= 2*13,= 2*13,= 2*13,,
Nightgaunt,6491379-nightgaunt,RTHW,259.0,https://www.dndbeyond.com/monsters/6491379-nightgaunt,Aberration,Large,generic,N,8.0,3,3500.0,3.0,5.0,3.0,1.0,3.0,0.0,3,8,3,1,6,0,1.0,0.0,1.0,1.0,0.0,0.0,0.0,0.0,0.0,0.0,0.0,0.0,0.0,0.0,0.0,1.0,1.0,1.0,1.0,1.0,1.0,1.0,0.5,1.0,0.5,0.5,1.0,1.0,8,1.0,16.0,18.0,136.0,136.0,3.5,3.5,8.0,8.0,16.0,49.0,58.8,49.0,49.0,49.0,29.4,= 2*24.5,= 2*24.5,= 2*24.5,= SUM(BK463:BM463)*(1/5),Assumes +2 AC from flying with Flyby. Assumes +20% DPR from Tickle (Incapacitated).
Nightmare,5195143-nightmare,MM (2024),226.0,https://www.dndbeyond.com/monsters/5195143-nightmare,Fiend,Large,generic,N,3.0,2,600.0,4.0,2.0,3.0,0.0,1.0,2.0,4,2,3,0,1,2,0.0,0.0,0.0,0.0,0.0,0.0,0.0,0.0,0.0,0.0,0.0,0.0,0.0,0.0,0.0,1.0,1.0,1.0,1.0,1.0,0.0,1.0,1.0,1.0,1.0,1.0,1.0,1.0,2,1.0,13.0,13.0,68.0,68.0,2.0,2.0,6.0,6.0,,23.5,23.5,23.5,23.5,23.5,0.0,= 23.5,= 23.5,= 23.5,,
Nimblewright Guard,5900665-nimblewright-guard,FRAiF,266.0,https://www.dndbeyond.com/monsters/5900665-nimblewright-guard,Construct,Medium,generic,N,3.0,2,600.0,1.0,4.0,3.0,-1.0,1.0,-2.0,1,6,3,-1,1,-2,0.0,1.0,0.0,1.0,0.0,0.0,0.0,0.0,1.0,1.0,1.0,0.0,0.0,0.0,0.0,1.0,1.0,1.0,1.0,1.0,1.0,1.0,1.0,1.0,0.0,0.0,1.0,1.0,6,1.0,16.0,17.0,67.5,67.5,1.3,3.3,6.0,6.0,,25.5,25.5,25.5,25.5,25.5,0.0,= 3*8.5,= 3*8.5,= 3*8.5,,Assumes +1 AC from Parry. Assumes +2 SB from Evasion.
Nimblewright Hulk,5900666-nimblewright-hulk,FRAiF,267.0,https://www.dndbeyond.com/monsters/5900666-nimblewright-hulk,Construct,Large,generic,N,7.0,3,2600.0,4.0,4.0,4.0,0.0,1.0,-2.0,7,7,4,0,1,-2,0.0,1.0,0.0,1.0,0.0,0.0,0.0,0.0,1.0,1.0,1.0,0.0,0.0,0.0,0.0,1.0,1.0,1.0,1.0,1.0,1.0,1.0,1.0,1.0,0.0,0.0,1.0,1.0,7,1.0,18.0,18.0,104.5,104.5,2.8,8.8,7.0,7.0,,60.0,60.0,60.0,60.0,60.0,0.0,= 4*15,= 4*15,= 4*15,,"Assumes +2 SB from Evasion, and +4 SB from Magic Resistance."
Nimblewright Steed,5900667-nimblewright-steed,FRAiF,267.0,https://www.dndbeyond.com/monsters/5900667-nimblewright-steed,Construct,Large,generic,N,2.0,2,300.0,3.0,4.0,4.0,-2.0,0.0,-2.0,3,6,4,-2,0,-2,0.0,1.0,0.0,1.0,0.0,0.0,0.0,0.0,1.0,1.0,1.0,0.0,0.0,0.0,0.0,1.0,1.0,1.0,1.0,1.0,1.0,1.0,1.0,1.0,0.0,0.0,1.0,1.0,6,1.0,16.0,20.0,47.5,47.5,1.5,3.5,6.0,6.0,,12.0,12.0,12.0,12.0,12.0,0.0,= 12,= 12,= 12,,Assumes +4 AC from Disengage and 60 ft speed (flying). Assumes +2 SB from Evasion.
Noble,5195145-noble,MM (2024),227.0,https://www.dndbeyond.com/monsters/5195145-noble,Humanoid,Medium,generic,N,0.125,2,19.0,0.0,1.0,0.0,1.0,2.0,3.0,0,1,0,1,2,3,0.0,0.0,0.0,0.0,0.0,0.0,0.0,0.0,0.0,0.0,0.0,0.0,0.0,0.0,0.0,1.0,1.0,1.0,1.0,1.0,1.0,1.0,1.0,1.0,1.0,1.0,1.0,1.0,1,1.0,15.0,16.0,9.0,9.0,1.2,1.2,3.0,3.0,,5.5,5.5,5.5,5.5,5.5,0.0,= 5.5,= 5.5,= 5.5,,Assumes +1 AC from Parry.
Noble Prodigy,5195144-noble-prodigy,MM (2024),227.0,https://www.dndbeyond.com/monsters/5195144-noble-prodigy,Humanoid,Medium,generic,N,10.0,4,5700.0,-1.0,3.0,1.0,2.0,2.0,4.0,-1,7,5,2,6,8,0.0,0.0,0.0,0.0,0.0,0.0,0.0,0.0,0.0,0.0,0.0,0.0,0.0,0.0,0.0,1.0,1.0,1.0,1.0,1.0,1.0,1.0,1.0,1.0,1.0,1.0,1.0,1.0,7,1.0,16.0,20.0,148.5,207.9,4.5,4.5,8.0,8.0,,54.0,54.0,54.0,54.0,54.0,0.0,= 3*18,= 3*18,= 3*18,,Assumes +40% HP from Beguiling Strike (charmed). Assumes +4 AC from Shield (2/Day).
Nothic,5195146-nothic,MM (2024),228.0,https://www.dndbeyond.com/monsters/5195146-nothic,Aberration,Medium,generic,N,2.0,2,300.0,2.0,3.0,3.0,1.0,0.0,-1.0,2,3,3,1,0,-1,0.0,0.0,0.0,0.0,0.0,0.0,0.0,0.0,0.0,0.0,0.0,0.0,0.0,0.0,0.0,1.0,1.0,1.0,1.0,1.0,1.0,1.0,1.0,1.0,1.0,1.0,1.0,1.0,3,1.0,15.0,15.0,45.0,45.0,1.3,1.3,5.0,5.0,13.0,17.5,17.5,17.5,17.5,17.5,0.0,= 17.5,= 17.5,= 17.5,,
Nycaloth,5195147-nycaloth,MM (2024),229.0,https://www.dndbeyond.com/monsters/5195147-nycaloth,Fiend,Large,generic,N,9.0,4,4500.0,5.0,0.0,4.0,1.0,0.0,2.0,5,0,4,1,0,2,0.0,0.0,0.0,0.0,0.0,0.0,0.0,0.0,0.0,0.0,1.0,0.0,0.0,0.0,0.0,1.0,1.0,1.0,0.0,0.5,0.5,1.0,0.5,1.0,0.0,1.0,1.0,1.0,4,1.0,18.0,22.0,152.0,152.0,2.0,10.0,9.0,11.0,,57.0,57.0,57.0,57.0,57.0,0.0,= 2*28.5,= 2*28.5,= 2*28.5,,Assumes +4 AC from Shadowy Teleport (invisible). Assumes +4 SB from Shadowy Teleport (invisible). Assumes +2 AB from Shadowy Teleport (invisible).
Ochre Jelly,5195148-ochre-jelly,MM (2024),230.0,https://www.dndbeyond.com/monsters/5195148-ochre-jelly,Ooze,Large,generic,N,2.0,2,300.0,2.0,-2.0,2.0,-4.0,-2.0,-5.0,2,-2,2,-4,-2,-5,0.0,1.0,1.0,1.0,1.0,1.0,0.0,0.0,0.0,0.0,0.0,1.0,1.0,0.0,0.0,1.0,1.0,0.0,0.5,1.0,1.0,1.0,0.0,1.0,1.0,1.0,1.0,1.0,-2,1.0,8.0,8.0,52.5,52.5,-1.5,-1.5,4.0,4.0,,29.166666,29.166666,12.5,25.0,50.0,0.0,= 1*12.5,= 2*12.5,= 4*12.5,,
Octopus,4775830-octopus,MM (2024),365.0,https://www.dndbeyond.com/monsters/4775830-octopus,Beast,Small,generic,N,0.0,2,7.0,-3.0,2.0,0.0,-4.0,0.0,-3.0,-3,2,0,-4,0,-3,0.0,0.0,0.0,0.0,0.0,0.0,0.0,0.0,0.0,0.0,0.0,0.0,0.0,0.0,0.0,1.0,1.0,1.0,1.0,1.0,1.0,1.0,1.0,1.0,1.0,1.0,1.0,1.0,2,1.0,12.0,14.0,3.5,3.5,-1.3,-1.3,4.0,4.0,,1.0,1.0,1.0,1.0,1.0,0.0,= 1,= 1,= 1,,Assumes +2 from Ink Cloud.
Ogre,4904825-ogre,MM (2024),231.0,https://www.dndbeyond.com/monsters/4904825-ogre,Giant,Large,generic,N,2.0,2,300.0,4.0,-1.0,3.0,-3.0,-2.0,-2.0,4,-1,3,-3,-2,-2,0.0,0.0,0.0,0.0,0.0,0.0,0.0,0.0,0.0,0.0,0.0,0.0,0.0,0.0,0.0,1.0,1.0,1.0,1.0,1.0,1.0,1.0,1.0,1.0,1.0,1.0,1.0,1.0,-1,1.0,11.0,11.0,68.0,68.0,-0.2,-0.2,6.0,6.0,,13.0,13.0,13.0,13.0,13.0,0.0,= 13,= 13,= 13,,
Ogre Zombie,5174956-ogre-zombie,MM (2024),346.0,https://www.dndbeyond.com/monsters/5174956-ogre-zombie,Undead,Large,generic,N,2.0,2,300.0,4.0,-2.0,4.0,-4.0,-2.0,-3.0,4,-2,4,-4,0,-3,0.0,0.0,0.0,1.0,0.0,0.0,0.0,0.0,0.0,0.0,1.0,0.0,0.0,0.0,0.0,1.0,1.0,1.0,1.0,1.0,1.0,1.0,1.0,1.0,0.0,1.0,1.0,1.0,-2,1.0,8.0,8.0,85.5,92.5,-0.2,-0.2,6.0,6.0,,13.0,13.0,13.0,13.0,13.0,0.0,= 13,= 13,= 13,,
Ogrillon Ogre,5195149-ogrillon-ogre,MM (2024),231.0,https://www.dndbeyond.com/monsters/5195149-ogrillon-ogre,Giant,Large,generic,N,1.0,2,150.0,3.0,0.0,2.0,-2.0,-1.0,0.0,3,0,2,-2,-1,0,0.0,0.0,0.0,0.0,0.0,0.0,0.0,0.0,0.0,0.0,0.0,0.0,0.0,0.0,0.0,1.0,1.0,1.0,1.0,1.0,1.0,1.0,1.0,1.0,1.0,1.0,1.0,1.0,0,1.0,12.0,12.0,52.5,52.5,0.3,0.3,5.0,5.0,,7.5,7.5,7.5,7.5,7.5,0.0,= 7.5,= 7.5,= 7.5,,
Oni,5195150-oni,MM (2024),232.0,https://www.dndbeyond.com/monsters/5195150-oni,Fiend,Large,generic,N,7.0,3,2600.0,4.0,0.0,3.0,2.0,1.0,2.0,4,3,6,2,4,5,0.0,0.0,0.0,0.0,0.0,0.0,0.0,0.0,0.0,0.0,0.0,0.0,0.0,0.0,0.0,1.0,1.0,1.0,1.0,0.5,1.0,1.0,1.0,1.0,1.0,1.0,1.0,1.0,0,1.0,17.0,21.0,119.0,149.0,4.0,8.0,7.0,9.0,13.0,39.0,39.0,39.0,39.0,39.0,0.0,= 2*19.5,= 2*19.5,= 2*19.5,,Assumes +4 AC from Invisibility. Assumes +4 SB from Invisibility. Assumes +2 AB from Invisibility.
Orien Enforcer,5976757-orien-enforcer,EFotA,83.0,https://www.dndbeyond.com/monsters/5976757-orien-enforcer,Humanoid,Medium,generic,N,4.0,2,1000.0,1.0,4.0,1.0,3.0,2.0,0.0,1,6,1,3,4,0,0.0,0.0,0.0,0.0,0.0,0.0,0.0,0.0,0.0,0.0,0.0,0.0,0.0,0.0,0.0,1.0,1.0,1.0,1.0,1.0,1.0,1.0,1.0,1.0,1.0,1.0,1.0,1.0,6,1.0,16.0,16.0,55.0,55.0,2.5,2.5,6.0,6.0,13.0,51.666668,51.666668,59.0,48.0,48.0,0.0,= 2*16 + 2*13.5,= 3*16,= 3*16,,
Otyugh,5195151-otyugh,MM (2024),233.0,https://www.dndbeyond.com/monsters/5195151-otyugh,Aberration,Large,generic,N,5.0,3,1400.0,3.0,0.0,4.0,-2.0,1.0,-2.0,3,0,7,-2,1,-2,0.0,0.0,0.0,0.0,0.0,0.0,0.0,0.0,0.0,0.0,0.0,0.0,0.0,0.0,0.0,1.0,1.0,1.0,1.0,1.0,1.0,1.0,1.0,1.0,1.0,1.0,1.0,1.0,0,1.0,14.0,14.0,104.5,118.5,1.2,1.2,6.0,6.0,14.0,35.0,35.0,36.0,36.0,33.0,0.0,= 12 + 2*12,= 12 + 2*12,= 2*16.5,,Assumes +2*7 HP from Tentacle Slam (stunned).
Owl,4775831-owl,MM (2024),366.0,https://www.dndbeyond.com/monsters/4775831-owl,Beast,Tiny,generic,N,0.0,2,7.0,-4.0,1.0,-1.0,-4.0,1.0,-2.0,-4,1,-1,-4,1,-2,0.0,0.0,0.0,0.0,0.0,0.0,0.0,0.0,0.0,0.0,0.0,0.0,0.0,0.0,0.0,1.0,1.0,1.0,1.0,1.0,1.0,1.0,1.0,1.0,1.0,1.0,1.0,1.0,1,1.0,11.0,13.0,1.5,1.5,-1.5,-1.5,3.0,3.0,,1.0,1.0,1.0,1.0,1.0,0.0,= 1,= 1,= 1,,Assumes +2 AC from Flying with Flyby.
Owlbear,5195152-owlbear,MM (2024),234.0,https://www.dndbeyond.com/monsters/5195152-owlbear,Monstrosity,Large,generic,N,3.0,2,600.0,5.0,1.0,3.0,-4.0,1.0,-2.0,5,1,3,-4,1,-2,0.0,0.0,0.0,0.0,0.0,0.0,0.0,0.0,0.0,0.0,0.0,0.0,0.0,0.0,0.0,1.0,1.0,1.0,1.0,1.0,1.0,1.0,1.0,1.0,1.0,1.0,1.0,1.0,1,1.0,13.0,13.0,59.5,59.5,0.7,0.7,7.0,7.0,,28.0,28.0,28.0,28.0,28.0,0.0,= 2*14,= 2*14,= 2*14,,
Panther,4775832-panther,MM (2024),366.0,https://www.dndbeyond.com/monsters/4775832-panther,Beast,Medium,generic,N,0.25,2,37.0,2.0,3.0,0.0,-4.0,2.0,-2.0,2,3,0,-4,2,-2,0.0,0.0,0.0,0.0,0.0,0.0,0.0,0.0,0.0,0.0,0.0,0.0,0.0,0.0,0.0,1.0,1.0,1.0,1.0,1.0,1.0,1.0,1.0,1.0,1.0,1.0,1.0,1.0,3,1.0,13.0,17.0,13.5,13.5,0.2,4.2,4.0,8.0,,6.5,6.5,6.5,6.5,6.5,0.0,= 6.5,= 6.5,= 6.5,,Assumes +4 AC from Nimble Escape. Assumes +4 SB from Nimble Escape. Assumes +4 AB from Nimble Escape.
Pegasus,5195153-pegasus,MM (2024),235.0,https://www.dndbeyond.com/monsters/5195153-pegasus,Celestial,Large,generic,N,2.0,2,300.0,4.0,2.0,3.0,0.0,2.0,1.0,4,4,5,0,4,3,0.0,0.0,0.0,0.0,0.0,0.0,0.0,0.0,0.0,0.0,0.0,0.0,0.0,0.0,0.0,1.0,1.0,1.0,1.0,1.0,1.0,1.0,1.0,1.0,1.0,1.0,1.0,1.0,2,1.0,12.0,12.0,59.5,59.5,3.3,3.3,6.0,6.0,,12.5,12.5,12.5,12.5,12.5,0.0,= 12.5,= 12.5,= 12.5,,
Performer,5195156-performer,MM (2024),236.0,https://www.dndbeyond.com/monsters/5195156-performer,Humanoid,Medium,generic,N,0.5,2,75.0,1.0,3.0,1.0,1.0,2.0,3.0,1,5,1,1,2,5,0.0,0.0,0.0,0.0,0.0,0.0,0.0,0.0,0.0,0.0,0.0,0.0,0.0,0.0,0.0,1.0,1.0,1.0,1.0,1.0,1.0,1.0,1.0,1.0,1.0,1.0,1.0,1.0,3,1.0,13.0,13.0,27.5,33.5,2.5,2.5,5.0,5.0,,6.5,6.5,6.5,6.5,6.5,0.0,= 6.5,= 6.5,= 6.5,,Assumes +2 HPR from Uncanny Dodge.
Performer Legend,5195154-performer-legend,MM (2024),237.0,https://www.dndbeyond.com/monsters/5195154-performer-legend,Humanoid,Medium,generic,N,10.0,4,5700.0,1.0,5.0,2.0,2.0,3.0,5.0,1,9,2,6,7,9,0.0,0.0,0.0,0.0,0.0,0.0,0.0,0.0,0.0,0.0,0.0,0.0,0.0,0.0,0.0,1.0,1.0,1.0,1.0,1.0,1.0,1.0,1.0,1.0,1.0,1.0,1.0,1.0,9,1.0,20.0,20.0,162.5,201.5,5.7,5.7,9.0,9.0,17.0,61.5,61.5,61.5,61.5,61.5,0.0,= 3*20.5,= 3*20.5,= 3*20.5,,Assumes +13 HPR from Warding Charm.
Performer Maestro,5195155-performer-maestro,MM (2024),237.0,https://www.dndbeyond.com/monsters/5195155-performer-maestro,Humanoid,Medium,generic,N,6.0,3,2000.0,1.0,4.0,2.0,1.0,2.0,4.0,1,7,2,1,2,7,0.0,0.0,0.0,0.0,0.0,0.0,0.0,0.0,0.0,0.0,0.0,0.0,0.0,0.0,0.0,1.0,1.0,1.0,1.0,1.0,1.0,1.0,1.0,1.0,1.0,1.0,1.0,1.0,7,1.0,18.0,18.0,110.5,124.5,3.3,3.3,7.0,7.0,,44.666668,44.666668,41.0,46.5,46.5,0.0,= 2*20.5,= 3*15.5,= 3*15.5,,Assumes +2*7 HP from Beguiling Song (charmed).
Peryton,5195157-peryton,MM (2024),238.0,https://www.dndbeyond.com/monsters/5195157-peryton,Monstrosity,Medium,generic,N,2.0,2,300.0,3.0,1.0,1.0,-1.0,1.0,0.0,3,1,1,-1,1,0,0.0,0.0,0.0,0.0,0.0,0.0,0.0,0.0,0.0,0.0,0.0,0.0,0.0,0.0,0.0,1.0,1.0,1.0,1.0,1.0,1.0,1.0,1.0,1.0,1.0,1.0,1.0,1.0,3,1.0,13.0,17.0,33.0,33.0,0.8,0.8,5.0,5.0,,24.5,24.5,24.5,24.5,24.5,0.0,= 16.5 + 8,= 16.5 + 8,= 16.5 + 8,,Assumes +4 AC from flying with Flyby.
Petrifying Death’s Head,6491380-petrifying-deaths-head,RTHW,243.0,https://www.dndbeyond.com/monsters/6491380-petrifying-deaths-head,Undead,Tiny,generic,N,1.0,2,150.0,-1.0,1.0,1.0,-3.0,2.0,-4.0,-1,1,3,-3,2,-4,0.0,0.0,0.0,1.0,0.0,0.0,0.0,0.0,0.0,0.0,1.0,0.0,0.0,0.0,0.0,1.0,1.0,1.0,1.0,1.0,1.0,1.0,1.0,0.5,0.0,1.0,1.0,1.0,1,1.0,16.0,20.0,21.0,31.0,-0.3,-0.3,3.0,3.0,11.0,7.0,7.0,7.0,7.0,7.0,0.0,= 7,= 7,= 7,,"Assumes +10 HP from Petrifying Bite (Petrified). Assumes +2 AC from flying with Flyby, and +2 AC from Petrifying Bite (Restrained)."
Phaerimm Agent,5900668-phaerimm-agent,FRAiF,269.0,https://www.dndbeyond.com/monsters/5900668-phaerimm-agent,Aberration,Large,generic,N,8.0,3,3500.0,1.0,4.0,1.0,3.0,3.0,4.0,1,4,4,6,6,7,0.0,1.0,0.0,0.0,0.0,0.0,0.0,0.0,0.0,0.0,0.0,0.0,0.0,0.0,0.0,1.0,1.0,1.0,1.0,1.0,1.0,1.0,1.0,1.0,1.0,1.0,1.0,1.0,4,1.0,15.0,24.0,123.5,123.5,4.7,8.7,7.0,7.0,,61.5,61.5,61.5,61.5,61.5,0.0,= 3*20.5,= 3*20.5,= 3*20.5,,"Assumes +5 AC from Protective Magic (shield), +4 AC from flying + Teleport. Assumes +4 SB from Magic Resistance."
Phaerimm Hatchling,5900669-phaerimm-hatchling,FRAiF,268.0,https://www.dndbeyond.com/monsters/5900669-phaerimm-hatchling,Aberration,Small,generic,N,0.25,2,37.0,0.0,1.0,1.0,2.0,3.0,2.0,0,1,1,2,3,2,0.0,1.0,0.0,0.0,0.0,0.0,0.0,0.0,0.0,0.0,0.0,0.0,0.0,0.0,0.0,1.0,1.0,1.0,1.0,1.0,1.0,1.0,1.0,1.0,1.0,1.0,1.0,1.0,1,1.0,12.0,12.0,13.5,13.5,1.5,5.5,3.0,3.0,,3.5,3.5,3.5,3.5,3.5,0.0,= 3.5,= 3.5,= 3.5,,Assumes +4 SB from Magic Resistance.
Phase Spider,5195158-phase-spider,MM (2024),239.0,https://www.dndbeyond.com/monsters/5195158-phase-spider,Monstrosity,Large,generic,N,3.0,2,600.0,2.0,3.0,1.0,-2.0,0.0,-2.0,2,3,1,-2,0,-2,0.0,0.0,0.0,0.0,0.0,0.0,0.0,0.0,0.0,0.0,0.0,0.0,0.0,0.0,0.0,1.0,1.0,1.0,1.0,1.0,1.0,1.0,1.0,1.0,1.0,1.0,1.0,1.0,3,1.0,14.0,14.0,45.5,45.5,0.3,0.3,5.0,5.0,,35.0,35.0,35.0,35.0,35.0,0.0,= 2*17.5,= 2*17.5,= 2*17.5,,
Piercer,5195159-piercer,MM (2024),240.0,https://www.dndbeyond.com/monsters/5195159-piercer,Aberration,Medium,generic,N,0.5,2,75.0,1.0,1.0,3.0,-5.0,-2.0,-4.0,1,1,3,-5,-2,-4,0.0,0.0,0.0,0.0,0.0,0.0,0.0,0.0,0.0,0.0,0.0,0.0,0.0,0.0,0.0,1.0,1.0,1.0,1.0,1.0,1.0,1.0,1.0,1.0,1.0,1.0,1.0,1.0,3,1.0,15.0,15.0,22.5,22.5,-1.0,-1.0,3.0,3.0,11.0,7.1666665,7.1666665,10.5,5.5,5.5,0.0,= 10.5,= 5.5,= 5.5,,
Piranha,5195160-piranha,MM (2024),366.0,https://www.dndbeyond.com/monsters/5195160-piranha,Beast,Tiny,generic,N,0.0,2,7.0,-4.0,3.0,-1.0,-5.0,-2.0,-4.0,-4,3,-1,-5,-2,-4,0.0,0.0,0.0,0.0,0.0,0.0,0.0,0.0,0.0,0.0,0.0,0.0,0.0,0.0,0.0,1.0,1.0,1.0,1.0,1.0,1.0,1.0,1.0,1.0,1.0,1.0,1.0,1.0,3,1.0,13.0,13.0,1.5,1.5,-2.2,-2.2,5.0,8.0,,1.0,1.0,1.0,1.0,1.0,0.0,= 1,= 1,= 1,,Assumes +3 AB from Bite (advantage).
Pirate,4904830-pirate,MM (2024),241.0,https://www.dndbeyond.com/monsters/4904830-pirate,Humanoid,Medium,generic,N,1.0,2,150.0,0.0,3.0,1.0,-1.0,1.0,2.0,0,5,1,-1,1,4,0.0,0.0,0.0,0.0,0.0,0.0,0.0,0.0,0.0,0.0,0.0,0.0,0.0,0.0,0.0,1.0,1.0,1.0,1.0,1.0,1.0,1.0,1.0,1.0,1.0,1.0,1.0,1.0,5,1.0,14.0,14.0,33.0,33.0,1.7,1.7,5.0,5.0,12.0,11.0,11.0,11.0,11.0,11.0,0.0,= 2*5.5,= 2*5.5,= 2*5.5,,
Pirate Admiral,5195161-pirate-admiral,MM (2024),242.0,https://www.dndbeyond.com/monsters/5195161-pirate-admiral,Humanoid,Medium,generic,N,12.0,4,8200.0,2.0,6.0,2.0,1.0,2.0,4.0,6,10,2,1,6,8,0.0,0.0,0.0,0.0,0.0,0.0,0.0,0.0,0.0,0.0,0.0,0.0,0.0,0.0,0.0,1.0,1.0,1.0,1.0,1.0,1.0,1.0,1.0,1.0,1.0,1.0,1.0,1.0,10,1.0,20.0,22.0,182.0,182.0,5.5,5.5,10.0,10.0,,84.0,84.0,84.0,84.0,84.0,0.0,= 3*28,= 3*28,= 3*28,,Assumes +2 AC from Defensive Stance.
Pirate Captain,4904838-pirate-captain,MM (2024),242.0,https://www.dndbeyond.com/monsters/4904838-pirate-captain,Humanoid,Medium,generic,N,6.0,3,2000.0,0.0,4.0,2.0,0.0,2.0,3.0,3,7,2,0,5,6,0.0,0.0,0.0,0.0,0.0,0.0,0.0,0.0,0.0,0.0,0.0,0.0,0.0,0.0,0.0,1.0,1.0,1.0,1.0,1.0,1.0,1.0,1.0,1.0,1.0,1.0,1.0,1.0,7,1.0,17.0,19.0,84.5,101.4,3.8,3.8,7.0,9.0,14.0,39.0,43.333332,39.0,39.0,39.0,13.0,= 3*13,= 3*13,= 3*13,= 13,Assumes +20% HP from Captain's Charm (charmed). Assumes +2 AC from Riposte. Assumes +2 AB from Rapier (advantage). Assumes +13 damage from Riposte.
Pit Fiend,5195162-pit-fiend,MM (2024),243.0,https://www.dndbeyond.com/monsters/5195162-pit-fiend,Fiend,Large,generic,L,20.0,6,25000.0,8.0,2.0,7.0,6.0,4.0,7.0,8,8,7,6,10,7,0.0,0.0,0.0,0.0,0.0,0.0,0.0,0.0,0.0,0.0,1.0,0.0,0.0,0.0,0.0,1.0,1.0,1.0,1.0,0.5,0.0,1.0,1.0,1.0,0.0,1.0,1.0,1.0,14,1.0,21.0,21.0,337.5,457.5,7.7,11.7,14.0,14.0,21.0,137.83333,137.83333,140.0,133.5,140.0,0.0,= 4*35,= 18.5 + 2*26 + 21 + 2*21,= 4*35,,
Pixie,5195164-pixie,MM (2024),244.0,https://www.dndbeyond.com/monsters/5195164-pixie,Fey,Tiny,generic,N,0.25,2,37.0,-4.0,5.0,-1.0,0.0,2.0,2.0,-4,5,-1,0,2,2,0.0,0.0,0.0,0.0,0.0,0.0,0.0,0.0,0.0,0.0,0.0,0.0,0.0,0.0,0.0,1.0,1.0,1.0,1.0,1.0,1.0,1.0,1.0,1.0,1.0,1.0,1.0,1.0,5,1.0,15.0,15.0,9.0,9.0,0.7,4.7,4.0,4.0,,1.0,1.0,1.0,1.0,1.0,0.0,= 1,= 1,= 1,,
Pixie Wonderbringer,5195163-pixie-wonderbringer,MM (2024),244.0,https://www.dndbeyond.com/monsters/5195163-pixie-wonderbringer,Fey,Tiny,generic,N,5.0,3,1400.0,-4.0,5.0,0.0,0.0,2.0,4.0,-4,5,0,0,2,4,0.0,0.0,0.0,0.0,0.0,0.0,0.0,0.0,0.0,0.0,0.0,0.0,0.0,0.0,0.0,1.0,1.0,1.0,1.0,1.0,1.0,1.0,1.0,1.0,1.0,1.0,1.0,1.0,5,1.0,15.0,15.0,60.0,120.0,1.2,5.2,7.0,7.0,,30.0,30.0,30.0,30.0,30.0,0.0,= 2*15,= 2*15,= 2*15,,Assumes +100% HP from Burst of Wonders (Polymorph).
Planetar,5195165-planetar,MM (2024),245.0,https://www.dndbeyond.com/monsters/5195165-planetar,Celestial,Large,generic,N,16.0,5,15000.0,7.0,5.0,7.0,4.0,6.0,7.0,12,5,12,4,11,12,0.0,1.0,0.0,1.0,1.0,0.0,0.0,0.0,0.0,0.0,0.0,0.0,0.0,0.0,0.0,1.0,1.0,1.0,1.0,1.0,1.0,1.0,1.0,1.0,1.0,1.0,0.5,1.0,10,1.0,19.0,19.0,262.5,294.5,9.3,13.3,12.0,12.0,20.0,98.0,98.0,98.0,98.0,98.0,0.0,= 4*24.5,= 4*24.5,= 4*24.5,,
Plesiosaurus,5195166-plesiosaurus,MM (2024),366.0,https://www.dndbeyond.com/monsters/5195166-plesiosaurus,Beast,Large,generic,N,2.0,2,300.0,4.0,2.0,3.0,-4.0,1.0,-3.0,4,2,3,-4,1,-3,0.0,0.0,0.0,0.0,0.0,0.0,0.0,0.0,0.0,0.0,0.0,0.0,0.0,0.0,0.0,1.0,1.0,1.0,1.0,1.0,1.0,1.0,1.0,1.0,1.0,1.0,1.0,1.0,2,1.0,13.0,13.0,68.0,68.0,0.5,0.5,6.0,6.0,,11.0,11.0,11.0,11.0,11.0,0.0,= 11,= 11,= 11,,
Polar Bear,5195167-polar-bear,MM (2024),367.0,https://www.dndbeyond.com/monsters/5195167-polar-bear,Beast,Large,generic,N,2.0,2,300.0,5.0,2.0,3.0,-4.0,1.0,-2.0,5,2,3,-4,1,-2,0.0,0.0,0.0,0.0,0.0,0.0,0.0,0.0,0.0,0.0,0.0,0.0,0.0,0.0,0.0,1.0,1.0,1.0,1.0,0.5,1.0,1.0,1.0,1.0,1.0,1.0,1.0,1.0,2,1.0,12.0,12.0,42.5,42.5,0.8,0.8,7.0,7.0,,9.5,9.5,9.5,9.5,9.5,0.0,= 9.5,= 9.5,= 9.5,,
Polar Serpent,5900670-polar-serpent,FRAiF,269.0,https://www.dndbeyond.com/monsters/5900670-polar-serpent,Elemental,Large,generic,N,3.0,2,600.0,4.0,4.0,1.0,-3.0,1.0,-2.0,4,4,1,-3,1,-2,0.0,0.0,0.0,0.0,0.0,0.0,0.0,0.0,0.0,0.0,0.0,0.0,0.0,0.0,0.0,1.0,1.0,1.0,1.0,0.0,2.0,1.0,1.0,1.0,1.0,1.0,1.0,1.0,4,1.0,14.0,14.0,58.5,58.5,0.8,0.8,6.0,8.0,14.0,22.5,22.5,22.5,22.5,22.5,0.0,= 12 + 10.5,= 12 + 10.5,= 12 + 10.5,,Assumes +2 AB from Constrict (restrained).
Poltergeist,5195168-poltergeist,MM (2024),246.0,https://www.dndbeyond.com/monsters/5195168-poltergeist,Undead,Medium,generic,N,2.0,2,300.0,-5.0,2.0,0.0,0.0,0.0,2.0,-5,2,0,0,0,2,0.0,1.0,0.0,1.0,0.0,1.0,0.0,0.0,1.0,1.0,1.0,1.0,1.0,0.0,1.0,0.5,0.5,0.5,0.5,0.5,0.5,1.0,0.5,0.0,0.0,1.0,1.0,0.5,2,2.0,12.0,16.0,22.5,45.0,-0.2,3.8,4.0,6.0,12.0,16.0,16.0,16.0,16.0,16.0,0.0,= 7 + 9,= 7 + 9,= 7 + 9,,Assumes +4 AC from Vanish (invisible). Assumes +SB AC from Vanish (invisible).  Assumes +2 AB from Vanish (invisible).
Pony,4775833-pony,MM (2024),367.0,https://www.dndbeyond.com/monsters/4775833-pony,Beast,Medium,generic,N,0.125,2,19.0,2.0,0.0,1.0,-4.0,0.0,-2.0,4,0,1,-4,0,-2,0.0,0.0,0.0,0.0,0.0,0.0,0.0,0.0,0.0,0.0,0.0,0.0,0.0,0.0,0.0,1.0,1.0,1.0,1.0,1.0,1.0,1.0,1.0,1.0,1.0,1.0,1.0,1.0,0,1.0,10.0,10.0,11.0,11.0,-0.2,-0.2,4.0,4.0,,4.5,4.5,4.5,4.5,4.5,0.0,= 4.5,= 4.5,= 4.5,,
Priest,5195170-priest,MM (2024),248.0,https://www.dndbeyond.com/monsters/5195170-priest,Humanoid,Medium,generic,N,2.0,2,300.0,3.0,0.0,1.0,1.0,3.0,1.0,3,0,1,1,3,1,0.0,0.0,0.0,0.0,0.0,0.0,0.0,0.0,0.0,0.0,0.0,0.0,0.0,0.0,0.0,1.0,1.0,1.0,1.0,1.0,1.0,1.0,1.0,1.0,1.0,1.0,1.0,1.0,0,1.0,13.0,13.0,38.5,54.5,1.5,1.5,5.0,5.0,13.0,33.333332,33.333332,27.0,50.0,23.0,0.0,= 2*13.5,= 2*11.5 + 2*13.5,= 2*11.5,,
Priest Acolyte,5195169-priest-acolyte,MM (2024),247.0,https://www.dndbeyond.com/monsters/5195169-priest-acolyte,Humanoid,Medium,generic,N,0.25,2,37.0,2.0,0.0,1.0,0.0,2.0,0.0,2,0,1,0,2,0,0.0,0.0,0.0,0.0,0.0,0.0,0.0,0.0,0.0,0.0,0.0,0.0,0.0,0.0,0.0,1.0,1.0,1.0,1.0,1.0,1.0,1.0,1.0,1.0,1.0,1.0,1.0,1.0,0,1.0,13.0,13.0,11.0,18.0,0.8,0.8,4.0,4.0,,8.0,8.0,8.0,8.0,8.0,0.0,= 8,= 8,= 8,,
Priest of Osybus,6491381-priest-of-osybus,RTHW,261.0,https://www.dndbeyond.com/monsters/6491381-priest-of-osybus,Humanoid,Medium,generic,N,6.0,3,2000.0,0.0,2.0,3.0,4.0,3.0,0.0,0,2,3,7,6,3,0.0,0.0,0.0,0.0,1.0,0.0,0.0,0.0,0.0,0.0,0.0,0.0,0.0,0.0,0.0,1.0,1.0,1.0,1.0,1.0,1.0,1.0,1.0,1.0,1.0,1.0,1.0,1.0,2,1.0,12.0,12.0,60.0,90.0,3.5,3.5,7.0,7.0,15.0,60.0,65.5,60.0,60.0,60.0,16.5,= 2*30,= 2*30,= 2*30,= 3*5.5,Assumes +50% HP from Tattoo of Osybus. Assumes +5.5 DPR from Soul Tattoo.
Primeval Owlbear,5195171-primeval-owlbear,MM (2024),234.0,https://www.dndbeyond.com/monsters/5195171-primeval-owlbear,Monstrosity,Huge,generic,N,7.0,3,2600.0,6.0,2.0,4.0,-1.0,2.0,-2.0,6,2,7,-1,5,-2,0.0,0.0,0.0,0.0,0.0,0.0,0.0,0.0,0.0,0.0,0.0,0.0,0.0,0.0,0.0,1.0,1.0,1.0,1.0,1.0,1.0,1.0,1.0,1.0,1.0,1.0,1.0,1.0,5,1.0,16.0,16.0,126.0,126.0,2.8,6.8,9.0,9.0,15.0,41.0,41.0,39.0,54.0,30.0,0.0,= 24 + 15,= 2*27,= 2*15,,
Pseudodragon,4775834-pseudodragon,MM (2024),249.0,https://www.dndbeyond.com/monsters/4775834-pseudodragon,Dragon,Tiny,generic,N,0.25,2,37.0,-2.0,2.0,1.0,0.0,1.0,0.0,-2,2,1,0,1,0,0.0,0.0,0.0,0.0,0.0,0.0,0.0,0.0,0.0,0.0,0.0,0.0,0.0,0.0,0.0,1.0,1.0,1.0,1.0,1.0,1.0,1.0,1.0,1.0,1.0,1.0,1.0,1.0,2,1.0,14.0,16.0,10.5,10.5,0.3,0.3,4.0,4.0,,9.0,9.0,9.0,9.0,9.0,0.0,= 2*4.5,= 2*4.5,= 2*4.5,,
Psychic Gray Ooze,5195172-psychic-gray-ooze,MM (2024),151.0,https://www.dndbeyond.com/monsters/5195172-psychic-gray-ooze,Ooze,Medium,generic,N,1.0,2,150.0,1.0,-1.0,3.0,0.0,-2.0,-4.0,1,-1,3,0,-2,-4,1.0,1.0,1.0,1.0,1.0,1.0,0.0,0.0,0.0,0.0,0.0,1.0,1.0,0.0,0.0,1.0,1.0,1.0,0.5,0.5,0.5,1.0,1.0,1.0,1.0,0.5,1.0,1.0,-1,1.0,9.0,9.0,37.5,37.5,-0.5,-0.5,3.0,3.0,10.0,15.0,15.0,15.0,15.0,15.0,0.0,= 11.5 + 3.5,= 11.5 + 3.5,= 11.5 + 3.5,,
Pteranodon,5195173-pteranodon,MM (2024),367.0,https://www.dndbeyond.com/monsters/5195173-pteranodon,Beast,Medium,generic,N,0.25,2,37.0,1.0,2.0,0.0,-4.0,-1.0,-3.0,1,2,0,-4,-1,-3,0.0,0.0,0.0,0.0,0.0,0.0,0.0,0.0,0.0,0.0,0.0,0.0,0.0,0.0,0.0,1.0,1.0,1.0,1.0,1.0,1.0,1.0,1.0,1.0,1.0,1.0,1.0,1.0,2,1.0,13.0,17.0,13.5,13.5,-0.8,-0.8,4.0,4.0,,6.0,6.0,6.0,6.0,6.0,0.0,= 6,= 6,= 6,,Assumes +4 AC from flying with Flyby.
Purple Worm,5195174-purple-worm,MM (2024),250.0,https://www.dndbeyond.com/monsters/5195174-purple-worm,Monstrosity,Gargantuan,generic,N,15.0,5,13000.0,9.0,-2.0,6.0,-5.0,-1.0,-3.0,9,-2,11,-5,4,-3,0.0,0.0,0.0,0.0,0.0,0.0,0.0,0.0,0.0,0.0,0.0,0.0,0.0,0.0,0.0,1.0,1.0,1.0,1.0,1.0,1.0,1.0,1.0,1.0,1.0,1.0,1.0,1.0,3,1.0,18.0,20.0,247.5,247.5,2.3,2.3,14.0,14.0,19.0,108.5,108.5,108.5,108.5,108.5,0.0,= 22.5 + 51 + 2*17.5,= 22.5 + 51 + 2*17.5,= 22.5 + 51 + 2*17.5,,Assumes +2 AC from Swallow (restrained).
Quaggoth,5195176-quaggoth,MM (2024),251.0,https://www.dndbeyond.com/monsters/5195176-quaggoth,Monstrosity,Medium,generic,N,2.0,2,300.0,3.0,1.0,3.0,-2.0,1.0,-2.0,3,1,3,-2,1,-2,0.0,0.0,0.0,0.0,0.0,0.0,0.0,0.0,0.0,0.0,1.0,0.0,0.0,0.0,0.0,1.0,1.0,1.0,1.0,1.0,1.0,1.0,1.0,1.0,0.0,1.0,1.0,1.0,1,1.0,13.0,13.0,45.0,45.0,0.7,0.7,5.0,7.0,,20.0,20.0,20.0,20.0,20.0,0.0,= 6.5 + 13.5,= 6.5 + 13.5,= 6.5 + 13.5,,Assumes +2 AB from Bloodied Fury.
Quaggoth Thonot,5195175-quaggoth-thonot,MM (2024),251.0,https://www.dndbeyond.com/monsters/5195175-quaggoth-thonot,Monstrosity,Medium,generic,N,3.0,2,600.0,3.0,1.0,3.0,-2.0,2.0,-2.0,3,1,3,-2,2,-2,0.0,0.0,0.0,0.0,0.0,0.0,0.0,0.0,0.0,0.0,1.0,0.0,0.0,0.0,0.0,1.0,1.0,1.0,1.0,1.0,1.0,1.0,1.0,1.0,0.0,1.0,1.0,1.0,1,1.0,15.0,20.0,67.5,67.5,0.8,0.8,5.0,7.0,,23.0,23.0,23.0,23.0,23.0,0.0,= 2*11.5,= 2*11.5,= 2*11.5,,Assumes +2 AB from Bloodied Fury (advantage).
Quasit,4775835-quasit,MM (2024),252.0,https://www.dndbeyond.com/monsters/4775835-quasit,Fiend,Tiny,generic,N,1.0,2,150.0,-3.0,3.0,0.0,-2.0,0.0,0.0,-3,3,0,-2,0,0,0.0,0.0,0.0,0.0,0.0,0.0,0.0,0.0,0.0,0.0,1.0,0.0,0.0,0.0,0.0,1.0,1.0,1.0,1.0,0.5,0.5,1.0,0.5,1.0,0.0,1.0,1.0,1.0,3,1.0,13.0,14.0,25.0,25.0,-0.3,-0.3,5.0,5.0,,5.5,5.5,5.5,5.5,5.5,0.0,= 5.5,= 5.5,= 5.5,,Assumes +1 AC from Rend (poisoned).
Queen Forfallen,5900671-queen-forfallen,FRAiF,271.0,https://www.dndbeyond.com/monsters/5900671-queen-forfallen,Construct,Medium,unique,N,10.0,4,5700.0,5.0,2.0,4.0,2.0,3.0,4.0,5,2,4,2,7,4,0.0,0.0,0.0,1.0,0.0,0.0,0.0,0.0,0.0,1.0,1.0,0.0,0.0,0.0,0.0,1.0,1.0,1.0,1.0,1.0,1.0,1.0,1.0,1.0,0.0,1.0,1.0,1.0,6,1.0,16.0,16.0,153.0,153.0,4.0,8.0,9.0,14.0,16.0,67.5,67.5,67.5,67.5,67.5,0.0,= 3*22.5,= 3*22.5,= 3*22.5,,"Assumes +4 SB from Magic Resistance. Assumes +4 AB from Rust’s Grip (restrained), and +1 AB from Inspiring Presence (advantage to allies)."
Questing Knight,5195177-questing-knight,MM (2024),184.0,https://www.dndbeyond.com/monsters/5195177-questing-knight,Humanoid,Medium,generic,N,12.0,4,8200.0,5.0,3.0,3.0,0.0,1.0,4.0,9,3,7,0,5,8,0.0,1.0,0.0,0.0,1.0,0.0,0.0,0.0,0.0,0.0,0.0,0.0,0.0,0.0,0.0,1.0,1.0,1.0,1.0,1.0,1.0,1.0,1.0,1.0,1.0,1.0,1.0,1.0,7,1.0,18.0,18.0,202.5,202.5,5.3,5.3,9.0,9.0,,103.5,103.5,103.5,103.5,103.5,0.0,= 3*34.5,= 3*34.5,= 3*34.5,,
Rakshasa,5195178-rakshasa,MM (2024),253.0,https://www.dndbeyond.com/monsters/5195178-rakshasa,Fiend,Medium,generic,N,13.0,5,10000.0,2.0,3.0,4.0,1.0,3.0,5.0,2,3,4,1,3,5,0.0,1.0,0.0,0.0,1.0,0.0,0.0,0.0,0.0,0.0,0.0,0.0,0.0,0.0,0.0,1.0,1.0,1.0,1.0,1.0,1.0,1.0,1.0,1.0,1.0,1.0,1.0,1.0,8,1.0,17.0,17.0,221.0,221.0,3.0,16.0,10.0,10.0,18.0,94.5,94.5,94.5,94.5,94.5,0.0,= 3*31.5,= 3*31.5,= 3*31.5,,Adds +13 AB from Greater Magic Resistance.
Ramya Vasavadan,6491382-ramya-vasavadan,RTHW,116.0,https://www.dndbeyond.com/monsters/6491382-ramya-vasavadan,Undead,Medium,unique,L,15.0,5,13000.0,2.0,5.0,5.0,1.0,3.0,4.0,7,5,5,1,8,4,0.0,0.0,0.0,1.0,1.0,0.0,0.0,0.0,0.0,0.0,1.0,0.0,0.0,0.0,0.0,1.0,1.0,1.0,1.0,1.0,1.0,1.0,1.0,0.0,0.0,1.0,1.0,1.0,15,1.0,18.0,20.0,190.0,280.0,5.0,9.0,10.0,10.0,17.0,121.333336,145.59999,154.0,105.0,105.0,72.8,= 2*56 + 2*21,= 3*21 + 2*21,= 3*21 + 2*21,= SUM(BK520:BM520)*(1/5),Assumes +2 AC from Parry. Assumes +20% DPR from Dread Authority (Command).
Ramya Vasavadan,6491382-ramya-vasavadan,RTHW,116.0,https://www.dndbeyond.com/monsters/6491382-ramya-vasavadan,Undead,Medium,unique,LD,16.0,5,15000.0,2.0,5.0,5.0,1.0,3.0,4.0,7,5,5,1,8,4,0.0,0.0,0.0,1.0,1.0,0.0,0.0,0.0,0.0,0.0,1.0,0.0,0.0,0.0,0.0,1.0,1.0,1.0,1.0,1.0,1.0,1.0,1.0,0.0,0.0,1.0,1.0,1.0,15,1.0,18.0,20.0,190.0,310.0,5.0,9.0,10.0,10.0,17.0,142.33333,170.8,175.0,126.0,126.0,85.4,= 2*56 + 3*21,= 3*21 + 3*21,= 3*21 + 3*21,= SUM(BK521:BM521)*(1/5),Assumes +2 AC from Parry. Assumes +20% DPR from Dread Authority (Command).
Rat,4775836-rat,MM (2024),367.0,https://www.dndbeyond.com/monsters/4775836-rat,Beast,Tiny,generic,N,0.0,2,7.0,-4.0,0.0,-1.0,-4.0,0.0,-3.0,-4,0,-1,-4,0,-3,0.0,0.0,0.0,0.0,0.0,0.0,0.0,0.0,0.0,0.0,0.0,0.0,0.0,0.0,0.0,1.0,1.0,1.0,1.0,1.0,1.0,1.0,1.0,1.0,1.0,1.0,1.0,1.0,0,1.0,10.0,10.0,1.5,1.5,-2.0,-2.0,2.0,2.0,,1.0,1.0,1.0,1.0,1.0,0.0,= 1,= 1,= 1,,
Raven,4775837-raven,MM (2024),368.0,https://www.dndbeyond.com/monsters/4775837-raven,Beast,Tiny,generic,N,0.0,2,7.0,-4.0,2.0,0.0,-3.0,1.0,-2.0,-4,2,0,-3,1,-2,0.0,0.0,0.0,0.0,0.0,0.0,0.0,0.0,0.0,0.0,0.0,0.0,0.0,0.0,0.0,1.0,1.0,1.0,1.0,1.0,1.0,1.0,1.0,1.0,1.0,1.0,1.0,1.0,2,1.0,12.0,12.0,2.5,2.5,-1.0,-1.0,4.0,4.0,,1.0,1.0,1.0,1.0,1.0,0.0,= 1,= 1,= 1,,
Red Dragon Wyrmling,5195179-red-dragon-wyrmling,MM (2024),254.0,https://www.dndbeyond.com/monsters/5195179-red-dragon-wyrmling,Dragon,Medium,generic,N,4.0,2,1000.0,4.0,0.0,3.0,1.0,0.0,2.0,4,2,3,1,2,2,0.0,0.0,0.0,0.0,0.0,0.0,0.0,0.0,0.0,0.0,0.0,0.0,0.0,0.0,0.0,1.0,1.0,1.0,1.0,1.0,0.0,1.0,1.0,1.0,1.0,1.0,1.0,1.0,2,1.0,17.0,17.0,75.0,75.0,2.3,2.3,6.0,6.0,13.0,33.666668,33.666668,49.0,26.0,26.0,0.0,= 2*24.5,= 2*13,= 2*13,,
Red Slaad,5195180-red-slaad,MM (2024),285.0,https://www.dndbeyond.com/monsters/5195180-red-slaad,Aberration,Large,generic,N,5.0,3,1400.0,3.0,1.0,3.0,-2.0,-2.0,-2.0,3,1,3,-2,-2,-2,0.0,0.0,0.0,0.0,0.0,0.0,0.0,0.0,0.0,0.0,0.0,0.0,0.0,0.0,0.0,1.0,1.0,1.0,0.5,0.5,0.5,1.0,0.5,1.0,1.0,1.0,1.0,0.5,1,1.0,14.0,14.0,93.5,123.5,0.2,4.2,6.0,6.0,,30.0,30.0,30.0,30.0,30.0,0.0,= 3*10,= 3*10,= 3*10,,
Reef Shark,4775838-reef-shark,MM (2024),368.0,https://www.dndbeyond.com/monsters/4775838-reef-shark,Beast,Medium,generic,N,0.5,2,75.0,2.0,2.0,1.0,-5.0,0.0,-3.0,2,2,1,-5,0,-3,0.0,0.0,0.0,0.0,0.0,0.0,0.0,0.0,0.0,0.0,0.0,0.0,0.0,0.0,0.0,1.0,1.0,1.0,1.0,1.0,1.0,1.0,1.0,1.0,1.0,1.0,1.0,1.0,2,1.0,12.0,12.0,22.0,22.0,-0.5,-0.5,4.0,5.0,,7.0,7.0,7.0,7.0,7.0,0.0,= 7,= 7,= 7,,
Relentless Juggernaut,6491383-relentless-juggernaut,RTHW,263.0,https://www.dndbeyond.com/monsters/6491383-relentless-juggernaut,Fiend,Large,generic,L,12.0,4,8200.0,6.0,1.0,5.0,-1.0,2.0,3.0,6,5,5,-1,6,7,0.0,1.0,0.0,1.0,1.0,0.0,0.0,0.0,0.0,0.0,0.0,0.0,0.0,0.0,0.0,1.0,1.0,1.0,1.0,1.0,1.0,1.0,1.0,1.0,1.0,1.0,1.0,1.0,1,1.0,16.0,16.0,168.0,288.0,4.7,4.7,10.0,10.0,,95.0,133.0,95.0,95.0,95.0,114.0,= 2*13 + 3*2*11.5,= 2*13 + 3*2*11.5,= 2*13 + 3*2*11.5,= SUM(BK527:BM527)*(2/5),Assumes +40% DPR from Crushing Stone (Incapacitated).
Relentless Nightmare,6491384-relentless-nightmare,RTHW,263.0,https://www.dndbeyond.com/monsters/6491384-relentless-nightmare,Fiend,Medium,generic,L,11.0,4,6800.0,5.0,4.0,4.0,1.0,3.0,4.0,5,8,8,1,3,8,0.0,1.0,0.0,1.0,1.0,0.0,0.0,0.0,0.0,0.0,0.0,0.0,0.0,0.0,0.0,1.0,1.0,1.0,1.0,1.0,1.0,1.0,1.0,1.0,1.0,1.0,1.0,1.0,8,1.0,17.0,17.0,144.5,204.5,5.5,5.5,9.0,9.0,16.0,105.0,126.0,105.0,105.0,105.0,63.0,= 2*24.5 + 2*24.5 + 7,= 2*24.5 + 2*24.5 + 7,= 2*24.5 + 2*24.5 + 7,= SUM(BK528:BM528)*(1/5),Assumes +20% DPR from Narcotize (Unconscious).
Relentless Slasher,6491385-relentless-slasher,RTHW,263.0,https://www.dndbeyond.com/monsters/6491385-relentless-slasher,Fiend,Medium,generic,L,8.0,3,3500.0,1.0,4.0,2.0,2.0,2.0,3.0,4,7,5,2,5,3,0.0,1.0,0.0,0.0,1.0,0.0,0.0,0.0,0.0,0.0,0.0,0.0,0.0,0.0,0.0,1.0,1.0,1.0,1.0,1.0,1.0,1.0,1.0,1.0,1.0,1.0,1.0,1.0,4,1.0,15.0,15.0,91.0,111.0,4.3,4.3,7.0,7.0,15.0,112.0,112.0,112.0,112.0,112.0,0.0,= 2*30 + 30 + 2*11,= 2*30 + 30 + 2*11,= 2*30 + 30 + 2*11,,
Remorhaz,5195181-remorhaz,MM (2024),258.0,https://www.dndbeyond.com/monsters/5195181-remorhaz,Monstrosity,Huge,generic,N,11.0,4,6800.0,7.0,1.0,5.0,-3.0,0.0,-3.0,7,1,5,-3,0,-3,0.0,0.0,0.0,0.0,0.0,0.0,0.0,0.0,0.0,0.0,0.0,0.0,0.0,0.0,0.0,1.0,1.0,1.0,1.0,0.0,0.0,1.0,1.0,1.0,1.0,1.0,1.0,1.0,5,1.0,17.0,18.0,195.5,195.5,1.2,1.2,11.0,11.0,19.0,76.5,76.5,90.5,90.5,48.5,0.0,= 32 + 2*21 + 16.5,= 32 + 2*21 + 16.5,= 32 + 16.5,,Assumes +1 AC from Swallow (restrained).
Rendelith,6719631-rendelith,AUD,123.0,https://www.dndbeyond.com/monsters/6719631-rendelith,Fiend,Large,generic,N,18.0,6,20000.0,7.0,1.0,4.0,5.0,3.0,4.0,13,7,10,5,9,4,0.0,0.0,0.0,0.0,0.0,0.0,0.0,0.0,0.0,0.0,1.0,0.0,0.0,0.0,0.0,1.0,1.0,1.0,1.0,0.5,0.5,1.0,0.5,1.0,0.0,1.0,1.0,1.0,7,1.0,20.0,20.0,294.5,294.5,8.0,12.0,13.0,15.0,19.0,121.0,121.0,121.0,121.0,121.0,0.0,= 21 + 28 + 2*36,= 21 + 28 + 2*36,= 21 + 28 + 2*36,,Assumes +2 AB from Stone Hammer (Prone).
Revenant,5195182-revenant,MM (2024),259.0,https://www.dndbeyond.com/monsters/5195182-revenant,Undead,Medium,generic,N,5.0,3,1400.0,4.0,2.0,4.0,1.0,3.0,4.0,7,2,7,1,6,7,0.0,1.0,0.0,1.0,1.0,0.0,0.0,0.0,1.0,0.0,1.0,0.0,0.0,1.0,0.0,1.0,1.0,1.0,1.0,1.0,1.0,1.0,1.0,0.5,0.0,0.5,1.0,1.0,2,1.0,13.0,15.0,127.5,189.0,5.0,5.0,7.0,7.0,15.0,22.0,22.0,22.0,22.0,22.0,0.0,= 2*11,= 2*11,= 2*11,,Assumes +20% HP from Vengeful Glare (paralyzed). Assumes +2 AC from Vengeful Glare (frightened).
Rhinoceros,5195183-rhinoceros,MM (2024),368.0,https://www.dndbeyond.com/monsters/5195183-rhinoceros,Beast,Large,generic,N,2.0,2,300.0,5.0,-1.0,2.0,-4.0,1.0,-2.0,5,-1,2,-4,1,-2,0.0,0.0,0.0,0.0,0.0,0.0,0.0,0.0,0.0,0.0,0.0,0.0,0.0,0.0,0.0,1.0,1.0,1.0,1.0,1.0,1.0,1.0,1.0,1.0,1.0,1.0,1.0,1.0,-1,1.0,13.0,13.0,45.0,45.0,0.2,0.2,7.0,7.0,,17.0,17.0,23.0,14.0,14.0,0.0,= 23,= 14,= 14,,
Riding Horse,4775839-riding-horse,MM (2024),368.0,https://www.dndbeyond.com/monsters/4775839-riding-horse,Beast,Large,generic,N,0.25,2,37.0,3.0,1.0,1.0,-4.0,0.0,-2.0,3,1,1,-4,0,-2,0.0,0.0,0.0,0.0,0.0,0.0,0.0,0.0,0.0,0.0,0.0,0.0,0.0,0.0,0.0,1.0,1.0,1.0,1.0,1.0,1.0,1.0,1.0,1.0,1.0,1.0,1.0,1.0,1,1.0,11.0,11.0,13.0,13.0,-0.2,-0.2,5.0,5.0,,7.5,7.5,7.5,7.5,7.5,0.0,= 7.5,= 7.5,= 7.5,,
Roc,5195184-roc,MM (2024),261.0,https://www.dndbeyond.com/monsters/5195184-roc,Monstrosity,Gargantuan,generic,N,11.0,4,6800.0,9.0,0.0,5.0,-4.0,0.0,-1.0,9,4,5,-4,4,-1,0.0,0.0,0.0,0.0,0.0,0.0,0.0,0.0,0.0,0.0,0.0,0.0,0.0,0.0,0.0,1.0,1.0,1.0,1.0,1.0,1.0,1.0,1.0,1.0,1.0,1.0,1.0,1.0,8,1.0,15.0,19.0,248.0,248.0,2.8,2.8,13.0,13.0,,72.5,72.5,72.5,72.5,72.5,0.0,= 28.5 + 23 + 21,= 28.5 + 23 + 21,= 28.5 + 23 + 21,,Assumes +4 AC from flying.
Roper,5195185-roper,MM (2024),262.0,https://www.dndbeyond.com/monsters/5195185-roper,Aberration,Large,generic,N,5.0,3,1400.0,4.0,-1.0,3.0,-2.0,3.0,-2.0,4,-1,3,-2,3,-2,0.0,0.0,0.0,0.0,0.0,0.0,0.0,0.0,0.0,0.0,0.0,0.0,0.0,0.0,0.0,1.0,1.0,1.0,1.0,1.0,1.0,1.0,1.0,1.0,1.0,1.0,1.0,1.0,5,1.0,20.0,22.0,93.5,93.5,0.8,0.8,7.0,7.0,,35.0,35.0,35.0,35.0,35.0,0.0,= 2*17.5,= 2*17.5,= 2*17.5,,Assumes +2 AC from Tentacle (poisoned).
Rudolph van Richten,6491386-rudolph-van-richten,RTHW,264.0,https://www.dndbeyond.com/monsters/6491386-rudolph-van-richten,Humanoid,Medium,unique,N,5.0,3,1400.0,-1.0,2.0,3.0,3.0,4.0,2.0,-1,2,6,3,7,2,0.0,0.0,0.0,0.0,0.0,0.0,0.0,0.0,0.0,0.0,0.0,0.0,0.0,0.0,0.0,1.0,1.0,1.0,1.0,1.0,1.0,1.0,1.0,1.0,1.0,1.0,1.0,1.0,2,1.0,13.0,14.0,105.0,131.0,3.2,3.2,5.0,5.0,15.0,33.0,33.0,36.0,31.5,31.5,0.0,= 2*18,= 3*10.5,= 3*10.5,,Assumes +26 HP from Occult Aid (Cure Wounds). Assumes +1 AC from Repel Evil (Frightened).
Rust Monster,5195186-rust-monster,MM (2024),263.0,https://www.dndbeyond.com/monsters/5195186-rust-monster,Monstrosity,Medium,generic,N,0.5,2,75.0,1.0,1.0,1.0,-4.0,1.0,-2.0,1,1,1,-4,1,-2,0.0,0.0,0.0,0.0,0.0,0.0,0.0,0.0,0.0,0.0,0.0,0.0,0.0,0.0,0.0,1.0,1.0,1.0,1.0,1.0,1.0,1.0,1.0,1.0,1.0,1.0,1.0,1.0,1,1.0,14.0,14.0,33.0,33.0,-0.3,-0.3,3.0,6.0,,5.5,5.5,5.5,5.5,5.5,0.0,= 5.5,= 5.5,= 5.5,,Assumes +3 AB from Antennae (AC penalty).
Rusted Behemoth,5900672-rusted-behemoth,FRAiF,272.0,https://www.dndbeyond.com/monsters/5900672-rusted-behemoth,Construct,Huge,generic,N,9.0,4,4500.0,6.0,0.0,4.0,-2.0,1.0,-2.0,6,0,4,-2,1,-2,0.0,0.0,0.0,1.0,0.0,0.0,0.0,0.0,0.0,1.0,1.0,0.0,0.0,0.0,0.0,1.0,1.0,1.0,1.0,1.0,1.0,1.0,1.0,1.0,0.0,1.0,1.0,1.0,0,1.0,18.0,20.0,157.5,157.5,1.2,1.2,10.0,10.0,16.0,60.0,60.0,60.0,60.0,60.0,0.0,= 3*20,= 3*20,= 3*20,,Assumes +2 AC from Rust-Riddled Hide (poisoned).
Rusted Berserker,5900673-rusted-berserker,FRAiF,273.0,https://www.dndbeyond.com/monsters/5900673-rusted-berserker,Construct,Medium,generic,N,4.0,2,1000.0,4.0,2.0,3.0,-2.0,0.0,-2.0,4,2,3,-2,0,-2,0.0,0.0,0.0,1.0,0.0,0.0,0.0,0.0,0.0,1.0,1.0,0.0,0.0,0.0,0.0,1.0,1.0,1.0,1.0,1.0,1.0,1.0,1.0,1.0,0.0,1.0,1.0,1.0,2,1.0,16.0,16.0,82.5,82.5,0.8,0.8,6.0,6.0,,22.0,22.0,22.0,22.0,22.0,0.0,= 2*11,= 2*11,= 2*11,,
Rusted Wyrm,5900674-rusted-wyrm,FRAiF,273.0,https://www.dndbeyond.com/monsters/5900674-rusted-wyrm,Construct,Gargantuan,generic,L,14.0,5,11500.0,7.0,1.0,6.0,-1.0,2.0,-2.0,7,1,6,-1,2,-2,0.0,0.0,0.0,1.0,1.0,0.0,0.0,0.0,0.0,1.0,1.0,0.0,0.0,0.0,0.0,1.0,1.0,1.0,1.0,1.0,0.0,1.0,1.0,1.0,0.0,1.0,1.0,1.0,6,1.0,20.0,20.0,231.0,321.0,2.2,2.2,12.0,15.0,19.0,83.0,99.6,105.0,72.0,72.0,49.8,= 2*45.5 + 14,= 2*29 + 14,= 2*29 + 14,= (1/5)*SUM(BK541:BM541),Assumes +3 AB from Encasing Rust (paralyzed). Assumes +20% DPR from Encasing Rust (paralyzed).
Saber-Toothed Tiger,5195187-saber-toothed-tiger,MM (2024),369.0,https://www.dndbeyond.com/monsters/5195187-saber-toothed-tiger,Beast,Large,generic,N,2.0,2,300.0,4.0,3.0,2.0,-4.0,1.0,-1.0,6,5,2,-4,1,-1,0.0,0.0,0.0,0.0,0.0,0.0,0.0,0.0,0.0,0.0,0.0,0.0,0.0,0.0,0.0,1.0,1.0,1.0,1.0,1.0,1.0,1.0,1.0,1.0,1.0,1.0,1.0,1.0,3,1.0,13.0,17.0,52.5,52.5,1.5,5.5,6.0,8.0,,22.0,22.0,22.0,22.0,22.0,0.0,= 2*11,= 2*11,= 2*11,,Assumes +4 AC from Nimble Escape. Assumes +4 SB from Nimble Escape. Assumes +2 AB from Nimble Escape.
Sahuagin Baron,5195188-sahuagin-baron,MM (2024),265.0,https://www.dndbeyond.com/monsters/5195188-sahuagin-baron,Fiend,Large,generic,N,5.0,3,1400.0,4.0,2.0,3.0,2.0,1.0,3.0,4,5,6,2,4,3,0.0,0.0,0.0,0.0,0.0,0.0,0.0,0.0,0.0,0.0,0.0,0.0,0.0,0.0,0.0,1.0,1.0,1.0,0.5,0.5,1.0,1.0,1.0,1.0,1.0,1.0,1.0,1.0,5,1.0,16.0,16.0,76.5,76.5,4.0,4.0,7.0,11.0,14.0,49.5,49.5,49.5,49.5,49.5,0.0,= 3*13 + 10.5,= 3*13 + 10.5,= 3*13 + 10.5,,Assumes +4 AB from Blood Frenzy.
Sahuagin Priest,5195189-sahuagin-priest,MM (2024),265.0,https://www.dndbeyond.com/monsters/5195189-sahuagin-priest,Fiend,Medium,generic,N,2.0,2,300.0,1.0,0.0,1.0,1.0,2.0,1.0,1,0,1,1,2,1,0.0,0.0,0.0,0.0,0.0,0.0,0.0,0.0,0.0,0.0,0.0,0.0,0.0,0.0,0.0,1.0,1.0,1.0,0.5,0.5,1.0,1.0,1.0,1.0,1.0,1.0,1.0,1.0,0,1.0,12.0,12.0,38.5,38.5,1.0,3.5,4.0,9.5,,22.0,22.0,22.0,22.0,22.0,0.0,= 2*11,= 2*11,= 2*11,,"Assumes +2.5 SB from Fiendish Aid (Bless). Assumes +3 AB from Bloody Frenzy (advantage), and +2.5 SB from Fiendish Aid (Bless)."
Sahuagin Warrior,5195190-sahuagin-warrior,MM (2024),264.0,https://www.dndbeyond.com/monsters/5195190-sahuagin-warrior,Fiend,Medium,generic,N,0.5,2,75.0,1.0,0.0,1.0,1.0,1.0,-1.0,1,0,1,1,1,-1,0.0,0.0,0.0,0.0,0.0,0.0,0.0,0.0,0.0,0.0,0.0,0.0,0.0,0.0,0.0,1.0,1.0,1.0,0.5,0.5,1.0,1.0,1.0,1.0,1.0,1.0,1.0,1.0,0,1.0,12.0,12.0,22.0,22.0,0.5,0.5,3.0,7.0,,9.0,9.0,9.0,9.0,9.0,0.0,= 2*4.5,= 2*4.5,= 2*4.5,,Assumes +4 AB from Blood Frenzy.
Saidra d’Honaire,6491387-saidra-dhonaire,RTHW,72.0,https://www.dndbeyond.com/monsters/6491387-saidra-dhonaire,Undead,Medium,unique,L,9.0,4,4500.0,-2.0,3.0,3.0,1.0,2.0,3.0,-2,7,3,1,6,3,0.0,1.0,0.0,1.0,0.0,1.0,0.0,0.0,1.0,1.0,1.0,1.0,1.0,0.0,1.0,0.5,0.5,0.5,0.5,0.5,0.5,1.0,1.0,0.0,0.0,1.0,1.0,1.0,11,1.5,13.0,15.0,90.0,225.0,3.0,5.0,7.0,11.0,15.0,81.0,81.0,103.0,70.0,70.0,0.0,= 75 + 2*14,= 3*14 + 2*14,= 3*14 + 2*14,,Assumes +2 AC from Shadow Veil (Invisible). Assumes +2 SB from Shadow Veil (Invisible). Assumes +1 AB from Shadow Veil (Invisible).
Saidra d’Honaire,6491387-saidra-dhonaire,RTHW,72.0,https://www.dndbeyond.com/monsters/6491387-saidra-dhonaire,Undead,Medium,unique,LD,10.0,4,5700.0,-2.0,3.0,3.0,1.0,2.0,3.0,-2,7,3,1,6,3,0.0,1.0,0.0,1.0,0.0,1.0,0.0,0.0,1.0,1.0,1.0,1.0,1.0,0.0,1.0,0.5,0.5,0.5,0.5,0.5,0.5,1.0,1.0,0.0,0.0,1.0,1.0,1.0,11,1.5,13.0,15.0,90.0,255.0,3.0,5.0,7.0,11.0,15.0,95.0,95.0,117.0,84.0,84.0,0.0,= 75 + 3*14,= 3*14 + 3*14,= 3*14 + 3*14,,Assumes +2 AC from Shadow Veil (Invisible). Assumes +2 SB from Shadow Veil (Invisible). Assumes +1 AB from Shadow Veil (Invisible).
Salamander,5195193-salamander,MM (2024),267.0,https://www.dndbeyond.com/monsters/5195193-salamander,Elemental,Large,generic,N,5.0,3,1400.0,4.0,2.0,2.0,0.0,0.0,1.0,4,2,2,0,0,1,0.0,0.0,0.0,0.0,0.0,0.0,0.0,0.0,0.0,0.0,0.0,0.0,0.0,0.0,0.0,1.0,1.0,1.0,1.0,2.0,0.0,1.0,1.0,1.0,1.0,1.0,1.0,1.0,2,1.0,15.0,16.0,90.0,90.0,1.5,1.5,7.0,11.0,15.0,45.0,45.0,45.0,45.0,45.0,0.0,= 18 + 20 + 7,= 18 + 20 + 7,= 18 + 20 + 7,,Assumes +1 AC from Constrict (restrained). Assumes +4 AB from Constrict (restrained).
Salamander Fire Snake,5195191-salamander-fire-snake,MM (2024),266.0,https://www.dndbeyond.com/monsters/5195191-salamander-fire-snake,Elemental,Medium,generic,N,1.0,2,150.0,1.0,2.0,0.0,-2.0,0.0,-1.0,1,2,0,-2,0,-1,0.0,0.0,0.0,0.0,0.0,0.0,0.0,0.0,0.0,0.0,0.0,0.0,0.0,0.0,0.0,1.0,1.0,1.0,1.0,2.0,0.0,1.0,1.0,1.0,1.0,1.0,1.0,1.0,2,1.0,14.0,14.0,27.0,27.0,0.0,0.0,4.0,4.0,,13.5,13.5,13.5,13.5,13.5,0.0,= 10 + 3.5,= 10 + 3.5,= 10 + 3.5,,
Salamander Inferno Master,5195192-salamander-inferno-master,MM (2024),267.0,https://www.dndbeyond.com/monsters/5195192-salamander-inferno-master,Elemental,Large,generic,N,15.0,5,13000.0,7.0,3.0,4.0,2.0,0.0,5.0,7,8,4,2,5,5,0.0,0.0,0.0,0.0,0.0,0.0,0.0,0.0,0.0,0.0,0.0,0.0,0.0,0.0,0.0,1.0,1.0,1.0,1.0,2.0,0.0,1.0,1.0,1.0,1.0,1.0,1.0,1.0,8,1.0,18.0,20.0,256.5,256.5,5.2,9.2,12.0,12.0,18.0,105.666664,105.666664,127.0,95.0,95.0,0.0,= 2*35 + 4*5.5 + 2*7 + 2*10.5,= 2*30 + 2*7 + 2*10.5,= 2*30 + 2*7 + 2*10.5,,Assumes +2 AC from Inferno Blast (exhaustion).
Sammaster (Dracolich Form),5900675-sammaster-dracolich-form,FRAiF,275.0,https://www.dndbeyond.com/monsters/5900675-sammaster-dracolich-form,Undead,Huge,unique,L,22.0,7,41000.0,7.0,0.0,5.0,6.0,2.0,5.0,7,7,12,13,9,5,0.0,1.0,0.0,1.0,1.0,0.0,0.0,0.0,1.0,0.0,1.0,0.0,0.0,0.0,0.0,1.0,1.0,1.0,0.0,1.0,1.0,1.0,1.0,0.0,0.0,1.0,1.0,1.0,14,1.25,20.0,20.0,276.0,457.5,8.8,12.8,14.0,14.0,20.0,232.0,232.0,264.0,216.0,216.0,0.0,= 3*52 + 3*36,= 3*36 + 3*36,= 3*36 + 3*36,,Assumes +4 SB from Magic Resistance.
Sammaster (Lich Form),5900676-sammaster-lich-form,FRAiF,276.0,https://www.dndbeyond.com/monsters/5900676-sammaster-lich-form,Undead,Medium,unique,L,22.0,7,41000.0,1.0,2.0,3.0,6.0,2.0,5.0,1,9,10,13,9,5,0.0,1.0,0.0,1.0,1.0,0.0,0.0,0.0,1.0,0.0,1.0,0.0,0.0,0.0,0.0,1.0,1.0,1.0,0.5,0.5,1.0,1.0,0.5,0.0,0.0,1.0,1.0,1.0,16,1.0,18.0,23.0,322.5,412.5,7.8,11.8,13.0,13.0,21.0,231.0,231.0,231.0,231.0,231.0,0.0,= 3*38.5 + 3*38.5,= 3*38.5 + 3*38.5,= 3*38.5 + 3*38.5,,Assumes +5 AC from Shield. Assumes +4 SB from Magic Resistance.
Sarrukh Tyrant,6719632-sarrukh-tyrant,AUD,124.0,https://www.dndbeyond.com/monsters/6719632-sarrukh-tyrant,Monstrosity,Medium,generic,L,17.0,6,18000.0,6.0,2.0,5.0,6.0,4.0,4.0,6,8,5,12,10,10,0.0,1.0,0.0,0.0,1.0,0.0,0.0,0.0,0.0,0.0,0.0,0.0,0.0,0.0,0.0,1.0,1.0,1.0,1.0,1.0,0.0,1.0,1.0,1.0,1.0,1.0,1.0,1.0,8,1.0,19.0,19.0,256.5,346.5,8.5,12.5,12.0,12.0,20.0,143.83333,143.83333,149.5,149.5,132.5,0.0,= 2*35 + 3*26.5,= 2*35 + 3*26.5,= 2*26.5 + 3*26.5,,
Satyr,5195195-satyr,MM (2024),268.0,https://www.dndbeyond.com/monsters/5195195-satyr,Fey,Medium,generic,N,0.5,2,75.0,1.0,3.0,0.0,1.0,0.0,2.0,1,3,0,1,0,2,0.0,0.0,0.0,0.0,0.0,0.0,0.0,0.0,0.0,0.0,0.0,0.0,0.0,0.0,0.0,1.0,1.0,1.0,1.0,1.0,1.0,1.0,1.0,1.0,1.0,1.0,1.0,1.0,3,1.0,13.0,13.0,31.5,31.5,1.2,5.2,5.0,5.0,12.0,5.5,5.5,5.5,5.5,5.5,0.0,= 5.5,= 5.5,= 5.5,,
Satyr Revelmaster,5195194-satyr-revelmaster,MM (2024),268.0,https://www.dndbeyond.com/monsters/5195194-satyr-revelmaster,Fey,Medium,generic,N,6.0,3,2000.0,1.0,4.0,1.0,1.0,2.0,3.0,1,7,1,1,5,3,0.0,0.0,0.0,0.0,0.0,0.0,0.0,0.0,0.0,0.0,0.0,0.0,0.0,0.0,0.0,1.0,1.0,1.0,1.0,1.0,1.0,1.0,1.0,1.0,1.0,1.0,1.0,1.0,7,1.0,17.0,21.0,82.5,99.0,3.0,7.0,7.0,7.0,,39.333332,39.333332,40.0,39.0,39.0,0.0,= 4*10,= 3*13,= 3*13,,Assumes +20% HP from Prance (charmed). Assumes +4 AC from Fey Melody - Frightening (frightened).
Scarecrow,5195196-scarecrow,MM (2024),261.0,https://www.dndbeyond.com/monsters/5195196-scarecrow,Construct,Medium,generic,N,1.0,2,150.0,0.0,1.0,0.0,0.0,0.0,1.0,0,1,0,0,0,1,0.0,1.0,0.0,1.0,1.0,0.0,0.0,0.0,1.0,1.0,1.0,0.0,0.0,0.0,1.0,1.0,1.0,1.0,1.0,1.0,2.0,1.0,1.0,1.0,0.0,1.0,1.0,1.0,3,1.0,11.0,12.0,27.0,27.0,0.3,0.3,3.0,3.0,,6.0,6.0,6.0,6.0,6.0,0.0,= 6,= 6,= 6,,Assumes +1 AC from Fearsome Claw (frightened).
Scorpion,4775840-scorpion,MM (2024),369.0,https://www.dndbeyond.com/monsters/4775840-scorpion,Beast,Tiny,generic,N,0.0,2,7.0,-4.0,0.0,-1.0,-5.0,-1.0,-4.0,-4,0,-1,-5,-1,-4,0.0,0.0,0.0,0.0,0.0,0.0,0.0,0.0,0.0,0.0,0.0,0.0,0.0,0.0,0.0,1.0,1.0,1.0,1.0,1.0,1.0,1.0,1.0,1.0,1.0,1.0,1.0,1.0,0,1.0,11.0,11.0,1.5,1.5,-2.5,-2.5,2.0,2.0,,4.5,4.5,4.5,4.5,4.5,0.0,= 4.5,= 4.5,= 4.5,,
Scout,5174957-scout,MM (2024),270.0,https://www.dndbeyond.com/monsters/5174957-scout,Humanoid,Medium,generic,N,0.5,2,75.0,0.0,2.0,1.0,0.0,1.0,0.0,0,2,1,0,1,0,0.0,0.0,0.0,0.0,0.0,0.0,0.0,0.0,0.0,0.0,0.0,0.0,0.0,0.0,0.0,1.0,1.0,1.0,1.0,1.0,1.0,1.0,1.0,1.0,1.0,1.0,1.0,1.0,2,1.0,13.0,13.0,16.5,16.5,0.7,0.7,4.0,4.0,,13.0,13.0,13.0,13.0,13.0,0.0,= 2*6.5,= 2*6.5,= 2*6.5,,
Scout Captain,5195197-scout-captain,MM (2024),270.0,https://www.dndbeyond.com/monsters/5195197-scout-captain,Humanoid,Medium,generic,N,3.0,2,600.0,0.0,3.0,1.0,2.0,2.0,0.0,0,5,1,4,2,0,0.0,0.0,0.0,0.0,0.0,0.0,0.0,0.0,0.0,0.0,0.0,0.0,0.0,0.0,0.0,1.0,1.0,1.0,1.0,1.0,1.0,1.0,1.0,1.0,1.0,1.0,1.0,1.0,5,1.0,15.0,15.0,66.0,78.0,2.0,2.0,5.0,7.0,,25.5,25.5,25.5,25.5,25.5,0.0,= 18 + 7.5,= 18 + 7.5,= 18 + 7.5,,Assumes +4 HPR from Uncanny Dodge. Assumes +2 AB from Aim (advantage).
Sea Hag,5195198-sea-hag,MM (2024),271.0,https://www.dndbeyond.com/monsters/5195198-sea-hag,Fey,Medium,generic,N,2.0,2,300.0,3.0,1.0,3.0,1.0,1.0,1.0,3,1,3,1,1,1,0.0,0.0,0.0,0.0,0.0,0.0,0.0,0.0,0.0,0.0,0.0,0.0,0.0,0.0,0.0,1.0,1.0,1.0,1.0,1.0,1.0,1.0,1.0,1.0,1.0,1.0,1.0,1.0,1,1.0,14.0,16.0,52.5,52.5,1.7,1.7,5.0,5.0,,11.166667,11.166667,13.5,10.0,10.0,0.0,= 13.5,= 10,= 10,,Assumes +2 AC from Vile Appearance (frightened).
Seahorse,5195199-seahorse,MM (2024),369.0,https://www.dndbeyond.com/monsters/5195199-seahorse,Beast,Tiny,generic,N,0.0,2,7.0,-5.0,1.0,-1.0,-5.0,0.0,-4.0,-5,1,-1,-5,0,-4,0.0,0.0,0.0,0.0,0.0,0.0,0.0,0.0,0.0,0.0,0.0,0.0,0.0,0.0,0.0,1.0,1.0,1.0,1.0,1.0,1.0,1.0,1.0,1.0,1.0,1.0,1.0,1.0,1,1.0,12.0,12.0,1.5,1.5,-2.3,-2.3,0.0,0.0,,0.0,0.0,0.0,0.0,0.0,0.0,= 0,= 0,= 0,,
Sentinel Marshal,5976758-sentinel-marshal,EFotA,83.0,https://www.dndbeyond.com/monsters/5976758-sentinel-marshal,Humanoid,Medium,generic,N,6.0,3,2000.0,4.0,4.0,1.0,0.0,2.0,0.0,4,7,4,0,2,0,0.0,0.0,0.0,0.0,0.0,0.0,0.0,0.0,0.0,0.0,0.0,0.0,0.0,0.0,0.0,1.0,1.0,1.0,1.0,1.0,1.0,1.0,1.0,1.0,1.0,1.0,1.0,1.0,10,1.0,16.0,21.0,110.0,110.0,2.8,2.8,7.0,7.0,,45.0,45.0,45.0,45.0,45.0,0.0,= 3*15,= 3*15,= 3*15,,Assumes +5 AC from Shield.
Shadow,5174958-shadow,MM (2024),272.0,https://www.dndbeyond.com/monsters/5174958-shadow,Undead,Medium,generic,N,0.5,2,75.0,-2.0,2.0,1.0,-2.0,0.0,-1.0,-2,2,1,-2,0,-1,0.0,0.0,0.0,1.0,1.0,1.0,0.0,0.0,1.0,1.0,1.0,1.0,1.0,0.0,1.0,1.0,1.0,1.0,0.5,0.5,0.5,1.0,0.5,0.0,0.0,1.0,2.0,0.5,2,1.0,12.0,16.0,27.5,27.5,-0.3,3.7,4.0,8.0,,5.5,5.5,5.5,5.5,5.5,0.0,= 5.5,= 5.5,= 5.5,,Assumes +4 AC from Shadow Stealth. Assumes +4 SB from Shadow Stealth. Assumes +4 AB from Shadow Stealth.
Shadow Demon,5195200-shadow-demon,MM (2024),273.0,https://www.dndbeyond.com/monsters/5195200-shadow-demon,Fiend,Medium,generic,N,4.0,2,1000.0,-5.0,3.0,1.0,2.0,1.0,2.0,-5,5,1,2,1,4,0.0,0.0,0.0,1.0,0.0,1.0,0.0,0.0,1.0,1.0,1.0,1.0,1.0,0.0,0.0,0.5,0.5,0.5,0.5,0.5,0.5,1.0,0.5,0.0,0.0,1.0,2.0,0.5,3,2.0,14.0,18.0,66.0,132.0,1.3,5.3,5.0,9.0,,16.5,16.5,16.5,16.5,16.5,0.0,= 16.5,= 16.5,= 16.5,,Assumes +4 AC from Shadow Stealth. Assumes +4 SB from Shadow Stealth. Assumes +4 AB from Shadow Stealth.
Shadow Dragon,5195201-shadow-dragon-huge,MM (2024),275.0,https://www.dndbeyond.com/monsters/5195201-shadow-dragon-huge,or,Huge,generic,L,13.0,5,10000.0,5.0,4.0,4.0,2.0,1.0,4.0,5,9,4,2,6,4,0.0,0.0,0.0,0.0,0.0,0.0,0.0,0.0,0.0,0.0,0.0,0.0,0.0,0.0,0.0,1.0,1.0,1.0,1.0,1.0,1.0,1.0,1.0,0.0,1.0,1.0,1.0,1.0,14,1.0,16.0,18.0,189.0,348.8,5.0,7.0,10.0,10.0,17.0,95.833336,95.833336,111.5,88.0,88.0,0.0,= 2*35 + 2*15.5 + 10.5,= 3*15.5 + 2*15.5 + 10.5,= 3*15.5 + 2*15.5 + 10.5,,Assumes +25% HP from Living Shadow (resistance). Assumes +2 AC from Shadow Stealth. Assumes +2 SB from Shadow Stealth.
Shadow Dragon,5195201-shadow-dragon-huge,MM (2024),275.0,https://www.dndbeyond.com/monsters/5195201-shadow-dragon-huge,or,Huge,generic,LL,14.0,5,11500.0,5.0,4.0,4.0,2.0,1.0,4.0,5,9,4,2,6,4,0.0,0.0,0.0,0.0,0.0,0.0,0.0,0.0,0.0,0.0,0.0,0.0,0.0,0.0,0.0,1.0,1.0,1.0,1.0,1.0,1.0,1.0,1.0,0.0,1.0,1.0,1.0,1.0,14,1.0,16.0,18.0,189.0,386.3,5.0,7.0,10.0,10.0,17.0,111.333336,111.333336,127.0,103.5,103.5,0.0,= 2*35 + 3*15.5 + 10.5,= 3*15.5 + 3*15.5 + 10.5,= 3*15.5 + 3*15.5 + 10.5,,Assumes +25% HP from Living Shadow (resistance). Assumes +2 AC from Shadow Stealth. Assumes +2 SB from Shadow Stealth.
Shadow-Marked Agent,5976759-shadow-marked-agent,EFotA,84.0,https://www.dndbeyond.com/monsters/5976759-shadow-marked-agent,Humanoid,Medium,generic,N,7.0,3,2600.0,1.0,5.0,1.0,0.0,3.0,3.0,1,8,1,0,6,3,0.0,0.0,0.0,0.0,0.0,0.0,0.0,0.0,0.0,0.0,0.0,0.0,0.0,0.0,0.0,1.0,1.0,1.0,1.0,1.0,1.0,1.0,1.0,1.0,1.0,1.0,1.0,1.0,8,1.0,17.0,21.0,132.0,132.0,3.2,7.2,8.0,8.0,,48.0,48.0,48.0,48.0,48.0,0.0,= 2*24,= 2*24,= 2*24,,Assumes +4 AC from Shadow Cloak (invisible). Assumes +4 SB from Shadow Cloak (invisible).
Shambling Mound,5195203-shambling-mound,MM (2024),276.0,https://www.dndbeyond.com/monsters/5195203-shambling-mound,Plant,Large,generic,N,5.0,3,1400.0,4.0,-1.0,3.0,-3.0,0.0,-3.0,4,-1,3,-3,0,-3,0.0,0.0,1.0,1.0,0.0,0.0,0.0,0.0,0.0,0.0,0.0,0.0,0.0,0.0,0.0,1.0,1.0,1.0,1.0,0.5,0.5,1.0,0.0,1.0,1.0,1.0,1.0,1.0,-1,1.0,15.0,15.0,110.5,110.5,0.0,0.0,7.0,7.0,15.0,40.333332,40.333332,25.0,48.0,48.0,0.0,= 2*12.5,= 3*12.5 + 10.5,= 3*12.5 + 10.5,,
Shield Guardian,5195204-shield-guardian,MM (2024),277.0,https://www.dndbeyond.com/monsters/5195204-shield-guardian,Construct,Large,generic,N,7.0,3,2600.0,4.0,-1.0,4.0,-2.0,0.0,-4.0,4,-1,4,-2,0,-4,0.0,1.0,0.0,1.0,1.0,0.0,0.0,0.0,1.0,1.0,1.0,0.0,0.0,0.0,0.0,1.0,1.0,1.0,1.0,1.0,1.0,1.0,1.0,1.0,0.0,1.0,1.0,1.0,-1,1.0,17.0,17.0,142.5,172.5,0.2,0.2,7.0,7.0,,36.0,36.0,36.0,36.0,36.0,0.0,= 2*18,= 2*18,= 2*18,,
Shoggoth,6491388-shoggoth,RTHW,266.0,https://www.dndbeyond.com/monsters/6491388-shoggoth,Aberration,Huge,generic,N,11.0,4,6800.0,6.0,3.0,5.0,5.0,3.0,-1.0,6,7,9,5,3,-1,0.0,0.0,0.0,0.0,0.0,1.0,0.0,0.0,0.0,0.0,0.0,1.0,1.0,0.0,0.0,0.5,0.5,0.5,1.0,0.0,1.0,1.0,1.0,1.0,1.0,1.0,1.0,1.0,7,1.25,15.0,15.0,172.5,215.6,4.8,4.8,10.0,10.0,18.0,75.333336,94.03333,74.0,78.0,74.0,56.1,= 2*26 + 22,= 3*26,= 2*26 + 22,= SUM(BK570:BM570)*(2/3)*(1/5) + 26,"Assumes +20% DPR for two rounds from Suction Burst (Stunned), and +26 damage from Cold Sprint."
Shrieker Fungus,5195205-shrieker-fungus,MM (2024),125.0,https://www.dndbeyond.com/monsters/5195205-shrieker-fungus,Plant,Medium,generic,N,0.0,2,7.0,-5.0,-5.0,0.0,-5.0,-4.0,-5.0,-5,-5,0,-5,-4,-5,1.0,1.0,1.0,0.0,1.0,0.0,0.0,0.0,0.0,0.0,0.0,0.0,0.0,0.0,0.0,1.0,1.0,1.0,1.0,1.0,1.0,1.0,1.0,1.0,1.0,1.0,1.0,1.0,-5,1.0,5.0,5.0,13.5,13.5,-4.0,-4.0,0.0,0.0,,0.0,0.0,0.0,0.0,0.0,0.0,= 0,= 0,= 0,,
Silver Dragon Wyrmling,5195206-silver-dragon-wyrmling,MM (2024),278.0,https://www.dndbeyond.com/monsters/5195206-silver-dragon-wyrmling,Dragon,Medium,generic,N,2.0,2,300.0,4.0,0.0,3.0,1.0,0.0,2.0,4,2,3,1,2,2,0.0,0.0,0.0,0.0,0.0,0.0,0.0,0.0,0.0,0.0,0.0,0.0,0.0,0.0,0.0,1.0,1.0,1.0,1.0,0.0,1.0,1.0,1.0,1.0,1.0,1.0,1.0,1.0,2,1.0,17.0,17.0,45.0,45.0,2.3,2.3,6.0,6.0,13.0,24.666666,24.666666,36.0,19.0,19.0,0.0,= 2*18,= 2*9.5,= 2*9.5,,
Sivis Scribe,5976760-sivis-scribe,EFotA,84.0,https://www.dndbeyond.com/monsters/5976760-sivis-scribe,Humanoid,Small,generic,N,3.0,2,600.0,0.0,2.0,0.0,3.0,1.0,0.0,0,2,0,3,3,0,0.0,0.0,0.0,0.0,0.0,0.0,0.0,0.0,0.0,0.0,0.0,0.0,0.0,0.0,0.0,1.0,1.0,1.0,1.0,1.0,1.0,1.0,1.0,1.0,1.0,1.0,1.0,1.0,2,1.0,15.0,15.0,56.0,62.0,1.3,1.3,5.0,5.0,13.0,27.0,27.0,27.0,27.0,27.0,0.0,= 2*13.5,= 2*13.5,= 2*13.5,,Assumes +6 HP from Word of Stasis (incapacitated).
Skeleton,4775841-skeleton,MM (2024),282.0,https://www.dndbeyond.com/monsters/4775841-skeleton,Undead,Medium,generic,N,0.25,2,37.0,0.0,3.0,2.0,-2.0,-1.0,-3.0,0,3,2,-2,-1,-3,0.0,0.0,0.0,1.0,0.0,0.0,0.0,0.0,0.0,0.0,1.0,0.0,0.0,0.0,0.0,2.0,1.0,1.0,1.0,1.0,1.0,1.0,1.0,1.0,0.0,1.0,1.0,1.0,3,1.0,14.0,14.0,13.0,13.0,-0.2,-0.2,5.0,5.0,,6.5,6.5,6.5,6.5,6.5,0.0,= 6.5,= 6.5,= 6.5,,
Slaad Tadpole,4775842-slaad-tadpole,MM (2024),284.0,https://www.dndbeyond.com/monsters/4775842-slaad-tadpole,Aberration,Tiny,generic,N,0.125,2,19.0,-2.0,2.0,0.0,-4.0,-3.0,-4.0,-2,2,0,-4,-3,-4,0.0,0.0,0.0,0.0,0.0,0.0,0.0,0.0,0.0,0.0,0.0,0.0,0.0,0.0,0.0,1.0,1.0,1.0,0.5,0.5,0.5,1.0,0.5,1.0,1.0,1.0,1.0,0.5,2,1.0,12.0,14.0,7.5,7.5,-1.8,-1.8,4.0,4.0,,5.5,5.5,5.5,5.5,5.5,0.0,= 5.5,= 5.5,= 5.5,,
Smoke Mephit,5195207-smoke-mephit,MM (2024),208.0,https://www.dndbeyond.com/monsters/5195207-smoke-mephit,Elemental,Small,generic,N,0.25,2,37.0,-2.0,2.0,1.0,0.0,0.0,0.0,-2,2,1,0,0,0,0.0,0.0,0.0,1.0,0.0,0.0,0.0,0.0,0.0,0.0,1.0,0.0,0.0,0.0,0.0,1.0,1.0,1.0,1.0,1.0,0.0,1.0,1.0,1.0,0.0,1.0,1.0,1.0,2,1.0,12.0,12.0,13.5,13.5,0.2,0.2,4.0,4.0,11.0,4.5,4.5,4.5,4.5,4.5,0.0,= 4.5,= 4.5,= 4.5,,
Solar,5195208-solar,MM (2024),288.0,https://www.dndbeyond.com/monsters/5195208-solar,Celestial,Large,generic,L,21.0,7,33000.0,8.0,6.0,8.0,7.0,7.0,10.0,8,6,8,7,7,10,0.0,1.0,0.0,1.0,1.0,0.0,0.0,0.0,0.0,0.0,1.0,0.0,0.0,0.0,0.0,1.0,1.0,1.0,1.0,1.0,1.0,1.0,1.0,1.0,0.0,1.0,0.0,1.0,20,1.0,21.0,21.0,297.0,501.0,7.7,11.7,15.0,15.0,25.0,149.0,149.0,149.0,149.0,149.0,0.0,= 2*58 + 3*11,= 2*58 + 3*11,= 2*58 + 3*11,,
Spectator,5195209-spectator,MM (2024),289.0,https://www.dndbeyond.com/monsters/5195209-spectator,Aberration,Medium,generic,N,3.0,2,600.0,-1.0,2.0,2.0,1.0,2.0,0.0,-1,2,2,1,2,0,0.0,0.0,0.0,1.0,0.0,0.0,0.0,0.0,0.0,0.0,0.0,1.0,0.0,0.0,0.0,1.0,1.0,1.0,1.0,1.0,1.0,1.0,1.0,1.0,1.0,1.0,1.0,1.0,2,1.0,14.0,18.0,45.5,54.6,1.0,1.0,4.0,4.0,12.0,23.75,23.75,23.75,23.75,23.75,0.0,= 2*((5 + 5 + 16.5)/4) + 10.5,= 2*((5 + 5 + 16.5)/4) + 10.5,= 2*((5 + 5 + 16.5)/4) + 10.5,,"Assumes +20% HP from Eye Rays (paralyzed, frightened, compelled action). Assumes +4 AC from flying."
Specter,5195210-specter,MM (2024),290.0,https://www.dndbeyond.com/monsters/5195210-specter,Undead,Medium,generic,N,1.0,2,150.0,-5.0,2.0,0.0,0.0,0.0,0.0,-5,2,0,0,0,0,0.0,1.0,0.0,1.0,0.0,1.0,0.0,0.0,1.0,1.0,1.0,1.0,1.0,0.0,1.0,0.5,0.5,0.5,0.5,0.5,0.5,1.0,0.5,0.0,0.0,1.0,1.0,0.5,2,2.0,12.0,12.0,22.5,45.0,-0.5,-0.5,4.0,4.0,,7.0,7.0,7.0,7.0,7.0,0.0,= 7,= 7,= 7,,
Spellguard,6719581-spellguard,AU,147.0,https://www.dndbeyond.com/monsters/6719581-spellguard,Humanoid,Medium,generic,N,5.0,3,1400.0,4.0,0.0,3.0,1.0,1.0,0.0,4,0,6,1,4,0,0.0,0.0,0.0,0.0,0.0,0.0,0.0,0.0,0.0,0.0,0.0,0.0,0.0,0.0,0.0,1.0,1.0,1.0,1.0,1.0,1.0,1.0,1.0,1.0,1.0,1.0,1.0,1.0,3,1.0,20.0,20.0,105.0,105.0,2.5,6.5,7.0,7.0,,31.0,31.0,31.0,31.0,31.0,0.0,= 2*15.5,= 2*15.5,= 2*15.5,,
Sphinx of Lore,5195211-sphinx-of-lore,MM (2024),293.0,https://www.dndbeyond.com/monsters/5195211-sphinx-of-lore,Celestial,Large,generic,L,11.0,4,6800.0,4.0,2.0,3.0,4.0,4.0,4.0,4,2,3,4,4,4,0.0,1.0,0.0,0.0,1.0,0.0,0.0,0.0,0.0,0.0,0.0,0.0,0.0,0.0,0.0,1.0,1.0,1.0,1.0,1.0,1.0,1.0,1.0,0.5,1.0,0.0,0.5,1.0,10,1.0,17.0,17.0,170.0,290.0,3.5,3.5,8.0,8.0,16.0,107.5,107.5,148.5,87.0,87.0,0.0,= 3*35 + 3*14.5,= 3*14.5 + 3*14.5,= 3*14.5 + 3*14.5,,Assumes +3*10 HP from Mind-Rending Roar.
Sphinx of Lore,5195211-sphinx-of-lore,MM (2024),293.0,https://www.dndbeyond.com/monsters/5195211-sphinx-of-lore,Celestial,Large,generic,LL,12.0,4,8200.0,4.0,2.0,3.0,4.0,4.0,4.0,4,2,3,4,4,4,0.0,1.0,0.0,0.0,1.0,0.0,0.0,0.0,0.0,0.0,0.0,0.0,0.0,0.0,0.0,1.0,1.0,1.0,1.0,1.0,1.0,1.0,1.0,0.5,1.0,0.0,0.5,1.0,10,1.0,17.0,17.0,170.0,320.0,3.5,3.5,8.0,8.0,16.0,122.0,122.0,163.0,101.5,101.5,0.0,= 3*35 + 4*14.5,= 3*14.5 + 4*14.5,= 3*14.5 + 4*14.5,,Assumes +3*10 HP from Mind-Rending Roar.
Sphinx of Secrets,5195212-sphinx-of-secrets,MM (2024),292.0,https://www.dndbeyond.com/monsters/5195212-sphinx-of-secrets,Celestial,Large,generic,N,8.0,3,3500.0,4.0,2.0,3.0,4.0,4.0,4.0,4,2,3,4,4,4,0.0,1.0,0.0,0.0,1.0,0.0,0.0,0.0,0.0,0.0,0.0,0.0,0.0,0.0,0.0,1.0,1.0,1.0,1.0,1.0,1.0,1.0,1.0,0.5,1.0,0.0,0.5,1.0,5,1.0,16.0,18.0,136.0,136.0,3.5,7.5,7.0,7.0,15.0,61.0,61.0,61.0,61.0,61.0,0.0,= 2*20 + 21,= 2*20 + 21,= 2*20 + 21,,Assumes +2 AC from Curse of the Riddle (disadvantage).
Sphinx of Valor,5195213-sphinx-of-valor,MM (2024),294.0,https://www.dndbeyond.com/monsters/5195213-sphinx-of-valor,Celestial,Large,generic,L,17.0,6,18000.0,6.0,0.0,5.0,3.0,6.0,4.0,6,6,11,9,12,4,0.0,1.0,0.0,0.0,1.0,0.0,0.0,0.0,0.0,0.0,0.0,0.0,0.0,0.0,0.0,1.0,1.0,1.0,1.0,1.0,1.0,1.0,1.0,0.5,1.0,0.0,0.5,1.0,12,1.0,17.0,20.0,199.5,369.5,8.0,8.0,12.0,12.0,20.0,158.66667,158.66667,100.0,100.0,276.0,0.0,= 2*20 + 3*20,= 2*20 + 3*20,= 2*20 + 4*44 + 3*20,,Assumes +4*20 HP from Second Roar. Assumes +3 AC from First Roar.
Sphinx of Valor,5195213-sphinx-of-valor,MM (2024),294.0,https://www.dndbeyond.com/monsters/5195213-sphinx-of-valor,Celestial,Large,generic,LL,18.0,6,20000.0,6.0,0.0,5.0,3.0,6.0,4.0,6,6,11,9,12,4,0.0,1.0,0.0,0.0,1.0,0.0,0.0,0.0,0.0,0.0,0.0,0.0,0.0,0.0,0.0,1.0,1.0,1.0,1.0,1.0,1.0,1.0,1.0,0.5,1.0,0.0,0.5,1.0,12,1.0,17.0,20.0,199.5,399.5,8.0,8.0,12.0,12.0,20.0,178.66667,178.66667,120.0,120.0,296.0,0.0,= 2*20 + 4*20,= 2*20 + 4*20,= 2*20 + 4*44 + 4*20,,Assumes +4*20 HP from Second Roar. Assumes +3 AC from First Roar.
Sphinx of Wonder,4775843-sphinx-of-wonder,MM (2024),291.0,https://www.dndbeyond.com/monsters/4775843-sphinx-of-wonder,Celestial,Tiny,generic,N,1.0,2,150.0,-2.0,3.0,1.0,2.0,1.0,0.0,-2,3,1,2,1,0,0.0,0.0,0.0,0.0,0.0,0.0,0.0,0.0,0.0,0.0,0.0,0.0,0.0,0.0,0.0,1.0,1.0,1.0,1.0,1.0,1.0,1.0,1.0,0.5,1.0,0.5,0.5,1.0,3,1.0,13.0,15.0,24.5,24.5,0.8,0.8,5.0,5.0,,7.0,7.0,7.0,7.0,7.0,0.0,= 7,= 7,= 7,,
Spider,4775844-spider,MM (2024),369.0,https://www.dndbeyond.com/monsters/4775844-spider,Beast,Tiny,generic,N,0.0,2,7.0,-4.0,2.0,-1.0,-5.0,0.0,-4.0,-4,2,-1,-5,0,-4,0.0,0.0,0.0,0.0,0.0,0.0,0.0,0.0,0.0,0.0,0.0,0.0,0.0,0.0,0.0,1.0,1.0,1.0,1.0,1.0,1.0,1.0,1.0,1.0,1.0,1.0,1.0,1.0,2,1.0,12.0,12.0,1.5,1.5,-2.0,-2.0,4.0,4.0,,3.5,3.5,3.5,3.5,3.5,0.0,= 3.5,= 3.5,= 3.5,,
Spined Devil,5195214-spined-devil,MM (2024),296.0,https://www.dndbeyond.com/monsters/5195214-spined-devil,Fiend,Small,generic,N,2.0,2,300.0,0.0,2.0,1.0,0.0,2.0,-1.0,0,2,1,0,2,-1,0.0,0.0,0.0,0.0,0.0,0.0,0.0,0.0,0.0,0.0,1.0,0.0,0.0,0.0,0.0,1.0,1.0,1.0,1.0,0.5,0.0,1.0,1.0,1.0,0.0,1.0,1.0,1.0,2,1.0,13.0,17.0,45.0,45.0,0.7,4.7,4.0,4.0,,18.0,18.0,18.0,18.0,18.0,0.0,= 2*9,= 2*9,= 2*9,,Assumes +4 AC from flying with Flyby.
Spirit Dragon Wyrmling,5900677-spirit-dragon-wyrmling,FRAiF,277.0,https://www.dndbeyond.com/monsters/5900677-spirit-dragon-wyrmling,Dragon,Medium,generic,N,2.0,2,300.0,2.0,1.0,2.0,2.0,0.0,2.0,2,3,4,2,0,2,0.0,0.0,0.0,0.0,0.0,0.0,0.0,0.0,0.0,0.0,0.0,0.0,0.0,0.0,0.0,1.0,1.0,1.0,1.0,1.0,1.0,1.0,1.0,0.5,1.0,1.0,1.0,1.0,3,1.0,16.0,16.0,52.0,52.0,2.2,2.2,4.0,4.0,12.0,17.333334,17.333334,27.0,12.5,12.5,0.0,= 2*13.5,= 12.5,= 12.5,,
Spirit Naga,5195215-spirit-naga,MM (2024),297.0,https://www.dndbeyond.com/monsters/5195215-spirit-naga,Fiend,Large,generic,N,8.0,3,3500.0,4.0,3.0,2.0,3.0,2.0,3.0,4,6,5,3,5,6,0.0,1.0,0.0,0.0,0.0,0.0,0.0,0.0,0.0,0.0,1.0,0.0,0.0,0.0,0.0,1.0,1.0,1.0,1.0,1.0,1.0,1.0,1.0,1.0,0.0,1.0,1.0,1.0,3,1.0,17.0,17.0,135.0,135.0,4.8,4.8,7.0,7.0,14.0,64.5,64.5,64.5,64.5,64.5,0.0,= 3*21.5,= 3*21.5,= 3*21.5,,
Spore of Moander,5900678-spore-of-moander,FRAiF,280.0,https://www.dndbeyond.com/monsters/5900678-spore-of-moander,Plant,Huge,generic,N,12.0,4,8200.0,6.0,-1.0,5.0,-3.0,0.0,-2.0,10,-1,9,-3,0,-2,1.0,0.0,1.0,1.0,0.0,0.0,0.0,0.0,1.0,0.0,1.0,1.0,0.0,0.0,0.0,1.0,1.0,1.0,0.5,0.5,0.0,1.0,0.5,1.0,0.0,1.0,1.0,1.0,3,1.0,19.0,19.0,230.0,287.5,2.2,2.2,10.0,10.0,,88.0,90.333336,88.0,88.0,88.0,7.0,= 4*22,= 4*22,= 4*22,= 7,Assumes +7 damage from Explosive Core.
Sprite,4775845-sprite,MM (2024),298.0,https://www.dndbeyond.com/monsters/4775845-sprite,Fey,Tiny,generic,N,0.25,2,37.0,-4.0,4.0,0.0,2.0,1.0,0.0,-4,4,0,2,1,0,0.0,0.0,0.0,0.0,0.0,0.0,0.0,0.0,0.0,0.0,0.0,0.0,0.0,0.0,0.0,1.0,1.0,1.0,1.0,1.0,1.0,1.0,1.0,1.0,1.0,1.0,1.0,1.0,4,1.0,15.0,15.0,10.0,10.0,0.5,0.5,6.0,6.0,,6.5,6.5,6.5,6.5,6.5,0.0,= 6.5,= 6.5,= 6.5,,
Spy,5195217-spy,MM (2024),295.0,https://www.dndbeyond.com/monsters/5195217-spy,Humanoid,Medium,generic,N,1.0,2,150.0,0.0,2.0,0.0,1.0,2.0,3.0,0,2,0,1,2,3,0.0,0.0,0.0,0.0,0.0,0.0,0.0,0.0,0.0,0.0,0.0,0.0,0.0,0.0,0.0,1.0,1.0,1.0,1.0,1.0,1.0,1.0,1.0,1.0,1.0,1.0,1.0,1.0,4,1.0,12.0,16.0,27.0,27.0,1.3,5.3,4.0,8.0,,12.5,12.5,12.5,12.5,12.5,0.0,= 12.5,= 12.5,= 12.5,,Assumes +4 AC from Cunning Action. Assumes +4 SB from Cunning Action. Assumes +4 AB from Cunning Action.
Spy Master,5195216-spy-master,MM (2024),295.0,https://www.dndbeyond.com/monsters/5195216-spy-master,Humanoid,Medium,generic,N,10.0,4,5700.0,0.0,5.0,1.0,4.0,3.0,3.0,0,9,5,8,7,3,0.0,0.0,0.0,0.0,0.0,0.0,0.0,0.0,0.0,0.0,0.0,0.0,0.0,0.0,0.0,1.0,1.0,1.0,1.0,1.0,1.0,1.0,1.0,1.0,1.0,1.0,1.0,1.0,9,1.0,19.0,23.0,137.5,137.5,5.3,9.3,9.0,10.0,,63.0,63.0,63.0,63.0,63.0,0.0,= 3*21,= 3*21,= 3*21,,Assumes +4 AC from Cunning Action. Assumes +4 SB from Cunning Action. Assumes +1 AB from Cunning Action.
Steam Mephit,5195218-steam-mephit,MM (2024),208.0,https://www.dndbeyond.com/monsters/5195218-steam-mephit,Elemental,Small,generic,N,0.25,2,37.0,-3.0,0.0,0.0,0.0,0.0,1.0,-3,0,0,0,0,1,0.0,0.0,0.0,1.0,0.0,0.0,0.0,0.0,0.0,0.0,1.0,0.0,0.0,0.0,0.0,1.0,1.0,1.0,1.0,1.0,0.0,1.0,1.0,1.0,0.0,1.0,1.0,1.0,0,1.0,10.0,10.0,17.5,17.5,-0.3,-0.3,2.0,2.0,10.0,6.6666665,8.333333,10.0,5.0,5.0,5.0,= 2*5,= 5,= 5,= 5,
Stirge,5195219-stirge,MM (2024),299.0,https://www.dndbeyond.com/monsters/5195219-stirge,Monstrosity,Tiny,generic,N,0.125,2,19.0,-3.0,3.0,0.0,-4.0,-1.0,-2.0,-3,3,0,-4,-1,-2,0.0,0.0,0.0,0.0,0.0,0.0,0.0,0.0,0.0,0.0,0.0,0.0,0.0,0.0,0.0,1.0,1.0,1.0,1.0,1.0,1.0,1.0,1.0,1.0,1.0,1.0,1.0,1.0,3,1.0,13.0,13.0,5.0,5.0,-1.2,-1.2,5.0,5.0,,6.5,6.5,6.5,6.5,6.5,0.0,= 6.5,= 6.5,= 6.5,,
Stone Giant,5195220-stone-giant,MM (2024),300.0,https://www.dndbeyond.com/monsters/5195220-stone-giant,Giant,Huge,generic,N,7.0,3,2600.0,6.0,2.0,5.0,0.0,1.0,-1.0,6,5,8,0,4,-1,0.0,0.0,0.0,0.0,0.0,0.0,0.0,0.0,0.0,0.0,0.0,0.0,0.0,0.0,0.0,1.0,1.0,1.0,1.0,1.0,1.0,1.0,1.0,1.0,1.0,1.0,1.0,1.0,5,1.0,17.0,17.0,126.5,138.0,3.7,3.7,9.0,9.0,17.0,48.833332,48.833332,56.5,45.0,45.0,0.0,= 2*22.5 + 11.5,= 2*22.5,= 2*22.5,,
Stone Golem,4904850-stone-golem,MM (2024),301.0,https://www.dndbeyond.com/monsters/4904850-stone-golem,Construct,Large,generic,N,10.0,4,5700.0,6.0,-1.0,5.0,-4.0,0.0,-5.0,6,-1,5,-4,0,-5,0.0,1.0,0.0,1.0,1.0,0.0,0.0,0.0,1.0,1.0,1.0,0.0,0.0,0.0,0.0,1.0,1.0,1.0,1.0,1.0,1.0,1.0,1.0,1.0,0.0,0.0,1.0,1.0,3,1.0,18.0,18.0,220.5,246.5,0.2,4.2,10.0,11.0,,48.0,48.0,48.0,48.0,48.0,0.0,= 2*24,= 2*24,= 2*24,,Assumes +2*13 HP from Slow. Assumes +1 AB from Slow (-2 AC).
Storm Giant,5195221-storm-giant,MM (2024),302.0,https://www.dndbeyond.com/monsters/5195221-storm-giant,Giant,Huge,generic,N,13.0,5,10000.0,9.0,2.0,5.0,3.0,5.0,4.0,14,2,10,3,10,9,0.0,0.0,0.0,0.0,0.0,0.0,0.0,0.0,0.0,0.0,0.0,0.0,0.0,0.0,0.0,1.0,1.0,1.0,1.0,0.5,1.0,1.0,0.0,1.0,1.0,1.0,1.0,0.0,7,1.0,16.0,16.0,230.0,230.0,8.0,8.0,14.0,14.0,18.0,85.333336,85.333336,110.0,73.0,73.0,0.0,= 2*55,= 2*36.5,= 2*36.5,,
Strahd Skeleton,6491389-strahd-skeleton,RTHW,269.0,https://www.dndbeyond.com/monsters/6491389-strahd-skeleton,Undead,Medium,generic,N,4.0,2,1000.0,3.0,1.0,2.0,1.0,2.0,3.0,5,1,2,1,2,3,0.0,0.0,0.0,1.0,1.0,0.0,0.0,0.0,0.0,0.0,1.0,0.0,0.0,0.0,0.0,2.0,1.0,1.0,1.0,1.0,1.0,1.0,1.0,1.0,0.0,1.0,1.0,1.0,1,1.0,16.0,16.0,65.0,72.0,2.3,2.3,5.0,5.0,13.0,29.0,29.0,29.0,29.0,29.0,0.0,= 2*14.5,= 2*14.5,= 2*14.5,,Assumes +7 HP from Undead Fortitude.
Strahd von Zarovich,6491390-strahd-von-zarovich,RTHW,42.0,https://www.dndbeyond.com/monsters/6491390-strahd-von-zarovich,Undead,Medium,unique,L,15.0,5,13000.0,4.0,4.0,4.0,5.0,2.0,4.0,4,9,4,5,7,9,0.0,0.0,0.0,0.0,0.0,0.0,0.0,0.0,0.0,0.0,0.0,0.0,0.0,0.0,0.0,1.0,1.0,1.0,1.0,1.0,1.0,1.0,1.0,0.5,1.0,1.0,1.0,1.0,9,1.0,16.0,16.0,204.0,304.5,6.3,6.3,9.0,9.0,18.0,110.833336,155.16667,123.5,123.5,85.5,133.0,= 1*22.5 + 2*28 + 2*22.5,= 1*22.5 + 2*28 + 2*22.5,= 1*22.5 + 18 + 2*22.5,= SUM(BK601:BM601)*(2/5),Assumes +10.5 HP from Bite. Assumes +40% DPR from Count's Command (Incapacitated).
Strahd von Zarovich,6491390-strahd-von-zarovich,RTHW,42.0,https://www.dndbeyond.com/monsters/6491390-strahd-von-zarovich,Undead,Medium,unique,LD,16.0,5,15000.0,4.0,4.0,4.0,5.0,2.0,4.0,4,9,4,5,7,9,0.0,0.0,0.0,0.0,0.0,0.0,0.0,0.0,0.0,0.0,0.0,0.0,0.0,0.0,0.0,1.0,1.0,1.0,1.0,1.0,1.0,1.0,1.0,0.5,1.0,1.0,1.0,1.0,9,1.0,16.0,16.0,204.0,334.5,6.3,6.3,9.0,9.0,18.0,133.33333,186.66667,146.0,146.0,108.0,160.0,= 1*22.5 + 2*28 + 3*22.5,= 1*22.5 + 2*28 + 3*22.5,= 1*22.5 + 18 + 3*22.5,= SUM(BK602:BM602)*(2/5),Assumes +10.5 HP from Bite. Assumes +40% DPR from Count's Command (Incapacitated).
Strigoi,6491391-strigoi,RTHW,270.0,https://www.dndbeyond.com/monsters/6491391-strigoi,Monstrosity,Medium,generic,N,4.0,2,1000.0,3.0,2.0,3.0,0.0,3.0,0.0,5,4,3,0,3,0,0.0,1.0,0.0,0.0,1.0,0.0,0.0,0.0,0.0,0.0,0.0,0.0,0.0,0.0,0.0,1.0,1.0,1.0,1.0,1.0,1.0,1.0,1.0,0.5,1.0,1.0,1.0,1.0,2,1.0,16.0,18.0,52.5,73.5,2.5,2.5,5.0,5.0,13.0,32.5,37.166668,32.5,32.5,32.5,14.0,= 2*10 + 12.5,= 2*10 + 12.5,= 2*10 + 12.5,= 2*2*3.5,Assumes +7 HPR from Proboscis. Assumes +2 AC from Protective Swarm (Poisoned). Assumes +14 damage from Protective Swarm.
Succubus,4904865-succubus,MM (2024),303.0,https://www.dndbeyond.com/monsters/4904865-succubus,Fiend,Medium,generic,N,4.0,2,1000.0,-1.0,3.0,1.0,2.0,1.0,5.0,-1,3,1,2,1,5,0.0,0.0,0.0,0.0,0.0,0.0,0.0,0.0,0.0,0.0,0.0,0.0,0.0,0.0,0.0,1.0,1.0,1.0,1.0,0.5,0.5,1.0,1.0,1.0,0.5,0.5,1.0,1.0,3,1.0,15.0,15.0,71.5,85.8,1.8,1.8,7.0,7.0,15.0,20.5,27.5,16.0,29.5,16.0,21.0,= 16,= 16 + 13.5,= 16,= 3*7,"Assumes +100% HP from resistances and immunities, and +20% HP from Charm (Dominate Person). Assumes only one round for Draining Kiss. Assumes +7 DPR from Charm (Dominate Person)."
Swanmay,5900679-swanmay,FRAiF,281.0,https://www.dndbeyond.com/monsters/5900679-swanmay,Fey,Medium,generic,N,3.0,2,600.0,0.0,4.0,2.0,0.0,3.0,2.0,0,4,4,0,5,2,0.0,0.0,0.0,0.0,0.0,0.0,0.0,0.0,0.0,0.0,0.0,0.0,0.0,0.0,0.0,1.0,1.0,1.0,1.0,1.0,1.0,1.0,1.0,1.0,1.0,1.0,1.0,1.0,4,1.0,14.0,18.0,71.5,71.5,2.5,2.5,6.0,6.0,13.0,26.0,26.0,26.0,26.0,26.0,0.0,= 2*13,= 2*13,= 2*13,,Assumes +4 AC from flying with ranged attacks and flyby.
Swarm of Bats,5195222-swarm-of-bats,MM (2024),370.0,https://www.dndbeyond.com/monsters/5195222-swarm-of-bats,Beast,Large,generic,N,0.25,2,37.0,-3.0,2.0,0.0,-4.0,1.0,-3.0,-3,2,0,-4,1,-3,0.0,1.0,0.0,0.0,1.0,1.0,0.0,0.0,1.0,1.0,0.0,1.0,1.0,1.0,0.0,0.5,0.5,0.5,1.0,1.0,1.0,1.0,1.0,1.0,1.0,1.0,1.0,1.0,2,2.0,12.0,12.0,11.0,22.0,-1.2,-1.2,4.0,4.0,,3.75,3.75,3.75,3.75,3.75,0.0,= (5 + 2.5)/2,= (5 + 2.5)/2,= (5 + 2.5)/2,,
Swarm of Crawling Claws,5174959-swarm-of-crawling-claws,MM (2024),83.0,https://www.dndbeyond.com/monsters/5174959-swarm-of-crawling-claws,Undead,Medium,generic,N,3.0,2,600.0,2.0,2.0,0.0,-3.0,0.0,-3.0,2,2,0,-3,0,-3,0.0,1.0,0.0,1.0,1.0,1.0,1.0,0.0,1.0,1.0,1.0,1.0,1.0,1.0,0.0,0.5,0.5,0.5,1.0,1.0,1.0,1.0,1.0,0.0,0.0,1.0,1.0,1.0,2,2.0,12.0,12.0,49.5,99.0,-0.3,-0.3,4.0,4.0,,16.5,16.5,16.5,16.5,16.5,0.0,= (22 + 11)/2,= (22 + 11)/2,= (22 + 11)/2,,
Swarm of Dretches,5195223-swarm-of-dretches,MM (2024),104.0,https://www.dndbeyond.com/monsters/5195223-swarm-of-dretches,Fiend,Large,generic,N,4.0,2,1000.0,2.0,0.0,2.0,-3.0,-1.0,-4.0,2,0,2,-3,-1,-4,0.0,1.0,0.0,0.0,1.0,1.0,0.0,0.0,1.0,1.0,1.0,1.0,1.0,1.0,0.0,0.5,0.5,0.5,1.0,0.5,0.5,1.0,0.5,1.0,0.0,1.0,1.0,1.0,0,2.0,12.0,14.0,45.0,90.0,-0.7,-0.7,4.0,4.0,,22.0,22.0,22.0,22.0,22.0,0.0,= 12.5 + 9.5,= 12.5 + 9.5,= 12.5 + 9.5,,Assumes +2 AC from Fetid Aura (poisoned).
Swarm of Infesting Insects,6491393-swarm-of-infesting-insects,RTHW,271.0,https://www.dndbeyond.com/monsters/6491393-swarm-of-infesting-insects,Beast,Medium,generic,N,2.0,2,300.0,-4.0,2.0,1.0,-5.0,-2.0,-5.0,-4,2,1,-5,-2,-5,0.0,1.0,0.0,0.0,1.0,1.0,0.0,0.0,1.0,1.0,0.0,1.0,1.0,1.0,0.0,0.5,0.5,0.5,1.0,1.0,1.0,1.0,1.0,1.0,1.0,1.0,1.0,1.0,2,2.0,13.0,14.0,33.0,66.0,-2.2,-2.2,4.0,4.0,,9.5,9.5,9.5,9.5,9.5,0.0,= (12 + 7)/2,= (12 + 7)/2,= (12 + 7)/2,,Assumes +1 AC from Infestation (Poisoned).
Swarm of Insects,5195224-swarm-of-insects,MM (2024),270.0,https://www.dndbeyond.com/monsters/5195224-swarm-of-insects,Beast,Medium,generic,N,0.5,2,75.0,-4.0,1.0,2.0,-5.0,-2.0,-5.0,-4,1,2,-5,-2,-5,0.0,1.0,0.0,0.0,1.0,1.0,0.0,0.0,1.0,1.0,0.0,1.0,1.0,1.0,0.0,0.5,0.5,0.5,1.0,1.0,1.0,1.0,1.0,1.0,1.0,1.0,1.0,1.0,1,2.0,11.0,11.0,19.5,39.0,-2.2,-2.2,3.0,3.0,,4.75,4.75,4.75,4.75,4.75,0.0,= (6 + 3.5)/2,= (6 + 3.5)/2,= (6 + 3.5)/2,,
Swarm of Larvae,5195225-swarm-of-larvae,MM (2024),193.0,https://www.dndbeyond.com/monsters/5195225-swarm-of-larvae,Fiend,Large,generic,N,1.0,2,150.0,2.0,0.0,2.0,-2.0,1.0,-4.0,2,0,2,-2,1,-4,0.0,1.0,0.0,0.0,1.0,1.0,0.0,0.0,1.0,1.0,0.0,1.0,1.0,1.0,0.0,0.5,0.5,0.5,1.0,1.0,1.0,1.0,1.0,1.0,1.0,1.0,1.0,1.0,0,2.0,13.0,13.0,22.5,45.0,-0.2,-0.2,4.0,4.0,,8.0,8.0,8.0,8.0,8.0,0.0,= (9 + 7)/2,= (9 + 7)/2,= (9 + 7)/2,,
Swarm of Lemures,5195226-swarm-of-lemures,MM (2024),194.0,https://www.dndbeyond.com/monsters/5195226-swarm-of-lemures,Fiend,Large,generic,N,3.0,2,600.0,2.0,-2.0,2.0,-5.0,1.0,-4.0,2,-2,2,-5,1,-4,0.0,1.0,0.0,0.0,1.0,1.0,0.0,0.0,1.0,1.0,1.0,1.0,1.0,1.0,0.0,0.5,0.5,0.5,1.0,0.5,0.0,1.0,1.0,1.0,0.0,1.0,1.0,1.0,-2,2.0,12.0,12.0,45.0,90.0,-1.0,-1.0,4.0,4.0,,10.0,10.0,10.0,10.0,10.0,0.0,= (11 + 9)/2,= (11 + 9)/2,= (11 + 9)/2,,
Swarm of Piranhas,5195227-swarm-of-piranhas,MM (2024),370.0,https://www.dndbeyond.com/monsters/5195227-swarm-of-piranhas,Beast,Medium,generic,N,1.0,2,150.0,1.0,3.0,-1.0,-5.0,-2.0,-4.0,1,3,-1,-5,-2,-4,0.0,1.0,0.0,0.0,1.0,1.0,0.0,0.0,1.0,1.0,0.0,1.0,1.0,1.0,0.0,0.5,0.5,0.5,1.0,1.0,1.0,1.0,1.0,1.0,1.0,1.0,1.0,1.0,3,2.0,13.0,13.0,28.0,56.0,-1.3,-1.3,5.0,8.0,,6.75,6.75,6.75,6.75,6.75,0.0,= (8 + 5.5)/2,= (8 + 5.5)/2,= (8 + 5.5)/2,,Assumes +3 AB from Bites (advantage).
Swarm of Rats,5195228-swarm-of-rats,MM (2024),370.0,https://www.dndbeyond.com/monsters/5195228-swarm-of-rats,Beast,Medium,generic,N,0.25,2,37.0,-1.0,0.0,-1.0,-4.0,0.0,-4.0,-1,2,-1,-4,0,-4,0.0,1.0,0.0,0.0,1.0,1.0,0.0,0.0,1.0,1.0,0.0,1.0,1.0,1.0,0.0,0.5,0.5,0.5,1.0,1.0,1.0,1.0,1.0,1.0,1.0,1.0,1.0,1.0,0,2.0,10.0,10.0,14.0,28.0,-1.3,-1.3,2.0,2.0,,3.75,3.75,3.75,3.75,3.75,0.0,= (5 + 2.5)/2,= (5 + 2.5)/2,= (5 + 2.5)/2,,
Swarm of Ravenous Insects,6491394-swarm-of-ravenous-insects,RTHW,271.0,https://www.dndbeyond.com/monsters/6491394-swarm-of-ravenous-insects,Beast,Medium,generic,N,3.0,2,600.0,-4.0,2.0,2.0,-5.0,1.0,-5.0,-4,2,2,-5,1,-5,0.0,1.0,0.0,0.0,1.0,1.0,0.0,0.0,1.0,1.0,0.0,1.0,1.0,1.0,0.0,0.5,0.5,0.5,1.0,1.0,1.0,1.0,1.0,1.0,1.0,1.0,1.0,1.0,2,2.0,13.0,14.0,39.0,78.0,-1.5,-1.5,4.0,4.0,,15.5,20.0,15.5,15.5,15.5,13.5,= (20 +11)/2,= (20 +11)/2,= (20 +11)/2,= 3*4.5,Assumes +1 AC from Ravenous Bites (Poisoned). Assumes +4.5 DPR from Ravenous Bites.
Swarm of Ravens,5195229-swarm-of-ravens,MM (2024),371.0,https://www.dndbeyond.com/monsters/5195229-swarm-of-ravens,Beast,Medium,generic,N,0.25,2,37.0,-2.0,2.0,1.0,-3.0,1.0,-2.0,-2,2,1,-3,1,-2,0.0,1.0,0.0,0.0,1.0,1.0,0.0,0.0,1.0,1.0,0.0,1.0,1.0,1.0,0.0,0.5,0.5,0.5,1.0,1.0,1.0,1.0,1.0,1.0,1.0,1.0,1.0,1.0,2,2.0,12.0,12.0,11.0,22.0,-0.5,-0.5,4.0,4.0,,4.0,4.0,4.0,4.0,4.0,0.0,= (5.5 + 2.5)/2,= (5.5 + 2.5)/2,= (5.5 + 2.5)/2,,
Swarm of Stirges,5195230-swarm-of-stirges,MM (2024),299.0,https://www.dndbeyond.com/monsters/5195230-swarm-of-stirges,Monstrosity,Medium,generic,N,2.0,2,300.0,-3.0,3.0,0.0,-4.0,-1.0,-2.0,-3,3,0,-4,-1,-2,0.0,1.0,0.0,0.0,1.0,1.0,0.0,0.0,1.0,1.0,0.0,1.0,1.0,1.0,0.0,0.5,0.5,0.5,1.0,1.0,1.0,1.0,1.0,1.0,1.0,1.0,1.0,1.0,3,2.0,14.0,14.0,36.0,72.0,-1.2,-1.2,5.0,5.0,,18.25,18.25,18.25,18.25,18.25,0.0,= (14 + 8.5)/2 + 7,= (14 + 8.5)/2 + 7,= (14 + 8.5)/2 + 7,,
Swarm of Venomous Snakes,5195231-swarm-of-venomous-snakes,MM (2024),371.0,https://www.dndbeyond.com/monsters/5195231-swarm-of-venomous-snakes,Beast,Medium,generic,N,2.0,2,300.0,-1.0,4.0,0.0,-5.0,0.0,-4.0,-1,4,0,-5,0,-4,0.0,1.0,0.0,0.0,1.0,1.0,0.0,0.0,1.0,1.0,0.0,1.0,1.0,1.0,0.0,0.5,0.5,0.5,1.0,1.0,1.0,1.0,1.0,1.0,1.0,1.0,1.0,1.0,4,2.0,14.0,14.0,36.0,72.0,-1.0,-1.0,6.0,6.0,,18.0,18.0,18.0,18.0,18.0,0.0,= (8.5 + 6.5)/2 + 10.5,= (8.5 + 6.5)/2 + 10.5,= (8.5 + 6.5)/2 + 10.5,,
Swarm of Zombie Limbs,6491395-swarm-of-zombie-limbs,RTHW,282.0,https://www.dndbeyond.com/monsters/6491395-swarm-of-zombie-limbs,Undead,Medium,generic,N,1.0,2,150.0,1.0,2.0,2.0,-5.0,-3.0,-4.0,1,2,2,-5,-3,-4,0.0,1.0,0.0,1.0,1.0,1.0,0.0,0.0,1.0,1.0,1.0,1.0,1.0,1.0,0.0,1.0,1.0,1.0,1.0,1.0,1.0,1.0,1.0,0.0,0.0,1.0,1.0,1.0,2,1.0,12.0,12.0,26.0,26.0,-1.2,-1.2,4.0,4.0,,7.25,7.25,7.25,7.25,7.25,0.0,= (9 + 5.5)/2,= (9 + 5.5)/2,= (9 + 5.5)/2,,
Szass Tam,6719633-szass-tam,AUD,126.0,https://www.dndbeyond.com/monsters/6719633-szass-tam,Undead,Medium,unique,L,23.0,7,50000.0,1.0,2.0,3.0,6.0,4.0,4.0,1,9,10,13,11,4,0.0,1.0,0.0,1.0,1.0,0.0,0.0,0.0,1.0,0.0,1.0,0.0,0.0,0.0,0.0,1.0,1.0,1.0,1.0,0.5,1.0,1.0,0.5,0.0,0.0,1.0,1.0,1.0,16,1.0,20.0,20.0,397.5,517.5,8.0,13.0,13.0,13.0,21.0,186.0,223.2,186.0,186.0,186.0,111.6,= 16.5 + 61.5 + 3*36,= 16.5 + 61.5 + 3*36,= 16.5 + 61.5 + 3*36,= SUM(BK620:BM620)*(1/5),Assumes +5 SB from Protective Magic (Counterspell). Assumes +20% DPR from Paralyzing Touch (Paralyzed).
Szass Tam,6719633-szass-tam,AUD,126.0,https://www.dndbeyond.com/monsters/6719633-szass-tam,Undead,Medium,unique,LL,24.0,7,62000.0,1.0,2.0,3.0,6.0,4.0,4.0,1,9,10,13,11,4,0.0,1.0,0.0,1.0,1.0,0.0,0.0,0.0,1.0,0.0,1.0,0.0,0.0,0.0,0.0,1.0,1.0,1.0,1.0,0.5,1.0,1.0,0.5,0.0,0.0,1.0,1.0,1.0,16,1.0,20.0,20.0,397.5,547.5,8.0,13.0,13.0,13.0,21.0,222.0,266.4,222.0,222.0,222.0,133.2,= 16.5 + 61.5 + 4*36,= 16.5 + 61.5 + 4*36,= 16.5 + 61.5 + 4*36,= SUM(BK621:BM621)*(1/5),Assumes +5 SB from Protective Magic (Counterspell). Assumes +20% DPR from Paralyzing Touch (Paralyzed).
Taisus,6719582-taisus,AU,148.0,https://www.dndbeyond.com/monsters/6719582-taisus,Aberration,Huge,generic,L,19.0,6,22000.0,3.0,4.0,5.0,7.0,6.0,4.0,3,10,11,13,12,4,0.0,1.0,0.0,1.0,1.0,1.0,0.0,0.0,1.0,1.0,1.0,0.0,1.0,0.0,0.0,1.0,1.0,1.0,1.0,1.0,1.0,1.0,1.0,1.0,0.0,1.0,1.0,1.0,10,1.0,18.0,23.0,310.5,430.5,8.8,12.8,13.0,13.0,21.0,111.0,111.0,111.0,111.0,111.0,0.0,= 2*37 + 37,= 2*37 + 37,= 2*37 + 37,,Assumes +5 AC from Protective Magic (Shield).
Tarkanan Marauder,5976761-tarkanan-marauder,EFotA,73.0,https://www.dndbeyond.com/monsters/5976761-tarkanan-marauder,Humanoid,Medium,generic,N,11.0,4,6800.0,2.0,3.0,5.0,3.0,2.0,1.0,2,7,9,3,6,1,0.0,0.0,0.0,0.0,0.0,0.0,0.0,0.0,0.0,0.0,0.0,0.0,0.0,0.0,0.0,1.0,1.0,1.0,1.0,1.0,1.0,1.0,1.0,1.0,1.0,1.0,1.0,1.0,7,1.0,16.0,16.0,247.0,247.0,4.7,6.7,7.0,9.0,,40.5,61.5,40.5,40.5,40.5,63.0,= 3*13.5,= 3*13.5,= 3*13.5,= 1*3*21,Assumes +2 SB from Evasion. Assumes +2 AB from Tear Through Space (blinded).
Tarkanan Ruffian,5976762-tarkanan-ruffian,EFotA,73.0,https://www.dndbeyond.com/monsters/5976762-tarkanan-ruffian,Humanoid,Medium,generic,N,1.0,2,150.0,2.0,1.0,2.0,0.0,0.0,1.0,2,3,4,0,0,1,0.0,0.0,0.0,0.0,0.0,0.0,0.0,0.0,0.0,0.0,0.0,0.0,0.0,0.0,0.0,1.0,1.0,1.0,1.0,1.0,1.0,1.0,1.0,1.0,1.0,1.0,1.0,1.0,1,1.0,13.0,13.0,32.5,35.0,1.7,1.7,4.0,4.0,,8.666667,13.5,13.0,6.5,6.5,14.5,= 13,= 6.5,= 6.5,= 2*6.5 + 1.5,"Assumes +2.5 HP from Aberrant Surge. Assumes 13 damage from witch bolt, and +1.5 damage from Aberrant Surge."
Tarrasque,5195232-tarrasque,MM (2024),305.0,https://www.dndbeyond.com/monsters/5195232-tarrasque,Monstrosity,Gargantuan,generic,L,30.0,9,155000.0,10.0,0.0,10.0,-4.0,0.0,0.0,10,9,10,5,9,9,0.0,1.0,1.0,0.0,1.0,0.0,0.0,0.0,1.0,0.0,1.0,0.0,0.0,0.0,0.0,0.5,0.5,0.5,1.0,1.0,0.0,1.0,1.0,1.0,0.0,1.0,1.0,1.0,18,1.0,25.0,25.0,697.0,877.0,8.7,12.7,19.0,19.0,27.0,316.66666,316.66666,430.0,316.0,204.0,0.0,= 3*78 + 2*56 + 3*28,= 36 + 3*28 + 2*56 + 3*28,= 36 + 3*28 + 3*28,,Reflective Carapace should be assessed.
Tharashk Hunter,5976763-tharashk-hunter,EFotA,85.0,https://www.dndbeyond.com/monsters/5976763-tharashk-hunter,Humanoid,Medium,generic,N,6.0,3,2000.0,1.0,4.0,2.0,0.0,3.0,0.0,1,7,5,0,3,0,0.0,0.0,0.0,0.0,0.0,0.0,0.0,0.0,0.0,0.0,0.0,0.0,0.0,0.0,0.0,1.0,1.0,1.0,1.0,1.0,1.0,1.0,1.0,1.0,1.0,1.0,1.0,1.0,4,1.0,16.0,16.0,97.5,115.5,2.7,2.7,7.0,11.0,,52.5,52.5,52.5,52.5,52.5,0.0,= 3*17.5,= 3*17.5,= 3*17.5,,Assumes +6 HPR from Uncanny Dodge. Assumes +4 AB from Mark of Tharashk.
Thri-kreen Marauder,5195233-thri-kreen-marauder,MM (2024),306.0,https://www.dndbeyond.com/monsters/5195233-thri-kreen-marauder,Monstrosity,Medium,generic,N,1.0,2,150.0,1.0,2.0,1.0,-1.0,1.0,-2.0,1,2,1,-1,1,-2,0.0,0.0,0.0,0.0,0.0,0.0,0.0,0.0,0.0,0.0,0.0,0.0,0.0,0.0,0.0,1.0,1.0,1.0,1.0,1.0,1.0,1.0,1.0,1.0,1.0,1.0,1.0,1.0,2,1.0,15.0,15.0,33.0,33.0,0.3,0.3,4.0,4.0,,11.0,11.0,11.0,11.0,11.0,0.0,= 2*5.5,= 2*5.5,= 2*5.5,,
Thri-kreen Psion,5195234-thri-kreen-psion,MM (2024),306.0,https://www.dndbeyond.com/monsters/5195234-thri-kreen-psion,Monstrosity,Medium,generic,N,8.0,3,3500.0,4.0,2.0,2.0,4.0,1.0,0.0,7,5,5,7,1,0,0.0,0.0,0.0,0.0,0.0,0.0,0.0,0.0,0.0,0.0,0.0,0.0,0.0,0.0,0.0,1.0,1.0,1.0,1.0,1.0,1.0,1.0,1.0,1.0,1.0,0.5,1.0,1.0,6,1.0,16.0,22.0,149.5,149.5,4.2,4.2,7.0,7.0,15.0,54.666668,54.666668,56.0,54.0,54.0,0.0,= 2*28,= 3*18,= 3*18,,"Assumes +4 AC from flying, +2 AC from Synaptic Static (-1d6 to attacks)."
Tiger,4775846-tiger,MM (2024),271.0,https://www.dndbeyond.com/monsters/4775846-tiger,Beast,Large,generic,N,1.0,2,150.0,3.0,3.0,2.0,-4.0,1.0,-1.0,3,3,2,-4,1,-1,0.0,0.0,0.0,0.0,0.0,0.0,0.0,0.0,0.0,0.0,0.0,0.0,0.0,0.0,0.0,1.0,1.0,1.0,1.0,1.0,1.0,1.0,1.0,1.0,1.0,1.0,1.0,1.0,3,1.0,13.0,17.0,30.0,30.0,0.7,4.7,5.0,9.0,,10.0,10.0,10.0,10.0,10.0,0.0,= 10,= 10,= 10,,Assumes +4 AC from Nimble Escape. Assumes +4 SB from Nimble Escape. Assumes +4 AB from Nimble Escape.
Tough,5195235-tough,MM (2024),307.0,https://www.dndbeyond.com/monsters/5195235-tough,Humanoid,Medium,generic,N,0.5,2,75.0,2.0,1.0,2.0,0.0,0.0,0.0,2,1,2,0,0,0,0.0,0.0,0.0,0.0,0.0,0.0,0.0,0.0,0.0,0.0,0.0,0.0,0.0,0.0,0.0,1.0,1.0,1.0,1.0,1.0,1.0,1.0,1.0,1.0,1.0,1.0,1.0,1.0,1,1.0,12.0,12.0,32.5,32.5,0.8,0.8,3.0,4.0,,6.5,6.5,6.5,6.5,6.5,0.0,= 6.5,= 6.5,= 6.5,,
Tough Boss,4904883-tough-boss,MM (2024),307.0,https://www.dndbeyond.com/monsters/4904883-tough-boss,Humanoid,Medium,generic,N,4.0,2,1000.0,3.0,2.0,3.0,0.0,0.0,0.0,5,2,5,0,0,2,0.0,0.0,0.0,0.0,0.0,0.0,0.0,0.0,0.0,0.0,0.0,0.0,0.0,0.0,0.0,1.0,1.0,1.0,1.0,1.0,1.0,1.0,1.0,1.0,1.0,1.0,1.0,1.0,2,1.0,16.0,16.0,82.5,82.5,2.3,2.3,4.0,5.0,,26.0,26.0,26.0,26.0,26.0,0.0,= 2*13,= 2*13,= 2*13,,
Transmuter Archmage,6719583-transmuter-archmage,AU,139.0,https://www.dndbeyond.com/monsters/6719583-transmuter-archmage,Humanoid,Medium,generic,N,15.0,5,13000.0,0.0,3.0,1.0,5.0,2.0,3.0,0,3,6,10,7,3,0.0,0.0,0.0,0.0,0.0,0.0,0.0,0.0,0.0,0.0,0.0,0.0,0.0,0.0,0.0,1.0,1.0,1.0,1.0,1.0,1.0,1.0,1.0,1.0,1.0,1.0,1.0,1.0,8,1.0,16.0,21.0,220.0,220.0,4.8,8.8,10.0,12.0,18.0,108.0,129.59999,108.0,108.0,108.0,64.8,= 4*27,= 4*27,= 4*27,= SUM(BK632:BM632)*(1/5),Assumes +5 AC from Protective Magic (Shield). Assumes +2 AB from Slow. Assumes +20% DPR from Slow.
Treant,5195236-treant,MM (2024),308.0,https://www.dndbeyond.com/monsters/5195236-treant,Plant,Huge,generic,N,9.0,4,4500.0,6.0,-1.0,5.0,1.0,3.0,1.0,6,-1,5,1,3,1,0.0,0.0,0.0,0.0,0.0,0.0,0.0,0.0,0.0,0.0,0.0,0.0,0.0,0.0,0.0,0.5,0.5,1.0,1.0,1.0,2.0,1.0,1.0,1.0,1.0,1.0,1.0,1.0,3,1.0,16.0,16.0,138.0,138.0,2.5,2.5,10.0,10.0,,88.0,88.0,66.0,99.0,99.0,0.0,= 4*16.5,= 6*16.5,= 6*16.5,,
Tree Blight,5195237-tree-blight,MM (2024),44.0,https://www.dndbeyond.com/monsters/5195237-tree-blight,Plant,Huge,generic,N,7.0,3,2600.0,6.0,0.0,5.0,-2.0,0.0,-4.0,6,0,5,-2,0,-4,0.0,0.0,1.0,0.0,0.0,0.0,0.0,0.0,0.0,0.0,0.0,0.0,0.0,0.0,0.0,1.0,1.0,1.0,1.0,1.0,1.0,1.0,1.0,1.0,1.0,1.0,1.0,1.0,3,1.0,15.0,15.0,115.0,115.0,0.8,0.8,9.0,9.0,17.0,65.5,65.5,65.5,65.5,65.5,0.0,= 2*16.5 + 13 + 19.5,= 2*16.5 + 13 + 19.5,= 2*16.5 + 13 + 19.5,,
Triceratops,5195238-triceratops,MM (2024),372.0,https://www.dndbeyond.com/monsters/5195238-triceratops,Beast,Huge,generic,N,5.0,3,1400.0,6.0,-1.0,3.0,-4.0,0.0,-3.0,6,-1,3,-4,0,-3,0.0,0.0,0.0,0.0,0.0,0.0,0.0,0.0,0.0,0.0,0.0,0.0,0.0,0.0,0.0,1.0,1.0,1.0,1.0,1.0,1.0,1.0,1.0,1.0,1.0,1.0,1.0,1.0,-1,1.0,14.0,14.0,114.0,114.0,0.2,0.2,9.0,9.0,,41.0,41.0,47.0,38.0,38.0,0.0,= 28 + 19,= 2*19,= 2*19,,
Troglodyte,5195239-troglodyte,MM (2024),309.0,https://www.dndbeyond.com/monsters/5195239-troglodyte,Monstrosity,Medium,generic,N,0.25,2,37.0,2.0,0.0,2.0,-2.0,0.0,-2.0,2,0,2,-2,0,-2,0.0,0.0,0.0,0.0,0.0,0.0,0.0,0.0,0.0,0.0,0.0,0.0,0.0,0.0,0.0,1.0,1.0,1.0,1.0,1.0,1.0,1.0,1.0,1.0,1.0,1.0,1.0,1.0,0,1.0,11.0,12.0,13.0,13.0,0.0,0.0,4.0,4.0,12.0,5.5,5.5,5.5,5.5,5.5,0.0,= 5.5,= 5.5,= 5.5,,Assumes +1 AC from Stench.
Troll,5195241-troll,MM (2024),310.0,https://www.dndbeyond.com/monsters/5195241-troll,Giant,Large,generic,N,5.0,3,1400.0,4.0,1.0,5.0,-2.0,-1.0,-2.0,4,1,5,-2,-1,-2,0.0,0.0,0.0,0.0,0.0,0.0,0.0,0.0,0.0,0.0,0.0,0.0,0.0,0.0,0.0,1.0,1.0,1.0,1.0,1.0,1.0,1.0,1.0,1.0,1.0,1.0,1.0,1.0,1,1.0,15.0,15.0,94.5,139.5,0.8,0.8,7.0,7.0,,33.0,33.0,33.0,33.0,33.0,0.0,= 3*11,= 3*11,= 3*11,,
Troll Limb,5195240-troll-limb,MM (2024),310.0,https://www.dndbeyond.com/monsters/5195240-troll-limb,Giant,Small,generic,N,0.5,2,75.0,4.0,1.0,0.0,-5.0,-1.0,-5.0,4,1,0,-5,-1,-5,0.0,0.0,0.0,0.0,0.0,0.0,0.0,0.0,0.0,0.0,0.0,0.0,0.0,0.0,0.0,1.0,1.0,1.0,1.0,1.0,1.0,1.0,1.0,1.0,1.0,1.0,1.0,1.0,1,1.0,13.0,13.0,14.0,29.0,-1.0,-1.0,6.0,6.0,,9.0,9.0,9.0,9.0,9.0,0.0,= 9,= 9,= 9,,
Twig Blight,5195242-twig-blight,MM (2024),43.0,https://www.dndbeyond.com/monsters/5195242-twig-blight,Plant,Small,generic,N,0.125,2,19.0,-2.0,2.0,0.0,-3.0,-1.0,-4.0,-2,2,0,-3,-1,-4,0.0,0.0,1.0,0.0,0.0,0.0,0.0,0.0,0.0,0.0,0.0,0.0,0.0,0.0,0.0,1.0,1.0,1.0,1.0,1.0,2.0,1.0,1.0,1.0,1.0,1.0,1.0,1.0,2,1.0,14.0,14.0,7.0,7.0,-1.3,-1.3,4.0,5.0,,4.5,4.5,4.5,4.5,4.5,0.0,= 4.5,= 4.5,= 4.5,,
Tyrannosaurus Rex,5195243-tyrannosaurus-rex,MM (2024),372.0,https://www.dndbeyond.com/monsters/5195243-tyrannosaurus-rex,Beast,Huge,generic,N,8.0,3,3500.0,7.0,0.0,4.0,-4.0,1.0,-1.0,10,0,4,-4,4,-1,0.0,0.0,0.0,0.0,0.0,0.0,0.0,0.0,0.0,0.0,0.0,0.0,0.0,0.0,0.0,1.0,1.0,1.0,1.0,1.0,1.0,1.0,1.0,1.0,1.0,1.0,1.0,1.0,3,1.0,13.0,13.0,136.5,136.5,2.2,2.2,10.0,12.0,,58.0,58.0,58.0,58.0,58.0,0.0,= 33 + 25,= 33 + 25,= 33 + 25,,Assumes +2 AB from Bite (advantage).
Ultroloth,5195244-ultroloth,MM (2024),311.0,https://www.dndbeyond.com/monsters/5195244-ultroloth,Fiend,Medium,generic,N,13.0,5,10000.0,4.0,3.0,4.0,4.0,2.0,4.0,4,3,4,4,2,4,0.0,1.0,0.0,0.0,1.0,0.0,0.0,0.0,0.0,0.0,1.0,0.0,0.0,0.0,0.0,1.0,1.0,1.0,0.0,0.5,0.5,1.0,0.5,1.0,0.0,1.0,1.0,1.0,8,1.0,19.0,21.0,221.0,309.4,3.5,9.5,9.0,9.0,17.0,71.0,71.0,71.0,71.0,71.0,0.0,= 2*10.5 + 2*25,= 2*10.5 + 2*25,= 2*10.5 + 2*25,,"Assumes +25% HP from resistances and immunities, and +40% HP from Hypnotic Gaze (stunned). Assumes +2 AC from Fiendish Guile. Assumes +2 SB from Fiendish Guile."
Umber Hulk,5195245-umber-hulk,MM (2024),312.0,https://www.dndbeyond.com/monsters/5195245-umber-hulk,Monstrosity,Large,generic,N,5.0,3,1400.0,5.0,1.0,3.0,-1.0,0.0,0.0,5,1,3,-1,0,0,0.0,0.0,0.0,0.0,0.0,0.0,0.0,0.0,0.0,0.0,0.0,0.0,0.0,0.0,0.0,1.0,1.0,1.0,1.0,1.0,1.0,1.0,1.0,1.0,1.0,1.0,1.0,1.0,4,1.0,18.0,18.0,93.5,99.5,1.3,1.3,8.0,8.0,14.0,36.0,36.0,36.0,36.0,36.0,0.0,= 3*12,= 3*12,= 3*12,,Assumes +6 HP from Confusing Gaze.
Umbragen Shadow-Walker,5976764-umbragen-shadow-walker,EFotA,99.0,https://www.dndbeyond.com/monsters/5976764-umbragen-shadow-walker,Humanoid,Medium,generic,N,9.0,4,4500.0,1.0,4.0,2.0,1.0,2.0,5.0,1,8,2,1,6,5,0.0,0.0,0.0,0.0,0.0,0.0,0.0,0.0,0.0,0.0,0.0,0.0,0.0,0.0,0.0,1.0,1.0,1.0,1.0,1.0,1.0,1.0,1.0,1.0,1.0,1.0,1.0,1.0,4,1.0,14.0,15.0,162.5,162.5,3.8,4.8,9.0,12.0,17.0,56.0,56.0,56.0,56.0,56.0,0.0,= 3*14 + 14,= 3*14 + 14,= 3*14 + 14,,Assumes +1 AC from Shadow Cowl (blinded). Assumes +1 SB from Shadow Cowl (blinded). Assumes +3 AB from Shadow Cowl (blinded).
Unicorn,5195246-unicorn,MM (2024),313.0,https://www.dndbeyond.com/monsters/5195246-unicorn,Celestial,Large,generic,L,5.0,3,1400.0,4.0,2.0,2.0,0.0,3.0,3.0,4,2,2,0,3,3,0.0,1.0,0.0,0.0,0.0,0.0,0.0,0.0,1.0,0.0,1.0,0.0,0.0,0.0,0.0,1.0,1.0,1.0,1.0,1.0,1.0,1.0,1.0,1.0,0.0,1.0,1.0,1.0,8,1.0,12.0,14.0,97.5,189.0,2.3,6.3,7.0,7.0,,39.5,39.5,39.5,39.5,39.5,0.0,= 11 + 9.5 + 2*9.5,= 11 + 9.5 + 2*9.5,= 11 + 9.5 + 2*9.5,,
Unspeakable Horror,6491396-unspeakable-horror,RTHW,274.0,https://www.dndbeyond.com/monsters/6491396-unspeakable-horror,Monstrosity,Huge,generic,N,8.0,3,3500.0,5.0,1.0,4.0,-4.0,2.0,3.0,5,1,7,-4,5,3,0.0,0.0,0.0,0.0,1.0,1.0,0.0,0.0,0.0,0.0,0.0,1.0,1.0,0.0,0.0,1.0,1.0,1.0,0.5,0.5,1.0,1.0,1.0,0.5,0.5,1.0,1.0,1.0,4,1.0,13.0,17.0,126.0,156.0,2.8,2.8,8.0,10.0,15.0,42.0,52.733334,42.0,42.0,42.0,32.2,= 3*14,= 3*14,= 3*14,= SUM(BK645:BM645)*(1/5) + 7,"Assumes +4 AC from Incomprehensible Form. Assumes +2 AB from Terrifying Aura (Paralyzed) and Warp Mind (Stunned). Assumes +20% DPR from Terrifying Aura, and +7 damage from Warp Mind."
Vadalis Heir,5976765-vadalis-heir,EFotA,85.0,https://www.dndbeyond.com/monsters/5976765-vadalis-heir,Humanoid,Medium,generic,N,4.0,2,1000.0,1.0,3.0,2.0,0.0,3.0,1.0,1,5,4,0,5,1,0.0,0.0,0.0,0.0,0.0,0.0,0.0,0.0,0.0,0.0,0.0,0.0,0.0,0.0,0.0,1.0,1.0,1.0,1.0,1.0,1.0,1.0,1.0,1.0,1.0,1.0,1.0,1.0,3,1.0,14.0,14.0,52.0,52.0,2.7,2.7,5.0,6.0,13.0,43.333332,53.333332,50.0,40.0,40.0,30.0,= 2*25,= 4*10,= 4*10,= 3*10,Assumes +1 AB from Pack Tactics. Assumes +10 DPR from Spur Beast.
Valindra Shadowmantle,5900680-valindra-shadowmantle,FRAiF,283.0,https://www.dndbeyond.com/monsters/5900680-valindra-shadowmantle,Undead,Medium,unique,L,21.0,7,33000.0,0.0,3.0,3.0,5.0,2.0,3.0,0,10,10,12,9,3,0.0,1.0,0.0,1.0,1.0,0.0,0.0,0.0,1.0,0.0,1.0,0.0,0.0,0.0,0.0,1.0,1.0,1.0,1.0,0.5,1.0,1.0,0.5,0.0,0.0,1.0,1.0,1.0,17,1.0,20.0,25.0,315.0,455.0,7.3,7.3,12.0,12.0,20.0,197.33333,223.33333,182.0,205.0,205.0,78.0,= 2*39 + 2*31 + 2*21,= 31 + 2*35 + 2*31 + 2*21,= 31 + 2*35 + 2*31 + 2*21,= 2*39,Assumes +20 HP from Deathly Grasp. Assumes +5 AC from Protective Magic (shield). Assumes +78 damage from additional failures of Deathly Grasp.
Valindra Shadowmantle,5900680-valindra-shadowmantle,FRAiF,283.0,https://www.dndbeyond.com/monsters/5900680-valindra-shadowmantle,Undead,Medium,unique,LL,22.0,7,41000.0,0.0,3.0,3.0,5.0,2.0,3.0,0,10,10,12,9,3,0.0,1.0,0.0,1.0,1.0,0.0,0.0,0.0,1.0,0.0,1.0,0.0,0.0,0.0,0.0,1.0,1.0,1.0,1.0,0.5,1.0,1.0,0.5,0.0,0.0,1.0,1.0,1.0,17,1.0,20.0,25.0,315.0,465.0,7.3,7.3,12.0,12.0,20.0,236.0,236.0,236.0,236.0,236.0,0.0,= 31 + 2*35 + 3*31 + 2*21,= 31 + 2*35 + 3*31 + 2*21,= 31 + 2*35 + 3*31 + 2*21,,Assumes +5 AC from Protective Magic (shield).
Vampire,5195251-vampire,MM (2024),317.0,https://www.dndbeyond.com/monsters/5195251-vampire,Undead,Medium,generic,L,13.0,5,10000.0,4.0,4.0,4.0,3.0,2.0,4.0,4,9,9,3,7,9,0.0,0.0,0.0,0.0,0.0,0.0,0.0,0.0,0.0,0.0,0.0,0.0,0.0,0.0,0.0,1.0,1.0,1.0,1.0,1.0,1.0,1.0,1.0,0.5,1.0,1.0,1.0,1.0,14,1.0,16.0,16.0,195.5,346.0,6.8,6.8,9.0,9.0,17.0,97.5,97.5,97.5,97.5,97.5,0.0,= 2*15.5 + 20 + 3*15.5,= 2*15.5 + 20 + 3*15.5,= 2*15.5 + 20 + 3*15.5,,Assumes +20 HP from Charm (charmed).
Vampire,5195251-vampire,MM (2024),317.0,https://www.dndbeyond.com/monsters/5195251-vampire,Undead,Medium,generic,LL,14.0,5,11500.0,4.0,4.0,4.0,3.0,2.0,4.0,4,9,9,3,7,9,0.0,0.0,0.0,0.0,0.0,0.0,0.0,0.0,0.0,0.0,0.0,0.0,0.0,0.0,0.0,1.0,1.0,1.0,1.0,1.0,1.0,1.0,1.0,0.5,1.0,1.0,1.0,1.0,14,1.0,16.0,16.0,195.5,376.0,6.8,6.8,9.0,9.0,17.0,113.0,113.0,113.0,113.0,113.0,0.0,= 2*15.5 + 20 + 4*15.5,= 2*15.5 + 20 + 4*15.5,= 2*15.5 + 20 + 4*15.5,,Assumes +20 HP from Charm (charmed).
Vampire Familiar,5195247-vampire-familiar,MM (2024),314.0,https://www.dndbeyond.com/monsters/5195247-vampire-familiar,Humanoid,Medium,generic,N,3.0,2,600.0,3.0,3.0,2.0,0.0,0.0,2.0,3,5,2,0,2,2,0.0,1.0,0.0,0.0,0.0,0.0,0.0,0.0,0.0,0.0,0.0,0.0,0.0,0.0,0.0,1.0,1.0,1.0,1.0,1.0,1.0,1.0,1.0,0.5,1.0,1.0,1.0,1.0,5,1.0,15.0,15.0,65.0,65.0,2.3,2.3,5.0,5.0,,26.0,26.0,26.0,26.0,26.0,0.0,= 2*13,= 2*13,= 2*13,,
Vampire Mind Flayer,6491397-vampire-mind-flayer,RTHW,276.0,https://www.dndbeyond.com/monsters/6491397-vampire-mind-flayer,Undead,Medium,generic,N,5.0,3,1400.0,4.0,4.0,4.0,-3.0,2.0,4.0,4,7,4,-3,5,7,0.0,1.0,0.0,1.0,1.0,0.0,0.0,0.0,0.0,0.0,1.0,0.0,0.0,0.0,0.0,1.0,1.0,1.0,1.0,1.0,1.0,1.0,1.0,0.5,0.0,0.5,1.0,1.0,4,1.0,15.0,15.0,85.0,85.0,4.0,4.0,7.0,7.0,15.0,38.0,45.600002,38.0,38.0,38.0,22.8,= 2*19,= 2*19,= 2*19,= SUM(BK652:BM652)*(1/5),Assumes +20% DPR from Mind Burst.
Vampire Nightbringer,5195248-vampire-nightbringer,MM (2024),316.0,https://www.dndbeyond.com/monsters/5195248-vampire-nightbringer,Undead,Medium,generic,N,8.0,3,3500.0,3.0,4.0,3.0,1.0,2.0,2.0,3,7,3,1,5,2,0.0,1.0,0.0,1.0,1.0,0.0,0.0,0.0,0.0,0.0,0.0,0.0,0.0,0.0,0.0,1.0,1.0,1.0,1.0,0.0,1.0,1.0,1.0,0.0,1.0,1.0,1.0,1.0,4,1.0,16.0,20.0,142.5,174.0,3.5,7.5,7.0,9.0,,39.5,39.5,39.5,39.5,39.5,0.0,= 18 + 21.5,= 18 + 21.5,= 18 + 21.5,,Assumes +10.5 HPR from Bite. Assumes +4 AC from Shadow Stealth. Assumes +4 SB from Shadow Stealth. Assumes +2 AB from Shadow Stealth.
Vampire Nosferatu,6491398-vampire-nosferatu,RTHW,275.0,https://www.dndbeyond.com/monsters/6491398-vampire-nosferatu,Undead,Medium,generic,N,8.0,3,3500.0,5.0,4.0,5.0,-2.0,3.0,2.0,5,7,8,-2,6,2,0.0,1.0,0.0,1.0,1.0,0.0,0.0,0.0,0.0,0.0,1.0,0.0,0.0,0.0,0.0,1.0,1.0,1.0,1.0,1.0,1.0,1.0,1.0,0.5,0.0,1.0,1.0,1.0,7,1.0,16.0,16.0,85.5,148.5,4.3,4.3,8.0,11.0,16.0,44.333332,50.666668,54.0,39.5,39.5,19.0,= 2*27,= 20.5 + 2*9.5,= 20.5 + 2*9.5,= 2*9.5,Assumes +11 HPR from Bite. Assumes +3 AB from Blood Frenzy. Assumes +19 damage from Bloodthirsty Slash.
Vampire Spawn,5195249-vampire-spawn,MM (2024),315.0,https://www.dndbeyond.com/monsters/5195249-vampire-spawn,Undead,Medium,generic,N,5.0,3,1400.0,3.0,3.0,3.0,0.0,0.0,1.0,3,6,3,0,3,1,0.0,0.0,0.0,0.0,0.0,0.0,0.0,0.0,0.0,0.0,0.0,0.0,0.0,0.0,0.0,1.0,1.0,1.0,1.0,1.0,1.0,1.0,1.0,0.5,1.0,1.0,1.0,1.0,3,1.0,16.0,16.0,90.0,121.5,2.7,2.7,6.0,6.0,14.0,32.0,32.0,32.0,32.0,32.0,0.0,= 2*8 + 16,= 2*8 + 16,= 2*8 + 16,,Assumes +10.5 HPR from Bite.
Vampire Umbral Lord,5195250-vampire-umbral-lord,MM (2024),318.0,https://www.dndbeyond.com/monsters/5195250-vampire-umbral-lord,Undead,Medium,generic,L,15.0,5,13000.0,5.0,4.0,4.0,4.0,3.0,5.0,10,9,4,4,8,10,0.0,1.0,0.0,1.0,0.0,0.0,0.0,0.0,0.0,0.0,0.0,0.0,0.0,0.0,0.0,1.0,1.0,1.0,1.0,0.0,1.0,1.0,1.0,0.0,1.0,1.0,1.0,1.0,14,1.0,16.0,16.0,187.0,319.0,7.5,7.5,10.0,10.0,18.0,129.0,129.0,129.0,129.0,129.0,0.0,= 2*23 + 14 + 3*23,= 2*23 + 14 + 3*23,= 2*23 + 14 + 3*23,,
Vampire Umbral Lord,5195250-vampire-umbral-lord,MM (2024),318.0,https://www.dndbeyond.com/monsters/5195250-vampire-umbral-lord,Undead,Medium,generic,LL,16.0,5,15000.0,5.0,4.0,4.0,4.0,3.0,5.0,10,9,4,4,8,10,0.0,1.0,0.0,1.0,0.0,0.0,0.0,0.0,0.0,0.0,0.0,0.0,0.0,0.0,0.0,1.0,1.0,1.0,1.0,0.0,1.0,1.0,1.0,0.0,1.0,1.0,1.0,1.0,14,1.0,16.0,16.0,187.0,349.0,7.5,7.5,10.0,10.0,18.0,152.0,152.0,152.0,152.0,152.0,0.0,= 2*23 + 14 + 4*23,= 2*23 + 14 + 4*23,= 2*23 + 14 + 4*23,,
Venger,6719584-venger,AU,150.0,https://www.dndbeyond.com/monsters/6719584-venger,Fiend,Medium,unique,L,17.0,6,18000.0,4.0,5.0,3.0,3.0,2.0,5.0,4,5,9,3,8,5,0.0,0.0,0.0,0.0,0.0,0.0,0.0,0.0,0.0,0.0,1.0,0.0,0.0,0.0,0.0,1.0,1.0,1.0,1.0,0.5,0.5,1.0,0.5,1.0,0.5,1.0,1.0,1.0,17,1.0,19.0,24.0,202.5,292.5,5.7,9.7,11.0,11.0,19.0,147.0,147.0,147.0,147.0,147.0,0.0,= 3*24.5 + 3*24.5,= 3*24.5 + 3*24.5,= 3*24.5 + 3*24.5,,Assumes +5 AC from Protective Magic (Shield).
Venger,6719584-venger,AU,150.0,https://www.dndbeyond.com/monsters/6719584-venger,Fiend,Medium,unique,LL,18.0,6,20000.0,4.0,5.0,3.0,3.0,2.0,5.0,4,5,9,3,8,5,0.0,0.0,0.0,0.0,0.0,0.0,0.0,0.0,0.0,0.0,1.0,0.0,0.0,0.0,0.0,1.0,1.0,1.0,1.0,0.5,0.5,1.0,0.5,1.0,0.5,1.0,1.0,1.0,17,1.0,19.0,24.0,202.5,322.5,5.7,9.7,11.0,11.0,19.0,171.5,171.5,171.5,171.5,171.5,0.0,= 3*24.5 + 4*24.5,= 3*24.5 + 4*24.5,= 3*24.5 + 4*24.5,,Assumes +5 AC from Protective Magic (Shield).
Venomous Snake,4775847-venomous-snake,MM (2024),272.0,https://www.dndbeyond.com/monsters/4775847-venomous-snake,Beast,Tiny,generic,N,0.125,2,19.0,-4.0,2.0,0.0,-5.0,0.0,-4.0,-4,2,0,-5,0,-4,0.0,0.0,0.0,0.0,0.0,0.0,0.0,0.0,0.0,0.0,0.0,0.0,0.0,0.0,0.0,1.0,1.0,1.0,1.0,1.0,1.0,1.0,1.0,1.0,1.0,1.0,1.0,1.0,2,1.0,12.0,12.0,5.0,5.0,-1.8,-1.8,4.0,4.0,,8.0,8.0,8.0,8.0,8.0,0.0,= 8,= 8,= 8,,
Viktra Mordenheim,6491399-viktra-mordenheim,RTHW,132.0,https://www.dndbeyond.com/monsters/6491399-viktra-mordenheim,Humanoid,Medium,unique,L,7.0,3,2600.0,0.0,3.0,2.0,5.0,0.0,0.0,0,3,5,5,0,3,0.0,0.0,0.0,0.0,0.0,0.0,0.0,0.0,0.0,0.0,0.0,0.0,0.0,0.0,0.0,1.0,1.0,1.0,1.0,1.0,1.0,1.0,1.0,1.0,1.0,1.0,1.0,1.0,3,1.0,15.0,15.0,123.5,198.5,2.7,2.7,6.0,6.0,16.0,90.0,90.0,66.0,102.0,102.0,0.0,= 1*12 + 2*11 + 12 + 2*2*5,= 1*12 + 2*11 + (0*5.5 + 1*15 + 1*21) + 12 + 2*2*5,= 1*12 + 2*11 + (0*5.5 + 1*15 + 1*21) + 12 + 2*2*5,,Assumes +5 HPR from Redirect Attack.
Viktra Mordenheim,6491399-viktra-mordenheim,RTHW,132.0,https://www.dndbeyond.com/monsters/6491399-viktra-mordenheim,Humanoid,Medium,unique,LD,8.0,3,3500.0,0.0,3.0,2.0,5.0,0.0,0.0,0,3,5,5,0,3,0.0,0.0,0.0,0.0,0.0,0.0,0.0,0.0,0.0,0.0,0.0,0.0,0.0,0.0,0.0,1.0,1.0,1.0,1.0,1.0,1.0,1.0,1.0,1.0,1.0,1.0,1.0,1.0,3,1.0,15.0,15.0,123.5,218.5,2.7,2.7,6.0,6.0,16.0,100.0,100.0,76.0,112.0,112.0,0.0,= 1*12 + 2*11 + 12 + 3*2*5,= 1*12 + 2*11 + (0*5.5 + 1*15 + 1*21) + 12 + 3*2*5,= 1*12 + 2*11 + (0*5.5 + 1*15 + 1*21) + 12 + 3*2*5,,Assumes +5 HPR from Redirect Attack.
Vine Blight,5195252-vine-blight,MM (2024),44.0,https://www.dndbeyond.com/monsters/5195252-vine-blight,Plant,Medium,generic,N,0.5,2,75.0,2.0,-1.0,2.0,-3.0,0.0,-4.0,2,-1,2,-3,0,-4,0.0,0.0,1.0,0.0,0.0,0.0,0.0,0.0,0.0,0.0,0.0,0.0,0.0,0.0,0.0,1.0,1.0,1.0,1.0,1.0,1.0,1.0,1.0,1.0,1.0,1.0,1.0,1.0,-1,1.0,12.0,12.0,19.5,19.5,-0.7,-0.7,4.0,4.0,,6.5,6.5,6.5,6.5,6.5,0.0,= 6.5,= 6.5,= 6.5,,
Violet Fungus,5195254-violet-fungus,MM (2024),126.0,https://www.dndbeyond.com/monsters/5195254-violet-fungus,Plant,Medium,generic,N,0.25,2,37.0,-4.0,-5.0,0.0,-5.0,-4.0,-5.0,-4,-5,0,-5,-4,-5,1.0,1.0,1.0,0.0,1.0,0.0,0.0,0.0,0.0,0.0,0.0,0.0,0.0,0.0,0.0,1.0,1.0,1.0,1.0,1.0,1.0,1.0,1.0,1.0,1.0,1.0,1.0,1.0,-5,1.0,5.0,5.0,18.0,18.0,-3.8,-3.8,2.0,2.0,,9.0,9.0,9.0,9.0,9.0,0.0,= 2*4.5,= 2*4.5,= 2*4.5,,
Violet Fungus Necrohulk,5195253-violet-fungus-necrohulk,MM (2024),126.0,https://www.dndbeyond.com/monsters/5195253-violet-fungus-necrohulk,Plant,Large,generic,N,7.0,3,2600.0,4.0,1.0,4.0,-2.0,2.0,0.0,4,1,4,-2,2,0,1.0,1.0,1.0,0.0,1.0,0.0,0.0,0.0,0.0,0.0,1.0,0.0,0.0,0.0,0.0,1.0,1.0,1.0,1.0,1.0,1.0,1.0,1.0,0.0,0.0,1.0,1.0,1.0,4,1.0,17.0,18.0,123.5,123.5,1.5,1.5,7.0,9.0,15.0,40.666668,40.666668,56.0,33.0,33.0,0.0,= 2*28,= 2*16.5,= 2*16.5,,Assumes +1 AC from Spore Bomb (poisoned). Assumes +2 AB from Absorb Body (restrained).
Vladeska Drakov,6491400-vladeska-drakov,RTHW,80.0,https://www.dndbeyond.com/monsters/6491400-vladeska-drakov,Humanoid,Medium,unique,L,12.0,4,8200.0,4.0,2.0,4.0,2.0,1.0,3.0,4,2,8,2,1,7,0.0,0.0,0.0,0.0,1.0,0.0,0.0,0.0,0.0,0.0,0.0,0.0,0.0,0.0,0.0,1.0,1.0,1.0,1.0,1.0,1.0,1.0,1.0,1.0,1.0,1.0,1.0,1.0,5,1.0,18.0,20.0,170.0,281.0,4.0,4.0,8.0,8.0,15.0,78.0,109.200005,78.0,78.0,78.0,93.6,= 1*15 + 16.5 + 2*15 + 16.5,= 1*15 + 16.5 + 2*15 + 16.5,= 1*15 + 16.5 + 2*15 + 16.5,= SUM(BK666:BM666)*(2/5),Assumes +7 HPR from Redirect Attack. Assumes +2 AC from Dreadful Impaling (Frightened). Assumes +40% DPR from Impaling Spear (Incapacitated).
Vladeska Drakov,6491400-vladeska-drakov,RTHW,80.0,https://www.dndbeyond.com/monsters/6491400-vladeska-drakov,Humanoid,Medium,unique,LD,13.0,5,10000.0,4.0,2.0,4.0,2.0,1.0,3.0,4,2,8,2,1,7,0.0,0.0,0.0,0.0,1.0,0.0,0.0,0.0,0.0,0.0,0.0,0.0,0.0,0.0,0.0,1.0,1.0,1.0,1.0,1.0,1.0,1.0,1.0,1.0,1.0,1.0,1.0,1.0,5,1.0,18.0,20.0,170.0,311.0,4.0,4.0,8.0,8.0,15.0,93.0,130.2,93.0,93.0,93.0,111.6,= 1*15 + 16.5 + 3*15 + 16.5,= 1*15 + 16.5 + 3*15 + 16.5,= 1*15 + 16.5 + 3*15 + 16.5,= SUM(BK667:BM667)*(2/5),Assumes +7 HPR from Redirect Attack. Assumes +2 AC from Dreadful Impaling (Frightened). Assumes +40% DPR from Impaling Spear (Incapacitated).
Vrock,5195255-vrock,MM (2024),319.0,https://www.dndbeyond.com/monsters/5195255-vrock,Fiend,Large,generic,N,6.0,3,2000.0,3.0,2.0,4.0,-1.0,1.0,-1.0,3,5,4,-1,4,2,0.0,0.0,0.0,0.0,0.0,0.0,0.0,0.0,0.0,0.0,1.0,0.0,0.0,0.0,0.0,1.0,1.0,1.0,1.0,0.5,0.5,1.0,0.5,1.0,0.0,1.0,1.0,1.0,2,1.0,15.0,15.0,152.0,152.0,2.8,6.8,6.0,6.0,15.0,41.0,41.0,41.0,41.0,41.0,0.0,= 2*20.5,= 2*20.5,= 2*20.5,,
Vulkoori Stingblade,5976766-vulkoori-stingblade,EFotA,98.0,https://www.dndbeyond.com/monsters/5976766-vulkoori-stingblade,Humanoid,Medium,generic,N,0.5,2,75.0,0.0,2.0,0.0,0.0,1.0,1.0,0,4,0,0,1,1,0.0,0.0,0.0,0.0,0.0,0.0,0.0,0.0,0.0,0.0,0.0,0.0,0.0,0.0,0.0,1.0,1.0,1.0,1.0,1.0,1.0,1.0,1.0,1.0,1.0,1.0,1.0,1.0,4,1.0,14.0,14.0,27.0,27.0,1.0,1.0,4.0,4.0,,8.0,8.0,8.0,8.0,8.0,0.0,= 8,= 8,= 8,,
Vulkoori Venom Priest,5976767-vulkoori-venom-priest,EFotA,98.0,https://www.dndbeyond.com/monsters/5976767-vulkoori-venom-priest,Humanoid,Medium,generic,N,2.0,2,300.0,2.0,3.0,1.0,0.0,3.0,1.0,2,3,3,0,5,1,0.0,0.0,0.0,0.0,0.0,0.0,0.0,0.0,0.0,0.0,0.0,0.0,0.0,0.0,0.0,1.0,1.0,1.0,1.0,1.0,1.0,1.0,1.0,1.0,1.0,1.0,1.0,1.0,3,1.0,15.0,16.0,44.0,44.0,2.3,2.3,4.0,4.0,13.0,12.5,12.5,12.5,12.5,12.5,0.0,= 9 + 3.5,= 9 + 3.5,= 9 + 3.5,,Assumes +1 AC from Venom Staff (poisoned).
Vulture,5195256-vulture,MM (2024),372.0,https://www.dndbeyond.com/monsters/5195256-vulture,Beast,Medium,generic,N,0.0,2,7.0,-2.0,0.0,1.0,-4.0,1.0,-3.0,-2,0,1,-4,1,-3,0.0,0.0,0.0,0.0,0.0,0.0,0.0,0.0,0.0,0.0,0.0,0.0,0.0,0.0,0.0,1.0,1.0,1.0,1.0,1.0,1.0,1.0,1.0,1.0,1.0,1.0,1.0,1.0,0,1.0,10.0,10.0,5.5,5.5,-1.2,-1.2,2.0,3.0,,2.5,2.5,2.5,2.5,2.5,0.0,= 2.5,= 2.5,= 2.5,,
Warhorse,4775848-warhorse,MM (2024),373.0,https://www.dndbeyond.com/monsters/4775848-warhorse,Beast,Large,generic,N,0.5,2,75.0,4.0,1.0,1.0,-4.0,1.0,-2.0,4,1,1,-4,3,-2,0.0,0.0,0.0,0.0,0.0,0.0,0.0,0.0,0.0,0.0,0.0,0.0,0.0,0.0,0.0,1.0,1.0,1.0,1.0,1.0,1.0,1.0,1.0,1.0,1.0,1.0,1.0,1.0,1,1.0,11.0,11.0,19.5,19.5,0.5,0.5,6.0,6.0,,10.666667,10.666667,14.0,9.0,9.0,0.0,= 14,= 9,= 9,,
Warhorse Skeleton,5195257-warhorse-skeleton,MM (2024),282.0,https://www.dndbeyond.com/monsters/5195257-warhorse-skeleton,Undead,Large,generic,N,0.5,2,75.0,4.0,1.0,2.0,-4.0,-1.0,-3.0,4,1,2,-4,-1,-3,0.0,0.0,0.0,1.0,0.0,0.0,0.0,0.0,0.0,0.0,1.0,0.0,0.0,0.0,0.0,2.0,1.0,1.0,1.0,1.0,1.0,1.0,1.0,1.0,0.0,1.0,1.0,1.0,1,1.0,13.0,13.0,22.5,22.5,-0.2,-0.2,6.0,6.0,,7.5,7.5,7.5,7.5,7.5,0.0,= 7.5,= 7.5,= 7.5,,
Warrior Commander,5195258-warrior-commander,MM (2024),321.0,https://www.dndbeyond.com/monsters/5195258-warrior-commander,Humanoid,Medium,generic,N,10.0,4,5700.0,5.0,5.0,4.0,2.0,3.0,2.0,9,9,8,2,7,2,0.0,0.0,0.0,0.0,0.0,0.0,0.0,0.0,0.0,0.0,0.0,0.0,0.0,0.0,0.0,1.0,1.0,1.0,1.0,1.0,1.0,1.0,1.0,1.0,1.0,1.0,1.0,1.0,9,1.0,18.0,22.0,161.5,161.5,6.2,6.2,9.0,9.0,,76.0,76.0,76.0,76.0,76.0,0.0,= 3*19 + 19,= 3*19 + 19,= 3*19 + 19,,"Assumes +2 AC from Counterattack, +2 AC from Greatsword (Sap)."
Warrior Infantry,5195259-warrior-infantry,MM (2024),320.0,https://www.dndbeyond.com/monsters/5195259-warrior-infantry,Humanoid,Medium,generic,N,0.125,2,19.0,1.0,0.0,0.0,-1.0,0.0,-1.0,1,0,0,-1,0,-1,0.0,0.0,0.0,0.0,0.0,0.0,0.0,0.0,0.0,0.0,0.0,0.0,0.0,0.0,0.0,1.0,1.0,1.0,1.0,1.0,1.0,1.0,1.0,1.0,1.0,1.0,1.0,1.0,0,1.0,13.0,13.0,9.0,9.0,-0.2,-0.2,3.0,4.0,,4.5,4.5,4.5,4.5,4.5,0.0,= 4.5,= 4.5,= 4.5,,
Warrior Veteran,5195260-warrior-veteran,MM (2024),320.0,https://www.dndbeyond.com/monsters/5195260-warrior-veteran,Humanoid,Medium,generic,N,3.0,2,600.0,3.0,1.0,2.0,0.0,0.0,0.0,3,1,2,0,0,0,0.0,0.0,0.0,0.0,0.0,0.0,0.0,0.0,0.0,0.0,0.0,0.0,0.0,0.0,0.0,1.0,1.0,1.0,1.0,1.0,1.0,1.0,1.0,1.0,1.0,1.0,1.0,1.0,3,1.0,17.0,18.0,65.0,65.0,1.0,1.0,5.0,5.0,,20.0,20.0,20.0,20.0,20.0,0.0,= 2*10,= 2*10,= 2*10,,Assumes +1 AC from Parry.
Water Elemental,5195261-water-elemental,MM (2024),322.0,https://www.dndbeyond.com/monsters/5195261-water-elemental,Elemental,Large,generic,N,5.0,3,1400.0,4.0,2.0,4.0,-3.0,0.0,-1.0,4,2,4,-3,0,-1,0.0,0.0,0.0,1.0,0.0,1.0,0.0,0.0,1.0,1.0,1.0,1.0,1.0,0.0,1.0,1.0,1.0,1.0,0.5,1.0,0.5,1.0,1.0,1.0,0.0,1.0,1.0,1.0,2,1.0,14.0,16.0,114.0,114.0,1.0,1.0,7.0,7.0,15.0,38.0,38.0,44.0,44.0,26.0,0.0,= 2*22,= 2*13 + 2*9,= 2*13,,Assumes +2 AC from Whelm (restrained).
Water Weird,5195262-water-weird,MM (2024),323.0,https://www.dndbeyond.com/monsters/5195262-water-weird,Elemental,Large,generic,N,3.0,2,600.0,3.0,3.0,1.0,0.0,0.0,0.0,3,3,1,0,0,0,0.0,0.0,0.0,1.0,0.0,1.0,0.0,0.0,1.0,1.0,1.0,1.0,1.0,0.0,1.0,1.0,1.0,1.0,1.0,1.0,0.5,1.0,1.0,1.0,0.0,1.0,1.0,1.0,3,1.0,13.0,17.0,65.0,65.0,1.2,5.2,5.0,9.0,,13.5,13.5,13.5,13.5,13.5,0.0,= 13.5,= 13.5,= 13.5,,Assumes +4 AC from Invisible in Water (invisible). Assumes +4 SB from Invisible in Water (invisible). Assumes +4 AB from Invisible in Water (invisible).
Waxwork,6491401-waxwork,RTHW,277.0,https://www.dndbeyond.com/monsters/6491401-waxwork,Construct,Medium,generic,N,3.0,2,600.0,3.0,1.0,3.0,-5.0,0.0,-5.0,3,1,3,-5,0,-5,1.0,1.0,1.0,1.0,1.0,0.0,0.0,0.0,1.0,1.0,1.0,0.0,0.0,1.0,1.0,0.5,0.5,0.5,1.0,1.0,2.0,1.0,1.0,1.0,0.0,0.0,1.0,1.0,1,2.0,14.0,15.0,52.5,105.0,-0.5,-0.5,5.0,5.0,,20.0,20.0,20.0,20.0,20.0,0.0,= 2*10,= 2*10,= 2*10,,Assumes +1 AC from Rotten Flesh (Poisoned).
Weasel,4775849-weasel,MM (2024),372.0,https://www.dndbeyond.com/monsters/4775849-weasel,Beast,Tiny,unknown,N,0.0,2,7.0,-4.0,3.0,-1.0,-4.0,1.0,-4.0,-4,3,-1,-4,1,-4,0.0,0.0,0.0,0.0,0.0,0.0,0.0,0.0,0.0,0.0,0.0,0.0,0.0,0.0,0.0,1.0,1.0,1.0,1.0,1.0,1.0,1.0,1.0,1.0,1.0,1.0,1.0,1.0,3,1.0,13.0,13.0,1.5,1.5,-1.5,-1.5,5.0,5.0,,1.0,1.0,1.0,1.0,1.0,0.0,= 1,= 1,= 1,,
Werebear,5195263-werebear,MM (2024),324.0,https://www.dndbeyond.com/monsters/5195263-werebear,Monstrosity,Medium,generic,N,5.0,3,1400.0,4.0,0.0,3.0,0.0,1.0,1.0,4,0,3,0,1,1,0.0,0.0,0.0,0.0,0.0,0.0,0.0,0.0,0.0,0.0,0.0,0.0,0.0,0.0,0.0,1.0,1.0,1.0,1.0,1.0,1.0,1.0,1.0,1.0,1.0,1.0,1.0,1.0,3,1.0,15.0,15.0,135.0,135.0,1.5,1.5,7.0,7.0,,31.5,31.5,31.5,31.5,31.5,0.0,= 14.5 + 17,= 14.5 + 17,= 14.5 + 17,,
Wereboar,5195264-wereboar,MM (2024),325.0,https://www.dndbeyond.com/monsters/5195264-wereboar,Monstrosity,Medium,generic,N,4.0,2,1000.0,3.0,0.0,2.0,0.0,0.0,-1.0,3,0,2,0,0,-1,0.0,0.0,0.0,0.0,0.0,0.0,0.0,0.0,0.0,0.0,0.0,0.0,0.0,0.0,0.0,1.0,1.0,1.0,1.0,1.0,1.0,1.0,1.0,1.0,1.0,1.0,1.0,1.0,2,1.0,15.0,15.0,97.5,97.5,0.7,0.7,5.0,5.0,12.0,28.166666,28.166666,30.5,27.0,27.0,0.0,= 17 + 13.5,= 2*13.5,= 2*13.5,,
Wererat,5195265-wererat,MM (2024),325.0,https://www.dndbeyond.com/monsters/5195265-wererat,Monstrosity,Medium,generic,N,2.0,2,300.0,0.0,3.0,1.0,0.0,0.0,-1.0,0,3,1,0,0,-1,0.0,0.0,0.0,0.0,0.0,0.0,0.0,0.0,0.0,0.0,0.0,0.0,0.0,0.0,0.0,1.0,1.0,1.0,1.0,1.0,1.0,1.0,1.0,1.0,1.0,1.0,1.0,1.0,3,1.0,13.0,13.0,60.5,60.5,0.5,0.5,5.0,5.0,,14.5,14.5,14.5,14.5,14.5,0.0,= 6.5 + 8,= 6.5 + 8,= 6.5 + 8,,
Wereraven,6491402-wereraven,RTHW,280.0,https://www.dndbeyond.com/monsters/6491402-wereraven,Monstrosity,Medium,generic,N,2.0,2,300.0,0.0,2.0,0.0,1.0,2.0,2.0,0,2,0,1,2,2,0.0,0.0,0.0,0.0,0.0,0.0,0.0,0.0,0.0,0.0,0.0,0.0,0.0,0.0,0.0,1.0,1.0,1.0,1.0,1.0,1.0,1.0,1.0,1.0,1.0,1.0,1.0,1.0,2,1.0,12.0,14.0,54.0,54.0,1.2,1.2,4.0,4.0,,18.0,18.0,18.0,18.0,18.0,0.0,= 2*9,= 2*9,= 2*9,,Assumes +2 AC from flying.
Weretiger,5195266-weretiger,MM (2024),326.0,https://www.dndbeyond.com/monsters/5195266-weretiger,Monstrosity,Medium,generic,N,4.0,2,1000.0,3.0,2.0,3.0,0.0,1.0,0.0,3,2,3,0,1,0,0.0,0.0,0.0,0.0,0.0,0.0,0.0,0.0,0.0,0.0,0.0,0.0,0.0,0.0,0.0,1.0,1.0,1.0,1.0,1.0,1.0,1.0,1.0,1.0,1.0,1.0,1.0,1.0,2,1.0,12.0,16.0,120.0,120.0,1.5,5.5,5.0,7.0,13.0,22.0,22.0,22.0,22.0,22.0,0.0,= 12 + 10,= 12 + 10,= 12 + 10,,Assumes +4 AC from Prowl. Assumes +4 SB from Prowl. Assumes +2 AB from Prowl.
Werewolf,5195267-werewolf,MM (2024),327.0,https://www.dndbeyond.com/monsters/5195267-werewolf,Monstrosity,Medium,generic,N,3.0,2,600.0,3.0,2.0,2.0,0.0,0.0,0.0,3,2,2,0,0,0,0.0,0.0,0.0,0.0,0.0,0.0,0.0,0.0,0.0,0.0,0.0,0.0,0.0,0.0,0.0,1.0,1.0,1.0,1.0,1.0,1.0,1.0,1.0,1.0,1.0,1.0,1.0,1.0,4,1.0,15.0,15.0,71.5,71.5,1.2,1.2,5.0,6.0,,22.0,22.0,22.0,22.0,22.0,0.0,= 12 + 10,= 12 + 10,= 12 + 10,,
Werewyvern,5900681-werewyvern,FRAiF,284.0,https://www.dndbeyond.com/monsters/5900681-werewyvern,Dragon,Medium,generic,N,8.0,3,3500.0,4.0,2.0,5.0,0.0,1.0,1.0,4,5,5,0,4,1,0.0,0.0,0.0,0.0,0.0,0.0,0.0,0.0,0.0,0.0,0.0,0.0,0.0,0.0,0.0,1.0,1.0,1.0,1.0,1.0,1.0,1.0,1.0,1.0,1.0,1.0,1.0,1.0,5,1.0,16.0,21.0,152.0,152.0,3.2,3.2,7.0,7.0,,60.0,60.0,60.0,60.0,60.0,0.0,= 2*18 + 24,= 2*18 + 24,= 2*18 + 24,,"Assumes +4 AC from flying with flyby, and +1 from Stinger (poisoned)."
White Dragon Wyrmling,5195268-white-dragon-wyrmling,MM (2024),328.0,https://www.dndbeyond.com/monsters/5195268-white-dragon-wyrmling,Dragon,Medium,generic,N,2.0,2,300.0,2.0,0.0,2.0,-3.0,0.0,0.0,2,2,2,-3,2,0,0.0,0.0,0.0,0.0,0.0,0.0,0.0,0.0,0.0,0.0,0.0,0.0,0.0,0.0,0.0,1.0,1.0,1.0,1.0,0.0,1.0,1.0,1.0,1.0,1.0,1.0,1.0,1.0,2,1.0,16.0,16.0,32.5,32.5,0.8,0.8,4.0,4.0,12.0,27.0,27.0,45.0,18.0,18.0,0.0,= 2*22.5,= 2*9,= 2*9,,
Wight,5195269-wight,MM (2024),332.0,https://www.dndbeyond.com/monsters/5195269-wight,Undead,Medium,generic,N,3.0,2,600.0,2.0,2.0,3.0,0.0,1.0,2.0,2,2,3,0,1,2,0.0,0.0,0.0,1.0,0.0,0.0,0.0,0.0,0.0,0.0,1.0,0.0,0.0,0.0,0.0,1.0,1.0,1.0,1.0,1.0,1.0,1.0,1.0,0.5,0.0,1.0,1.0,1.0,4,1.0,14.0,14.0,82.5,82.5,1.7,1.7,4.0,4.0,13.0,22.0,22.0,22.0,22.0,22.0,0.0,= 2*11,= 2*11,= 2*11,,
Wilfred Godefroy,6491403-wilfred-godefroy,RTHW,142.0,https://www.dndbeyond.com/monsters/6491403-wilfred-godefroy,Undead,Medium,unique,L,6.0,3,2000.0,-1.0,2.0,0.0,1.0,2.0,3.0,-1,2,0,1,2,3,0.0,1.0,0.0,1.0,0.0,1.0,0.0,0.0,1.0,1.0,1.0,1.0,1.0,0.0,1.0,0.5,0.5,0.5,0.5,0.5,0.5,1.0,0.5,0.0,0.0,1.0,1.0,0.5,2,1.5,12.0,12.0,72.0,211.5,1.2,1.2,6.0,6.0,14.0,59.0,70.799995,59.0,59.0,59.0,35.4,= 2*10 + 3 + 2*10 + 16,= 2*10 + 3 + 2*10 + 16,= 2*10 + 3 + 2*10 + 16,= SUM(BK690:BM690)*(1/5),Assume +3 HPR from Redirect Attack. Assume +3 DPR from Redirect Attack. Assumes +20% DPR from Possessive Aura (Charmed).
Wilfred Godefroy,6491403-wilfred-godefroy,RTHW,142.0,https://www.dndbeyond.com/monsters/6491403-wilfred-godefroy,Undead,Medium,unique,LD,7.0,3,2600.0,-1.0,2.0,0.0,1.0,2.0,3.0,-1,2,0,1,2,3,0.0,1.0,0.0,1.0,0.0,1.0,0.0,0.0,1.0,1.0,1.0,1.0,1.0,0.0,1.0,0.5,0.5,0.5,0.5,0.5,0.5,1.0,0.5,0.0,0.0,1.0,1.0,0.5,2,1.5,12.0,12.0,72.0,211.5,1.2,1.2,6.0,6.0,14.0,69.0,82.799995,69.0,69.0,69.0,41.4,= 2*10 + 3 + 3*10 + 16,= 2*10 + 3 + 3*10 + 16,= 2*10 + 3 + 3*10 + 16,= SUM(BK691:BM691)*(1/5),Assume +3 HPR from Redirect Attack. Assume +3 DPR from Redirect Attack. Assumes +20% DPR from Possessive Aura (Charmed).
Will-o’-Wisp,5195270-will-o-wisp,MM (2024),333.0,https://www.dndbeyond.com/monsters/5195270-will-o-wisp,Undead,Tiny,generic,N,2.0,2,300.0,-5.0,9.0,0.0,1.0,2.0,0.0,-5,9,0,1,2,0,0.0,0.0,0.0,1.0,0.0,1.0,0.0,0.0,1.0,1.0,1.0,1.0,1.0,0.0,1.0,0.5,0.5,0.5,0.5,0.5,0.5,1.0,0.0,0.5,0.0,1.0,1.0,1.0,9,2.0,19.0,23.0,27.5,55.0,1.2,5.2,4.0,8.0,,11.0,11.0,11.0,11.0,11.0,0.0,= 11,= 11,= 11,,Assumes +4 AC from Vanish (invisible). Assumes +4 SB from Vanish (invisible). Assumes +4 AB from Vanish (invisible).
Winged Kobold,5195271-winged-kobold,MM (2024),185.0,https://www.dndbeyond.com/monsters/5195271-winged-kobold,Dragon,Small,generic,N,0.25,2,37.0,-2.0,3.0,-1.0,-1.0,-2.0,-1.0,-2,3,-1,-1,-2,-1,0.0,0.0,0.0,0.0,0.0,0.0,0.0,0.0,0.0,0.0,0.0,0.0,0.0,0.0,0.0,1.0,1.0,1.0,1.0,1.0,1.0,1.0,1.0,1.0,1.0,1.0,1.0,1.0,3,1.0,15.0,19.0,10.0,10.0,-0.7,-0.7,5.0,6.0,,6.5,6.5,6.5,6.5,6.5,0.0,= 6.5,= 6.5,= 6.5,,Assumes +4 AC from flying.
Winter Wolf,5195272-winter-wolf,MM (2024),334.0,https://www.dndbeyond.com/monsters/5195272-winter-wolf,Monstrosity,Large,generic,N,3.0,2,600.0,4.0,1.0,2.0,-2.0,1.0,-1.0,4,1,2,-2,1,-1,0.0,0.0,0.0,0.0,0.0,0.0,0.0,0.0,0.0,0.0,0.0,0.0,0.0,0.0,0.0,1.0,1.0,1.0,1.0,0.0,1.0,1.0,1.0,1.0,1.0,1.0,1.0,1.0,1,1.0,13.0,13.0,75.0,75.0,0.8,0.8,6.0,7.0,12.0,19.333334,19.333334,36.0,11.0,11.0,0.0,= 2*18,= 11,= 11,,
Wolf,4775850-wolf,MM (2024),373.0,https://www.dndbeyond.com/monsters/4775850-wolf,Beast,Medium,generic,N,0.25,2,37.0,2.0,2.0,1.0,-4.0,1.0,-2.0,2,2,1,-4,1,-2,0.0,0.0,0.0,0.0,0.0,0.0,0.0,0.0,0.0,0.0,0.0,0.0,0.0,0.0,0.0,1.0,1.0,1.0,1.0,1.0,1.0,1.0,1.0,1.0,1.0,1.0,1.0,1.0,2,1.0,12.0,12.0,11.0,11.0,0.0,0.0,4.0,5.0,,5.5,5.5,5.5,5.5,5.5,0.0,= 5.5,= 5.5,= 5.5,,
Worg,4831031-worg,MM (2024),335.0,https://www.dndbeyond.com/monsters/4831031-worg,Fey,Large,generic,N,0.5,2,75.0,3.0,1.0,1.0,-2.0,0.0,-1.0,3,1,1,-2,0,-1,0.0,0.0,0.0,0.0,0.0,0.0,0.0,0.0,0.0,0.0,0.0,0.0,0.0,0.0,0.0,1.0,1.0,1.0,1.0,1.0,1.0,1.0,1.0,1.0,1.0,1.0,1.0,1.0,1,1.0,13.0,13.0,26.0,26.0,0.3,0.3,5.0,7.0,,7.5,7.5,7.5,7.5,7.5,0.0,= 7.5,= 7.5,= 7.5,,Assumes +2 AB from Bite (advantage).
Wraith,5174960-wraith,MM (2024),336.0,https://www.dndbeyond.com/monsters/5174960-wraith,Undead,Medium,generic,N,5.0,3,1400.0,-2.0,3.0,3.0,1.0,2.0,2.0,-2,3,3,1,2,2,0.0,1.0,0.0,1.0,0.0,1.0,0.0,0.0,1.0,1.0,1.0,1.0,1.0,0.0,1.0,0.5,0.5,0.5,0.5,0.5,0.5,1.0,1.0,0.0,0.0,1.0,1.0,1.0,3,1.5,13.0,13.0,67.5,101.3,1.5,1.5,6.0,6.0,,21.0,21.0,21.0,21.0,21.0,0.0,= 21,= 21,= 21,,
Wyvern,5195273-wyvern,MM (2024),337.0,https://www.dndbeyond.com/monsters/5195273-wyvern,Dragon,Large,generic,N,6.0,3,2000.0,4.0,0.0,3.0,-3.0,1.0,-2.0,4,0,3,-3,1,-2,0.0,0.0,0.0,0.0,0.0,0.0,0.0,0.0,0.0,0.0,0.0,0.0,0.0,0.0,0.0,1.0,1.0,1.0,1.0,1.0,1.0,1.0,1.0,1.0,1.0,1.0,1.0,1.0,0,1.0,14.0,15.0,127.5,127.5,0.5,0.5,7.0,7.0,,48.5,48.5,48.5,48.5,48.5,0.0,= 13 + 35.5,= 13 + 35.5,= 13 + 35.5,,Assumes +1 AC from Sting (poisoned).
Xelnene Thrul,6719634-xelnene-thrul,AUD,128.0,https://www.dndbeyond.com/monsters/6719634-xelnene-thrul,Humanoid,Medium,unique,N,17.0,6,18000.0,0.0,4.0,2.0,5.0,3.0,4.0,0,4,8,11,9,4,0.0,0.0,0.0,0.0,0.0,0.0,0.0,0.0,0.0,0.0,0.0,0.0,0.0,0.0,0.0,1.0,1.0,1.0,1.0,1.0,1.0,1.0,1.0,1.0,1.0,1.0,1.0,1.0,10,1.0,17.0,22.0,208.0,208.0,6.0,10.0,11.0,11.0,19.0,135.0,135.0,135.0,135.0,135.0,0.0,= 2*32.5 + 2*35,= 2*32.5 + 2*35,= 2*32.5 + 2*35,,Assumes +5 AC from Protective Magic (Shield).
Xorn,5195274-xorn,MM (2024),338.0,https://www.dndbeyond.com/monsters/5195274-xorn,Elemental,Medium,generic,N,5.0,3,1400.0,3.0,0.0,6.0,0.0,0.0,0.0,3,0,6,0,0,0,0.0,0.0,0.0,0.0,0.0,0.0,0.0,0.0,1.0,1.0,1.0,0.0,0.0,0.0,0.0,1.0,1.0,1.0,1.0,1.0,1.0,1.0,1.0,1.0,0.0,1.0,1.0,1.0,0,1.0,19.0,19.0,84.0,84.0,1.5,1.5,6.0,6.0,,42.5,42.5,42.5,42.5,42.5,0.0,= 17 + 3*8.5,= 17 + 3*8.5,= 17 + 3*8.5,,
Yeti,5195275-yeti,MM (2024),339.0,https://www.dndbeyond.com/monsters/5195275-yeti,Monstrosity,Large,generic,N,3.0,2,600.0,4.0,1.0,3.0,-1.0,1.0,-2.0,4,1,3,-1,1,-2,0.0,0.0,0.0,0.0,0.0,0.0,0.0,0.0,0.0,0.0,0.0,0.0,0.0,0.0,0.0,1.0,1.0,1.0,1.0,0.0,1.0,1.0,1.0,1.0,1.0,1.0,1.0,1.0,1,1.0,12.0,12.0,51.0,61.2,1.0,1.0,6.0,10.0,13.0,27.0,27.0,27.0,27.0,27.0,0.0,= 5 + 2*11,= 5 + 2*11,= 5 + 2*11,,Assumes +20% HP from Chilling Gaze (paralyzed). Assumes +4 AB from Chilling Gaze (paralyzed).
Yithian,6491404-yithian,RTHW,281.0,https://www.dndbeyond.com/monsters/6491404-yithian,Aberration,Large,generic,N,15.0,5,13000.0,4.0,0.0,4.0,5.0,4.0,4.0,4,0,9,10,4,4,0.0,1.0,0.0,0.0,1.0,0.0,0.0,0.0,0.0,0.0,1.0,0.0,0.0,0.0,0.0,1.0,1.0,1.0,1.0,1.0,1.0,1.0,1.0,1.0,1.0,0.0,1.0,1.0,5,1.0,14.0,14.0,180.5,394.5,5.2,9.2,9.0,9.0,18.0,66.166664,66.166664,73.5,73.5,51.5,0.0,= 2*18 + 15.5 + 22,= 2*18 + 15.5 + 22,= 2*18 + 15.5,,Assumes +15.5 HPR from Sup.
Yochlol,5195276-yochlol,MM (2024),341.0,https://www.dndbeyond.com/monsters/5195276-yochlol,Fiend,Medium,generic,N,10.0,4,5700.0,2.0,4.0,4.0,1.0,2.0,3.0,2,8,4,5,6,7,0.0,0.0,0.0,0.0,0.0,0.0,0.0,0.0,0.0,0.0,1.0,0.0,0.0,0.0,0.0,1.0,1.0,1.0,1.0,0.5,0.5,1.0,0.5,1.0,0.0,1.0,1.0,1.0,8,1.0,15.0,15.0,153.0,211.5,5.3,9.3,8.0,8.0,15.0,50.0,50.0,50.0,50.0,50.0,0.0,= 2*25,= 2*25,= 2*25,,Assumes +6.5 and +13 HPR from Toxic Escape.
Young Black Dragon,5195277-young-black-dragon,MM (2024),38.0,https://www.dndbeyond.com/monsters/5195277-young-black-dragon,Dragon,Large,generic,N,7.0,3,2600.0,4.0,2.0,3.0,1.0,0.0,2.0,4,5,3,1,3,2,0.0,0.0,0.0,0.0,0.0,0.0,0.0,0.0,0.0,0.0,0.0,0.0,0.0,0.0,0.0,1.0,1.0,1.0,0.0,1.0,1.0,1.0,1.0,1.0,1.0,1.0,1.0,1.0,5,1.0,18.0,18.0,127.5,127.5,3.0,3.0,7.0,7.0,14.0,57.666668,57.666668,98.0,37.5,37.5,0.0,= 2*49,= 3*12.5,= 3*12.5,,
Young Blue Dragon,5195278-young-blue-dragon,MM (2024),48.0,https://www.dndbeyond.com/monsters/5195278-young-blue-dragon,Dragon,Large,generic,N,9.0,4,4500.0,5.0,0.0,4.0,2.0,1.0,3.0,5,4,4,2,5,3,0.0,0.0,0.0,0.0,0.0,0.0,0.0,0.0,0.0,0.0,0.0,0.0,0.0,0.0,0.0,1.0,1.0,1.0,1.0,1.0,1.0,1.0,0.0,1.0,1.0,1.0,1.0,1.0,4,1.0,18.0,18.0,152.0,152.0,3.8,3.8,9.0,9.0,16.0,71.666664,71.666664,110.0,52.5,52.5,0.0,= 2*55,= 3*17.5,= 3*17.5,,
Young Brass Dragon,5195279-young-brass-dragon,MM (2024),54.0,https://www.dndbeyond.com/monsters/5195279-young-brass-dragon,Dragon,Large,generic,N,6.0,3,2000.0,4.0,0.0,3.0,1.0,0.0,2.0,4,3,3,1,3,2,0.0,0.0,0.0,0.0,0.0,0.0,0.0,0.0,0.0,0.0,0.0,0.0,0.0,0.0,0.0,1.0,1.0,1.0,1.0,1.0,0.0,1.0,1.0,1.0,1.0,1.0,1.0,1.0,3,1.0,17.0,17.0,110.5,110.5,2.7,2.7,7.0,7.0,14.0,55.666668,55.666668,77.0,45.0,45.0,0.0,= 2*38.5,= 3*15,= 3*15,,
Young Bronze Dragon,5195280-young-bronze-dragon,MM (2024),58.0,https://www.dndbeyond.com/monsters/5195280-young-bronze-dragon,Dragon,Large,generic,N,8.0,3,3500.0,5.0,0.0,4.0,2.0,1.0,3.0,5,3,4,2,4,3,0.0,0.0,0.0,0.0,0.0,0.0,0.0,0.0,0.0,0.0,0.0,0.0,0.0,0.0,0.0,1.0,1.0,1.0,1.0,1.0,1.0,1.0,0.0,1.0,1.0,1.0,1.0,1.0,3,1.0,17.0,17.0,142.5,142.5,3.5,3.5,8.0,8.0,15.0,65.0,65.0,99.0,48.0,48.0,0.0,= 2*49.5,= 3*16,= 3*16,,
Young Copper Dragon,5195281-young-copper-dragon,MM (2024),78.0,https://www.dndbeyond.com/monsters/5195281-young-copper-dragon,Dragon,Large,generic,N,7.0,3,2600.0,4.0,1.0,3.0,3.0,1.0,2.0,4,4,3,3,4,2,0.0,0.0,0.0,0.0,0.0,0.0,0.0,0.0,0.0,0.0,0.0,0.0,0.0,0.0,0.0,1.0,1.0,1.0,0.0,1.0,1.0,1.0,1.0,1.0,1.0,1.0,1.0,1.0,4,1.0,17.0,17.0,119.0,119.0,3.3,3.3,7.0,7.0,14.0,57.0,57.0,81.0,45.0,45.0,0.0,= 2*40.5,= 3*15,= 3*15,,
Young Deep Dragon,5900682-young-deep-dragon,FRAiF,257.0,https://www.dndbeyond.com/monsters/5900682-young-deep-dragon,Dragon,Large,generic,N,5.0,3,1400.0,4.0,1.0,3.0,1.0,2.0,3.0,4,4,3,1,5,3,0.0,1.0,0.0,0.0,1.0,0.0,0.0,0.0,0.0,0.0,1.0,0.0,0.0,0.0,0.0,1.0,1.0,1.0,1.0,1.0,1.0,1.0,1.0,1.0,0.5,0.5,1.0,1.0,4,1.0,16.0,20.0,93.5,93.5,3.3,3.3,7.0,7.0,14.0,43.666668,43.666668,44.0,43.5,43.5,0.0,= 2*22,= 3*14.5,= 3*14.5,,Assumes +4 AC from flying.
Young Gold Dragon,5195282-young-gold-dragon,MM (2024),144.0,https://www.dndbeyond.com/monsters/5195282-young-gold-dragon,Dragon,Large,generic,N,10.0,4,5700.0,6.0,2.0,5.0,3.0,1.0,5.0,6,6,5,3,5,5,0.0,0.0,0.0,0.0,0.0,0.0,0.0,0.0,0.0,0.0,0.0,0.0,0.0,0.0,0.0,1.0,1.0,1.0,1.0,1.0,0.0,1.0,1.0,1.0,1.0,1.0,1.0,1.0,6,1.0,18.0,18.0,178.5,178.5,5.0,5.0,10.0,10.0,17.0,70.666664,70.666664,110.0,51.0,51.0,0.0,= 2*55,= 3*17,= 3*17,,
Young Green Dragon,5195283-young-green-dragon,MM (2024),152.0,https://www.dndbeyond.com/monsters/5195283-young-green-dragon,Dragon,Large,generic,N,8.0,3,3500.0,4.0,1.0,3.0,3.0,1.0,2.0,4,4,3,3,4,2,0.0,0.0,0.0,0.0,0.0,0.0,0.0,0.0,0.0,0.0,1.0,0.0,0.0,0.0,0.0,1.0,1.0,1.0,1.0,1.0,1.0,1.0,1.0,1.0,0.0,1.0,1.0,1.0,4,1.0,18.0,18.0,136.0,136.0,3.3,3.3,7.0,7.0,14.0,64.0,64.0,84.0,54.0,54.0,0.0,= 2*42,= 3*18,= 3*18,,
Young Red Dragon,5195284-young-red-dragon,MM (2024),254.0,https://www.dndbeyond.com/monsters/5195284-young-red-dragon,Dragon,Large,generic,N,10.0,4,5700.0,6.0,0.0,5.0,2.0,0.0,4.0,6,4,5,2,4,4,0.0,0.0,0.0,0.0,0.0,0.0,0.0,0.0,0.0,0.0,0.0,0.0,0.0,0.0,0.0,1.0,1.0,1.0,1.0,1.0,0.0,1.0,1.0,1.0,1.0,1.0,1.0,1.0,4,1.0,18.0,18.0,178.5,178.5,4.2,4.2,10.0,10.0,17.0,70.333336,70.333336,112.0,49.5,49.5,0.0,= 2*56,= 3*16.5,= 3*16.5,,
Young Remorhaz,5195285-young-remorhaz,MM (2024),258.0,https://www.dndbeyond.com/monsters/5195285-young-remorhaz,Monstrosity,Large,generic,N,5.0,3,1400.0,4.0,1.0,3.0,-4.0,0.0,-3.0,4,1,3,-4,0,-3,0.0,0.0,0.0,0.0,0.0,0.0,0.0,0.0,0.0,0.0,0.0,0.0,0.0,0.0,0.0,1.0,1.0,1.0,1.0,0.0,0.0,1.0,1.0,1.0,1.0,1.0,1.0,1.0,1,1.0,14.0,14.0,93.5,93.5,0.2,0.2,7.0,7.0,,39.5,39.5,39.5,39.5,39.5,0.0,= 28.5 + 11,= 28.5 + 11,= 28.5 + 11,,
Young Silver Dragon,5195286-young-silver-dragon,MM (2024),278.0,https://www.dndbeyond.com/monsters/5195286-young-silver-dragon,Dragon,Large,generic,N,9.0,4,4500.0,6.0,0.0,5.0,2.0,0.0,4.0,6,4,5,2,4,4,0.0,0.0,0.0,0.0,0.0,0.0,0.0,0.0,0.0,0.0,0.0,0.0,0.0,0.0,0.0,1.0,1.0,1.0,1.0,0.0,1.0,1.0,1.0,1.0,1.0,1.0,1.0,1.0,4,1.0,18.0,18.0,168.0,228.0,4.2,4.2,10.0,10.0,17.0,53.0,53.0,99.0,30.0,30.0,0.0,= 2*49.5,= 2*15,= 2*15,,Assumes +6*10 HP from Paralyzing Breath (incapacitated).
Young Spirit Dragon,5900683-young-spirit-dragon,FRAiF,277.0,https://www.dndbeyond.com/monsters/5900683-young-spirit-dragon,Dragon,Large,generic,N,8.0,3,3500.0,4.0,1.0,4.0,3.0,2.0,3.0,4,4,7,3,2,3,0.0,0.0,0.0,0.0,0.0,0.0,0.0,0.0,0.0,0.0,0.0,0.0,0.0,0.0,0.0,1.0,1.0,1.0,1.0,1.0,1.0,1.0,1.0,0.5,1.0,1.0,1.0,1.0,4,1.0,17.0,21.0,152.0,152.0,3.8,3.8,7.0,7.0,15.0,67.0,67.0,72.0,64.5,64.5,0.0,= 2*36,= 3*21.5,= 3*21.5,,Assumes +4 AC from flying with reach.
Young White Dragon,5195287-young-white-dragon,MM (2024),328.0,https://www.dndbeyond.com/monsters/5195287-young-white-dragon,Dragon,Large,generic,N,6.0,3,2000.0,4.0,0.0,4.0,,0.0,1.0,4,3,4,-5,3,1,0.0,0.0,0.0,0.0,0.0,0.0,0.0,0.0,0.0,0.0,0.0,0.0,0.0,0.0,0.0,1.0,1.0,1.0,1.0,0.0,1.0,1.0,1.0,1.0,1.0,1.0,1.0,1.0,3,1.0,17.0,17.0,123.5,123.5,1.7,1.7,7.0,7.0,15.0,50.0,50.0,81.0,34.5,34.5,0.0,= 2*40.5,= 3*11.5,= 3*11.5,,
Yuan-ti Abomination,5195288-yuan-ti-abomination,MM (2024),345.0,https://www.dndbeyond.com/monsters/5195288-yuan-ti-abomination,Monstrosity,Large,generic,N,7.0,3,2600.0,4.0,3.0,3.0,3.0,4.0,2.0,4,3,3,3,4,2,0.0,0.0,0.0,0.0,0.0,0.0,0.0,0.0,0.0,0.0,1.0,0.0,0.0,0.0,0.0,1.0,1.0,1.0,1.0,1.0,1.0,1.0,1.0,1.0,0.0,1.0,1.0,1.0,6,1.0,15.0,15.0,127.5,153.0,3.2,7.2,7.0,7.0,14.0,43.0,43.0,43.0,43.0,43.0,0.0,= 2*21.5,= 2*21.5,= 2*21.5,,Assumes +20% HP from Suggestion.
Yuan-ti Infiltrator,5195289-yuan-ti-infiltrator,MM (2024),342.0,https://www.dndbeyond.com/monsters/5195289-yuan-ti-infiltrator,Monstrosity,Medium,generic,N,1.0,2,150.0,0.0,1.0,0.0,1.0,2.0,1.0,0,1,0,1,2,1,0.0,0.0,0.0,0.0,0.0,0.0,0.0,0.0,0.0,0.0,1.0,0.0,0.0,0.0,0.0,1.0,1.0,1.0,1.0,1.0,1.0,1.0,1.0,1.0,0.0,1.0,1.0,1.0,1,1.0,11.0,11.0,40.5,40.5,0.8,4.8,4.0,4.0,,9.0,9.0,9.0,9.0,9.0,0.0,= 9,= 9,= 9,,
Yuan-ti Malison (Type 1),5195290-yuan-ti-malison-type-1,MM (2024),343.0,https://www.dndbeyond.com/monsters/5195290-yuan-ti-malison-type-1,Monstrosity,Medium,generic,N,3.0,2,600.0,3.0,2.0,1.0,2.0,3.0,1.0,3,2,1,2,3,1,0.0,0.0,0.0,0.0,0.0,0.0,0.0,0.0,0.0,0.0,1.0,0.0,0.0,0.0,0.0,1.0,1.0,1.0,1.0,1.0,1.0,1.0,1.0,1.0,0.0,1.0,1.0,1.0,2,1.0,12.0,12.0,66.0,66.0,2.0,6.0,5.0,5.0,13.0,25.0,25.0,25.0,25.0,25.0,0.0,= 2*12.5,= 2*12.5,= 2*12.5,,
Yuan-ti Malison (Type 2),5195291-yuan-ti-malison-type-2,MM (2024),343.0,https://www.dndbeyond.com/monsters/5195291-yuan-ti-malison-type-2,Monstrosity,Medium,generic,N,3.0,2,600.0,3.0,2.0,1.0,2.0,3.0,1.0,3,2,1,2,3,1,0.0,0.0,0.0,0.0,0.0,0.0,0.0,0.0,0.0,0.0,1.0,0.0,0.0,0.0,0.0,1.0,1.0,1.0,1.0,1.0,1.0,1.0,1.0,1.0,0.0,1.0,1.0,1.0,2,1.0,12.0,12.0,66.0,66.0,2.0,6.0,5.0,5.0,13.0,29.0,29.0,29.0,29.0,29.0,0.0,= 2*14.5,= 2*14.5,= 2*14.5,,
Yuan-ti Malison (Type 3),5195292-yuan-ti-malison-type-3,MM (2024),344.0,https://www.dndbeyond.com/monsters/5195292-yuan-ti-malison-type-3,Monstrosity,Medium,generic,N,3.0,2,600.0,3.0,2.0,1.0,2.0,3.0,1.0,3,2,1,2,3,1,0.0,0.0,0.0,0.0,0.0,0.0,0.0,0.0,0.0,0.0,1.0,0.0,0.0,0.0,0.0,1.0,1.0,1.0,1.0,1.0,1.0,1.0,1.0,1.0,0.0,1.0,1.0,1.0,2,1.0,12.0,12.0,66.0,66.0,2.0,6.0,5.0,5.0,13.0,24.0,24.0,24.0,24.0,24.0,0.0,= 2*12,= 2*12,= 2*12,,
Zhentilar Paladin of Bane,5900684-zhentilar-paladin-of-bane,FRAiF,285.0,https://www.dndbeyond.com/monsters/5900684-zhentilar-paladin-of-bane,Humanoid,Medium,generic,N,4.0,2,1000.0,3.0,0.0,2.0,1.0,1.0,3.0,5,0,2,1,1,5,0.0,0.0,0.0,0.0,0.0,0.0,0.0,0.0,0.0,0.0,0.0,0.0,0.0,0.0,0.0,1.0,1.0,1.0,1.0,1.0,1.0,1.0,1.0,1.0,1.0,1.0,1.0,1.0,0,1.0,18.0,18.0,58.5,58.5,2.3,2.3,5.0,5.0,13.0,49.5,49.5,49.5,49.5,49.5,0.0,= 3*16.5,= 3*16.5,= 3*16.5,,
Zhentilar Soldier,5900685-zhentilar-soldier,FRAiF,285.0,https://www.dndbeyond.com/monsters/5900685-zhentilar-soldier,Humanoid,Medium,generic,N,1.0,2,150.0,2.0,2.0,1.0,0.0,0.0,0.0,2,4,3,0,0,0,0.0,0.0,0.0,0.0,0.0,0.0,0.0,0.0,0.0,0.0,0.0,0.0,0.0,0.0,0.0,1.0,1.0,1.0,1.0,1.0,1.0,1.0,1.0,1.0,1.0,1.0,1.0,1.0,2,1.0,13.0,13.0,22.0,22.0,1.5,1.5,4.0,4.0,12.0,16.0,16.0,16.0,16.0,16.0,0.0,= 2*8,= 2*8,= 2*8,,
Zlan,5900686-zlan,FRAiF,287.0,https://www.dndbeyond.com/monsters/5900686-zlan,Undead,Huge,unique,L,18.0,6,20000.0,5.0,1.0,4.0,5.0,4.0,2.0,5,7,10,11,10,2,0.0,1.0,0.0,1.0,1.0,0.0,0.0,0.0,1.0,0.0,1.0,0.0,0.0,0.0,0.0,1.0,1.0,1.0,1.0,0.0,1.0,1.0,0.5,0.5,0.0,1.0,1.0,1.0,7,1.0,18.0,18.0,199.5,289.5,7.5,16.5,11.0,11.0,19.0,207.0,207.0,207.0,207.0,207.0,0.0,= 3*34.5 + 3*34.5,= 3*34.5 + 3*34.5,= 3*34.5 + 3*34.5,,"Assumes +4 SB from Magic Resistance, +5 SB from Counterspell."
Zombie,4775851-zombie,MM (2024),346.0,https://www.dndbeyond.com/monsters/4775851-zombie,Undead,Medium,generic,N,0.25,2,37.0,1.0,-2.0,3.0,-4.0,-2.0,-3.0,1,-2,3,-4,0,-3,0.0,0.0,0.0,1.0,0.0,0.0,0.0,0.0,0.0,0.0,1.0,0.0,0.0,0.0,0.0,1.0,1.0,1.0,1.0,1.0,1.0,1.0,1.0,1.0,0.0,1.0,1.0,1.0,-2,1.0,8.0,8.0,15.0,22.0,-0.8,-0.8,3.0,3.0,,5.5,5.5,5.5,5.5,5.5,0.0,= 5.5,= 5.5,= 5.5,,
Zombie Clot,6491405-zombie-clot,RTHW,283.0,https://www.dndbeyond.com/monsters/6491405-zombie-clot,Undead,Huge,generic,N,6.0,3,2000.0,5.0,0.0,3.0,-4.0,-1.0,0.0,5,0,6,-4,-1,0,0.0,1.0,0.0,1.0,0.0,0.0,0.0,0.0,1.0,1.0,1.0,1.0,0.0,1.0,0.0,1.0,1.0,1.0,1.0,1.0,1.0,1.0,1.0,1.0,0.0,1.0,1.0,1.0,0,1.0,12.0,13.0,104.5,143.5,1.0,1.0,8.0,8.0,16.0,32.166668,39.166668,16.5,40.0,40.0,21.0,= 16.5,= 2*15.5 + 9,= 2*15.5 + 9,= 2*10.5,"Assumes +14 HP from Undead Fortitude, and +25 HP from Flesh Entombed. Assumes +1 AC from Deathly Stench (Poisoned). Assumes +21 damage from Flesh Entomb."
Zombie Plague Spreader,6491406-zombie-plague-spreader,RTHW,283.0,https://www.dndbeyond.com/monsters/6491406-zombie-plague-spreader,Undead,Medium,generic,N,4.0,2,1000.0,3.0,0.0,2.0,-4.0,-3.0,-3.0,3,0,2,-4,-3,-3,0.0,1.0,0.0,1.0,0.0,0.0,0.0,0.0,0.0,0.0,1.0,0.0,0.0,0.0,0.0,1.0,1.0,1.0,1.0,1.0,1.0,1.0,1.0,0.5,0.0,1.0,1.0,1.0,0,1.0,10.0,11.0,78.0,85.0,-0.8,-0.8,5.0,5.0,12.0,31.0,31.0,31.0,31.0,31.0,0.0,= 2*15.5,= 2*15.5,= 2*15.5,,Assumes +7 HP from Undead Fortitude. Assumes +1 AC from Viral Aura (Poisoned).
