Monster,Monster ID,Book,Page,URL,Type,Size,Category,Legendary,CR,PB,XP,Str Mod,Dex Mod,Con Mod,Int Mod,Wis Mod,Cha Mod,Str Save,Dex Save,Con Save,Int Save,Wis Save,Cha Save,Blinded,Charmed,Deafened,Exhaustion,Frightened,Grappled,Incapacitated,Invisible,Paralyzed,Petrified,Poisoned,Prone,Restrained,Stunned,Unconscious,Bludgeoning,Piercing,Slashing,Acid,Cold,Fire,Force,Lightning,Necrotic,Poison,Psychic,Radiant,Thunder,Initiative,HP Multiplier,AC,adj AC,HP,adj HP,SB,adj SB,AB,adj AB,Save DC,DPR,adj DPR,Damage 1,Damage 2,Damage 3,Damage Adj,Damage 1 formula,Damage 2 formula,Damage 3 formula,Damage Adj formula,Notes
Aarakocra,17100-aarakocra,MM (2014),12.0,https://www.dndbeyond.com/monsters/17100-aarakocra,humanoid,medium,generic,N,0.25,2,50.0,0.0,2.0,0.0,0.0,1.0,0.0,0,2,0,0,1,0,0.0,0.0,0.0,0.0,0.0,0.0,0.0,0.0,0.0,0.0,0.0,0.0,0.0,0.0,0.0,1.0,1.0,1.0,1.0,1.0,1.0,1.0,1.0,1.0,1.0,1.0,1.0,1.0,2.0,1.0,12.0,12.0,13.5,13.5,0.5,0.5,4.0,4.0,,5.5,6.6666665,5.5,5.5,5.5,3.5,= 5.5,= 5.5,= 5.5,= 3.5,
Aarakocra Simulacrum,300122-aarakocra-simulacrum,SKT,188.0,https://www.dndbeyond.com/monsters/300122-aarakocra-simulacrum,humanoid,medium,generic,N,0.125,2,25.0,0.0,2.0,0.0,0.0,1.0,0.0,0,2,0,0,1,0,0.0,0.0,0.0,0.0,0.0,0.0,0.0,0.0,0.0,0.0,0.0,0.0,0.0,0.0,0.0,1.0,1.0,1.0,1.0,1.0,1.0,1.0,1.0,1.0,1.0,1.0,1.0,1.0,2.0,1.0,12.0,12.0,6.0,6.0,0.5,0.5,4.0,4.0,,5.5,6.6666665,5.5,5.5,5.5,3.5,= 5.5,= 5.5,= 5.5,= 3.5,
Aartuk Elder,2821141-aartuk-elder,SAiS:BAM,8.0,https://www.dndbeyond.com/monsters/2821141-aartuk-elder,plant,large,generic,N,3.0,2,700.0,4.0,0.0,2.0,1.0,2.0,1.0,4,0,2,1,2,1,0.0,0.0,0.0,0.0,0.0,0.0,0.0,0.0,0.0,0.0,0.0,0.0,0.0,0.0,0.0,1.0,1.0,1.0,1.0,1.0,1.0,1.0,1.0,1.0,1.0,1.0,1.0,1.0,0.0,1.0,16.0,16.0,75.0,75.0,1.7,1.7,6.0,6.0,,22.0,22.0,22.0,22.0,22.0,0.0,= 2*11,= 2*11,= 2*11,,
Aartuk Starhorror,2821142-aartuk-starhorror,SAiS:BAM,9.0,https://www.dndbeyond.com/monsters/2821142-aartuk-starhorror,plant,medium,generic,N,2.0,2,450.0,1.0,0.0,2.0,1.0,3.0,0.0,1,0,2,1,3,0,0.0,0.0,0.0,0.0,0.0,0.0,0.0,0.0,0.0,0.0,0.0,0.0,0.0,0.0,0.0,1.0,1.0,1.0,1.0,1.0,1.0,1.0,1.0,1.0,1.0,1.0,1.0,1.0,0.0,1.0,14.0,14.0,52.0,52.0,1.2,1.2,3.0,3.0,,16.0,16.0,16.0,16.0,16.0,0.0,= 2*8,= 2*8,= 2*8,,
Aartuk Weedling,2821143-aartuk-weedling,SAiS:BAM,9.0,https://www.dndbeyond.com/monsters/2821143-aartuk-weedling,plant,medium,generic,N,2.0,2,450.0,2.0,1.0,1.0,0.0,1.0,0.0,2,1,1,0,1,0,0.0,0.0,0.0,0.0,0.0,0.0,0.0,0.0,0.0,0.0,0.0,0.0,0.0,0.0,0.0,1.0,1.0,1.0,1.0,1.0,1.0,1.0,1.0,1.0,1.0,1.0,1.0,1.0,1.0,1.0,15.0,15.0,38.5,38.5,0.8,0.8,4.0,4.0,,16.0,16.0,16.0,16.0,16.0,0.0,= 2*8,= 2*8,= 2*8,,
Aberrant Zealot,3805736-aberrant-zealot,PaBTSO,203.0,https://www.dndbeyond.com/monsters/3805736-aberrant-zealot,aberration,medium,generic,N,8.0,3,3900.0,2.0,4.0,1.0,1.0,-1.0,4.0,2,7,1,1,-1,7,1.0,1.0,0.0,0.0,1.0,1.0,0.0,0.0,0.0,0.0,0.0,0.0,1.0,0.0,0.0,1.0,1.0,1.0,1.0,1.0,1.0,1.0,1.0,1.0,1.0,0.5,1.0,1.0,4.0,1.0,16.0,16.0,93.5,138.5,2.8,2.8,7.0,7.0,15.0,55.5,62.5,79.5,43.5,43.5,21.0,= 14.5 + 2*14.5 + 2*18,= 14.5 + 2*14.5,= 14.5 + 2*14.5,= 3*7,Assumes +15 HP per round from Psychic Rend (stunned).
Abhorrent Overlord,909467-abhorrent-overlord,MOoT,219.0,https://www.dndbeyond.com/monsters/909467-abhorrent-overlord,fiend,large,generic,N,9.0,4,5000.0,5.0,4.0,3.0,2.0,2.0,3.0,5,4,7,2,2,7,0.0,0.0,0.0,0.0,0.0,0.0,0.0,0.0,0.0,0.0,1.0,0.0,0.0,0.0,0.0,1.0,1.0,1.0,1.0,0.5,1.0,1.0,1.0,0.5,0.0,1.0,1.0,1.0,4.0,1.0,16.0,16.0,136.0,157.0,4.5,8.5,9.0,9.0,15.0,58.666668,58.666668,64.0,56.0,56.0,0.0,= 2*32,= 2*28,= 2*28,,Assumes Storm of Crows deals damage twice.
Abjurer,17324-abjurer,VGtM,209.0,https://www.dndbeyond.com/monsters/17324-abjurer,humanoid,medium,legacy,N,9.0,4,5000.0,-1.0,2.0,2.0,4.0,1.0,0.0,-1,2,2,8,5,0,0.0,0.0,0.0,0.0,0.0,0.0,0.0,0.0,0.0,0.0,0.0,0.0,0.0,0.0,0.0,1.0,1.0,1.0,1.0,1.0,1.0,1.0,1.0,1.0,1.0,1.0,1.0,1.0,2.0,1.0,15.0,20.0,84.5,129.5,2.7,2.7,8.0,8.0,16.0,80.666664,80.666664,90.0,80.0,72.0,0.0,= 2*45,= 2*40,= 2*36,,Assumes 3*5 hp from casting abjuration spells.
Abjurer Wizard,2560712-abjurer-wizard,MPMotM,260.0,https://www.dndbeyond.com/monsters/2560712-abjurer-wizard,humanoid,medium,generic,N,9.0,4,5000.0,-1.0,2.0,2.0,4.0,1.0,0.0,-1,2,2,8,5,0,0.0,0.0,0.0,0.0,0.0,0.0,0.0,0.0,0.0,0.0,0.0,0.0,0.0,0.0,0.0,1.0,1.0,1.0,1.0,1.0,1.0,1.0,1.0,1.0,1.0,1.0,1.0,1.0,2.0,1.0,15.0,15.0,104.0,156.0,2.7,2.7,8.0,8.0,16.0,72.0,72.0,72.0,72.0,72.0,0.0,= 2*36,= 2*36,= 2*36,,Assumes +2*24 HP from Arcane Ward.
Aboleth,16762-aboleth,MM (2014),13.0,https://www.dndbeyond.com/monsters/16762-aboleth,aberration,large,legendary,LL,10.0,4,5900.0,5.0,-1.0,2.0,4.0,2.0,4.0,5,-1,6,8,6,4,0.0,0.0,0.0,0.0,0.0,0.0,0.0,0.0,0.0,0.0,0.0,0.0,0.0,0.0,0.0,1.0,1.0,1.0,1.0,1.0,1.0,1.0,1.0,1.0,1.0,1.0,1.0,1.0,-1.0,1.0,17.0,17.0,135.0,135.0,4.7,4.7,9.0,9.0,14.0,98.0,98.0,105.0,84.0,105.0,0.0,= 3*13 + 3*15 + 3*7,= 3*13 + 3*15,= 3*13 + 3*15 + 3*7,,
Aboleth Spawn,2407521-aboleth-spawn,CRCotN,135.0,https://www.dndbeyond.com/monsters/2407521-aboleth-spawn,aberration,medium,generic,N,5.0,3,1800.0,4.0,0.0,4.0,-2.0,1.0,-1.0,4,0,4,-2,1,-1,0.0,1.0,0.0,0.0,1.0,0.0,0.0,0.0,0.0,0.0,0.0,0.0,0.0,0.0,0.0,1.0,1.0,1.0,1.0,1.0,1.0,1.0,1.0,1.0,1.0,0.5,1.0,1.0,0.0,1.0,14.0,14.0,93.5,93.5,1.0,1.0,7.0,7.0,,26.5,53.5,26.5,26.5,26.5,81.0,= 8.5 + 18,= 8.5 + 18,= 8.5 + 18,= 3*1.5*2*9,Assumes +27 DPR from Tentacle.
Abominable Yeti,17105-abominable-yeti,MM (2014),306.0,https://www.dndbeyond.com/monsters/17105-abominable-yeti,monstrosity,huge,generic,N,9.0,4,5000.0,7.0,0.0,6.0,-1.0,1.0,-1.0,7,0,6,-1,1,-1,0.0,0.0,0.0,0.0,0.0,0.0,0.0,0.0,0.0,0.0,0.0,0.0,0.0,0.0,0.0,1.0,1.0,1.0,1.0,0.0,1.0,1.0,1.0,1.0,1.0,1.0,1.0,1.0,0.0,1.0,15.0,15.0,137.5,177.5,2.0,2.0,11.0,11.0,18.0,72.0,72.0,90.0,63.0,63.0,0.0,= 2*45,= 21 + 2*21,= 21 + 2*21,,Assumes +4*10 HP from Chilling Gaze (paralyzed).
Abyssal Chicken,416909-abyssal-chicken,BGDiA,97.0,https://www.dndbeyond.com/monsters/416909-abyssal-chicken,fiend,tiny,generic,N,0.25,2,50.0,-2.0,2.0,1.0,-3.0,-1.0,-3.0,-2,2,1,-3,-1,-3,1.0,0.0,0.0,0.0,0.0,0.0,0.0,0.0,0.0,0.0,1.0,0.0,0.0,0.0,0.0,1.0,1.0,1.0,1.0,0.5,0.5,1.0,0.5,1.0,0.0,1.0,1.0,1.0,2.0,2.0,13.0,13.0,10.5,21.0,-1.0,-1.0,4.0,4.0,,9.0,9.0,9.0,9.0,9.0,0.0,= 4 + 5,= 4 + 5,= 4 + 5,,
Abyssal Wretch,94277-abyssal-wretch,MToF,136.0,https://www.dndbeyond.com/monsters/94277-abyssal-wretch,fiend,medium,generic,N,0.25,2,50.0,-1.0,1.0,0.0,-3.0,-1.0,-3.0,-1,1,0,-3,-1,-3,0.0,1.0,0.0,0.0,1.0,0.0,0.0,0.0,0.0,0.0,1.0,0.0,0.0,0.0,0.0,1.0,1.0,1.0,1.0,0.5,0.5,1.0,0.5,1.0,0.0,1.0,1.0,1.0,1.0,2.0,11.0,11.0,18.0,36.0,-1.2,-1.2,3.0,3.0,,5.5,5.5,5.5,5.5,5.5,0.0,= 5.5,= 5.5,= 5.5,,
Acererak,32961-acererak,ToA,209.0,https://www.dndbeyond.com/monsters/32961-acererak,undead,medium,unique,L,23.0,7,50000.0,1.0,3.0,5.0,8.0,5.0,5.0,1,3,12,15,12,5,1.0,1.0,1.0,1.0,1.0,0.0,0.0,0.0,1.0,1.0,1.0,0.0,0.0,1.0,0.0,0.2,0.2,0.2,1.0,0.5,1.0,1.0,0.5,0.0,0.0,1.0,1.0,1.0,3.0,1.25,21.0,26.0,285.0,468.8,8.0,8.0,15.0,15.0,23.0,219.0,219.0,219.0,219.0,219.0,0.0,= 3*45 + 2*42,= 3*45 + 2*42,= 3*45 + 2*42,,Assumes +5 AC from Shield.
Acolyte,16763-acolyte,MM (2014),342.0,https://www.dndbeyond.com/monsters/16763-acolyte,humanoid,medium,generic,N,0.25,2,50.0,0.0,0.0,0.0,0.0,2.0,0.0,0,0,0,0,2,0,0.0,0.0,0.0,0.0,0.0,0.0,0.0,0.0,0.0,0.0,0.0,0.0,0.0,0.0,0.0,1.0,1.0,1.0,1.0,1.0,1.0,1.0,1.0,1.0,1.0,1.0,1.0,1.0,0.0,1.0,10.0,14.0,9.0,9.0,0.3,4.3,4.0,4.0,12.0,4.5,4.5,4.5,4.5,4.5,0.0,= 4.5,= 4.5,= 4.5,,Assumes +4 AC from casting sanctuary. Assumes +4 SB from casting sanctuary.
Adult Amethyst Dragon,2059682-adult-amethyst-dragon,FToD,161.0,https://www.dndbeyond.com/monsters/2059682-adult-amethyst-dragon,dragon,huge,legendary,L,16.0,5,15000.0,7.0,2.0,7.0,5.0,3.0,5.0,7,7,12,5,8,10,0.0,0.0,0.0,0.0,1.0,0.0,0.0,0.0,0.0,0.0,0.0,1.0,0.0,0.0,0.0,1.0,1.0,1.0,1.0,1.0,1.0,0.5,1.0,1.0,1.0,0.5,1.0,1.0,2.0,1.0,19.0,19.0,229.5,319.5,8.2,8.2,12.0,12.0,20.0,97.833336,97.833336,124.5,84.5,84.5,0.0,= 2*45 + 3*11.5,= 27 + 2*11.5 + 3*11.5,= 27 + 2*11.5 + 3*11.5,,
Adult Amethyst Dragon,2059682-adult-amethyst-dragon,FToD,161.0,https://www.dndbeyond.com/monsters/2059682-adult-amethyst-dragon,dragon,huge,legendary,LL,17.0,6,18000.0,7.0,2.0,7.0,5.0,3.0,5.0,7,7,12,5,8,10,0.0,0.0,0.0,0.0,1.0,0.0,0.0,0.0,0.0,0.0,0.0,1.0,0.0,0.0,0.0,1.0,1.0,1.0,1.0,1.0,1.0,0.5,1.0,1.0,1.0,0.5,1.0,1.0,2.0,1.0,19.0,19.0,229.5,394.5,8.2,8.2,12.0,12.0,20.0,97.833336,97.833336,124.5,84.5,84.5,0.0,= 2*45 + 3*11.5,= 27 + 2*11.5 + 3*11.5,= 27 + 2*11.5 + 3*11.5,,"Assumes +15 hit points from Beguiling Whisper, and +2*30 hit points from Imprisoning Force."
Adult Black Dragon,16764-adult-black-dragon,MM (2014),88.0,https://www.dndbeyond.com/monsters/16764-adult-black-dragon,dragon,huge,legendary,L,14.0,5,11500.0,6.0,2.0,5.0,2.0,1.0,3.0,6,7,10,2,6,8,0.0,0.0,0.0,0.0,0.0,0.0,0.0,0.0,0.0,0.0,0.0,0.0,0.0,0.0,0.0,1.0,1.0,1.0,0.0,1.0,1.0,1.0,1.0,1.0,1.0,1.0,1.0,1.0,2.0,1.0,19.0,19.0,195.5,285.5,6.5,6.5,11.0,11.0,18.0,109.666664,109.666664,153.0,88.0,88.0,0.0,=2*54 + 3*15,= 17 + 2*13 + 3*15,= 17 + 2*13 + 3*15,,
Adult Blue Dracolich,17106-adult-blue-dracolich,MM (2014),84.0,https://www.dndbeyond.com/monsters/17106-adult-blue-dracolich,undead,huge,legendary,L,17.0,6,18000.0,7.0,0.0,6.0,3.0,2.0,4.0,7,6,12,3,8,10,0.0,1.0,0.0,1.0,1.0,0.0,0.0,0.0,1.0,0.0,1.0,0.0,0.0,0.0,0.0,1.0,1.0,1.0,1.0,1.0,1.0,1.0,0.0,0.5,0.0,1.0,1.0,1.0,0.0,1.0,19.0,19.0,225.0,315.0,7.7,11.7,13.0,13.0,20.0,126.0,126.0,180.0,99.0,99.0,0.0,= 2*66 + 3*16,= 23 + 2*14 + 3*16,= 23 + 2*14 + 3*16,,
Adult Blue Dragon,16765-adult-blue-dragon,MM (2014),91.0,https://www.dndbeyond.com/monsters/16765-adult-blue-dragon,dragon,huge,legendary,L,16.0,5,15000.0,7.0,0.0,6.0,3.0,2.0,4.0,7,5,11,3,7,9,0.0,0.0,0.0,0.0,0.0,0.0,0.0,0.0,0.0,0.0,0.0,0.0,0.0,0.0,0.0,1.0,1.0,1.0,1.0,1.0,1.0,1.0,0.0,1.0,1.0,1.0,1.0,1.0,0.0,1.0,19.0,19.0,225.0,315.0,7.0,7.0,12.0,12.0,19.0,126.0,126.0,180.0,99.0,99.0,0.0,= 2*66 + 3*16,= 23 + 2*14 + 3*16,= 23 + 2*14 + 3*16,,
Adult Brass Dragon,16766-adult-brass-dragon,MM (2014),105.0,https://www.dndbeyond.com/monsters/16766-adult-brass-dragon,dragon,huge,legendary,L,13.0,5,10000.0,6.0,0.0,5.0,2.0,1.0,3.0,6,5,10,2,6,8,0.0,0.0,0.0,0.0,0.0,0.0,0.0,0.0,0.0,0.0,0.0,0.0,0.0,0.0,0.0,1.0,1.0,1.0,1.0,1.0,0.0,1.0,1.0,1.0,1.0,1.0,1.0,1.0,0.0,1.0,18.0,18.0,172.5,262.5,6.2,6.2,11.0,11.0,18.0,103.666664,103.666664,135.0,88.0,88.0,0.0,= 2*45 + 3*15,= 17 + 2*13 + 3*15,= 17 + 2*13 + 3*15,,
Adult Bronze Dragon,16767-adult-bronze-dragon,MM (2014),108.0,https://www.dndbeyond.com/monsters/16767-adult-bronze-dragon,dragon,huge,legendary,L,15.0,5,13000.0,7.0,0.0,6.0,3.0,2.0,4.0,7,5,11,3,7,9,0.0,0.0,0.0,0.0,0.0,0.0,0.0,0.0,0.0,0.0,0.0,0.0,0.0,0.0,0.0,1.0,1.0,1.0,1.0,1.0,1.0,1.0,0.0,1.0,1.0,1.0,1.0,1.0,0.0,1.0,19.0,19.0,212.5,302.5,7.0,7.0,12.0,12.0,19.0,122.666664,122.666664,180.0,94.0,94.0,0.0,= 2*66 + 3*16,= 18 + 2*14 + 3*16,= 18 + 2*14 + 3*16,,
Adult Copper Dragon,16768-adult-copper-dragon,MM (2014),111.0,https://www.dndbeyond.com/monsters/16768-adult-copper-dragon,dragon,huge,legendary,L,14.0,5,11500.0,6.0,1.0,5.0,4.0,2.0,3.0,6,6,10,4,7,8,0.0,0.0,0.0,0.0,0.0,0.0,0.0,0.0,0.0,0.0,0.0,0.0,0.0,0.0,0.0,1.0,1.0,1.0,0.0,1.0,1.0,1.0,1.0,1.0,1.0,1.0,1.0,1.0,1.0,1.0,18.0,18.0,184.0,274.0,6.8,6.8,11.0,11.0,18.0,109.666664,109.666664,153.0,88.0,88.0,0.0,=2*54 + 3*15,= 17 + 2*13 + 3*15,= 17 + 2*13 + 3*15,,
Adult Crystal Dragon,2059683-adult-crystal-dragon,FToD,171.0,https://www.dndbeyond.com/monsters/2059683-adult-crystal-dragon,dragon,huge,legendary,L,12.0,4,8400.0,5.0,1.0,5.0,4.0,2.0,4.0,5,5,9,4,6,8,0.0,0.0,0.0,0.0,0.0,0.0,0.0,0.0,0.0,0.0,0.0,0.0,0.0,0.0,0.0,1.0,1.0,1.0,1.0,0.5,1.0,1.0,1.0,1.0,1.0,1.0,0.5,1.0,1.0,1.0,16.0,16.0,172.5,277.5,6.2,6.2,9.0,9.0,17.0,84.833336,84.833336,112.5,71.0,71.0,0.0,= 2*40.5 + 31.5,= 20.5 + 2*9.5 + 31.5,= 20.5 + 2*9.5 + 31.5,,
Adult Crystal Dragon,2059683-adult-crystal-dragon,FToD,171.0,https://www.dndbeyond.com/monsters/2059683-adult-crystal-dragon,dragon,huge,legendary,LL,13.0,5,10000.0,5.0,1.0,5.0,4.0,2.0,4.0,5,5,9,4,6,8,0.0,0.0,0.0,0.0,0.0,0.0,0.0,0.0,0.0,0.0,0.0,0.0,0.0,0.0,0.0,1.0,1.0,1.0,1.0,0.5,1.0,1.0,1.0,1.0,1.0,1.0,0.5,1.0,1.0,1.0,16.0,16.0,172.5,292.5,6.2,6.2,9.0,9.0,17.0,102.166664,102.166664,138.5,71.0,97.0,0.0,= 2*40.5 + 31.5 + 2*13,= 20.5 + 2*9.5 + 31.5,= 20.5 + 2*9.5 + 31.5 + 2*13,,Assumes +15 hit points from Beguiling Whisper.
Adult Deep Dragon,2059684-adult-deep-dragon,FToD,174.0,https://www.dndbeyond.com/monsters/2059684-adult-deep-dragon,dragon,huge,legendary,L,11.0,4,7200.0,5.0,2.0,4.0,3.0,3.0,4.0,5,6,8,3,7,8,0.0,1.0,0.0,0.0,1.0,0.0,0.0,0.0,0.0,0.0,1.0,0.0,0.0,0.0,0.0,1.0,1.0,1.0,1.0,1.0,1.0,1.0,1.0,1.0,0.5,0.5,1.0,1.0,2.0,1.0,17.0,19.0,147.0,237.0,6.2,6.2,9.0,9.0,16.0,92.166664,92.166664,110.5,83.0,83.0,0.0,= 2*33 + 2*17.5 + 9.5,= 21.5 + 2*8.5 + 2*17.5 + 9.5,= 21.5 + 2*8.5 + 2*17.5 + 9.5,,Assumes +2 AC from Nightmare Breath (frightened).
Adult Deep Dragon,2059684-adult-deep-dragon,FToD,174.0,https://www.dndbeyond.com/monsters/2059684-adult-deep-dragon,dragon,huge,legendary,LL,12.0,4,8400.0,5.0,2.0,4.0,3.0,3.0,4.0,5,6,8,3,7,8,0.0,1.0,0.0,0.0,1.0,0.0,0.0,0.0,0.0,0.0,1.0,0.0,0.0,0.0,0.0,1.0,1.0,1.0,1.0,1.0,1.0,1.0,1.0,1.0,0.5,0.5,1.0,1.0,2.0,1.0,17.0,19.0,147.0,267.0,6.2,6.2,9.0,9.0,16.0,110.833336,110.833336,138.5,83.0,111.0,0.0,= 2*33 + 2*17.5 + 9.5 + 2*14,= 21.5 + 2*8.5 + 2*17.5 + 9.5,= 21.5 + 2*8.5 + 2*17.5 + 9.5 + 2*14,,Assumes +30 hit points from Deep Torpor. Assumes +2 AC from Nightmare Breath (frightened).
Adult Emerald Dragon,2059685-adult-emerald-dragon,FToD,196.0,https://www.dndbeyond.com/monsters/2059685-adult-emerald-dragon,dragon,huge,legendary,L,14.0,5,11500.0,6.0,1.0,5.0,4.0,3.0,4.0,6,6,10,4,8,9,0.0,0.0,0.0,0.0,0.0,0.0,0.0,0.0,0.0,0.0,0.0,0.0,0.0,0.0,0.0,1.0,1.0,1.0,1.0,1.0,0.5,1.0,1.0,1.0,1.0,0.5,1.0,1.0,1.0,1.0,18.0,19.0,207.0,297.0,7.2,7.2,11.0,11.0,18.0,89.5,89.5,115.5,76.5,76.5,0.0,= 2*42 + 3*10.5,= 24 + 2*10.5 + 3*10.5,= 24 + 2*10.5 + 3*10.5,,Assumes +1 AC from Disorienting Breath.
Adult Emerald Dragon,2059685-adult-emerald-dragon,FToD,196.0,https://www.dndbeyond.com/monsters/2059685-adult-emerald-dragon,dragon,huge,legendary,LL,15.0,5,13000.0,6.0,1.0,5.0,4.0,3.0,4.0,6,6,10,4,8,9,0.0,0.0,0.0,0.0,0.0,0.0,0.0,0.0,0.0,0.0,0.0,0.0,0.0,0.0,0.0,1.0,1.0,1.0,1.0,1.0,0.5,1.0,1.0,1.0,1.0,0.5,1.0,1.0,1.0,1.0,18.0,22.0,207.0,297.0,7.2,10.2,11.0,14.0,18.0,96.833336,96.833336,115.5,98.5,76.5,0.0,= 2*42 + 3*10.5,= 24 + 2*10.5 + 3*10.5 + 22,= 24 + 2*10.5 + 3*10.5,,"Assumes +1 AC from Disorienting Breath, and +3 AC from Vanish. Assumes +3 SB from Vanish. Assumes +3 AB from Vanish."
Adult Gold Dragon,16769-adult-gold-dragon,MM (2014),114.0,https://www.dndbeyond.com/monsters/16769-adult-gold-dragon,dragon,huge,legendary,L,17.0,6,18000.0,8.0,2.0,7.0,3.0,2.0,7.0,8,8,13,3,8,13,0.0,0.0,0.0,0.0,0.0,0.0,0.0,0.0,0.0,0.0,0.0,0.0,0.0,0.0,0.0,1.0,1.0,1.0,1.0,1.0,0.0,1.0,1.0,1.0,1.0,1.0,1.0,1.0,2.0,1.0,19.0,19.0,256.5,346.5,8.8,8.8,14.0,14.0,21.0,127.666664,127.666664,183.0,100.0,100.0,0.0,= 2*66 + 3*17,= 19 + 2*15 + 3*17,= 19 + 2*15 + 3*17,,
Adult Green Dragon,16770-adult-green-dragon,MM (2014),94.0,https://www.dndbeyond.com/monsters/16770-adult-green-dragon,dragon,huge,legendary,L,15.0,5,13000.0,6.0,1.0,5.0,4.0,2.0,3.0,6,6,10,4,7,8,0.0,0.0,0.0,0.0,0.0,0.0,0.0,0.0,0.0,0.0,1.0,0.0,0.0,0.0,0.0,1.0,1.0,1.0,1.0,1.0,1.0,1.0,1.0,1.0,0.0,1.0,1.0,1.0,1.0,1.0,19.0,19.0,207.0,297.0,6.8,6.8,11.0,11.0,18.0,115.666664,115.666664,157.0,95.0,95.0,0.0,= 2*56 + 3*15,= 24 + 2*13 + 3*15,= 24 + 2*13 + 3*15,,
Adult Kruthik,97345-adult-kruthik,MToF,212.0,https://www.dndbeyond.com/monsters/97345-adult-kruthik,monstrosity,medium,legacy,N,2.0,2,450.0,2.0,3.0,2.0,-2.0,1.0,-1.0,2,3,2,-2,1,-1,0.0,0.0,0.0,0.0,0.0,0.0,0.0,0.0,0.0,0.0,0.0,0.0,0.0,0.0,0.0,1.0,1.0,1.0,1.0,1.0,1.0,1.0,1.0,1.0,1.0,1.0,1.0,1.0,3.0,1.0,18.0,18.0,39.0,39.0,0.8,0.8,5.0,6.0,,13.0,13.0,13.0,13.0,13.0,0.0,= 2*6.5,= 2*6.5,= 2*6.5,,
Adult Kruthik,2560713-adult-kruthik,MPMotM,169.0,https://www.dndbeyond.com/monsters/2560713-adult-kruthik,monstrosity,medium,generic,N,2.0,2,450.0,2.0,3.0,2.0,-2.0,1.0,-1.0,2,3,2,-2,1,-1,0.0,0.0,0.0,0.0,0.0,0.0,0.0,0.0,0.0,0.0,0.0,0.0,0.0,0.0,0.0,1.0,1.0,1.0,1.0,1.0,1.0,1.0,1.0,1.0,1.0,1.0,1.0,1.0,3.0,1.0,18.0,18.0,39.0,39.0,0.8,0.8,5.0,6.0,,13.0,13.0,13.0,13.0,13.0,0.0,= 2*6.5,= 2*6.5,= 2*6.5,,
Adult Lunar Dragon,2821144-adult-lunar-dragon,SAiS:BAM,34.0,https://www.dndbeyond.com/monsters/2821144-adult-lunar-dragon,dragon,huge,legendary,L,13.0,5,10000.0,6.0,1.0,5.0,0.0,1.0,2.0,6,1,10,0,6,2,0.0,0.0,0.0,0.0,0.0,0.0,0.0,0.0,0.0,0.0,0.0,0.0,0.0,0.0,0.0,1.0,1.0,1.0,1.0,0.0,1.0,1.0,1.0,1.0,1.0,1.0,1.0,1.0,1.0,1.0,17.0,17.0,172.5,232.5,4.2,4.2,11.0,11.0,18.0,78.333336,78.333336,98.0,68.5,68.5,0.0,= 2*36 + 2*13,= 16.5 + 2*13 + 2*13,= 16.5 + 2*13 + 2*13,,
Adult Moonstone Dragon,2059686-adult-moonstone-dragon,FToD,212.0,https://www.dndbeyond.com/monsters/2059686-adult-moonstone-dragon,dragon,huge,legendary,L,15.0,5,13000.0,5.0,4.0,5.0,6.0,5.0,6.0,5,4,5,11,10,11,0.0,1.0,0.0,0.0,0.0,0.0,0.0,0.0,0.0,0.0,0.0,0.0,0.0,0.0,0.0,1.0,1.0,1.0,1.0,1.0,1.0,1.0,1.0,1.0,1.0,1.0,1.0,1.0,4.0,1.0,19.0,19.0,195.5,285.5,7.7,7.7,10.0,10.0,18.0,92.833336,92.833336,127.5,75.5,75.5,0.0,= 2*49.5 + 3*9.5,= 23 + 2*12 + 3*9.5,= 23 + 2*12 + 3*9.5,,
Adult Moonstone Dragon,2059686-adult-moonstone-dragon,FToD,212.0,https://www.dndbeyond.com/monsters/2059686-adult-moonstone-dragon,dragon,huge,legendary,LL,16.0,5,15000.0,5.0,4.0,5.0,6.0,5.0,6.0,5,4,5,11,10,11,0.0,1.0,0.0,0.0,0.0,0.0,0.0,0.0,0.0,0.0,0.0,0.0,0.0,0.0,0.0,1.0,1.0,1.0,1.0,1.0,1.0,1.0,1.0,1.0,1.0,1.0,1.0,1.0,4.0,1.0,19.0,19.0,195.5,330.5,7.7,7.7,10.0,10.0,18.0,92.833336,92.833336,127.5,75.5,75.5,0.0,= 2*49.5 + 3*9.5,= 23 + 2*12 + 3*9.5,= 23 + 2*12 + 3*9.5,,Assumes +3*15 hit points from Banish into Dream and Compulsive Dance.
Adult Oblex,96508-adult-oblex,MToF,218.0,https://www.dndbeyond.com/monsters/96508-adult-oblex,ooze,medium,legacy,N,5.0,3,1800.0,-1.0,4.0,3.0,4.0,1.0,2.0,-1,4,3,7,1,5,1.0,1.0,1.0,1.0,0.0,0.0,0.0,0.0,0.0,0.0,0.0,1.0,0.0,0.0,0.0,1.0,1.0,1.0,1.0,1.0,1.0,1.0,1.0,1.0,1.0,1.0,1.0,1.0,4.0,1.0,14.0,14.0,75.0,75.0,3.2,3.2,7.0,7.0,15.0,30.0,30.0,30.0,30.0,30.0,0.0,= 12 + 18,= 12 + 18,= 12 + 18,,
Adult Oblex,2560714-adult-oblex,MPMotM,198.0,https://www.dndbeyond.com/monsters/2560714-adult-oblex,ooze,medium,generic,N,5.0,3,1800.0,-1.0,4.0,3.0,4.0,1.0,2.0,-1,4,3,7,1,5,1.0,1.0,1.0,1.0,0.0,0.0,0.0,0.0,0.0,0.0,0.0,1.0,0.0,0.0,0.0,1.0,1.0,1.0,1.0,1.0,1.0,1.0,1.0,1.0,1.0,1.0,1.0,1.0,4.0,1.0,14.0,14.0,75.0,75.0,3.2,3.2,7.0,7.0,15.0,54.0,54.0,54.0,54.0,54.0,0.0,= 2*18 + 18,= 2*18 + 18,= 2*18 + 18,,
Adult Red Dragon,16771-adult-red-dragon,MM (2014),98.0,https://www.dndbeyond.com/monsters/16771-adult-red-dragon,dragon,huge,legendary,L,17.0,6,18000.0,8.0,0.0,7.0,3.0,1.0,5.0,8,6,13,3,7,11,0.0,0.0,0.0,0.0,0.0,0.0,0.0,0.0,0.0,0.0,0.0,0.0,0.0,0.0,0.0,1.0,1.0,1.0,1.0,1.0,0.0,1.0,1.0,1.0,1.0,1.0,1.0,1.0,0.0,1.0,19.0,19.0,256.5,346.5,8.0,8.0,14.0,14.0,21.0,130.33333,130.33333,177.0,107.0,107.0,0.0,= 2*63 + 3*17,= 26 + 2*15 + 3*17,= 26 + 2*15 + 3*17,,
Adult Sapphire Dragon,571179-adult-sapphire-dragon,FToD,215.0,https://www.dndbeyond.com/monsters/571179-adult-sapphire-dragon,dragon,huge,legendary,L,15.0,5,13000.0,6.0,2.0,6.0,4.0,3.0,4.0,6,7,11,4,8,9,0.0,0.0,0.0,0.0,1.0,0.0,0.0,0.0,0.0,0.0,0.0,0.0,0.0,0.0,0.0,1.0,1.0,1.0,1.0,1.0,1.0,1.0,0.5,1.0,1.0,1.0,1.0,0.5,2.0,1.0,18.0,18.0,225.0,345.0,7.5,7.5,11.0,11.0,19.0,89.833336,89.833336,119.5,75.0,75.0,0.0,= 2*44 + 3*10.5,= 22.5 + 2*10.5 + 3*10.5,= 22.5 + 2*10.5 + 3*10.5,,Assumes +30 hit points from Debilitating Breath.
Adult Sapphire Dragon,571179-adult-sapphire-dragon,FToD,215.0,https://www.dndbeyond.com/monsters/571179-adult-sapphire-dragon,dragon,huge,legendary,LL,16.0,5,15000.0,6.0,2.0,6.0,4.0,3.0,4.0,6,7,11,4,8,9,0.0,0.0,0.0,0.0,1.0,0.0,0.0,0.0,0.0,0.0,0.0,0.0,0.0,0.0,0.0,1.0,1.0,1.0,1.0,1.0,1.0,1.0,0.5,1.0,1.0,1.0,1.0,0.5,2.0,1.0,18.0,18.0,225.0,390.0,7.5,7.5,11.0,11.0,19.0,99.833336,99.833336,134.5,75.0,90.0,0.0,= 2*44 + 3*10.5 + 15,= 22.5 + 2*10.5 + 3*10.5,= 22.5 + 2*10.5 + 3*10.5 + 15,,"Assumes +30 hit points from Debilitating Breath, and +3*15 hit points from Awesome Thunder and Beguiling Whisper."
Adult Silver Dragon,16772-adult-silver-dragon,MM (2014),117.0,https://www.dndbeyond.com/monsters/16772-adult-silver-dragon,dragon,huge,legendary,L,16.0,5,15000.0,8.0,0.0,7.0,3.0,1.0,5.0,8,5,12,3,6,10,0.0,0.0,0.0,0.0,0.0,0.0,0.0,0.0,0.0,0.0,0.0,0.0,0.0,0.0,0.0,1.0,1.0,1.0,1.0,0.0,1.0,1.0,1.0,1.0,1.0,1.0,1.0,1.0,0.0,1.0,19.0,19.0,243.0,333.0,7.3,7.3,13.0,13.0,20.0,122.333336,122.333336,167.0,100.0,100.0,0.0,= 2*58 + 3*17,= 19 + 2*15 + 3*17,= 19 + 2*15 + 3*17,,
Adult Solar Dragon,2821145-adult-solar-dragon,SAiS:BAM,52.0,https://www.dndbeyond.com/monsters/2821145-adult-solar-dragon,dragon,huge,legendary,L,14.0,5,11500.0,7.0,2.0,6.0,2.0,3.0,2.0,7,7,11,2,8,7,1.0,0.0,0.0,0.0,0.0,0.0,0.0,0.0,0.0,0.0,0.0,0.0,0.0,0.0,0.0,1.0,1.0,1.0,1.0,1.0,1.0,1.0,1.0,1.0,1.0,1.0,0.0,1.0,2.0,1.0,17.0,17.0,200.0,260.0,7.0,7.0,12.0,12.0,19.0,89.166664,89.166664,141.5,63.0,63.0,0.0,= 2*55 + 3*10.5,= 21 + 10.5 + 3*10.5,= 21 + 10.5 + 3*10.5,,
Adult Time Dragon,3883515-adult-time-dragon,PAitM:MPP,50.0,https://www.dndbeyond.com/monsters/3883515-adult-time-dragon,dragon,huge,legendary,L,18.0,6,20000.0,7.0,2.0,6.0,6.0,3.0,5.0,7,8,12,6,9,11,0.0,0.0,0.0,0.0,0.0,0.0,0.0,0.0,0.0,0.0,0.0,0.0,0.0,0.0,0.0,1.0,1.0,1.0,1.0,1.0,1.0,1.0,1.0,1.0,1.0,1.0,1.0,1.0,2.0,1.0,19.0,19.0,250.0,400.0,8.8,8.8,13.0,15.0,20.0,87.0,87.0,93.0,84.0,84.0,0.0,= 2*36 + 21,= 3*21 + 21,= 3*21 + 21,,Assumes +2*10 HP per round from Time Slip. Assumes +2 AB from Time Breath (advantage).
Adult Time Dragon,3883515-adult-time-dragon,PAitM:MPP,50.0,https://www.dndbeyond.com/monsters/3883515-adult-time-dragon,dragon,huge,legendary,LL,19.0,6,22000.0,7.0,2.0,6.0,6.0,3.0,5.0,7,8,12,6,9,11,0.0,0.0,0.0,0.0,0.0,0.0,0.0,0.0,0.0,0.0,0.0,0.0,0.0,0.0,0.0,1.0,1.0,1.0,1.0,1.0,1.0,1.0,1.0,1.0,1.0,1.0,1.0,1.0,2.0,1.0,19.0,19.0,250.0,400.0,8.8,8.8,13.0,15.0,20.0,104.333336,115.666664,119.0,84.0,110.0,34.0,= 2*36 + 21 + 26,= 3*21 + 21,= 3*21 + 21 + 26,= 34,Assumes +2*10 HP per round from Time Slip. Assumes +2 AB from Time Breath (advantage). Assumes +34 damage from Temporal Fling lair action.
Adult Topaz Dragon,2059687-adult-topaz-dragon,FToD,221.0,https://www.dndbeyond.com/monsters/2059687-adult-topaz-dragon,dragon,huge,legendary,L,13.0,5,10000.0,4.0,1.0,4.0,4.0,3.0,4.0,4,6,9,4,8,9,0.0,0.0,0.0,0.0,0.0,0.0,0.0,0.0,0.0,0.0,0.0,0.0,0.0,0.0,0.0,1.0,1.0,1.0,1.0,0.5,1.0,1.0,1.0,0.5,1.0,1.0,1.0,1.0,1.0,1.0,18.0,18.0,210.0,315.0,6.7,6.7,9.0,9.0,17.0,75.0,75.0,98.0,63.5,63.5,0.0,= 2*35 + 28,= 18.5 + 2*8.5 + 28,= 18.5 + 2*8.5 + 28,,Assumes +15 hit points from Desiccating Breath.
Adult Topaz Dragon,2059687-adult-topaz-dragon,FToD,221.0,https://www.dndbeyond.com/monsters/2059687-adult-topaz-dragon,dragon,huge,legendary,LL,14.0,5,11500.0,4.0,1.0,4.0,4.0,3.0,4.0,4,6,9,4,8,9,0.0,0.0,0.0,0.0,0.0,0.0,0.0,0.0,0.0,0.0,0.0,0.0,0.0,0.0,0.0,1.0,1.0,1.0,1.0,0.5,1.0,1.0,1.0,0.5,1.0,1.0,1.0,1.0,1.0,1.0,18.0,18.0,210.0,330.0,6.7,6.7,9.0,9.0,17.0,93.666664,93.666664,126.0,63.5,91.5,0.0,= 2*35 + 28 + 2*14,= 18.5 + 2*8.5 + 28,= 18.5 + 2*8.5 + 28 + 2*14,,"Assumes +15 hit points from Desiccating Breath, and +15 hit points from Beguiling Whisper."
Adult White Dragon,16773-adult-white-dragon,MM (2014),101.0,https://www.dndbeyond.com/monsters/16773-adult-white-dragon,dragon,huge,legendary,L,13.0,5,10000.0,6.0,0.0,6.0,-1.0,1.0,1.0,6,5,11,-1,6,6,0.0,0.0,0.0,0.0,0.0,0.0,0.0,0.0,0.0,0.0,0.0,0.0,0.0,0.0,0.0,1.0,1.0,1.0,1.0,0.0,1.0,1.0,1.0,1.0,1.0,1.0,1.0,1.0,0.0,1.0,18.0,18.0,200.0,290.0,5.5,5.5,11.0,11.0,19.0,112.333336,112.333336,153.0,92.0,92.0,0.0,=2*54 + 3*15,= 21 + 2*13 + 3*15,= 21 + 2*13 + 3*15,,
Aeorian Absorber,744297-aeorian-absorber,EGtW,283.0,https://www.dndbeyond.com/monsters/744297-aeorian-absorber,monstrosity,large,generic,N,10.0,4,5900.0,5.0,4.0,4.0,-2.0,2.0,-1.0,5,4,4,-2,6,3,0.0,0.0,0.0,0.0,0.0,0.0,0.0,0.0,0.0,0.0,0.0,0.0,0.0,0.0,0.0,1.0,1.0,1.0,1.0,1.0,1.0,1.0,1.0,0.0,1.0,1.0,0.0,1.0,4.0,1.0,15.0,15.0,171.0,201.0,3.3,7.3,9.0,9.0,17.0,40.0,55.333332,40.0,40.0,40.0,46.0,= 16 + 2*12,= 16 + 2*12,= 16 + 2*12,= 16 + 3*10,Assumes +3*10 hit points from Tail Ray. Assumes +10 D{R from Tail Ray.
Aeorian Nullifier,744298-aeorian-nullifier,EGtW,283.0,https://www.dndbeyond.com/monsters/744298-aeorian-nullifier,monstrosity,large,generic,N,12.0,4,8400.0,4.0,2.0,4.0,-2.0,2.0,4.0,4,2,4,-2,6,8,0.0,0.0,0.0,0.0,0.0,0.0,0.0,0.0,0.0,0.0,0.0,0.0,0.0,0.0,0.0,1.0,1.0,1.0,1.0,1.0,1.0,1.0,1.0,0.0,1.0,1.0,0.0,1.0,2.0,1.0,17.0,17.0,180.5,294.5,3.7,7.7,8.0,8.0,,72.0,72.0,72.0,72.0,72.0,0.0,= 28 + 2*22,= 28 + 2*22,= 28 + 2*22,,"Assumes +3*2*10 hit points from Horrid Gnashing, and +18 HPR from Counterspell. Assumes +3 AC from counterspell."
Aeorian Reverser,744299-aeorian-reverser,EGtW,284.0,https://www.dndbeyond.com/monsters/744299-aeorian-reverser,monstrosity,large,generic,N,8.0,3,3900.0,5.0,3.0,4.0,-2.0,2.0,-1.0,5,3,4,-2,5,2,0.0,0.0,0.0,0.0,0.0,0.0,0.0,0.0,0.0,0.0,0.0,0.0,0.0,0.0,0.0,1.0,1.0,1.0,1.0,1.0,1.0,1.0,1.0,0.0,1.0,1.0,0.0,1.0,3.0,1.0,15.0,15.0,133.0,133.0,2.8,6.8,8.0,8.0,,49.0,62.5,49.0,49.0,49.0,40.5,= 18 + 2*15.5,= 18 + 2*15.5,= 18 + 2*15.5,= 3*13.5,Assumes +13.5 DPR from Reversal.
Aerisi Kalinoth,17427-aerisi-kalinoth,PotA,193.0,https://www.dndbeyond.com/monsters/17427-aerisi-kalinoth,humanoid,medium,unique,N,7.0,3,2900.0,-1.0,3.0,1.0,3.0,0.0,3.0,-1,3,1,3,0,3,0.0,0.0,0.0,0.0,0.0,0.0,0.0,0.0,0.0,0.0,0.0,0.0,0.0,0.0,0.0,1.0,1.0,1.0,1.0,1.0,1.0,1.0,0.5,1.0,1.0,1.0,1.0,1.0,3.0,1.0,16.0,16.0,66.0,106.0,1.5,1.5,6.0,6.0,14.0,76.666664,76.666664,90.0,70.0,70.0,0.0,= 2*45,= 2*35,= 2*35,,
Aerosaur,3730987-aerosaur,BPGotG,128.0,https://www.dndbeyond.com/monsters/3730987-aerosaur,monstrosity,gargantuan,generic,N,10.0,4,5900.0,8.0,0.0,5.0,-4.0,0.0,-3.0,8,0,5,-4,0,-3,0.0,0.0,0.0,0.0,0.0,0.0,0.0,0.0,0.0,0.0,0.0,0.0,0.0,0.0,0.0,1.0,1.0,1.0,1.0,1.0,1.0,1.0,1.0,1.0,1.0,1.0,1.0,1.0,0.0,1.0,14.0,14.0,155.0,155.0,1.0,5.0,12.0,12.0,20.0,60.333332,60.333332,77.0,52.0,52.0,0.0,= 2*38.5,= 27.5 + 24.5,= 27.5 + 24.5,,
Agdon Longscarf,1979768-agdon-longscarf,TWBtW,73.0,https://www.dndbeyond.com/monsters/1979768-agdon-longscarf,fey,medium,unique,N,2.0,2,450.0,0.0,5.0,0.0,0.0,2.0,3.0,0,7,0,0,4,3,0.0,0.0,0.0,0.0,0.0,0.0,0.0,0.0,0.0,0.0,0.0,0.0,0.0,0.0,0.0,1.0,1.0,1.0,1.0,1.0,1.0,1.0,1.0,1.0,1.0,1.0,1.0,1.0,5.0,1.0,19.0,22.0,36.0,36.0,2.3,2.3,7.0,9.0,,21.0,21.0,21.0,21.0,21.0,0.0,= 2*10.5,= 2*10.5,= 2*10.5,,"Assumes +1 AC from Evasion, and +2 AC from Branding Iron. Assumes +2 AB from Branding Iron."
Ahmaergo,149778-ahmaergo,WDH,193.0,https://www.dndbeyond.com/monsters/149778-ahmaergo,humanoid,medium,unique,N,9.0,4,5000.0,5.0,2.0,2.0,2.0,2.0,1.0,9,2,6,2,2,1,0.0,0.0,0.0,0.0,0.0,0.0,0.0,0.0,0.0,0.0,0.0,0.0,0.0,0.0,0.0,1.0,1.0,1.0,1.0,1.0,1.0,1.0,1.0,1.0,0.5,1.0,1.0,1.0,2.0,1.0,18.0,18.0,143.0,183.0,3.7,3.7,9.0,9.0,,47.0,47.0,54.0,54.0,33.0,0.0,= 3*18,= 3*18,= 3*11,,Assumes +2*10 hp from Indomitable.
Air Elemental,16774-air-elemental,MM (2014),124.0,https://www.dndbeyond.com/monsters/16774-air-elemental,elemental,large,generic,N,5.0,3,1800.0,2.0,5.0,2.0,-2.0,0.0,-2.0,2,5,2,-2,0,-2,0.0,0.0,0.0,1.0,0.0,1.0,0.0,0.0,1.0,1.0,1.0,1.0,1.0,0.0,1.0,0.7,0.7,0.7,1.0,1.0,1.0,1.0,0.5,1.0,0.0,1.0,1.0,0.5,5.0,1.5,15.0,15.0,90.0,135.0,0.8,0.8,8.0,8.0,13.0,31.333334,31.333334,38.0,28.0,28.0,0.0,= 2*19,= 2*14,= 2*14,,
Air Elemental Myrmidon,17457-air-elemental-myrmidon,MToF,202.0,https://www.dndbeyond.com/monsters/17457-air-elemental-myrmidon,elemental,medium,legacy,N,7.0,3,2900.0,4.0,2.0,2.0,-1.0,0.0,0.0,4,2,2,-1,0,0,0.0,0.0,0.0,0.0,0.0,0.0,0.0,0.0,1.0,1.0,1.0,1.0,0.0,0.0,0.0,0.7,0.7,0.7,1.0,1.0,1.0,1.0,0.5,1.0,0.0,1.0,1.0,0.5,2.0,1.5,18.0,18.0,117.0,190.5,1.2,1.2,7.0,7.0,13.0,25.833334,25.833334,26.5,25.5,25.5,0.0,= 8.5 + 18,= 3*8.5,= 3*8.5,,Assumes +10 hp from Lightning Strike.
Air Elemental Myrmidon,17457-air-elemental-myrmidon,PotA,212.0,https://www.dndbeyond.com/monsters/17457-air-elemental-myrmidon,elemental,medium,legacy,N,7.0,3,2900.0,4.0,2.0,2.0,-1.0,0.0,0.0,4,2,2,-1,0,0,0.0,0.0,0.0,0.0,0.0,0.0,0.0,0.0,1.0,1.0,1.0,1.0,0.0,0.0,0.0,0.7,0.7,0.7,1.0,1.0,1.0,1.0,0.5,1.0,0.0,1.0,1.0,0.5,2.0,1.5,18.0,18.0,117.0,190.5,1.2,1.2,7.0,7.0,14.0,25.833334,25.833334,26.5,25.5,25.5,0.0,= 8.5 + 18,= 3*8.5,= 3*8.5,,Assumes +10 hp from Lightning Strike.
Air Elemental Myrmidon,2560715-air-elemental-myrmidon,MPMotM,122.0,https://www.dndbeyond.com/monsters/2560715-air-elemental-myrmidon,elemental,medium,generic,N,7.0,3,2900.0,4.0,2.0,2.0,-1.0,0.0,0.0,4,2,2,-1,0,0,0.0,0.0,0.0,0.0,0.0,0.0,0.0,0.0,1.0,1.0,1.0,1.0,0.0,0.0,0.0,0.7,0.7,0.7,1.0,1.0,1.0,1.0,0.5,1.0,0.0,1.0,1.0,0.5,2.0,1.5,18.0,18.0,117.0,190.5,1.2,1.2,7.0,7.0,13.0,25.833334,25.833334,26.5,25.5,25.5,0.0,= 8.5 + 18,= 3*8.5,= 3*8.5,,Assumes +10 hp from Lightning Strike.
Akroan Hoplite,909468-akroan-hoplite,MOoT,228.0,https://www.dndbeyond.com/monsters/909468-akroan-hoplite,humanoid,medium,generic,N,3.0,2,700.0,3.0,3.0,2.0,0.0,2.0,1.0,5,5,2,0,2,1,0.0,0.0,0.0,0.0,0.0,0.0,0.0,0.0,0.0,0.0,0.0,0.0,0.0,0.0,0.0,1.0,1.0,1.0,1.0,1.0,1.0,1.0,1.0,1.0,1.0,1.0,1.0,1.0,3.0,1.0,18.0,18.0,52.0,52.0,2.5,2.5,5.0,5.0,,28.0,28.0,28.0,28.0,28.0,0.0,= 3*6 + 10,= 3*6 + 10,= 3*6 + 10,,Assumes +10 DPR from opportunity attacks.
Albino Dwarf Warrior,32985-albino-dwarf-warrior,ToA,210.0,https://www.dndbeyond.com/monsters/32985-albino-dwarf-warrior,humanoid,medium,generic,N,0.25,2,50.0,1.0,1.0,3.0,1.0,2.0,0.0,1,1,3,1,2,0,0.0,0.0,0.0,0.0,0.0,0.0,0.0,0.0,0.0,0.0,0.0,0.0,0.0,0.0,0.0,1.0,1.0,1.0,1.0,1.0,1.0,1.0,1.0,1.0,0.5,1.0,1.0,1.0,1.0,1.0,13.0,13.0,30.0,30.0,1.3,1.3,3.0,3.0,,4.0,4.0,4.0,4.0,4.0,0.0,= 4,= 4,= 4,,
Aldani (Lobsterfolk),32991-aldani-lobsterfolk,ToA,210.0,https://www.dndbeyond.com/monsters/32991-aldani-lobsterfolk,monstrosity,medium,generic,N,1.0,2,200.0,1.0,-1.0,1.0,0.0,2.0,0.0,1,-1,1,0,2,0,0.0,0.0,0.0,0.0,0.0,0.0,0.0,0.0,0.0,0.0,0.0,0.0,0.0,0.0,0.0,1.0,1.0,1.0,1.0,1.0,1.0,1.0,1.0,1.0,1.0,1.0,1.0,1.0,-1.0,1.0,14.0,14.0,49.5,49.5,0.5,0.5,3.0,3.0,,10.0,10.0,10.0,10.0,10.0,0.0,= 2*5,= 2*5,= 2*5,,
Alhoon,17282-alhoon,VGtM,172.0,https://www.dndbeyond.com/monsters/17282-alhoon,undead,medium,legacy,N,10.0,4,5900.0,0.0,1.0,3.0,4.0,3.0,3.0,0,1,7,8,7,7,0.0,1.0,0.0,1.0,1.0,0.0,0.0,0.0,1.0,0.0,1.0,0.0,0.0,0.0,0.0,0.2,0.2,0.2,1.0,0.5,1.0,1.0,0.5,0.5,0.0,1.0,1.0,1.0,1.0,2.0,15.0,20.0,120.0,280.0,5.0,9.0,8.0,8.0,16.0,63.666668,63.666668,77.0,70.0,44.0,0.0,= 2*38.5,= 2*35,=2*22,,Assumes +2*10 HP from Mind Blast. Assumes +5 AC from Shield.
Alhoon,2560716-alhoon,MPMotM,43.0,https://www.dndbeyond.com/monsters/2560716-alhoon,undead,medium,generic,N,10.0,4,5900.0,0.0,1.0,3.0,4.0,3.0,3.0,0,1,7,8,7,7,0.0,1.0,0.0,1.0,1.0,0.0,0.0,0.0,1.0,0.0,1.0,0.0,0.0,0.0,0.0,1.0,1.0,1.0,1.0,0.5,1.0,1.0,0.5,0.5,0.0,1.0,1.0,1.0,1.0,1.5,15.0,15.0,150.0,327.0,5.0,9.0,8.0,8.0,16.0,52.0,52.0,44.0,56.0,56.0,0.0,=2*22,= 2*28,= 2*28,,"Assumes +2*10 HP from Mind Blast, and +16 HPR from Negate Spell."
Alkilith,94158-alkilith,MToF,130.0,https://www.dndbeyond.com/monsters/94158-alkilith,fiend,medium,legacy,N,11.0,4,7200.0,1.0,4.0,6.0,-2.0,0.0,-2.0,1,8,10,-2,0,-2,0.0,1.0,0.0,0.0,1.0,0.0,0.0,0.0,0.0,0.0,1.0,0.0,0.0,0.0,0.0,0.7,0.7,0.7,0.5,0.5,0.5,1.0,0.5,1.0,0.0,1.0,1.0,1.0,4.0,1.25,17.0,19.0,157.5,196.9,2.5,6.5,8.0,8.0,18.0,54.0,54.0,54.0,54.0,54.0,0.0,= 3*18,= 3*18,= 3*18,,Assumes +2 AC from Foment Confusion.
Alkilith,2560717-alkilith,MPMotM,44.0,https://www.dndbeyond.com/monsters/2560717-alkilith,fiend,medium,generic,N,11.0,4,7200.0,1.0,4.0,6.0,-2.0,0.0,-2.0,1,8,10,-2,0,-2,0.0,1.0,0.0,0.0,1.0,0.0,0.0,0.0,0.0,0.0,1.0,0.0,0.0,0.0,0.0,0.7,0.7,0.7,0.5,0.5,0.5,1.0,0.5,1.0,0.0,1.0,1.0,1.0,4.0,1.25,17.0,19.0,168.0,210.0,2.5,6.5,8.0,8.0,,54.0,54.0,54.0,54.0,54.0,0.0,= 3*18,= 3*18,= 3*18,,Assumes +2 AC from Foment Confusion.
Allip,93770-allip,MToF,116.0,https://www.dndbeyond.com/monsters/93770-allip,undead,medium,legacy,N,5.0,3,1800.0,-2.0,3.0,0.0,3.0,2.0,3.0,-2,3,0,6,5,3,0.0,1.0,0.0,1.0,1.0,1.0,0.0,0.0,1.0,1.0,1.0,1.0,1.0,0.0,0.0,0.7,0.7,0.7,0.5,0.0,0.5,1.0,0.5,0.0,0.0,1.0,1.0,0.5,3.0,2.0,13.0,13.0,40.5,109.0,2.5,2.5,6.0,6.0,14.0,23.0,37.0,24.0,22.5,22.5,42.0,= 2*12,= 3*7.5,= 3*7.5,= 2*3*7,Assumes +2*7 HP from Howling Babble. Assumes 7 damage from each creature affected by Whispers of Madness.
Allip,2560718-allip,MPMotM,45.0,https://www.dndbeyond.com/monsters/2560718-allip,undead,medium,generic,N,5.0,3,1800.0,-2.0,3.0,0.0,3.0,2.0,3.0,-2,3,0,6,5,3,0.0,1.0,0.0,1.0,1.0,1.0,0.0,0.0,1.0,1.0,1.0,1.0,1.0,0.0,0.0,0.7,0.7,0.7,0.5,0.0,0.5,1.0,0.5,0.0,0.0,1.0,1.0,0.5,3.0,2.0,13.0,13.0,40.5,109.0,2.5,2.5,6.0,6.0,14.0,32.0,46.0,24.0,36.0,36.0,42.0,= 2*12,= 3*12,= 3*12,= 2*3*7,Assumes +2*7 HP from Howling Babble. Assumes +5 DPR from Whispers of Compulsion.
Allosaurus,17087-allosaurus,MM (2014),79.0,https://www.dndbeyond.com/monsters/17087-allosaurus,beast,large,generic,N,2.0,2,450.0,4.0,1.0,3.0,-4.0,1.0,-3.0,4,1,3,-4,1,-3,0.0,0.0,0.0,0.0,0.0,0.0,0.0,0.0,0.0,0.0,0.0,0.0,0.0,0.0,0.0,1.0,1.0,1.0,1.0,1.0,1.0,1.0,1.0,1.0,1.0,1.0,1.0,1.0,1.0,1.0,13.0,13.0,51.0,51.0,0.3,0.3,6.0,6.0,13.0,17.833334,17.833334,23.5,15.0,15.0,0.0,= 8.5 + 15,= 15,= 15,,
Almiraj,32994-almiraj,ToA,211.0,https://www.dndbeyond.com/monsters/32994-almiraj,beast,small,generic,N,0.0,2,10.0,-4.0,3.0,0.0,-4.0,2.0,0.0,-4,3,0,-4,2,0,0.0,0.0,0.0,0.0,0.0,0.0,0.0,0.0,0.0,0.0,0.0,0.0,0.0,0.0,0.0,1.0,1.0,1.0,1.0,1.0,1.0,1.0,1.0,1.0,1.0,1.0,1.0,1.0,3.0,1.0,13.0,13.0,3.5,3.5,-0.5,-0.5,5.0,5.0,,5.5,5.5,5.5,5.5,5.5,0.0,= 5.5,= 5.5,= 5.5,,
Alseid,909469-alseid,MOoT,235.0,https://www.dndbeyond.com/monsters/909469-alseid,fey,medium,generic,N,1.0,2,200.0,2.0,0.0,1.0,1.0,2.0,4.0,2,0,1,1,2,4,0.0,1.0,0.0,0.0,1.0,0.0,0.0,0.0,0.0,0.0,1.0,0.0,0.0,0.0,0.0,1.0,1.0,1.0,1.0,1.0,1.0,1.0,1.0,1.0,0.0,1.0,0.5,1.0,0.0,1.0,15.0,15.0,22.0,22.0,1.7,5.7,6.0,6.0,,18.0,18.0,18.0,18.0,18.0,0.0,= 2*9,= 2*9,= 2*9,,
Altisaur,3730988-altisaur,BPGotG,129.0,https://www.dndbeyond.com/monsters/3730988-altisaur,monstrosity,gargantuan,generic,N,13.0,5,10000.0,9.0,-2.0,6.0,-4.0,1.0,-2.0,9,-2,6,-4,1,-2,0.0,0.0,0.0,0.0,0.0,0.0,0.0,0.0,0.0,0.0,0.0,0.0,0.0,0.0,0.0,1.0,1.0,1.0,1.0,1.0,1.0,1.0,1.0,1.0,1.0,1.0,1.0,1.0,-2.0,1.0,15.0,15.0,198.0,198.0,1.3,5.3,14.0,14.0,,78.5,78.5,78.5,78.5,78.5,0.0,= 33.5 + 45,= 33.5 + 45,= 33.5 + 45,,
Alustriel Silverhand,4468312-alustriel-silverhand,VEoR,242.0,https://www.dndbeyond.com/monsters/4468312-alustriel-silverhand,humanoid,medium,unique,L,21.0,7,33000.0,1.0,5.0,4.0,7.0,6.0,6.0,1,5,11,14,13,6,0.0,1.0,0.0,1.0,0.0,0.0,0.0,0.0,0.0,0.0,1.0,0.0,0.0,0.0,0.0,1.0,1.0,1.0,1.0,1.0,1.0,1.0,1.0,1.0,0.0,1.0,0.5,1.0,5.0,1.0,18.0,18.0,272.0,362.0,8.3,13.3,14.0,14.0,22.0,131.0,176.06,131.0,131.0,131.0,135.18,= 2*65.5,= 2*65.5,= 2*65.5,= 0.65*SUM(BL83:BN83)*(2/5) + 3*11,"Assumes +5 SB from Shining Counterspell. Assumes  + 25% DPR from Reproving Ray (incapacitated), and +11 DPR from Shining Counterspell."
Alyxian Aboleth,2407522-alyxian-aboleth,CRCotN,195.0,https://www.dndbeyond.com/monsters/2407522-alyxian-aboleth,aberration,large,unique,L,12.0,4,8400.0,5.0,-1.0,2.0,4.0,4.0,4.0,5,-1,6,8,8,4,0.0,0.0,0.0,0.0,0.0,0.0,0.0,0.0,0.0,0.0,0.0,0.0,0.0,0.0,0.0,1.0,1.0,1.0,1.0,1.0,1.0,1.0,1.0,1.0,1.0,1.0,1.0,1.0,-1.0,1.0,17.0,19.0,135.0,195.0,5.0,5.0,9.0,9.0,,73.0,73.0,73.0,73.0,73.0,0.0,= 2*15.5 + 3*14,= 2*15.5 + 3*14,= 2*15.5 + 3*14,,Assumes +3*20 hp from Enslave. Assumes +2 AC from Mucous Cloud (restrained).
Alyxian the Absolved,2407523-alyxian-the-absolved,CRCotN,182.0,https://www.dndbeyond.com/monsters/2407523-alyxian-the-absolved,humanoid,medium,unique,LL,14.0,5,11500.0,4.0,2.0,4.0,1.0,2.0,4.0,9,2,9,1,7,4,0.0,0.0,0.0,0.0,0.0,0.0,0.0,0.0,0.0,0.0,0.0,0.0,0.0,0.0,0.0,1.0,1.0,1.0,1.0,1.0,1.0,1.0,1.0,1.0,1.0,1.0,1.0,1.0,2.0,1.0,15.0,17.0,161.5,231.5,5.3,5.3,9.0,9.0,17.0,94.833336,97.666664,119.5,82.5,82.5,8.5,= 2*35 + 3*16.5,= 2*16.5 + 3*16.5,= 2*16.5 + 3*16.5,= 8.5,Assumes +10 hit points from lair actions. Assumes +2 AC from Parry. Assumes 8.5 damage from lair actions.
Alyxian the Callous,2407524-alyxian-the-callous,CRCotN,179.0,https://www.dndbeyond.com/monsters/2407524-alyxian-the-callous,celestial,large,unique,LL,12.0,4,8400.0,6.0,4.0,5.0,2.0,3.0,5.0,10,4,9,2,7,5,0.0,1.0,0.0,1.0,1.0,1.0,0.0,0.0,1.0,1.0,0.0,0.0,1.0,1.0,0.0,1.0,1.0,1.0,1.0,1.0,1.0,1.0,1.0,1.0,1.0,1.0,0.0,1.0,4.0,1.0,17.0,17.0,157.5,227.5,6.2,6.2,10.0,10.0,,91.0,93.833336,113.0,80.0,80.0,8.5,= 2*31.5 + 15 + 2*17.5,= 2*15 + 15 + 2*17.5,= 2*15 + 15 + 2*17.5,= 8.5,Assumes +10 hit points from lair actions. Assumes 8.5 damage from lair actions.
Alyxian the Dispossessed,2407525-alyxian-the-dispossessed,CRCotN,180.0,https://www.dndbeyond.com/monsters/2407525-alyxian-the-dispossessed,humanoid,medium,unique,LL,13.0,5,10000.0,4.0,2.0,4.0,1.0,2.0,5.0,9,2,9,1,7,5,0.0,1.0,0.0,1.0,1.0,0.0,0.0,0.0,1.0,1.0,0.0,0.0,0.0,1.0,0.0,1.0,1.0,1.0,1.0,1.0,1.0,1.0,1.0,1.0,1.0,1.0,1.0,1.0,2.0,1.0,15.0,17.0,153.0,253.0,5.5,5.5,9.0,9.0,,77.5,80.333336,77.5,77.5,77.5,8.5,= 2*16.5 + 2*16.5 + 11.5,= 2*16.5 + 2*16.5 + 11.5,= 2*16.5 + 2*16.5 + 11.5,= 8.5,"Assumes +10 hit points from lair actions, and +30 hit points from stone dagger. Assumes +2 AC from Parry. Assumes 8.5 damage from lair actions."
Alyxian the Tormented,2407527-alyxian-the-tormented,CRCotN,179.0,https://www.dndbeyond.com/monsters/2407527-alyxian-the-tormented,aberration,huge,unique,LL,11.0,4,7200.0,5.0,4.0,6.0,2.0,3.0,5.0,9,4,10,2,7,5,0.0,1.0,0.0,1.0,1.0,0.0,0.0,0.0,1.0,1.0,0.0,0.0,0.0,1.0,0.0,1.0,1.0,1.0,1.0,1.0,1.0,1.0,1.0,0.0,1.0,1.0,1.0,1.0,4.0,1.0,16.0,16.0,150.0,220.0,6.2,6.2,9.0,9.0,,90.833336,93.666664,107.5,82.5,82.5,8.5,= 2*28 + 15.5 + 2*18,= 2*15.5 + 15.5 + 2*18,= 2*15.5 + 15.5 + 2*18,= 8.5,Assumes +10 hit points from lair actions. Assumes 8.5 damage from lair actions.
Ambitious Assassin,3960597-ambitious-assassin,TBoMT,45.0,https://www.dndbeyond.com/monsters/3960597-ambitious-assassin,humanoid,medium,legendary,LL,6.0,3,2300.0,0.0,4.0,2.0,4.0,2.0,3.0,0,7,2,7,2,3,0.0,1.0,0.0,0.0,1.0,0.0,0.0,0.0,0.0,0.0,0.0,0.0,0.0,0.0,0.0,1.0,1.0,1.0,1.0,1.0,1.0,1.0,1.0,1.0,1.0,1.0,1.0,1.0,4.0,1.0,16.0,16.0,91.0,146.0,3.5,3.5,7.0,7.0,15.0,56.0,56.0,63.0,42.0,63.0,0.0,= 2*12 + 2*9 + 2*10.5,= 2*12 + 2*9,= 2*12 + 2*9 + 2*10.5,,Assumes +5 HP per round from Uncanny Dodge.
Ambitious Assassin,3960597-ambitious-assassin,TBoMT,45.0,https://www.dndbeyond.com/monsters/3960597-ambitious-assassin,humanoid,medium,legendary,L,5.0,3,1800.0,0.0,4.0,2.0,4.0,2.0,3.0,0,7,2,7,2,3,0.0,1.0,0.0,0.0,1.0,0.0,0.0,0.0,0.0,0.0,0.0,0.0,0.0,0.0,0.0,1.0,1.0,1.0,1.0,1.0,1.0,1.0,1.0,1.0,1.0,1.0,1.0,1.0,4.0,1.0,16.0,16.0,91.0,146.0,3.5,3.5,7.0,7.0,,42.0,42.0,42.0,42.0,42.0,0.0,= 2*12 + 2*9,= 2*12 + 2*9,= 2*12 + 2*9,,Assumes +5 HP per round from Uncanny Dodge.
Ambush Drake,17466-ambush-drake,HotDQ,88.0,https://www.dndbeyond.com/monsters/17466-ambush-drake,dragon,medium,generic,N,0.5,2,100.0,1.0,2.0,2.0,-3.0,0.0,-2.0,1,2,2,-3,0,-2,0.0,0.0,0.0,0.0,0.0,0.0,0.0,0.0,0.0,0.0,0.0,0.0,0.0,0.0,0.0,1.0,1.0,1.0,1.0,1.0,1.0,1.0,1.0,1.0,0.5,1.0,1.0,1.0,2.0,1.0,13.0,13.0,22.0,22.0,0.0,0.0,4.0,5.0,,6.3333335,6.3333335,11.0,4.0,4.0,0.0,= 4 + 7,= 4,= 4,,
Amethyst Dragon Wyrmling,2059688-amethyst-dragon-wyrmling,FToD,162.0,https://www.dndbeyond.com/monsters/2059688-amethyst-dragon-wyrmling,dragon,medium,generic,N,4.0,2,1100.0,4.0,0.0,3.0,3.0,1.0,3.0,4,2,5,3,3,5,0.0,0.0,0.0,0.0,1.0,0.0,0.0,0.0,0.0,0.0,0.0,1.0,0.0,0.0,0.0,1.0,1.0,1.0,1.0,1.0,1.0,0.5,1.0,1.0,1.0,0.5,1.0,1.0,0.0,1.0,17.0,17.0,75.0,75.0,3.7,3.7,6.0,6.0,13.0,24.333334,24.333334,45.0,14.0,14.0,0.0,= 2*22.5,= 14,= 14,,
Amethyst Greatwyrm,2059689-amethyst-greatwyrm,FToD,201.0,https://www.dndbeyond.com/monsters/2059689-amethyst-greatwyrm,dragon,gargantuan,legendary,L,26.0,8,90000.0,9.0,2.0,9.0,10.0,7.0,7.0,9,10,17,10,15,15,0.0,1.0,0.0,0.0,1.0,0.0,0.0,0.0,0.0,0.0,1.0,1.0,0.0,0.0,0.0,1.0,1.0,1.0,1.0,1.0,1.0,0.0,1.0,1.0,1.0,1.0,1.0,1.0,2.0,1.0,21.0,21.0,507.0,627.0,12.7,12.7,17.0,17.0,25.0,173.83333,173.83333,268.5,126.5,126.5,0.0,= 3*71.5 + 3*18,= 36.5 + 2*18 + 3*18,= 36.5 + 2*18 + 3*18,,
Amidor the Dandelion,1979770-amidor-the-dandelion,TWBtW,135.0,https://www.dndbeyond.com/monsters/1979770-amidor-the-dandelion,plant,small,unique,N,0.5,2,100.0,-2.0,2.0,0.0,1.0,1.0,3.0,0,4,2,1,3,3,0.0,0.0,0.0,0.0,0.0,0.0,0.0,0.0,0.0,0.0,0.0,0.0,0.0,0.0,0.0,1.0,1.0,1.0,1.0,1.0,1.0,1.0,1.0,1.0,1.0,1.0,1.0,1.0,2.0,1.0,12.0,13.0,28.0,28.0,2.2,2.2,4.0,4.0,,6.5,6.5,6.5,6.5,6.5,0.0,= 6.5,= 6.5,= 6.5,,Assumes +1 AC from Parry.
Ammalia Cassalanter,149799-ammalia-cassalanter,WDH,193.0,https://www.dndbeyond.com/monsters/149799-ammalia-cassalanter,humanoid,medium,unique,N,5.0,3,1800.0,-1.0,2.0,0.0,3.0,1.0,2.0,-1,2,0,6,4,2,0.0,0.0,0.0,0.0,0.0,0.0,0.0,0.0,0.0,0.0,1.0,0.0,0.0,0.0,0.0,1.0,1.0,1.0,1.0,1.0,1.0,1.0,1.0,1.0,0.0,1.0,1.0,1.0,2.0,1.0,15.0,15.0,45.0,67.5,2.2,2.2,6.0,6.0,14.0,64.666664,64.666664,70.0,62.0,62.0,0.0,= 2*35,= 2*31,= 2*31,,Assumes 1.5x hp from casting stoneskin prior to combat.
Amnizu,94669-amnizu,MToF,163.0,https://www.dndbeyond.com/monsters/94669-amnizu,fiend,medium,legacy,N,18.0,6,20000.0,0.0,1.0,3.0,5.0,1.0,4.0,0,7,9,5,7,10,0.0,1.0,0.0,0.0,0.0,0.0,0.0,0.0,0.0,0.0,1.0,0.0,0.0,0.0,0.0,0.8,0.8,0.8,1.0,0.5,0.0,1.0,1.0,1.0,0.0,1.0,1.0,1.0,1.0,1.0,21.0,21.0,202.5,247.5,6.3,10.3,11.0,11.0,19.0,139.5,144.5,139.5,139.5,139.5,15.0,= 2*26 + 43.5 + 44,= 2*26 + 43.5 + 44,= 2*26 + 43.5 + 44,= 15,Assumes +3*15 hp from Instinctive Charm. Assumes +15 damage from Instinctive Charm.
Amnizu,2560720-amnizu,MPMotM,46.0,https://www.dndbeyond.com/monsters/2560720-amnizu,fiend,medium,generic,N,18.0,6,20000.0,0.0,1.0,3.0,5.0,1.0,4.0,0,7,9,5,7,10,0.0,1.0,0.0,0.0,0.0,0.0,0.0,0.0,0.0,0.0,1.0,0.0,0.0,0.0,0.0,0.8,0.8,0.8,1.0,0.5,0.0,1.0,1.0,1.0,0.0,1.0,1.0,1.0,1.0,1.0,21.0,21.0,202.5,247.5,6.3,10.3,11.0,11.0,19.0,104.0,109.0,104.0,104.0,104.0,15.0,= 2*26 + 2*26,= 2*26 + 2*26,= 2*26 + 2*26,= 15,Assumes +3*15 hp from Instinctive Charm. Assumes +15 damage from Instinctive Charm.
Amphisbaena,294035-amphisbaena,TftYP,84.0,https://www.dndbeyond.com/monsters/294035-amphisbaena,beast,huge,generic,N,3.0,2,700.0,4.0,2.0,1.0,-5.0,0.0,-4.0,4,2,1,-5,0,-4,0.0,0.0,0.0,0.0,0.0,0.0,0.0,0.0,0.0,0.0,0.0,0.0,0.0,0.0,0.0,1.0,1.0,1.0,1.0,1.0,1.0,1.0,1.0,1.0,1.0,1.0,1.0,1.0,2.0,1.0,12.0,12.0,60.0,60.0,-0.3,-0.3,6.0,6.0,,24.0,24.0,24.0,24.0,24.0,0.0,= 11 + 13,= 11 + 13,= 11 + 13,,
Amphisbaena (Monstrosity),309672-amphisbaena-monstrosity,GoS,230.0,https://www.dndbeyond.com/monsters/309672-amphisbaena-monstrosity,monstrosity,medium,generic,N,0.5,2,100.0,2.0,4.0,1.0,-4.0,0.0,-4.0,2,4,1,-4,0,-4,0.0,0.0,0.0,0.0,0.0,0.0,0.0,0.0,0.0,0.0,0.0,0.0,0.0,0.0,0.0,1.0,1.0,1.0,1.0,1.0,1.0,1.0,1.0,1.0,1.0,1.0,1.0,1.0,4.0,1.0,14.0,14.0,11.0,11.0,-0.2,-0.2,6.0,6.0,,22.0,22.0,22.0,22.0,22.0,0.0,= 2*11,= 2*11,= 2*11,,
Amrik Vanthampur,417759-amrik-vanthampur,BGDiA,30.0,https://www.dndbeyond.com/monsters/417759-amrik-vanthampur,humanoid,medium,unique,N,3.0,2,700.0,1.0,4.0,1.0,2.0,2.0,2.0,1,4,1,2,2,2,0.0,0.0,0.0,0.0,0.0,0.0,0.0,0.0,0.0,0.0,0.0,0.0,0.0,0.0,0.0,1.0,1.0,1.0,1.0,1.0,1.0,1.0,1.0,1.0,1.0,1.0,1.0,1.0,4.0,1.0,17.0,17.0,66.0,66.0,2.0,2.0,6.0,6.0,,18.0,18.0,18.0,18.0,18.0,0.0,= 3*6,= 3*6,= 3*6,,
Anarch,175893-anarch,GGtR,239.0,https://www.dndbeyond.com/monsters/175893-anarch,humanoid,medium,generic,N,0.25,2,50.0,2.0,1.0,1.0,-1.0,0.0,0.0,2,1,1,-1,0,0,0.0,0.0,0.0,0.0,0.0,0.0,0.0,0.0,0.0,0.0,0.0,0.0,0.0,0.0,0.0,1.0,1.0,1.0,1.0,1.0,1.0,1.0,1.0,1.0,1.0,1.0,1.0,1.0,1.0,1.0,13.0,13.0,11.0,11.0,0.5,0.5,4.0,4.0,,9.5,9.5,9.5,9.5,9.5,0.0,= 7.5 + 2,= 7.5 + 2,= 7.5 + 2,,
Ancient Amethyst Dragon,2059690-ancient-amethyst-dragon,FToD,160.0,https://www.dndbeyond.com/monsters/2059690-ancient-amethyst-dragon,dragon,gargantuan,legendary,L,23.0,7,50000.0,8.0,2.0,8.0,8.0,4.0,6.0,8,9,15,8,11,13,0.0,0.0,0.0,0.0,1.0,0.0,0.0,0.0,0.0,0.0,0.0,1.0,0.0,0.0,0.0,1.0,1.0,1.0,1.0,1.0,1.0,0.5,1.0,1.0,1.0,0.5,1.0,1.0,2.0,1.0,20.0,20.0,444.0,534.0,10.7,10.7,15.0,15.0,23.0,128.66667,128.66667,171.0,107.5,107.5,0.0,= 2*63 + 3*15,= 32.5 + 2*15 + 3*15,= 32.5 + 2*15 + 3*15,,
Ancient Amethyst Dragon,2059690-ancient-amethyst-dragon,FToD,160.0,https://www.dndbeyond.com/monsters/2059690-ancient-amethyst-dragon,dragon,gargantuan,legendary,LL,24.0,7,62000.0,8.0,2.0,8.0,8.0,4.0,6.0,8,9,15,8,11,13,0.0,0.0,0.0,0.0,1.0,0.0,0.0,0.0,0.0,0.0,0.0,1.0,0.0,0.0,0.0,1.0,1.0,1.0,1.0,1.0,1.0,0.5,1.0,1.0,1.0,0.5,1.0,1.0,2.0,1.0,20.0,20.0,444.0,609.0,10.7,10.7,15.0,15.0,23.0,128.66667,128.66667,171.0,107.5,107.5,0.0,= 2*63 + 3*15,= 32.5 + 2*15 + 3*15,= 32.5 + 2*15 + 3*15,,"Assumes +15 hit points from Beguiling Whisper, and +2*30 hit points from Imprisoning Force."
Ancient Black Dragon,16775-ancient-black-dragon,MM (2014),87.0,https://www.dndbeyond.com/monsters/16775-ancient-black-dragon,dragon,gargantuan,legendary,LL,21.0,7,33000.0,8.0,2.0,7.0,3.0,2.0,4.0,8,9,14,3,9,11,0.0,0.0,0.0,0.0,0.0,0.0,0.0,0.0,0.0,0.0,0.0,0.0,0.0,0.0,0.0,1.0,1.0,1.0,0.0,1.0,1.0,1.0,1.0,1.0,1.0,1.0,1.0,1.0,2.0,1.0,22.0,22.0,367.5,457.5,9.0,9.0,15.0,15.0,22.0,147.66667,147.66667,205.0,109.0,129.0,0.0,= 2*67 + 3*17 + 2*10,= 28 + 2*15 + 3*17,= 28 + 2*15 + 3*17 + 2*10,,
Ancient Blue Dragon,16776-ancient-blue-dragon,MM (2014),90.0,https://www.dndbeyond.com/monsters/16776-ancient-blue-dragon,dragon,gargantuan,legendary,LL,23.0,7,50000.0,9.0,0.0,8.0,4.0,3.0,5.0,9,7,15,4,10,12,0.0,0.0,0.0,0.0,0.0,0.0,0.0,0.0,0.0,0.0,0.0,0.0,0.0,0.0,0.0,1.0,1.0,1.0,1.0,1.0,1.0,1.0,0.0,1.0,1.0,1.0,1.0,1.0,0.0,1.0,22.0,22.0,481.0,586.0,9.5,9.5,16.0,16.0,23.0,173.0,173.0,250.0,132.0,137.0,0.0,= 2*88 + 3*18 + 2*10,= 31 + 2*16 + 3*18 + 15,= 31 + 2*16 + 3*18 + 2*10,,Assumes +15 hp from lair action.
Ancient Brass Dragon,16777-ancient-brass-dragon,MM (2014),104.0,https://www.dndbeyond.com/monsters/16777-ancient-brass-dragon,dragon,gargantuan,legendary,LL,20.0,6,25000.0,8.0,0.0,7.0,3.0,2.0,4.0,8,6,13,3,8,10,0.0,0.0,0.0,0.0,0.0,0.0,0.0,0.0,0.0,0.0,0.0,0.0,0.0,0.0,0.0,1.0,1.0,1.0,1.0,1.0,0.0,1.0,1.0,1.0,1.0,1.0,1.0,1.0,0.0,1.0,20.0,22.0,297.5,387.5,8.0,8.0,14.0,17.0,21.0,121.0,121.0,163.0,100.0,100.0,0.0,= 2*56 + 3*17,= 19 + 2*15 + 3*17,= 19 + 2*15 + 3*17,,Assumes +2 AC from lair action (blinded). Assumes +3 AB from lair actions (blinded).
Ancient Bronze Dragon,16778-ancient-bronze-dragon,MM (2014),107.0,https://www.dndbeyond.com/monsters/16778-ancient-bronze-dragon,dragon,gargantuan,legendary,LL,22.0,7,41000.0,9.0,0.0,8.0,4.0,3.0,5.0,9,7,15,4,10,12,0.0,0.0,0.0,0.0,0.0,0.0,0.0,0.0,0.0,0.0,0.0,0.0,0.0,0.0,0.0,1.0,1.0,1.0,1.0,1.0,1.0,1.0,0.0,1.0,1.0,1.0,1.0,1.0,0.0,1.0,22.0,22.0,444.0,534.0,9.5,9.5,16.0,16.0,23.0,157.33333,157.33333,240.0,116.0,116.0,0.0,= 2*88 + 3*18 + 2*5,= 20 + 2*16 + 3*18 + 2*5,= 20 + 2*16 + 3*18 + 2*5,,
Ancient Construct,748147-ancient-construct,PotA,97.0,https://www.dndbeyond.com/monsters/748147-ancient-construct,construct,large,unique,N,4.0,2,1100.0,6.0,-1.0,5.0,-4.0,0.0,-5.0,6,-1,5,-4,0,-5,0.0,1.0,0.0,1.0,1.0,0.0,0.0,0.0,1.0,1.0,1.0,0.0,0.0,0.0,0.0,0.3,0.3,0.3,1.0,1.0,1.0,1.0,1.0,1.0,0.0,0.0,1.0,1.0,-1.0,2.0,17.0,17.0,105.0,210.0,0.2,4.2,10.0,10.0,,19.5,19.5,19.5,19.5,19.5,0.0,= 19.5,= 19.5,= 19.5,,
Ancient Copper Dragon,16779-ancient-copper-dragon,MM (2014),110.0,https://www.dndbeyond.com/monsters/16779-ancient-copper-dragon,dragon,gargantuan,legendary,LL,21.0,7,33000.0,8.0,1.0,7.0,5.0,3.0,4.0,8,8,14,5,10,11,0.0,0.0,0.0,0.0,0.0,0.0,0.0,0.0,0.0,0.0,0.0,0.0,0.0,0.0,0.0,1.0,1.0,1.0,0.0,1.0,1.0,1.0,1.0,1.0,1.0,1.0,1.0,1.0,1.0,1.0,21.0,21.0,350.0,440.0,9.3,9.3,15.0,15.0,22.0,145.66667,145.66667,197.0,120.0,120.0,0.0,= 2*63 + 3*17 + 2*10,= 19 + 2*15 + 3*17 + 2*10,= 19 + 2*15 + 3*17 + 2*10,,
Ancient Crystal Dragon,2059691-ancient-crystal-dragon,FToD,170.0,https://www.dndbeyond.com/monsters/2059691-ancient-crystal-dragon,dragon,gargantuan,legendary,L,19.0,6,22000.0,7.0,1.0,8.0,5.0,3.0,5.0,7,7,14,5,9,11,0.0,0.0,0.0,0.0,0.0,0.0,0.0,0.0,0.0,0.0,0.0,0.0,0.0,0.0,0.0,1.0,1.0,1.0,1.0,0.5,1.0,1.0,1.0,1.0,1.0,1.0,0.5,1.0,1.0,1.0,20.0,20.0,222.0,337.0,8.8,8.8,13.0,13.0,22.0,111.666664,111.666664,141.0,97.0,97.0,0.0,= 2*49.5 + 3*14,= 27 + 2*14 + 3*14,= 27 + 2*14 + 3*14,,
Ancient Crystal Dragon,2059691-ancient-crystal-dragon,FToD,170.0,https://www.dndbeyond.com/monsters/2059691-ancient-crystal-dragon,dragon,gargantuan,legendary,LL,20.0,6,25000.0,7.0,1.0,8.0,5.0,3.0,5.0,7,7,14,5,9,11,0.0,0.0,0.0,0.0,0.0,0.0,0.0,0.0,0.0,0.0,0.0,0.0,0.0,0.0,0.0,1.0,1.0,1.0,1.0,0.5,1.0,1.0,1.0,1.0,1.0,1.0,0.5,1.0,1.0,1.0,20.0,20.0,222.0,352.0,8.8,8.8,13.0,13.0,22.0,129.0,129.0,167.0,97.0,123.0,0.0,= 2*49.5 + 3*14 + 2*13,= 27 + 2*14 + 3*14,= 27 + 2*14 + 3*14 + 2*13,,Assumes +15 hit points from Beguiling Whisper.
Ancient Deep Dragon,2059692-ancient-deep-dragon,FToD,173.0,https://www.dndbeyond.com/monsters/2059692-ancient-deep-dragon,dragon,gargantuan,legendary,L,18.0,6,20000.0,6.0,3.0,5.0,4.0,4.0,5.0,6,9,11,4,10,11,0.0,1.0,0.0,0.0,1.0,0.0,0.0,0.0,0.0,0.0,1.0,0.0,0.0,0.0,0.0,1.0,1.0,1.0,1.0,1.0,1.0,1.0,1.0,1.0,0.5,0.5,1.0,1.0,3.0,1.0,20.0,20.0,201.5,291.5,8.5,8.5,12.0,12.0,19.0,107.666664,107.666664,137.0,93.0,93.0,0.0,= 2*49 + 28 + 11,= 28 + 2*13 + 28 + 11,= 28 + 2*13 + 28 + 11,,
Ancient Deep Dragon,2059692-ancient-deep-dragon,FToD,173.0,https://www.dndbeyond.com/monsters/2059692-ancient-deep-dragon,dragon,gargantuan,legendary,LL,19.0,6,22000.0,6.0,3.0,5.0,4.0,4.0,5.0,6,9,11,4,10,11,0.0,1.0,0.0,0.0,1.0,0.0,0.0,0.0,0.0,0.0,1.0,0.0,0.0,0.0,0.0,1.0,1.0,1.0,1.0,1.0,1.0,1.0,1.0,1.0,0.5,0.5,1.0,1.0,3.0,1.0,20.0,20.0,201.5,336.5,8.5,8.5,12.0,12.0,19.0,126.333336,126.333336,165.0,93.0,121.0,0.0,= 2*49 + 28 + 11 + 2*14,= 28 + 2*13 + 28 + 11,= 28 + 2*13 + 28 + 11 + 2*14,,Assumes +45 hit points from Deep Torpor.
Ancient Dragon Turtle,2059693-ancient-dragon-turtle,FToD,191.0,https://www.dndbeyond.com/monsters/2059693-ancient-dragon-turtle,dragon,gargantuan,legendary,L,24.0,7,62000.0,9.0,1.0,9.0,2.0,4.0,2.0,9,8,16,2,11,2,0.0,1.0,0.0,0.0,1.0,0.0,0.0,0.0,0.0,0.0,1.0,0.0,0.0,0.0,0.0,1.0,1.0,1.0,1.0,0.0,0.0,1.0,1.0,1.0,1.0,1.0,1.0,1.0,1.0,1.0,22.0,22.0,409.5,499.5,8.0,8.0,16.0,16.0,24.0,169.0,169.0,216.0,145.5,145.5,0.0,= 2*67.5 + 2*40.5,= 28.5 + 2*18 + 2*40.5,= 28.5 + 2*18 + 2*40.5,,
Ancient Dragon Turtle,2059693-ancient-dragon-turtle,FToD,191.0,https://www.dndbeyond.com/monsters/2059693-ancient-dragon-turtle,dragon,gargantuan,legendary,LL,25.0,8,75000.0,9.0,1.0,9.0,2.0,4.0,2.0,9,8,16,2,11,2,0.0,1.0,0.0,0.0,1.0,0.0,0.0,0.0,0.0,0.0,1.0,0.0,0.0,0.0,0.0,1.0,1.0,1.0,1.0,0.0,0.0,1.0,1.0,1.0,1.0,1.0,1.0,1.0,1.0,1.0,22.0,22.0,409.5,499.5,8.0,8.0,16.0,16.0,24.0,197.0,197.0,258.0,145.5,187.5,0.0,= 2*67.5 + 2*40.5 + 2*21,= 28.5 + 2*18 + 2*40.5,= 28.5 + 2*18 + 2*40.5 + 2*21,,
Ancient Emerald Dragon,2059694-ancient-emerald-dragon,FToD,195.0,https://www.dndbeyond.com/monsters/2059694-ancient-emerald-dragon,dragon,gargantuan,legendary,L,21.0,7,33000.0,7.0,1.0,7.0,5.0,4.0,5.0,7,8,14,5,11,12,0.0,0.0,0.0,0.0,0.0,0.0,0.0,0.0,0.0,0.0,0.0,0.0,0.0,0.0,0.0,1.0,1.0,1.0,1.0,1.0,0.5,1.0,1.0,1.0,1.0,0.5,1.0,1.0,1.0,1.0,20.0,22.0,332.5,422.5,9.5,9.5,14.0,14.0,22.0,117.0,117.0,154.0,98.5,98.5,0.0,= 2*56 + 3*14,= 28.5 + 2*14 + 3*14,= 28.5 + 2*14 + 3*14,,Assumes +2 AC from Disorienting Breath.
Ancient Emerald Dragon,2059694-ancient-emerald-dragon,FToD,195.0,https://www.dndbeyond.com/monsters/2059694-ancient-emerald-dragon,dragon,gargantuan,legendary,LL,22.0,7,41000.0,7.0,1.0,7.0,5.0,4.0,5.0,7,8,14,5,11,12,0.0,0.0,0.0,0.0,0.0,0.0,0.0,0.0,0.0,0.0,0.0,0.0,0.0,0.0,0.0,1.0,1.0,1.0,1.0,1.0,0.5,1.0,1.0,1.0,1.0,0.5,1.0,1.0,1.0,1.0,20.0,25.0,332.5,422.5,9.5,12.5,14.0,17.0,22.0,124.333336,124.333336,154.0,120.5,98.5,0.0,= 2*56 + 3*14,= 28.5 + 2*14 + 3*14 + 22,= 28.5 + 2*14 + 3*14,,"Assumes +2 AC from Disorienting Breath, and +3 AC from Vanish. Assumes +3 SB from Vanish. Assumes +3 AB from Vanish."
Ancient Gold Dragon,16780-ancient-gold-dragon,MM (2014),113.0,https://www.dndbeyond.com/monsters/16780-ancient-gold-dragon,dragon,gargantuan,legendary,LL,24.0,7,62000.0,10.0,2.0,9.0,4.0,3.0,9.0,10,9,16,4,10,16,0.0,0.0,0.0,0.0,0.0,0.0,0.0,0.0,0.0,0.0,0.0,0.0,0.0,0.0,0.0,1.0,1.0,1.0,1.0,1.0,0.0,1.0,1.0,1.0,1.0,1.0,1.0,1.0,2.0,1.0,22.0,22.0,546.0,646.0,10.8,13.8,17.0,20.0,24.0,141.0,141.0,199.0,112.0,112.0,0.0,= 2*71 + 3*19,= 21 + 2*17 + 3*19,= 21 + 2*17 + 3*19,,Assumes +10 HP from lair actions (banish). Assumes +2 AC from lair action. Assumes +3 SB from lair actions (advantage). Assumes +3 AB from lair actions (advantage).
Ancient Green Dragon,16781-ancient-green-dragon,MM (2014),93.0,https://www.dndbeyond.com/monsters/16781-ancient-green-dragon,dragon,gargantuan,legendary,LL,22.0,7,41000.0,8.0,1.0,7.0,5.0,3.0,4.0,8,8,14,5,10,11,0.0,0.0,0.0,0.0,0.0,0.0,0.0,0.0,0.0,0.0,1.0,0.0,0.0,0.0,0.0,1.0,1.0,1.0,1.0,1.0,1.0,1.0,1.0,1.0,0.0,1.0,1.0,1.0,1.0,1.0,21.0,21.0,385.0,490.0,9.3,9.3,15.0,15.0,22.0,175.33333,175.33333,241.0,124.5,160.5,0.0,= 2*77 + 3*17 + 2*18,= 29.5 + 2*22 + 3*17,= 29.5 + 2*22 + 3*17 + 2*18,,Assumes +15 hp from lair action.
Ancient Lunar Dragon,2821147-ancient-lunar-dragon,SAiS:BAM,32.0,https://www.dndbeyond.com/monsters/2821147-ancient-lunar-dragon,dragon,gargantuan,legendary,L,19.0,6,22000.0,8.0,1.0,7.0,1.0,2.0,3.0,8,1,13,1,8,3,0.0,0.0,0.0,0.0,0.0,0.0,0.0,0.0,0.0,0.0,0.0,0.0,0.0,0.0,0.0,1.0,1.0,1.0,1.0,0.0,1.0,1.0,1.0,1.0,1.0,1.0,1.0,1.0,1.0,1.0,18.0,18.0,297.5,387.5,5.7,5.7,14.0,14.0,21.0,103.666664,103.666664,117.0,97.0,97.0,0.0,= 2*36 + 3*15,= 22 + 2*15 + 3*15,= 22 + 2*15 + 3*15,,
Ancient Moonstone Dragon,2059695-ancient-moonstone-dragon,FToD,211.0,https://www.dndbeyond.com/monsters/2059695-ancient-moonstone-dragon,dragon,gargantuan,legendary,L,21.0,7,33000.0,6.0,4.0,6.0,5.0,6.0,8.0,6,4,6,12,13,15,0.0,1.0,0.0,0.0,0.0,0.0,0.0,0.0,0.0,0.0,0.0,0.0,0.0,0.0,0.0,1.0,1.0,1.0,1.0,1.0,1.0,1.0,1.0,1.0,1.0,1.0,1.0,1.0,4.0,1.0,20.0,20.0,330.0,420.0,9.3,9.3,13.0,13.0,21.0,107.833336,107.833336,152.5,85.5,85.5,0.0,= 2*60.5 + 3*10.5,= 28 + 2*13 + 3*10.5,= 28 + 2*13 + 3*10.5,,
Ancient Moonstone Dragon,2059695-ancient-moonstone-dragon,FToD,211.0,https://www.dndbeyond.com/monsters/2059695-ancient-moonstone-dragon,dragon,gargantuan,legendary,LL,22.0,7,41000.0,6.0,4.0,6.0,5.0,6.0,8.0,6,4,6,12,13,15,0.0,1.0,0.0,0.0,0.0,0.0,0.0,0.0,0.0,0.0,0.0,0.0,0.0,0.0,0.0,1.0,1.0,1.0,1.0,1.0,1.0,1.0,1.0,1.0,1.0,1.0,1.0,1.0,4.0,1.0,20.0,20.0,330.0,465.0,9.3,9.3,13.0,13.0,21.0,107.833336,107.833336,152.5,85.5,85.5,0.0,= 2*60.5 + 3*10.5,= 28 + 2*13 + 3*10.5,= 28 + 2*13 + 3*10.5,,Assumes +3*15 hit points from Banish into Dream and Compulsive Dance.
Ancient Red Dragon,16782-ancient-red-dragon,MM (2014),97.0,https://www.dndbeyond.com/monsters/16782-ancient-red-dragon,dragon,gargantuan,legendary,LL,24.0,7,62000.0,10.0,0.0,9.0,4.0,2.0,6.0,10,7,16,4,9,13,0.0,0.0,0.0,0.0,0.0,0.0,0.0,0.0,0.0,0.0,0.0,0.0,0.0,0.0,0.0,1.0,1.0,1.0,1.0,1.0,0.0,1.0,1.0,1.0,1.0,1.0,1.0,1.0,0.0,1.0,22.0,22.0,546.0,636.0,9.8,9.8,17.0,17.0,24.0,177.66667,177.66667,260.0,126.0,147.0,0.0,= 2*91 + 3*19 + 21,= 35 + 2*17 + 3*19,= 35 + 2*17 + 3*19 + 21,,
Ancient Sapphire Dragon,2059696-ancient-sapphire-dragon,FToD,214.0,https://www.dndbeyond.com/monsters/2059696-ancient-sapphire-dragon,dragon,gargantuan,legendary,L,22.0,7,41000.0,8.0,2.0,8.0,5.0,4.0,5.0,8,9,15,5,11,12,0.0,0.0,0.0,0.0,1.0,0.0,0.0,0.0,0.0,0.0,0.0,0.0,0.0,0.0,0.0,1.0,1.0,1.0,1.0,1.0,1.0,1.0,0.5,1.0,1.0,1.0,1.0,0.5,2.0,1.0,20.0,20.0,370.0,490.0,10.0,10.0,15.0,15.0,23.0,121.666664,121.666664,155.0,105.0,105.0,0.0,= 2*55 + 3*15,= 30 + 2*15 + 3*15,= 30 + 2*15 + 3*15,,Assumes +30 hit points from Debilitating Breath.
Ancient Sapphire Dragon,2059696-ancient-sapphire-dragon,FToD,214.0,https://www.dndbeyond.com/monsters/2059696-ancient-sapphire-dragon,dragon,gargantuan,legendary,LL,23.0,7,50000.0,8.0,2.0,8.0,5.0,4.0,5.0,8,9,15,5,11,12,0.0,0.0,0.0,0.0,1.0,0.0,0.0,0.0,0.0,0.0,0.0,0.0,0.0,0.0,0.0,1.0,1.0,1.0,1.0,1.0,1.0,1.0,0.5,1.0,1.0,1.0,1.0,0.5,2.0,1.0,20.0,20.0,370.0,535.0,10.0,10.0,15.0,15.0,23.0,131.66667,131.66667,170.0,105.0,120.0,0.0,= 2*55 + 3*15 + 15,= 30 + 2*15 + 3*15,= 30 + 2*15 + 3*15 + 15,,"Assumes +30 hit points from Debilitating Breath, and +3*15 hit points from Awesome Thunder and Beguiling Whisper."
Ancient Sea Serpent,2059697-ancient-sea-serpent,FToD,219.0,https://www.dndbeyond.com/monsters/2059697-ancient-sea-serpent,dragon,gargantuan,legendary,L,14.0,5,11500.0,7.0,2.0,5.0,1.0,3.0,1.0,12,2,10,1,3,1,0.0,0.0,0.0,0.0,0.0,0.0,0.0,0.0,0.0,0.0,0.0,0.0,0.0,0.0,0.0,1.0,1.0,1.0,1.0,0.0,1.0,1.0,1.0,1.0,1.0,1.0,1.0,1.0,2.0,1.0,17.0,18.0,170.5,230.5,4.8,4.8,12.0,13.0,18.0,110.5,110.5,139.5,96.0,96.0,0.0,= 2*49.5 + 3*13.5,= 26.5 + 29 + 3*13.5,= 26.5 + 29 + 3*13.5,,Assumes +1 AC from Constrict (restrained). Assumes +1 AB from Constrict (restrained).
Ancient Silver Dragon,16783-ancient-silver-dragon,MM (2014),116.0,https://www.dndbeyond.com/monsters/16783-ancient-silver-dragon,dragon,gargantuan,legendary,LL,23.0,7,50000.0,10.0,0.0,9.0,4.0,2.0,6.0,10,7,16,4,9,13,0.0,0.0,0.0,0.0,0.0,0.0,0.0,0.0,0.0,0.0,0.0,0.0,0.0,0.0,0.0,1.0,1.0,1.0,1.0,0.0,1.0,1.0,1.0,1.0,1.0,1.0,1.0,1.0,0.0,1.0,22.0,22.0,487.5,577.5,9.8,9.8,17.0,17.0,24.0,158.33333,158.33333,211.0,132.0,132.0,0.0,= 2*67 + 3*19 + 4*5,= 21 + 2*17 + 3*19 + 4*5,= 21 + 2*17 + 3*19 + 4*5,,
Ancient Solar Dragon,2821148-ancient-solar-dragon,SAiS:BAM,50.0,https://www.dndbeyond.com/monsters/2821148-ancient-solar-dragon,dragon,gargantuan,legendary,L,21.0,7,33000.0,9.0,2.0,8.0,3.0,4.0,3.0,9,9,15,3,11,10,1.0,0.0,0.0,0.0,0.0,0.0,0.0,0.0,0.0,0.0,0.0,0.0,0.0,0.0,0.0,1.0,1.0,1.0,1.0,1.0,1.0,1.0,1.0,1.0,1.0,1.0,0.0,1.0,2.0,1.0,18.0,18.0,425.5,515.5,9.5,9.5,16.0,16.0,23.0,113.5,113.5,172.5,84.0,84.0,0.0,= 2*66 + 3*13.5,= 30 + 13.5 + 3*13.5,= 30 + 13.5 + 3*13.5,,
Ancient Time Dragon,3883516-ancient-time-dragon,PAitM:MPP,48.0,https://www.dndbeyond.com/monsters/3883516-ancient-time-dragon,dragon,gargantuan,legendary,L,26.0,8,90000.0,9.0,2.0,8.0,8.0,4.0,6.0,9,10,16,8,12,14,0.0,0.0,0.0,0.0,0.0,0.0,0.0,0.0,0.0,0.0,0.0,0.0,0.0,0.0,0.0,1.0,1.0,1.0,1.0,1.0,1.0,1.0,1.0,1.0,1.0,1.0,1.0,1.0,2.0,1.0,22.0,22.0,536.5,686.5,11.5,11.5,17.0,19.0,24.0,199.66667,199.66667,203.0,198.0,198.0,0.0,= 2*52 + 3*33,= 3*33 + 3*33,= 3*33 + 3*33,,Assumes +2 AB from Time Breath (advantage).
Ancient Time Dragon,3883516-ancient-time-dragon,PAitM:MPP,48.0,https://www.dndbeyond.com/monsters/3883516-ancient-time-dragon,dragon,gargantuan,legendary,LL,27.0,8,105000.0,9.0,2.0,8.0,8.0,4.0,6.0,9,10,16,8,12,14,0.0,0.0,0.0,0.0,0.0,0.0,0.0,0.0,0.0,0.0,0.0,0.0,0.0,0.0,0.0,1.0,1.0,1.0,1.0,1.0,1.0,1.0,1.0,1.0,1.0,1.0,1.0,1.0,2.0,1.0,22.0,22.0,536.5,686.5,11.5,11.5,17.0,19.0,24.0,217.0,243.66667,229.0,198.0,224.0,80.0,= 2*52 + 3*33 + 26,= 3*33 + 3*33,= 3*33 + 3*33 + 26,= 80,Assumes +2 AB from Time Breath (advantage). Assumes +80 damage from Temporal Fling lair action.
Ancient Topaz Dragon,2059698-ancient-topaz-dragon,FToD,220.0,https://www.dndbeyond.com/monsters/2059698-ancient-topaz-dragon,dragon,gargantuan,legendary,L,20.0,6,25000.0,6.0,1.0,6.0,5.0,4.0,5.0,6,7,12,5,10,11,0.0,0.0,0.0,0.0,0.0,0.0,0.0,0.0,0.0,0.0,0.0,0.0,0.0,0.0,0.0,1.0,1.0,1.0,1.0,0.5,1.0,1.0,1.0,0.5,1.0,1.0,1.0,1.0,1.0,1.0,20.0,20.0,280.5,390.5,8.5,8.5,12.0,12.0,20.0,107.333336,107.333336,137.0,92.5,92.5,0.0,= 2*49 + 3*13,= 27.5 + 2*13 + 3*13,= 27.5 + 2*13 + 3*13,,Assumes +20 hit points from Desiccating Breath.
Ancient Topaz Dragon,2059698-ancient-topaz-dragon,FToD,220.0,https://www.dndbeyond.com/monsters/2059698-ancient-topaz-dragon,dragon,gargantuan,legendary,LL,21.0,7,33000.0,6.0,1.0,6.0,5.0,4.0,5.0,6,7,12,5,10,11,0.0,0.0,0.0,0.0,0.0,0.0,0.0,0.0,0.0,0.0,0.0,0.0,0.0,0.0,0.0,1.0,1.0,1.0,1.0,0.5,1.0,1.0,1.0,0.5,1.0,1.0,1.0,1.0,1.0,1.0,20.0,20.0,280.5,405.5,8.5,8.5,12.0,12.0,20.0,126.0,126.0,165.0,92.5,120.5,0.0,= 2*49 + 3*13 + 2*14,= 27.5 + 2*13 + 3*13,= 27.5 + 2*13 + 3*13 + 2*14,,"Assumes +20 hit points from Desiccating Breath, and +15 hit points from Beguiling Whisper."
Ancient White Dragon,16784-ancient-white-dragon,MM (2014),100.0,https://www.dndbeyond.com/monsters/16784-ancient-white-dragon,dragon,gargantuan,legendary,LL,20.0,6,25000.0,8.0,0.0,8.0,0.0,1.0,2.0,8,6,14,0,7,8,0.0,0.0,0.0,0.0,0.0,0.0,0.0,0.0,0.0,0.0,0.0,0.0,0.0,0.0,0.0,1.0,1.0,1.0,1.0,0.0,1.0,1.0,1.0,1.0,1.0,1.0,1.0,1.0,0.0,1.0,20.0,20.0,333.0,423.0,7.2,7.2,14.0,14.0,22.0,155.0,155.0,216.0,119.0,130.0,0.0,= 2*72 + 3*17 + 3*7,= 28 + 2*15 + 3*17 + 2*5,= 28 + 2*15 + 3*17 + 3*7,,
Android,4635138-android,QftIS,194.0,https://www.dndbeyond.com/monsters/4635138-android,construct,medium,generic,N,5.0,3,1800.0,4.0,4.0,2.0,1.0,1.0,0.0,4,4,5,1,4,0,0.0,0.0,0.0,1.0,0.0,0.0,0.0,0.0,0.0,0.0,1.0,0.0,0.0,0.0,0.0,1.0,1.0,1.0,0.5,0.0,0.5,1.0,1.0,1.0,0.0,1.0,1.0,1.0,4.0,1.0,15.0,16.0,91.0,91.0,3.0,3.0,7.0,7.0,,30.0,30.0,30.0,30.0,30.0,0.0,= 2*15,= 2*15,= 2*15,,
Androsphinx,16785-androsphinx,MM (2014),281.0,https://www.dndbeyond.com/monsters/16785-androsphinx,monstrosity,large,legendary,LL,17.0,6,18000.0,6.0,0.0,5.0,3.0,4.0,6.0,6,6,11,9,10,6,0.0,1.0,0.0,0.0,1.0,0.0,0.0,0.0,0.0,0.0,0.0,0.0,0.0,0.0,0.0,0.2,0.2,0.2,1.0,1.0,1.0,1.0,1.0,1.0,1.0,0.0,1.0,1.0,0.0,1.25,17.0,17.0,199.5,249.4,8.0,8.0,12.0,12.0,18.0,109.0,109.0,113.0,107.0,107.0,0.0,= 2*31 + 3*17,= 2*28 + 3*17,= 2*28 + 3*17,,
Angry Sorrowsworn,2560721-angry-sorrowsworn,MPMotM,222.0,https://www.dndbeyond.com/monsters/2560721-angry-sorrowsworn,monstrosity,medium,generic,N,13.0,5,10000.0,3.0,0.0,4.0,-1.0,1.0,-2.0,3,0,4,-1,1,-2,0.0,0.0,0.0,0.0,0.0,0.0,0.0,0.0,0.0,0.0,0.0,0.0,0.0,0.0,0.0,0.6,0.6,0.6,1.0,1.0,1.0,1.0,1.0,1.0,1.0,1.0,1.0,1.0,0.0,1.25,18.0,18.0,255.0,318.8,0.8,0.8,8.0,12.0,,32.0,51.5,32.0,32.0,32.0,58.5,= 2*16,= 2*16,= 2*16,= 3*19.5,Assumes +19.5 DPR from Rising Anger.
Anhkolox,3081098-anhkolox,DSotDQ,192.0,https://www.dndbeyond.com/monsters/3081098-anhkolox,undead,huge,generic,N,9.0,4,5000.0,6.0,0.0,4.0,-3.0,2.0,-4.0,6,0,4,-3,6,-4,0.0,1.0,0.0,1.0,1.0,0.0,0.0,0.0,0.0,0.0,1.0,0.0,0.0,0.0,0.0,1.0,1.0,1.0,1.0,1.0,1.0,1.0,1.0,1.0,0.0,1.0,1.0,1.0,0.0,1.0,15.0,16.0,157.5,157.5,1.5,1.5,10.0,11.0,,57.5,57.5,57.5,57.5,57.5,0.0,= 2*17 + 23.5,= 2*17 + 23.5,= 2*17 + 23.5,,Assumes +1 AC from Entrapping Rend. Assumes +1 AB from Entrapping Rend.
Animated Armor,16786-animated-armor,MM (2014),19.0,https://www.dndbeyond.com/monsters/16786-animated-armor,construct,medium,generic,N,1.0,2,200.0,2.0,0.0,1.0,-5.0,-4.0,-5.0,2,0,1,-5,-4,-5,1.0,1.0,1.0,1.0,1.0,0.0,0.0,0.0,1.0,1.0,1.0,0.0,0.0,0.0,0.0,1.0,1.0,1.0,1.0,1.0,1.0,1.0,1.0,1.0,0.0,0.0,1.0,1.0,0.0,1.0,18.0,18.0,33.0,33.0,-1.8,-1.8,4.0,4.0,,11.0,11.0,11.0,11.0,11.0,0.0,= 2*5.5,= 2*5.5,= 2*5.5,,
Animated Ballista,266215-animated-ballista,WDotMM,39.0,https://www.dndbeyond.com/monsters/266215-animated-ballista,construct,large,generic,N,2.0,2,450.0,2.0,0.0,0.0,-4.0,-4.0,-5.0,2,0,0,-4,-4,-5,1.0,1.0,1.0,0.0,1.0,0.0,0.0,0.0,1.0,0.0,1.0,0.0,0.0,0.0,0.0,1.0,1.0,1.0,1.0,1.0,1.0,1.0,1.0,1.0,0.0,1.0,1.0,1.0,0.0,1.0,15.0,15.0,46.0,50.0,-1.8,-1.8,6.0,6.0,,16.0,16.0,16.0,16.0,16.0,0.0,= 16,= 16,= 16,,
Animated Breath (Acid),2059699-animated-breath-acid-form,FToD,163.0,https://www.dndbeyond.com/monsters/2059699-animated-breath-acid-form,elemental,large,generic,N,6.0,3,2300.0,4.0,0.0,4.0,-2.0,0.0,-3.0,4,0,4,-2,0,-3,0.0,0.0,0.0,1.0,0.0,0.0,0.0,0.0,1.0,1.0,1.0,0.0,1.0,0.0,1.0,1.0,1.0,1.0,0.5,1.0,1.0,1.0,1.0,1.0,1.0,1.0,1.0,1.0,0.0,1.0,15.0,17.0,95.0,95.0,0.5,0.5,7.0,7.0,15.0,55.0,55.0,55.0,55.0,55.0,0.0,= 2*24 + 2*3.5,= 2*24 + 2*3.5,= 2*24 + 2*3.5,,Assumes +2 AC from Putrid Aura (poisoned).
Animated Breath (Cold),2059700-animated-breath-cold-form,FToD,163.0,https://www.dndbeyond.com/monsters/2059700-animated-breath-cold-form,elemental,large,generic,N,6.0,3,2300.0,4.0,0.0,4.0,-2.0,0.0,-3.0,4,0,4,-2,0,-3,0.0,0.0,0.0,1.0,0.0,0.0,0.0,0.0,1.0,1.0,1.0,0.0,1.0,0.0,1.0,1.0,1.0,1.0,1.0,0.5,1.0,1.0,1.0,1.0,1.0,1.0,1.0,1.0,0.0,1.0,17.0,17.0,95.0,95.0,0.5,0.5,7.0,7.0,,48.0,48.0,48.0,48.0,48.0,0.0,= 2*24,= 2*24,= 2*24,,
Animated Breath (Fire),2059701-animated-breath-fire-form,FToD,163.0,https://www.dndbeyond.com/monsters/2059701-animated-breath-fire-form,elemental,large,generic,N,6.0,3,2300.0,4.0,0.0,4.0,-2.0,0.0,-3.0,4,0,4,-2,0,-3,0.0,0.0,0.0,1.0,0.0,0.0,0.0,0.0,1.0,1.0,1.0,0.0,1.0,0.0,1.0,1.0,1.0,1.0,1.0,1.0,0.5,1.0,1.0,1.0,1.0,1.0,1.0,1.0,0.0,1.0,15.0,15.0,95.0,95.0,0.5,0.5,7.0,7.0,,58.5,58.5,58.5,58.5,58.5,0.0,= 2*24 + 3*3.5,= 2*24 + 3*3.5,= 2*24 + 3*3.5,,
Animated Breath (Lightning),2059702-animated-breath-lightning-form,FToD,163.0,https://www.dndbeyond.com/monsters/2059702-animated-breath-lightning-form,elemental,large,generic,N,6.0,3,2300.0,4.0,0.0,4.0,-2.0,0.0,-3.0,4,0,4,-2,0,-3,0.0,0.0,0.0,1.0,0.0,0.0,0.0,0.0,1.0,1.0,1.0,0.0,1.0,0.0,1.0,1.0,1.0,1.0,1.0,1.0,1.0,1.0,0.5,1.0,1.0,1.0,1.0,1.0,0.0,1.0,15.0,15.0,95.0,95.0,0.5,0.5,7.0,7.0,,55.0,55.0,55.0,55.0,55.0,0.0,= 2*24 + 2*3.5,= 2*24 + 2*3.5,= 2*24 + 2*3.5,,
Animated Breath (Poison),2059703-animated-breath-poison-form,FToD,163.0,https://www.dndbeyond.com/monsters/2059703-animated-breath-poison-form,elemental,large,generic,N,6.0,3,2300.0,4.0,0.0,4.0,-2.0,0.0,-3.0,4,0,4,-2,0,-3,0.0,0.0,0.0,1.0,0.0,0.0,0.0,0.0,1.0,1.0,1.0,0.0,1.0,0.0,1.0,1.0,1.0,1.0,1.0,1.0,1.0,1.0,1.0,1.0,0.5,1.0,1.0,1.0,0.0,1.0,15.0,17.0,95.0,95.0,0.5,0.5,7.0,7.0,15.0,55.0,55.0,55.0,55.0,55.0,0.0,= 2*24 + 2*3.5,= 2*24 + 2*3.5,= 2*24 + 2*3.5,,Assumes +2 AC from Putrid Aura (poisoned).
Animated Broom,1528953-animated-broom,CM,20.0,https://www.dndbeyond.com/monsters/1528953-animated-broom,construct,small,generic,N,0.25,2,50.0,0.0,3.0,0.0,-5.0,-3.0,-5.0,0,3,0,-5,-3,-5,1.0,1.0,1.0,1.0,1.0,0.0,0.0,0.0,1.0,1.0,1.0,1.0,0.0,0.0,0.0,1.0,1.0,1.0,1.0,1.0,1.0,1.0,1.0,1.0,0.0,0.0,1.0,1.0,3.0,1.0,15.0,19.0,17.5,17.5,-1.7,-1.7,5.0,5.0,,11.0,11.0,11.0,11.0,11.0,0.0,= 2*5.5,= 2*5.5,= 2*5.5,,Assumes +4 from flying.
Animated Chained Library,1528954-animated-chained-library,CM,24.0,https://www.dndbeyond.com/monsters/1528954-animated-chained-library,construct,large,generic,N,1.0,2,200.0,2.0,-1.0,2.0,-5.0,-3.0,-5.0,2,-1,2,-5,-3,-5,1.0,1.0,1.0,1.0,1.0,0.0,0.0,0.0,1.0,1.0,1.0,1.0,0.0,0.0,0.0,1.0,1.0,1.0,1.0,1.0,1.0,1.0,1.0,1.0,0.0,0.0,1.0,1.0,-1.0,1.0,14.0,14.0,45.0,45.0,-1.7,-1.7,4.0,4.0,,13.0,13.0,13.0,13.0,13.0,0.0,= 2*6.5,= 2*6.5,= 2*6.5,,
Animated Knife,744300-animated-knife,EGtW,248.0,https://www.dndbeyond.com/monsters/744300-animated-knife,construct,tiny,generic,N,0.125,2,25.0,1.0,2.0,0.0,-5.0,-3.0,-5.0,1,4,0,-5,-3,-5,1.0,1.0,1.0,0.0,1.0,0.0,0.0,0.0,1.0,1.0,1.0,0.0,0.0,0.0,0.0,1.0,1.0,1.0,1.0,1.0,1.0,1.0,1.0,1.0,0.0,0.0,1.0,1.0,2.0,1.0,17.0,17.0,12.5,12.5,-1.3,-1.3,4.0,4.0,,5.5,5.5,5.5,5.5,5.5,0.0,= 5.5,= 5.5,= 5.5,,
Animated Staff of Frost,276665-animated-staff-of-frost,WDotMM,262.0,https://www.dndbeyond.com/monsters/276665-animated-staff-of-frost,construct,medium,unique,N,4.0,2,1100.0,1.0,1.0,0.0,4.0,2.0,0.0,1,1,0,4,2,0,0.0,0.0,0.0,0.0,0.0,0.0,0.0,0.0,0.0,0.0,0.0,0.0,0.0,0.0,0.0,1.0,1.0,1.0,1.0,0.5,1.0,1.0,1.0,1.0,0.0,1.0,1.0,1.0,1.0,1.0,17.0,21.0,40.0,40.0,1.3,1.3,5.0,5.0,12.0,74.666664,74.666664,108.0,108.0,8.0,0.0,= 3*36,= 3*36,= 8,,Assumes +4 from flying.
Animated Stove,275574-animated-stove,WDotMM,186.0,https://www.dndbeyond.com/monsters/275574-animated-stove,construct,large,unique,N,3.0,2,700.0,2.0,0.0,0.0,-4.0,-4.0,-5.0,2,0,0,-4,-4,-5,0.0,0.0,0.0,0.0,0.0,0.0,0.0,0.0,0.0,0.0,0.0,0.0,0.0,0.0,0.0,1.0,1.0,1.0,1.0,1.0,1.0,1.0,1.0,1.0,1.0,1.0,1.0,1.0,0.0,1.0,17.0,17.0,50.0,50.0,-1.8,-1.8,6.0,6.0,10.0,22.0,22.0,44.0,11.0,11.0,0.0,=2*22,= 11,= 11,,
Animated Table,22360-animated-table,TftYP,230.0,https://www.dndbeyond.com/monsters/22360-animated-table,construct,large,generic,N,2.0,2,450.0,4.0,-1.0,1.0,-5.0,-4.0,-5.0,4,-1,1,-5,-4,-5,1.0,1.0,1.0,1.0,1.0,0.0,0.0,0.0,1.0,1.0,1.0,0.0,0.0,0.0,0.0,1.0,1.0,1.0,1.0,1.0,1.0,1.0,1.0,1.0,0.0,0.0,1.0,1.0,-1.0,1.0,15.0,15.0,39.0,39.0,-1.7,-1.7,6.0,6.0,,16.0,16.0,22.0,13.0,13.0,0.0,= 13 + 9,= 13,= 13,,
Ankheg,16787-ankheg,MM (2014),21.0,https://www.dndbeyond.com/monsters/16787-ankheg,monstrosity,large,generic,N,2.0,2,450.0,3.0,0.0,1.0,-5.0,1.0,-2.0,3,0,1,-5,1,-2,0.0,0.0,0.0,0.0,0.0,0.0,0.0,0.0,0.0,0.0,0.0,0.0,0.0,0.0,0.0,1.0,1.0,1.0,1.0,1.0,1.0,1.0,1.0,1.0,1.0,1.0,1.0,1.0,0.0,1.0,14.0,14.0,39.0,39.0,-0.3,-0.3,5.0,5.0,13.0,16.0,16.0,21.0,13.5,13.5,0.0,= 2*10.5,= 13.5,= 13.5,,
Ankylosaurus,17088-ankylosaurus,MM (2014),79.0,https://www.dndbeyond.com/monsters/17088-ankylosaurus,beast,huge,generic,N,3.0,2,700.0,4.0,0.0,2.0,-4.0,1.0,-3.0,4,0,2,-4,1,-3,0.0,0.0,0.0,0.0,0.0,0.0,0.0,0.0,0.0,0.0,0.0,0.0,0.0,0.0,0.0,1.0,1.0,1.0,1.0,1.0,1.0,1.0,1.0,1.0,1.0,1.0,1.0,1.0,0.0,1.0,15.0,15.0,68.0,68.0,0.0,0.0,7.0,7.0,,18.0,18.0,18.0,18.0,18.0,0.0,= 18,= 18,= 18,,
Ankylosaurus Zombie,33282-ankylosaurus-zombie,ToA,240.0,https://www.dndbeyond.com/monsters/33282-ankylosaurus-zombie,undead,huge,generic,N,3.0,2,700.0,4.0,-1.0,2.0,-4.0,-2.0,-4.0,4,-1,2,-4,-2,-4,0.0,0.0,0.0,0.0,0.0,0.0,0.0,0.0,0.0,0.0,1.0,0.0,0.0,0.0,0.0,1.0,1.0,1.0,1.0,1.0,1.0,1.0,1.0,1.0,0.0,1.0,1.0,1.0,-1.0,1.0,14.0,14.0,68.0,75.0,-0.8,-0.8,6.0,6.0,,18.0,18.0,18.0,18.0,18.0,0.0,= 18,= 18,= 18,,
Annis Hag,17271-annis-hag,VGtM,159.0,https://www.dndbeyond.com/monsters/17271-annis-hag,fey,large,legacy,N,6.0,3,2300.0,5.0,1.0,2.0,1.0,2.0,2.0,5,1,5,1,2,2,0.0,0.0,0.0,0.0,0.0,0.0,0.0,0.0,0.0,0.0,0.0,0.0,0.0,0.0,0.0,0.7,0.7,0.7,1.0,0.5,1.0,1.0,1.0,1.0,1.0,1.0,1.0,1.0,1.0,1.5,17.0,17.0,75.0,112.5,2.7,2.7,8.0,8.0,,39.833332,64.166664,36.5,36.5,46.5,73.0,= 36.5,= 36.5,= 15.5 + 2*15.5,= 2*36.5,Assumes +36.5 DPR for two rounds from Crushing Hug.
Annis Hag,2560722-annis-hag,MPMotM,47.0,https://www.dndbeyond.com/monsters/2560722-annis-hag,fey,large,generic,N,6.0,3,2300.0,5.0,1.0,2.0,1.0,2.0,2.0,5,1,5,1,2,2,0.0,0.0,0.0,0.0,0.0,0.0,0.0,0.0,0.0,0.0,0.0,0.0,0.0,0.0,0.0,1.0,1.0,1.0,1.0,0.5,1.0,1.0,1.0,1.0,1.0,1.0,1.0,1.0,1.0,1.0,17.0,17.0,90.0,90.0,2.7,2.7,8.0,8.0,,39.833332,64.166664,36.5,36.5,46.5,73.0,= 36.5,= 36.5,= 15.5 + 2*15.5,= 2*36.5,Assumes +36.5 DPR for two rounds from Crushing Hug.
Anvilwrought Raptor,909470-anvilwrought-raptor,MOoT,209.0,https://www.dndbeyond.com/monsters/909470-anvilwrought-raptor,construct,tiny,generic,N,0.5,2,100.0,1.0,3.0,2.0,-4.0,2.0,-5.0,1,3,2,-4,2,-5,0.0,1.0,0.0,1.0,0.0,0.0,0.0,0.0,1.0,1.0,1.0,0.0,0.0,0.0,0.0,1.0,1.0,1.0,1.0,1.0,0.0,1.0,1.0,1.0,0.0,1.0,1.0,1.0,3.0,1.0,14.0,14.0,18.0,18.0,-0.2,-0.2,5.0,5.0,,11.0,11.0,11.0,11.0,11.0,0.0,= 2*5.5,= 2*5.5,= 2*5.5,,
Ape,16788-ape,MM (2014),317.0,https://www.dndbeyond.com/monsters/16788-ape,beast,medium,generic,N,0.5,2,100.0,3.0,2.0,2.0,-2.0,1.0,-2.0,3,2,2,-2,1,-2,0.0,0.0,0.0,0.0,0.0,0.0,0.0,0.0,0.0,0.0,0.0,0.0,0.0,0.0,0.0,1.0,1.0,1.0,1.0,1.0,1.0,1.0,1.0,1.0,1.0,1.0,1.0,1.0,2.0,1.0,12.0,12.0,19.5,19.5,0.7,0.7,5.0,5.0,,13.0,13.0,13.0,13.0,13.0,0.0,= 2*6.5,= 2*6.5,= 2*6.5,,
Aphemia,909471-aphemia,MOoT,226.0,https://www.dndbeyond.com/monsters/909471-aphemia,monstrosity,medium,unique,N,5.0,3,1800.0,1.0,3.0,2.0,1.0,2.0,3.0,1,6,2,1,2,6,0.0,1.0,0.0,0.0,1.0,0.0,0.0,0.0,0.0,0.0,0.0,0.0,0.0,0.0,0.0,1.0,1.0,1.0,1.0,1.0,1.0,1.0,1.0,0.5,1.0,1.0,1.0,1.0,3.0,1.0,15.0,15.0,52.0,92.0,3.0,7.0,6.0,6.0,14.0,31.0,31.0,31.0,31.0,31.0,0.0,= 21 + 10,= 21 + 10,= 21 + 10,,
Apprentice Wizard,17325-apprentice-wizard,VGtM,209.0,https://www.dndbeyond.com/monsters/17325-apprentice-wizard,humanoid,medium,legacy,N,0.25,2,50.0,0.0,0.0,0.0,2.0,0.0,0.0,0,0,0,2,0,0,0.0,0.0,0.0,0.0,0.0,0.0,0.0,0.0,0.0,0.0,0.0,0.0,0.0,0.0,0.0,1.0,1.0,1.0,1.0,1.0,1.0,1.0,1.0,1.0,1.0,1.0,1.0,1.0,0.0,1.0,10.0,10.0,9.0,9.0,0.3,0.3,4.0,4.0,12.0,15.833333,15.833333,21.0,21.0,5.5,0.0,= 2*10.5,= 2*10.5,= 5.5,,
Apprentice Wizard,2560723-apprentice-wizard,MPMotM,259.0,https://www.dndbeyond.com/monsters/2560723-apprentice-wizard,humanoid,medium,generic,N,0.25,2,50.0,0.0,0.0,0.0,2.0,0.0,0.0,0,0,0,2,0,0,0.0,0.0,0.0,0.0,0.0,0.0,0.0,0.0,0.0,0.0,0.0,0.0,0.0,0.0,0.0,1.0,1.0,1.0,1.0,1.0,1.0,1.0,1.0,1.0,1.0,1.0,1.0,1.0,0.0,1.0,13.0,13.0,13.5,13.5,0.3,0.3,4.0,4.0,12.0,12.0,12.0,21.0,7.5,7.5,0.0,= 2*10.5,= 7.5,= 7.5,,
Arasta,909472-arasta,MOoT,248.0,https://www.dndbeyond.com/monsters/909472-arasta,monstrosity,huge,unique,LL,21.0,7,33000.0,7.0,3.0,6.0,2.0,6.0,3.0,7,10,13,2,13,3,0.0,0.0,0.0,0.0,0.0,0.0,0.0,0.0,0.0,0.0,1.0,0.0,0.0,0.0,0.0,0.7,0.7,0.7,0.0,1.0,1.0,1.0,1.0,1.0,0.0,1.0,1.0,1.0,3.0,1.0,19.0,19.0,300.0,440.0,8.0,12.0,14.0,14.0,21.0,137.0,137.0,137.0,137.0,137.0,0.0,= 52 + 2*17 + 3*17,= 52 + 2*17 + 3*17,= 52 + 2*17 + 3*17,,Assumes +50 hp from lair actions.
Arcanaloth,17109-arcanaloth,MM (2014),313.0,https://www.dndbeyond.com/monsters/17109-arcanaloth,fiend,medium,generic,N,12.0,4,8400.0,3.0,1.0,2.0,5.0,3.0,3.0,3,5,2,9,7,7,0.0,1.0,0.0,0.0,0.0,0.0,0.0,0.0,0.0,0.0,1.0,0.0,0.0,0.0,0.0,0.7,0.7,0.7,0.0,0.5,0.5,1.0,0.5,1.0,0.0,1.0,1.0,1.0,1.0,1.25,17.0,17.0,104.0,130.0,5.5,9.5,9.0,9.0,17.0,135.0,135.0,135.0,135.0,135.0,0.0,= 3*45,= 3*45,= 3*45,,
Archaic,2160296-archaic,SACoC,184.0,https://www.dndbeyond.com/monsters/2160296-archaic,celestial,gargantuan,legendary,L,18.0,6,20000.0,7.0,0.0,7.0,8.0,7.0,5.0,7,6,7,14,13,11,0.0,1.0,0.0,1.0,1.0,0.0,0.0,0.0,1.0,1.0,1.0,0.0,0.0,1.0,0.0,1.0,1.0,1.0,1.0,1.0,1.0,0.5,1.0,1.0,0.0,0.0,1.0,1.0,0.0,1.0,20.0,20.0,245.0,335.0,9.7,9.7,14.0,14.0,22.0,106.666664,118.333336,130.0,95.0,95.0,35.0,= 2*19 + 3*19 + 35,= 2*19 + 3*19,= 2*19 + 3*19,= 35,Assumes +35 damage from Gravity Shift. Assumes +2*35 damage from Gravity Shift recharging.
Archdruid,17326-archdruid,VGtM,210.0,https://www.dndbeyond.com/monsters/17326-archdruid,humanoid,medium,legacy,N,12.0,4,8400.0,0.0,2.0,1.0,1.0,5.0,0.0,0,2,1,5,9,0,0.0,0.0,0.0,0.0,0.0,0.0,0.0,0.0,0.0,0.0,0.0,0.0,0.0,0.0,0.0,1.0,1.0,1.0,1.0,1.0,1.0,1.0,1.0,1.0,1.0,1.0,1.0,1.0,2.0,1.0,16.0,16.0,132.0,132.0,2.8,2.8,9.0,9.0,17.0,115.5,115.5,115.5,115.5,115.5,0.0,= 3*38.5,= 3*38.5,= 3*38.5,,
Archdruid,2560724-archdruid,MPMotM,48.0,https://www.dndbeyond.com/monsters/2560724-archdruid,humanoid,medium,generic,N,12.0,4,8400.0,2.0,2.0,1.0,1.0,5.0,0.0,2,2,1,5,9,0,0.0,0.0,0.0,0.0,0.0,0.0,0.0,0.0,0.0,0.0,0.0,0.0,0.0,0.0,0.0,1.0,1.0,1.0,1.0,1.0,1.0,1.0,1.0,1.0,1.0,1.0,1.0,1.0,2.0,1.0,14.0,16.0,154.0,231.0,3.2,3.2,9.0,11.0,,78.0,78.0,78.0,78.0,78.0,0.0,= 3*26,= 3*26,= 3*26,,Assumes 1.5x HP from Change Shape (elemental). Assumes +2 AC from Wildfire (blinded). Assumes +2 AB from Wildfire.
Archduke Zariel of Avernus,417081-archduke-zariel-of-avernus,BGDiA,243.0,https://www.dndbeyond.com/monsters/417081-archduke-zariel-of-avernus,fiend,large,unique,L,26.0,8,90000.0,8.0,7.0,9.0,8.0,8.0,10.0,8,7,9,16,16,18,0.0,1.0,0.0,1.0,1.0,0.0,0.0,0.0,0.0,0.0,1.0,0.0,0.0,0.0,0.0,0.8,0.8,0.8,1.0,0.0,0.5,1.0,1.0,0.0,0.0,1.0,0.5,1.0,7.0,1.25,21.0,21.0,580.0,912.5,12.3,16.3,16.0,16.0,26.0,204.0,204.0,204.0,204.0,204.0,0.0,= 2*53 + 55 + 2*10.5 + 22,= 2*53 + 55 + 2*10.5 + 22,= 2*53 + 55 + 2*10.5 + 22,,
Archer,17327-archer,VGtM,210.0,https://www.dndbeyond.com/monsters/17327-archer,humanoid,medium,legacy,N,3.0,2,700.0,0.0,4.0,3.0,0.0,1.0,0.0,0,4,3,0,1,0,0.0,0.0,0.0,0.0,0.0,0.0,0.0,0.0,0.0,0.0,0.0,0.0,0.0,0.0,0.0,1.0,1.0,1.0,1.0,1.0,1.0,1.0,1.0,1.0,1.0,1.0,1.0,1.0,4.0,1.0,16.0,16.0,75.0,75.0,1.3,1.3,6.0,6.0,,22.5,22.5,22.5,22.5,22.5,0.0,= 2*8.5 + 5.5,= 2*8.5 + 5.5,= 2*8.5 + 5.5,,
Archer,2560725-archer,MPMotM,49.0,https://www.dndbeyond.com/monsters/2560725-archer,humanoid,medium,generic,N,3.0,2,700.0,0.0,4.0,3.0,0.0,1.0,0.0,0,4,3,0,1,0,0.0,0.0,0.0,0.0,0.0,0.0,0.0,0.0,0.0,0.0,0.0,0.0,0.0,0.0,0.0,1.0,1.0,1.0,1.0,1.0,1.0,1.0,1.0,1.0,1.0,1.0,1.0,1.0,4.0,1.0,16.0,16.0,75.0,75.0,1.3,1.3,6.0,6.0,,22.5,22.5,22.5,22.5,22.5,0.0,= 2*8.5 + 5.5,= 2*8.5 + 5.5,= 2*8.5 + 5.5,,
Archmage,16789-archmage,MM (2014),342.0,https://www.dndbeyond.com/monsters/16789-archmage,humanoid,medium,generic,N,12.0,4,8400.0,0.0,2.0,1.0,5.0,2.0,3.0,0,2,1,9,6,3,0.0,0.0,0.0,0.0,0.0,0.0,0.0,0.0,0.0,0.0,0.0,0.0,0.0,0.0,0.0,0.7,0.7,0.7,0.5,0.5,0.5,0.5,0.5,0.5,0.5,0.5,0.5,0.5,2.0,1.25,15.0,20.0,99.0,123.8,3.5,7.5,9.0,9.0,17.0,122.5,122.5,135.0,124.5,108.0,0.0,= 3*45,= 3*41.5,= 3*36,,Assumes +5 AC from Shield.
Archon of Falling Stars,909473-archon-of-falling-stars,MOoT,212.0,https://www.dndbeyond.com/monsters/909473-archon-of-falling-stars,celestial,medium,legendary,L,12.0,4,8400.0,5.0,2.0,4.0,2.0,5.0,4.0,9,2,8,2,9,8,0.0,1.0,0.0,1.0,1.0,0.0,0.0,0.0,0.0,0.0,0.0,0.0,0.0,0.0,0.0,1.0,1.0,1.0,1.0,1.0,1.0,1.0,1.0,1.0,1.0,1.0,0.0,1.0,2.0,1.0,18.0,18.0,144.5,174.5,6.3,10.3,9.0,9.0,16.0,118.666664,118.666664,110.0,110.0,136.0,0.0,= 2*22 + 3*22,= 2*22 + 3*22,= 2*22 + 3*22 + 2*13,,
Archon of the Triumvirate,175270-archon-of-the-triumvirate,GGtR,192.0,https://www.dndbeyond.com/monsters/175270-archon-of-the-triumvirate,celestial,medium,legendary,L,14.0,5,11500.0,5.0,2.0,4.0,2.0,5.0,4.0,5,2,9,2,10,9,0.0,1.0,0.0,1.0,1.0,0.0,0.0,0.0,0.0,0.0,0.0,0.0,0.0,0.0,0.0,0.7,0.7,0.7,1.0,1.0,1.0,1.0,1.0,1.0,1.0,1.0,1.0,1.0,2.0,1.25,18.0,18.0,144.5,180.6,6.2,6.2,10.0,10.0,,107.0,107.0,107.0,107.0,107.0,0.0,= 2*30 + 30 + 17,= 2*30 + 30 + 17,= 2*30 + 30 + 17,,
Arclight Phoenix,175275-arclight-phoenix,GGtR,193.0,https://www.dndbeyond.com/monsters/175275-arclight-phoenix,elemental,medium,generic,N,12.0,4,8400.0,2.0,6.0,3.0,-3.0,1.0,-2.0,2,10,3,-3,1,-2,0.0,0.0,0.0,1.0,0.0,1.0,0.0,0.0,1.0,1.0,1.0,0.0,1.0,0.0,1.0,0.7,0.7,0.7,1.0,1.0,1.0,1.0,0.0,1.0,0.0,1.0,1.0,0.5,6.0,1.25,16.0,16.0,142.5,178.1,1.8,1.8,10.0,10.0,18.0,105.0,105.0,81.0,81.0,153.0,0.0,= 2*27 + 3*9,= 2*27 + 3*9,= 2*27 + 3*9 + 2*36,,
Arcturia,278045-arcturia,WDotMM,296.0,https://www.dndbeyond.com/monsters/278045-arcturia,undead,medium,unique,L,21.0,7,33000.0,0.0,3.0,3.0,5.0,2.0,3.0,0,3,10,12,9,3,0.0,1.0,0.0,1.0,1.0,0.0,0.0,0.0,1.0,0.0,1.0,0.0,0.0,0.0,0.0,0.2,0.2,0.2,1.0,0.5,1.0,1.0,0.5,0.5,0.0,1.0,1.0,1.0,3.0,1.25,17.0,22.0,135.0,281.3,6.2,6.2,12.0,12.0,20.0,145.0,145.0,152.0,145.0,138.0,0.0,= 2*49 + 3*18,= 2*45.5 + 3*18,= 2*42 + 3*18,,Assumes +5 AC from Shield.
Arkhan the Cruel,416910-arkhan-the-cruel,BGDiA,111.0,https://www.dndbeyond.com/monsters/416910-arkhan-the-cruel,humanoid,medium,unique,N,16.0,5,15000.0,5.0,1.0,4.0,0.0,0.0,4.0,5,1,4,0,5,9,0.0,0.0,0.0,0.0,1.0,0.0,0.0,0.0,0.0,0.0,0.0,0.0,0.0,0.0,0.0,0.7,0.7,0.7,1.0,1.0,0.5,1.0,1.0,1.0,0.5,1.0,1.0,1.0,1.0,1.25,23.0,23.0,221.0,276.3,4.0,4.0,13.0,13.0,,89.0,89.0,89.0,89.0,89.0,0.0,= 3*25 + 14,= 3*25 + 14,= 3*25 + 14,,
Armanite,94186-armanite,MToF,130.0,https://www.dndbeyond.com/monsters/94186-armanite,fiend,large,legacy,N,7.0,3,2900.0,5.0,4.0,5.0,-1.0,1.0,1.0,5,4,5,-1,1,1,0.0,0.0,0.0,0.0,0.0,0.0,0.0,0.0,0.0,0.0,1.0,0.0,0.0,0.0,0.0,1.0,1.0,1.0,1.0,0.5,0.5,1.0,0.5,1.0,0.0,1.0,1.0,1.0,4.0,1.5,16.0,16.0,84.0,126.0,2.5,6.5,8.0,8.0,15.0,43.333332,43.333332,54.0,38.0,38.0,0.0,= 2*27,= 12 + 10 + 16,= 12 + 10 + 16,,
Armanite,2560726-armanite,MPMotM,50.0,https://www.dndbeyond.com/monsters/2560726-armanite,fiend,large,generic,N,7.0,3,2900.0,5.0,4.0,5.0,-1.0,1.0,1.0,5,4,5,-1,1,1,0.0,0.0,0.0,0.0,0.0,0.0,0.0,0.0,0.0,0.0,1.0,0.0,0.0,0.0,0.0,1.0,1.0,1.0,1.0,0.5,0.5,1.0,0.5,1.0,0.0,1.0,1.0,1.0,4.0,1.5,16.0,16.0,94.5,141.8,2.5,6.5,8.0,8.0,,55.333332,55.333332,72.0,47.0,47.0,0.0,= 2*36,= 19 + 12 + 16,= 19 + 12 + 16,,
Arrant Quill,1528955-arrant-quill,CM,157.0,https://www.dndbeyond.com/monsters/1528955-arrant-quill,humanoid,medium,unique,N,11.0,4,7200.0,0.0,4.0,3.0,3.0,2.0,5.0,0,4,3,7,6,9,0.0,0.0,0.0,0.0,0.0,0.0,0.0,0.0,0.0,0.0,0.0,0.0,0.0,0.0,0.0,1.0,1.0,1.0,1.0,1.0,1.0,1.0,1.0,1.0,1.0,1.0,1.0,1.0,4.0,1.0,14.0,14.0,135.0,135.0,4.8,4.8,9.0,9.0,17.0,88.666664,88.666664,108.0,79.0,79.0,0.0,= 3*36,= 2*6.5 + 66,= 2*6.5 + 66,,
Art Elemental Mascot,2160297-art-elemental-mascot,SACoC,185.0,https://www.dndbeyond.com/monsters/2160297-art-elemental-mascot,elemental,small,generic,N,0.25,2,50.0,-2.0,1.0,1.0,-1.0,0.0,2.0,-2,1,1,-1,0,2,0.0,0.0,0.0,0.0,0.0,0.0,0.0,0.0,0.0,0.0,1.0,0.0,0.0,0.0,0.0,1.0,1.0,1.0,1.0,0.5,0.5,1.0,1.0,1.0,0.0,1.0,1.0,1.0,1.0,1.0,11.0,11.0,18.0,18.0,0.2,0.2,3.0,3.0,11.0,6.0,6.0,6.0,6.0,6.0,0.0,= 6,= 6,= 6,,
Artus Cimber,33005-artus-cimber,ToA,212.0,https://www.dndbeyond.com/monsters/33005-artus-cimber,humanoid,medium,unique,N,7.0,3,2900.0,0.0,2.0,1.0,3.0,3.0,4.0,0,5,1,3,3,7,0.0,0.0,0.0,0.0,0.0,0.0,0.0,0.0,0.0,0.0,0.0,0.0,0.0,0.0,0.0,1.0,1.0,1.0,1.0,0.0,1.0,1.0,1.0,1.0,1.0,1.0,1.0,1.0,2.0,1.0,14.0,14.0,82.5,82.5,3.2,3.2,9.0,9.0,,56.0,56.0,56.0,56.0,56.0,0.0,= 2*28,= 2*28,= 2*28,,
Ashen Rider,909474-ashen-rider,MOoT,213.0,https://www.dndbeyond.com/monsters/909474-ashen-rider,celestial,medium,legendary,L,16.0,5,15000.0,5.0,3.0,4.0,2.0,5.0,4.0,10,3,9,2,10,9,0.0,1.0,0.0,1.0,1.0,0.0,0.0,0.0,0.0,0.0,0.0,0.0,0.0,0.0,0.0,1.0,1.0,1.0,1.0,1.0,1.0,1.0,1.0,1.0,1.0,1.0,1.0,0.0,3.0,1.0,18.0,18.0,178.5,178.5,7.2,7.2,10.0,10.0,,162.0,162.0,162.0,162.0,162.0,0.0,= 3*27 + 3*27,= 3*27 + 3*27,= 3*27 + 3*27,,
Aspect of Bahamut,2059705-aspect-of-bahamut,FToD,165.0,https://www.dndbeyond.com/monsters/2059705-aspect-of-bahamut,dragon,gargantuan,unique,L,30.0,9,155000.0,10.0,4.0,9.0,7.0,9.0,10.0,10,4,18,16,18,19,0.0,1.0,1.0,0.0,1.0,0.0,0.0,0.0,1.0,0.0,0.0,0.0,0.0,1.0,0.0,0.2,0.2,0.2,0.0,0.0,0.0,1.0,0.0,1.0,1.0,1.0,0.0,1.0,4.0,1.25,23.0,23.0,585.0,918.8,14.2,14.2,19.0,19.0,26.0,172.33333,172.33333,201.0,158.0,158.0,0.0,= 2*66 + 3*23,= 45 + 21 + 23 + 3*23,= 45 + 21 + 23 + 3*23,,
Aspect of Tiamat,2059706-aspect-of-tiamat,FToD,166.0,https://www.dndbeyond.com/monsters/2059706-aspect-of-tiamat,dragon,gargantuan,unique,L,30.0,9,155000.0,10.0,2.0,10.0,5.0,5.0,8.0,10,11,19,5,14,17,1.0,1.0,1.0,0.0,1.0,0.0,0.0,0.0,0.0,0.0,1.0,0.0,0.0,1.0,0.0,0.2,0.2,0.2,0.0,0.0,0.0,1.0,0.0,1.0,0.0,1.0,1.0,1.0,2.0,1.25,23.0,23.0,574.0,905.0,12.7,12.7,19.0,14.0,21.0,214.0,214.0,214.0,214.0,214.0,0.0,= 2*9 + 13 + 31 + 2*76,= 2*9 + 13 + 31 + 2*76,= 2*9 + 13 + 31 + 2*76,,
Aspirant of the Comet,3960599-aspirant-of-the-comet,TBoMT,91.0,https://www.dndbeyond.com/monsters/3960599-aspirant-of-the-comet,humanoid,medium,generic,N,0.5,2,100.0,1.0,1.0,1.0,0.0,0.0,1.0,1,1,1,0,0,1,0.0,0.0,0.0,0.0,0.0,0.0,0.0,0.0,0.0,0.0,0.0,0.0,0.0,0.0,0.0,1.0,1.0,1.0,1.0,1.0,1.0,1.0,1.0,1.0,1.0,1.0,1.0,1.0,1.0,1.0,11.0,11.0,27.5,27.5,0.7,0.7,3.0,3.0,11.0,5.5,12.5,5.5,5.5,5.5,21.0,= 5.5,= 5.5,= 5.5,= 2*10.5,Assumes +21 damage from Hunger of the Void.
Assassin,16790-assassin,MM (2014),343.0,https://www.dndbeyond.com/monsters/16790-assassin,humanoid,medium,generic,N,8.0,3,3900.0,0.0,3.0,2.0,1.0,0.0,0.0,0,6,2,4,0,0,0.0,0.0,0.0,0.0,0.0,0.0,0.0,0.0,0.0,0.0,0.0,0.0,0.0,0.0,0.0,1.0,1.0,1.0,1.0,1.0,1.0,1.0,1.0,1.0,0.5,1.0,1.0,1.0,3.0,1.0,15.0,15.0,78.0,78.0,2.0,4.0,6.0,8.0,15.0,76.0,99.333336,76.0,76.0,76.0,70.0,= 2*31 + 14,= 2*31 + 14,= 2*31 + 14,= 21 + 2*24.5,Assumes +2 SB from Evasion (Avoidance). Assumes +2 AB from Assassinate. Assumes +70 damage from Assassinate.
Assassin Vine,33010-assassin-vine,ToA,213.0,https://www.dndbeyond.com/monsters/33010-assassin-vine,plant,large,generic,N,3.0,2,700.0,4.0,0.0,3.0,-5.0,0.0,-5.0,4,0,3,-5,0,-5,1.0,0.0,1.0,1.0,0.0,0.0,0.0,0.0,0.0,0.0,0.0,1.0,0.0,0.0,0.0,1.0,1.0,1.0,1.0,0.5,0.5,1.0,1.0,1.0,1.0,1.0,1.0,1.0,0.0,1.0,13.0,13.0,85.0,85.0,-0.5,-0.5,6.0,6.0,,37.0,37.0,37.0,37.0,37.0,0.0,= 11 + 26,= 11 + 26,= 11 + 26,,
Asteria,3960600-asteria,TBoMT,188.0,https://www.dndbeyond.com/monsters/3960600-asteria,humanoid,medium,unique,L,18.0,6,20000.0,1.0,5.0,3.0,2.0,0.0,5.0,1,11,9,2,6,11,0.0,1.0,0.0,1.0,1.0,0.0,0.0,0.0,0.0,0.0,1.0,0.0,0.0,0.0,0.0,1.0,1.0,1.0,1.0,1.0,1.0,1.0,1.0,1.0,0.0,1.0,1.0,1.0,5.0,1.0,18.0,22.0,195.0,315.0,6.7,10.7,11.0,13.0,,155.5,155.5,155.5,155.5,155.5,0.0,= 2*23 + 40.5 + 3*23,= 2*23 + 40.5 + 3*23,= 2*23 + 40.5 + 3*23,,Assumes +2 AC from Empowering Aegis. Assumes +4 SB from Guardian Aura. Assumes +2 AB from Empowering Aegis.
Astral Blight,2821149-astral-blight,SAiS:LoX,10.0,https://www.dndbeyond.com/monsters/2821149-astral-blight,plant,medium,generic,N,1.0,2,200.0,3.0,-1.0,2.0,-2.0,0.0,-4.0,3,-1,2,-2,0,-4,0.0,0.0,0.0,0.0,0.0,0.0,0.0,0.0,0.0,0.0,0.0,0.0,0.0,0.0,0.0,1.0,1.0,1.0,1.0,0.5,1.0,1.0,1.0,1.0,1.0,1.0,0.5,1.0,-1.0,1.0,12.0,12.0,26.0,26.0,-0.3,-0.3,5.0,5.0,,20.0,20.0,20.0,20.0,20.0,0.0,= 2*6.5 + 2*3.5,= 2*6.5 + 2*3.5,= 2*6.5 + 2*3.5,,
Astral Dreadnought,93789-astral-dreadnought,MToF,117.0,https://www.dndbeyond.com/monsters/93789-astral-dreadnought,monstrosity,gargantuan,legacy,L,21.0,7,33000.0,9.0,-2.0,7.0,-3.0,2.0,4.0,9,5,7,-3,9,4,0.0,1.0,0.0,1.0,1.0,0.0,0.0,0.0,1.0,1.0,1.0,1.0,0.0,1.0,0.0,0.7,0.7,0.7,1.0,1.0,1.0,1.0,1.0,1.0,1.0,1.0,1.0,1.0,-2.0,1.0,20.0,20.0,297.5,387.5,5.2,5.2,16.0,16.0,,134.0,134.0,134.0,134.0,134.0,0.0,= 36.5 + 2*19.5 + 3*19.5,= 36.5 + 2*19.5 + 3*19.5,= 36.5 + 2*19.5 + 3*19.5,,
Astral Dreadnought,2560727-astral-dreadnought,MPMotM,51.0,https://www.dndbeyond.com/monsters/2560727-astral-dreadnought,monstrosity,gargantuan,legendary,L,21.0,7,33000.0,9.0,-2.0,7.0,-3.0,2.0,4.0,9,5,7,-3,9,4,0.0,1.0,0.0,1.0,1.0,0.0,0.0,0.0,1.0,1.0,1.0,1.0,0.0,1.0,0.0,0.7,0.7,0.7,1.0,1.0,1.0,1.0,1.0,1.0,1.0,1.0,1.0,1.0,-2.0,1.0,20.0,20.0,297.5,387.5,5.2,5.2,16.0,16.0,19.0,134.0,134.0,134.0,134.0,134.0,0.0,= 36.5 + 2*19.5 + 3*19.5,= 36.5 + 2*19.5 + 3*19.5,= 36.5 + 2*19.5 + 3*19.5,,
Astral Elf Aristocrat,2821150-astral-elf-aristocrat,SAiS:BAM,11.0,https://www.dndbeyond.com/monsters/2821150-astral-elf-aristocrat,humanoid,medium,generic,N,8.0,3,3900.0,0.0,2.0,0.0,5.0,4.0,4.0,0,2,0,8,7,7,0.0,0.0,0.0,0.0,0.0,0.0,0.0,0.0,0.0,0.0,0.0,0.0,0.0,0.0,0.0,1.0,1.0,1.0,1.0,1.0,1.0,1.0,1.0,1.0,1.0,1.0,1.0,1.0,2.0,1.0,16.0,16.0,103.5,103.5,4.0,4.0,5.0,5.0,16.0,68.0,68.0,68.0,68.0,68.0,0.0,= 2*16 + 2*18,= 2*16 + 2*18,= 2*16 + 2*18,,
Astral Elf Commander,2821151-astral-elf-commander,SAiS:BAM,12.0,https://www.dndbeyond.com/monsters/2821151-astral-elf-commander,humanoid,medium,generic,N,7.0,3,2900.0,1.0,2.0,1.0,4.0,4.0,4.0,1,5,4,4,7,7,0.0,0.0,0.0,0.0,0.0,0.0,0.0,0.0,0.0,0.0,0.0,0.0,0.0,0.0,0.0,1.0,1.0,1.0,1.0,1.0,1.0,1.0,1.0,1.0,1.0,1.0,1.0,1.0,2.0,1.0,17.0,17.0,143.0,143.0,4.7,4.7,5.0,5.0,,41.0,41.0,41.0,41.0,41.0,0.0,= 2*20.5,= 2*20.5,= 2*20.5,,
Astral Elf Honor Guard,2821152-astral-elf-honor-guard,SAiS:BAM,12.0,https://www.dndbeyond.com/monsters/2821152-astral-elf-honor-guard,humanoid,medium,generic,N,5.0,3,1800.0,2.0,2.0,1.0,3.0,3.0,3.0,2,2,1,3,6,6,0.0,0.0,0.0,0.0,0.0,0.0,0.0,0.0,0.0,0.0,0.0,0.0,0.0,0.0,0.0,1.0,1.0,1.0,1.0,1.0,1.0,1.0,1.0,1.0,1.0,1.0,1.0,1.0,2.0,1.0,17.0,17.0,93.5,93.5,3.3,3.3,5.0,5.0,,47.0,47.0,47.0,47.0,47.0,0.0,= 2*23.5,= 2*23.5,= 2*23.5,,
Astral Elf Star Priest,2821153-astral-elf-star-priest,SAiS:BAM,13.0,https://www.dndbeyond.com/monsters/2821153-astral-elf-star-priest,humanoid,medium,generic,N,5.0,3,1800.0,0.0,0.0,0.0,3.0,5.0,3.0,0,0,0,6,8,6,0.0,0.0,0.0,0.0,0.0,0.0,0.0,0.0,0.0,0.0,0.0,0.0,0.0,0.0,0.0,1.0,1.0,1.0,1.0,1.0,1.0,1.0,1.0,1.0,1.0,1.0,1.0,1.0,0.0,1.0,13.0,13.0,90.0,90.0,3.3,3.3,3.0,6.0,16.0,44.5,44.5,44.5,44.5,44.5,0.0,= 22 + 22.5,= 22 + 22.5,= 22 + 22.5,,Average between +3 AB and DC 16.
Astral Elf Warrior,2821154-astral-elf-warrior,SAiS:BAM,13.0,https://www.dndbeyond.com/monsters/2821154-astral-elf-warrior,humanoid,medium,generic,N,3.0,2,700.0,1.0,2.0,0.0,3.0,3.0,2.0,1,4,0,3,5,2,0.0,0.0,0.0,0.0,0.0,0.0,0.0,0.0,0.0,0.0,0.0,0.0,0.0,0.0,0.0,1.0,1.0,1.0,1.0,1.0,1.0,1.0,1.0,1.0,1.0,1.0,1.0,1.0,2.0,1.0,16.0,16.0,58.5,58.5,2.5,2.5,4.0,4.0,,34.0,34.0,34.0,34.0,34.0,0.0,= 2*17,= 2*17,= 2*17,,
Athar Null,3883517-athar-null,PAitM:MPP,53.0,https://www.dndbeyond.com/monsters/3883517-athar-null,humanoid,medium,generic,N,5.0,3,1800.0,1.0,3.0,2.0,2.0,2.0,0.0,1,6,2,2,5,0,0.0,0.0,0.0,0.0,0.0,0.0,0.0,0.0,0.0,0.0,0.0,0.0,0.0,0.0,0.0,1.0,1.0,1.0,1.0,1.0,1.0,1.0,1.0,1.0,1.0,1.0,1.0,1.0,3.0,1.0,14.0,15.0,84.5,129.5,2.7,2.7,6.0,6.0,,38.0,38.0,38.0,38.0,38.0,0.0,= 2*19,= 2*19,= 2*19,,Assumes +15 HP per round from Nullify Spell.
Atropal,33015-atropal,ToA,214.0,https://www.dndbeyond.com/monsters/33015-atropal,undead,huge,legendary,L,13.0,5,10000.0,4.0,-3.0,6.0,7.0,4.0,7.0,4,-3,11,7,9,7,0.0,0.0,0.0,1.0,1.0,0.0,0.0,0.0,1.0,0.0,1.0,1.0,0.0,0.0,0.0,0.2,0.2,0.2,1.0,0.0,1.0,1.0,1.0,0.0,1.0,1.0,2.0,1.0,-3.0,1.5,7.0,7.0,225.0,418.5,5.8,9.8,11.0,11.0,19.0,67.0,67.0,67.0,67.0,67.0,0.0,= 36 + 21 + 10,= 36 + 21 + 10,= 36 + 21 + 10,,
Aurak Draconian,3081099-aurak-draconian,DSotDQ,196.0,https://www.dndbeyond.com/monsters/3081099-aurak-draconian,monstrosity,medium,generic,N,6.0,3,2300.0,1.0,2.0,3.0,3.0,0.0,3.0,1,2,3,6,3,6,0.0,1.0,0.0,0.0,0.0,0.0,0.0,0.0,0.0,0.0,0.0,0.0,0.0,0.0,0.0,1.0,1.0,1.0,1.0,1.0,1.0,1.0,1.0,1.0,1.0,1.0,1.0,1.0,2.0,1.0,17.0,17.0,67.5,67.5,3.5,3.5,6.0,6.0,14.0,31.0,37.0,42.0,25.5,25.5,18.0,= 2*21,= 3*8.5,= 3*8.5,= 2*9,Assumes +2*9 damage from Death Throes.
Aurelia,175815-aurelia,GGtR,230.0,https://www.dndbeyond.com/monsters/175815-aurelia,celestial,medium,unique,L,23.0,7,50000.0,8.0,7.0,7.0,3.0,7.0,10.0,8,14,14,3,7,17,0.0,1.0,0.0,1.0,1.0,0.0,0.0,0.0,1.0,0.0,1.0,0.0,0.0,0.0,0.0,0.7,0.7,0.7,1.0,1.0,1.0,1.0,1.0,0.5,0.0,1.0,0.5,1.0,7.0,1.0,22.0,26.0,287.5,377.5,10.5,14.5,15.0,15.0,,160.0,160.0,160.0,160.0,160.0,0.0,= 3*40 + 40,= 3*40 + 40,= 3*40 + 40,,Assumes +4 AC from Parry.
Auril (First Form),1123062-auril-first-form,IDRotF,275.0,https://www.dndbeyond.com/monsters/1123062-auril-first-form,monstrosity,medium,unique,LL,9.0,4,5000.0,2.0,3.0,5.0,7.0,8.0,9.0,2,3,9,7,12,9,0.0,1.0,0.0,1.0,1.0,0.0,0.0,0.0,1.0,1.0,1.0,0.0,0.0,1.0,0.0,1.0,1.0,1.0,1.0,0.0,1.0,1.0,1.0,1.0,0.0,1.0,2.0,1.0,3.0,1.0,13.0,13.0,95.0,135.0,7.0,11.0,10.0,10.0,21.0,71.0,71.0,79.0,79.0,55.0,0.0,= 2*23 + 3*11,= 2*23 + 3*11,= 2*11 + 3*11,,Assumes 10 AB as the average from +7 and +13 AB. Assumes 10 AB as the average from +7 and +13 AB.
Auril (Second Form),1123063-auril-second-form,IDRotF,277.0,https://www.dndbeyond.com/monsters/1123063-auril-second-form,elemental,large,unique,LL,10.0,4,5900.0,3.0,3.0,5.0,7.0,8.0,9.0,3,3,9,7,12,9,0.0,1.0,0.0,1.0,1.0,0.0,0.0,0.0,1.0,1.0,1.0,0.0,0.0,1.0,0.0,1.0,1.0,1.0,1.0,0.0,2.0,1.0,1.0,1.0,0.0,1.0,1.0,1.0,3.0,1.0,16.0,16.0,136.5,196.5,7.2,11.2,10.0,10.0,21.0,108.666664,108.666664,156.0,90.0,80.0,0.0,= 3*36 + 3*16,= 2*21 + 3*16,= 2*16 + 3*16,,Assumes +2*10 hp from Ice Stasis. Assumes 10 AB as the average from +7 and +13 AB. Assumes 10 AB as the average from +7 and +13 AB.
Auril (Third Form),1123064-auril-third-form,IDRotF,278.0,https://www.dndbeyond.com/monsters/1123064-auril-third-form,elemental,small,unique,LL,11.0,4,7200.0,-5.0,1.0,5.0,7.0,8.0,9.0,-5,1,9,7,12,9,0.0,1.0,0.0,1.0,1.0,0.0,0.0,0.0,1.0,1.0,1.0,1.0,0.0,1.0,0.0,1.0,1.0,1.0,1.0,0.0,1.0,1.0,1.0,1.0,0.0,1.0,1.0,2.0,1.0,1.0,19.0,19.0,136.0,166.0,5.5,9.5,13.0,13.0,21.0,80.0,80.0,80.0,80.0,80.0,0.0,= 2*14 + 10 + 3*14,= 2*14 + 10 + 3*14,= 2*14 + 10 + 3*14,,
Aurnozci,3960601-aurnozci,TBoMT,167.0,https://www.dndbeyond.com/monsters/3960601-aurnozci,fiend,gargantuan,unique,L,22.0,7,41000.0,8.0,5.0,8.0,-2.0,5.0,4.0,15,5,15,-2,5,4,0.0,1.0,0.0,1.0,1.0,0.0,0.0,0.0,0.0,0.0,1.0,0.0,0.0,0.0,0.0,0.2,0.2,0.2,0.0,0.5,0.0,1.0,0.5,1.0,0.0,1.0,1.0,1.0,5.0,1.25,16.0,16.0,370.0,631.3,7.0,11.0,15.0,15.0,20.0,121.666664,121.666664,135.0,115.0,115.0,0.0,= 2*42 + 3*17,= 30 + 2*17 + 3*17,= 30 + 2*17 + 3*17,,
Aurnozci,3960601-aurnozci,TBoMT,167.0,https://www.dndbeyond.com/monsters/3960601-aurnozci,fiend,gargantuan,unique,LL,23.0,7,50000.0,8.0,5.0,8.0,-2.0,5.0,4.0,15,5,15,-2,5,4,0.0,1.0,0.0,1.0,1.0,0.0,0.0,0.0,0.0,0.0,1.0,0.0,0.0,0.0,0.0,0.2,0.2,0.2,0.0,0.5,0.0,1.0,0.5,1.0,0.0,1.0,1.0,1.0,5.0,1.25,16.0,16.0,370.0,631.3,7.0,11.0,15.0,15.0,20.0,170.33333,170.33333,199.0,133.0,179.0,0.0,= 2*42 + 3*17 + 2*32,= 30 + 2*17 + 3*17 + 18,= 30 + 2*17 + 3*17 + 2*32,,
Aurochs,17320-aurochs,VGtM,208.0,https://www.dndbeyond.com/monsters/17320-aurochs,beast,large,legacy,N,2.0,2,450.0,5.0,0.0,4.0,-4.0,1.0,-3.0,5,0,4,-4,1,-3,0.0,0.0,0.0,0.0,0.0,0.0,0.0,0.0,0.0,0.0,0.0,0.0,0.0,0.0,0.0,1.0,1.0,1.0,1.0,1.0,1.0,1.0,1.0,1.0,1.0,1.0,1.0,1.0,0.0,1.0,11.0,11.0,38.0,38.0,0.5,0.5,7.0,7.0,,14.0,17.0,14.0,14.0,14.0,9.0,= 14,= 14,= 14,= 9,
Aurochs,2560728-aurochs,MPMotM,71.0,https://www.dndbeyond.com/monsters/2560728-aurochs,beast,large,generic,N,2.0,2,450.0,5.0,0.0,4.0,-4.0,1.0,-3.0,5,0,4,-4,1,-3,0.0,0.0,0.0,0.0,0.0,0.0,0.0,0.0,0.0,0.0,0.0,0.0,0.0,0.0,0.0,1.0,1.0,1.0,1.0,1.0,1.0,1.0,1.0,1.0,1.0,1.0,1.0,1.0,0.0,1.0,11.0,11.0,38.0,38.0,0.5,0.5,7.0,7.0,,14.0,17.0,14.0,14.0,14.0,9.0,= 14,= 14,= 14,= 9,
Aurumach Rilmani,3883518-aurumach-rilmani,PAitM:MPP,43.0,https://www.dndbeyond.com/monsters/3883518-aurumach-rilmani,celestial,large,legendary,L,17.0,6,18000.0,5.0,5.0,4.0,5.0,4.0,3.0,5,11,4,11,4,3,0.0,0.0,0.0,0.0,0.0,0.0,0.0,0.0,0.0,0.0,0.0,0.0,0.0,0.0,0.0,0.7,0.7,0.7,1.0,1.0,1.0,1.0,1.0,1.0,1.0,0.5,1.0,1.0,5.0,1.0,18.0,18.0,285.0,285.0,6.3,6.3,11.0,11.0,19.0,90.0,99.0,90.0,90.0,90.0,27.0,= 3*24.5 + 16.5,= 3*24.5 + 16.5,= 3*24.5 + 16.5,= 27,Assumes +27 damage from Invoke Weakness.
Aurumvorax,2739093-aurumvorax,JttRC,105.0,https://www.dndbeyond.com/monsters/2739093-aurumvorax,monstrosity,small,generic,N,2.0,2,450.0,2.0,1.0,1.0,-4.0,1.0,-2.0,4,1,3,-4,1,-2,0.0,0.0,0.0,0.0,0.0,0.0,0.0,0.0,0.0,1.0,0.0,0.0,0.0,0.0,0.0,1.0,1.0,1.0,1.0,1.0,1.0,1.0,1.0,1.0,1.0,1.0,1.0,1.0,1.0,1.0,15.0,15.0,36.0,45.0,0.5,0.5,5.0,5.0,,17.5,17.5,17.5,17.5,17.5,0.0,= 6.5 + 2*5.5,= 6.5 + 2*5.5,= 6.5 + 2*5.5,,Assumes +3 HP per round from Bite.
Aurumvorax Den Leader,2739092-aurumvorax-den-leader,JttRC,105.0,https://www.dndbeyond.com/monsters/2739092-aurumvorax-den-leader,monstrosity,medium,generic,N,4.0,2,1100.0,4.0,2.0,2.0,-4.0,1.0,-1.0,6,2,4,-4,1,-1,0.0,0.0,0.0,0.0,0.0,0.0,0.0,0.0,0.0,1.0,0.0,0.0,0.0,0.0,0.0,1.0,1.0,1.0,1.0,1.0,1.0,1.0,1.0,1.0,1.0,1.0,1.0,1.0,2.0,1.0,16.0,16.0,52.0,65.5,1.3,1.3,6.0,7.0,,35.0,35.0,35.0,35.0,35.0,0.0,= 13 + 2*11,= 13 + 2*11,= 13 + 2*11,,Assumes +4.5 HP per round from Bite. Assumes +1 AB from Pact Leader.
Autognome,2821155-autognome,SAiS:BAM,13.0,https://www.dndbeyond.com/monsters/2821155-autognome,construct,small,generic,N,2.0,2,450.0,1.0,-2.0,3.0,-3.0,0.0,-2.0,1,-2,5,-3,2,0,0.0,0.0,0.0,0.0,0.0,0.0,0.0,0.0,1.0,1.0,1.0,0.0,0.0,0.0,0.0,1.0,1.0,1.0,1.0,1.0,1.0,1.0,1.0,1.0,0.0,1.0,1.0,1.0,-2.0,1.0,16.0,16.0,39.0,39.0,0.5,0.5,3.0,3.0,,14.0,14.0,14.0,14.0,14.0,0.0,= 2*7,= 2*7,= 2*7,,
Autumn Eladrin,96541-autumn-eladrin,MToF,195.0,https://www.dndbeyond.com/monsters/96541-autumn-eladrin,fey,medium,legacy,N,10.0,4,5900.0,1.0,3.0,3.0,2.0,3.0,4.0,1,3,3,2,3,4,0.0,0.0,0.0,0.0,0.0,0.0,0.0,0.0,0.0,0.0,0.0,0.0,0.0,0.0,0.0,0.7,0.7,0.7,1.0,1.0,1.0,1.0,1.0,1.0,1.0,1.0,1.0,1.0,3.0,1.5,19.0,19.0,127.5,239.1,2.7,6.7,7.0,7.0,,25.5,25.5,25.5,25.5,25.5,0.0,= 25.5,= 25.5,= 25.5,,Assumes +25% HP from Enchanting Presence.
Autumn Eladrin,2560729-autumn-eladrin,MPMotM,115.0,https://www.dndbeyond.com/monsters/2560729-autumn-eladrin,fey,medium,generic,N,10.0,4,5900.0,1.0,3.0,3.0,2.0,3.0,4.0,1,3,3,2,3,4,0.0,0.0,0.0,0.0,0.0,0.0,0.0,0.0,0.0,0.0,0.0,0.0,0.0,0.0,0.0,1.0,1.0,1.0,1.0,1.0,1.0,1.0,1.0,1.0,1.0,0.5,1.0,1.0,3.0,1.0,19.0,19.0,165.0,206.3,2.7,6.7,7.0,7.0,13.0,60.0,60.0,60.0,60.0,60.0,0.0,= 2*30,= 2*30,= 2*30,,Assumes +25% HP from Enchanting Presence.
Avarice,1123065-avarice,IDRotF,269.0,https://www.dndbeyond.com/monsters/1123065-avarice,humanoid,medium,unique,N,7.0,3,2900.0,-1.0,3.0,2.0,3.0,0.0,-1.0,-1,3,2,6,3,-1,0.0,0.0,0.0,0.0,0.0,0.0,0.0,0.0,0.0,0.0,0.0,0.0,0.0,0.0,0.0,1.0,1.0,1.0,1.0,0.5,0.5,1.0,1.0,1.0,1.0,1.0,1.0,1.0,3.0,1.0,16.0,19.0,84.5,84.5,2.0,2.0,6.0,6.0,14.0,95.333336,95.333336,108.0,108.0,70.0,0.0,= 3*36,= 3*36,= 2*35,,Assumes +3 AC from counterspell.
Avoral Guardinal,3883519-avoral-guardinal,PAitM:MPP,32.0,https://www.dndbeyond.com/monsters/3883519-avoral-guardinal,celestial,medium,generic,N,9.0,4,5000.0,3.0,4.0,3.0,3.0,3.0,4.0,3,8,3,3,3,8,0.0,0.0,0.0,0.0,1.0,0.0,0.0,0.0,0.0,0.0,0.0,0.0,0.0,0.0,0.0,1.0,1.0,1.0,1.0,1.0,1.0,1.0,1.0,1.0,1.0,1.0,0.5,1.0,4.0,1.0,16.0,18.0,172.5,172.5,4.7,4.7,8.0,10.0,15.0,62.0,62.0,62.0,62.0,62.0,0.0,= 14 + 2*24,= 14 + 2*24,= 14 + 2*24,,Assumes +2 AB from Dive Attack.
Awakened Shrub,16791-awakened-shrub,MM (2014),317.0,https://www.dndbeyond.com/monsters/16791-awakened-shrub,plant,small,generic,N,0.0,2,10.0,-4.0,-1.0,0.0,0.0,0.0,-2.0,-4,-1,0,0,0,-2,0.0,0.0,0.0,0.0,0.0,0.0,0.0,0.0,0.0,0.0,0.0,0.0,0.0,0.0,0.0,1.0,0.5,1.0,1.0,1.0,2.0,1.0,1.0,1.0,1.0,1.0,1.0,1.0,-1.0,1.0,9.0,9.0,10.5,10.5,-1.2,-1.2,1.0,1.0,,1.5,1.5,1.5,1.5,1.5,0.0,= 1.5,= 1.5,= 1.5,,
Awakened Tree,16792-awakened-tree,MM (2014),317.0,https://www.dndbeyond.com/monsters/16792-awakened-tree,plant,huge,generic,N,2.0,2,450.0,4.0,-2.0,2.0,0.0,0.0,-2.0,4,-2,2,0,0,-2,0.0,0.0,0.0,0.0,0.0,0.0,0.0,0.0,0.0,0.0,0.0,0.0,0.0,0.0,0.0,0.5,0.5,1.0,1.0,1.0,2.0,1.0,1.0,1.0,1.0,1.0,1.0,1.0,-2.0,1.0,13.0,13.0,59.5,59.5,0.3,0.3,6.0,6.0,,14.5,14.5,14.5,14.5,14.5,0.0,= 14.5,= 14.5,= 14.5,,
Awakened White Moose,1123066-awakened-white-moose,IDRotF,82.0,https://www.dndbeyond.com/monsters/1123066-awakened-white-moose,beast,large,generic,N,3.0,2,700.0,4.0,0.0,3.0,0.0,1.0,-2.0,4,0,3,0,1,-2,0.0,0.0,0.0,0.0,0.0,0.0,0.0,0.0,0.0,0.0,0.0,0.0,0.0,0.0,0.0,1.0,1.0,1.0,1.0,1.0,1.0,1.0,1.0,1.0,1.0,1.0,1.0,1.0,0.0,1.0,11.0,11.0,68.0,68.0,1.0,1.0,6.0,6.0,,25.0,25.0,31.0,22.0,22.0,0.0,= 13 + 9 + 9,= 13 + 9,= 13 + 9,,
Axe Beak,16793-axe-beak,MM (2014),317.0,https://www.dndbeyond.com/monsters/16793-axe-beak,beast,large,generic,N,0.25,2,50.0,2.0,1.0,1.0,-4.0,0.0,-3.0,2,1,1,-4,0,-3,0.0,0.0,0.0,0.0,0.0,0.0,0.0,0.0,0.0,0.0,0.0,0.0,0.0,0.0,0.0,1.0,1.0,1.0,1.0,1.0,1.0,1.0,1.0,1.0,1.0,1.0,1.0,1.0,1.0,1.0,11.0,11.0,19.5,19.5,-0.5,-0.5,4.0,4.0,,6.5,6.5,6.5,6.5,6.5,0.0,= 6.5,= 6.5,= 6.5,,
Ayo Jabe (Tier 1),2407529-ayo-jabe-tier-1,CRCotN,188.0,https://www.dndbeyond.com/monsters/2407529-ayo-jabe-tier-1,humanoid,medium,unique,N,3.0,2,700.0,2.0,2.0,2.0,0.0,1.0,1.0,4,4,2,0,1,1,0.0,0.0,0.0,0.0,0.0,0.0,0.0,0.0,0.0,0.0,0.0,0.0,0.0,0.0,0.0,1.0,1.0,1.0,0.5,1.0,1.0,1.0,1.0,1.0,1.0,1.0,1.0,1.0,2.0,1.0,14.0,14.0,65.0,65.0,2.0,2.0,4.0,4.0,,22.0,22.0,22.0,22.0,22.0,0.0,= 2*11,= 2*11,= 2*11,,
Ayo Jabe (Tier 2),2407530-ayo-jabe-tier-2,CRCotN,190.0,https://www.dndbeyond.com/monsters/2407530-ayo-jabe-tier-2,humanoid,medium,unique,N,5.0,3,1800.0,2.0,3.0,2.0,0.0,2.0,1.0,5,6,2,0,2,1,0.0,0.0,0.0,0.0,0.0,0.0,0.0,0.0,0.0,0.0,0.0,0.0,0.0,0.0,0.0,1.0,1.0,1.0,0.5,1.0,1.0,1.0,1.0,1.0,1.0,1.0,1.0,1.0,3.0,1.0,15.0,15.0,97.5,97.5,2.7,2.7,6.0,6.0,,36.0,36.0,36.0,36.0,36.0,0.0,= 3*12,= 3*12,= 3*12,,
Ayo Jabe (Tier 3),2407531-ayo-jabe-tier-3,CRCotN,192.0,https://www.dndbeyond.com/monsters/2407531-ayo-jabe-tier-3,humanoid,medium,unique,N,8.0,3,3900.0,3.0,5.0,3.0,0.0,3.0,2.0,6,8,3,0,3,2,0.0,0.0,0.0,0.0,1.0,0.0,0.0,0.0,0.0,0.0,0.0,0.0,0.0,0.0,0.0,1.0,1.0,1.0,0.5,1.0,1.0,1.0,1.0,1.0,1.0,1.0,1.0,1.0,5.0,1.0,17.0,17.0,150.0,150.0,3.7,3.7,8.0,8.0,,54.0,54.0,54.0,54.0,54.0,0.0,= 3*18,= 3*18,= 3*18,,
Azbara Jos,17467-azbara-jos,HotDQ,88.0,https://www.dndbeyond.com/monsters/17467-azbara-jos,humanoid,medium,unique,N,4.0,2,1100.0,-1.0,3.0,2.0,3.0,1.0,0.0,-1,3,2,5,3,0,0.0,0.0,0.0,0.0,0.0,0.0,0.0,0.0,0.0,0.0,0.0,0.0,0.0,0.0,0.0,1.0,1.0,1.0,1.0,1.0,1.0,1.0,1.0,1.0,1.0,1.0,1.0,1.0,3.0,1.0,16.0,21.0,39.0,39.0,2.0,2.0,5.0,5.0,13.0,56.0,56.0,56.0,56.0,56.0,0.0,= 2*28,= 2*28,= 2*28,,
Azer,16794-azer,MM (2014),22.0,https://www.dndbeyond.com/monsters/16794-azer,elemental,medium,generic,N,2.0,2,450.0,3.0,1.0,2.0,1.0,1.0,0.0,3,1,4,1,1,0,0.0,0.0,0.0,0.0,0.0,0.0,0.0,0.0,0.0,0.0,1.0,0.0,0.0,0.0,0.0,1.0,1.0,1.0,1.0,1.0,0.0,1.0,1.0,1.0,0.0,1.0,1.0,1.0,1.0,1.0,17.0,17.0,39.0,39.0,1.7,1.7,5.0,5.0,,22.0,22.0,22.0,22.0,22.0,0.0,= 11 + 2*5.5,= 11 + 2*5.5,= 11 + 2*5.5,,
B’rohg,2821157-brohg,SAiS:BAM,16.0,https://www.dndbeyond.com/monsters/2821157-brohg,giant,huge,generic,N,6.0,3,2300.0,5.0,2.0,5.0,-3.0,0.0,-2.0,5,2,5,-3,0,-2,0.0,0.0,0.0,0.0,0.0,0.0,0.0,0.0,0.0,0.0,0.0,0.0,0.0,0.0,0.0,1.0,1.0,1.0,1.0,1.0,1.0,1.0,1.0,1.0,1.0,1.0,1.0,1.0,2.0,1.0,14.0,14.0,92.0,92.0,1.2,1.2,8.0,8.0,,48.0,48.0,48.0,48.0,48.0,0.0,= 4*12,= 4*12,= 4*12,,
Baaz Draconian,3081100-baaz-draconian,DSotDQ,197.0,https://www.dndbeyond.com/monsters/3081100-baaz-draconian,monstrosity,medium,generic,N,0.5,2,100.0,1.0,0.0,1.0,-1.0,-1.0,0.0,1,0,1,-1,-1,0,0.0,0.0,0.0,0.0,0.0,0.0,0.0,0.0,0.0,0.0,0.0,0.0,0.0,0.0,0.0,1.0,1.0,1.0,1.0,1.0,1.0,1.0,1.0,1.0,1.0,1.0,1.0,1.0,0.0,1.0,14.0,14.0,22.0,22.0,0.0,0.0,3.0,3.0,11.0,9.0,9.0,9.0,9.0,9.0,0.0,= 2*4.5,= 2*4.5,= 2*4.5,,
Baba Lysaga,17361-baba-lysaga,CoS,228.0,https://www.dndbeyond.com/monsters/17361-baba-lysaga,humanoid,medium,unique,N,11.0,4,7200.0,4.0,0.0,3.0,5.0,3.0,1.0,4,0,3,5,7,1,0.0,0.0,0.0,0.0,0.0,0.0,0.0,0.0,0.0,0.0,0.0,0.0,0.0,0.0,0.0,1.0,1.0,1.0,1.0,1.0,1.0,1.0,1.0,1.0,1.0,1.0,1.0,1.0,0.0,1.0,15.0,15.0,120.0,120.0,3.3,3.3,9.0,9.0,17.0,83.333336,83.333336,90.0,84.0,76.0,0.0,= 2*45,= 2*42,=2*38,,
Baba Lysaga’s Creeping Hut,17357-baba-lysagas-creeping-hut,CoS,226.0,https://www.dndbeyond.com/monsters/17357-baba-lysagas-creeping-hut,construct,gargantuan,unique,N,11.0,4,7200.0,8.0,-2.0,5.0,-5.0,-4.0,-4.0,8,-2,9,-5,0,0,1.0,1.0,1.0,1.0,1.0,0.0,0.0,0.0,1.0,1.0,0.0,1.0,0.0,0.0,0.0,1.0,1.0,1.0,1.0,1.0,1.0,1.0,1.0,1.0,0.0,0.0,1.0,1.0,-2.0,1.0,16.0,16.0,263.5,263.5,1.7,1.7,12.0,12.0,,90.0,90.0,90.0,90.0,90.0,0.0,= 3*30,= 3*30,= 3*30,,
Babau,17234-babau,VGtM,136.0,https://www.dndbeyond.com/monsters/17234-babau,fiend,medium,legacy,N,4.0,2,1100.0,4.0,3.0,3.0,0.0,1.0,1.0,4,3,3,0,1,1,0.0,0.0,0.0,0.0,0.0,0.0,0.0,0.0,0.0,0.0,1.0,0.0,0.0,0.0,0.0,0.7,0.7,0.7,1.0,0.5,0.5,1.0,0.5,1.0,0.0,1.0,1.0,1.0,3.0,2.0,16.0,16.0,82.5,183.0,2.0,2.0,6.0,6.0,,17.0,17.0,17.0,17.0,17.0,0.0,= 2*8.5,= 2*8.5,= 2*8.5,,Assumes 3 HP per round from Weakening Gaze.
Babau,2560730-babau,MPMotM,52.0,https://www.dndbeyond.com/monsters/2560730-babau,fiend,medium,generic,N,4.0,2,1100.0,4.0,3.0,3.0,0.0,1.0,1.0,4,3,3,0,1,1,0.0,0.0,0.0,0.0,0.0,0.0,0.0,0.0,0.0,0.0,1.0,0.0,0.0,0.0,0.0,0.7,0.7,0.7,1.0,0.5,0.5,1.0,0.5,1.0,0.0,1.0,1.0,1.0,3.0,2.0,16.0,16.0,82.5,183.0,2.0,2.0,6.0,6.0,,18.0,18.0,18.0,18.0,18.0,0.0,= 2*9,= 2*9,= 2*9,,Assumes 3 HP per round from Weakening Gaze.
Bael,95107-bael,MToF,170.0,https://www.dndbeyond.com/monsters/95107-bael,fiend,large,legacy,L,19.0,6,22000.0,7.0,3.0,5.0,5.0,7.0,7.0,7,9,11,11,7,13,0.0,1.0,0.0,1.0,1.0,0.0,0.0,0.0,0.0,0.0,1.0,0.0,0.0,0.0,0.0,0.8,0.8,0.8,1.0,0.5,0.0,1.0,1.0,1.0,0.0,1.0,1.0,1.0,3.0,1.0,18.0,18.0,189.0,339.0,9.7,13.7,13.0,13.0,21.0,88.5,88.5,88.5,88.5,88.5,0.0,= 2*29.5 + 29.5,= 2*29.5 + 29.5,= 2*29.5 + 29.5,,
Bael,2560731-bael,MPMotM,54.0,https://www.dndbeyond.com/monsters/2560731-bael,fiend,large,unique,L,19.0,6,22000.0,7.0,3.0,5.0,5.0,7.0,7.0,7,9,11,11,7,13,0.0,1.0,0.0,1.0,1.0,0.0,0.0,0.0,0.0,0.0,1.0,0.0,0.0,0.0,0.0,0.8,0.8,0.8,1.0,0.5,0.0,1.0,1.0,1.0,0.0,1.0,1.0,1.0,3.0,1.0,18.0,18.0,189.0,339.0,9.7,13.7,13.0,13.0,21.0,120.0,120.0,120.0,120.0,120.0,0.0,= 2*25 + 25 + 2*22.5,= 2*25 + 25 + 2*22.5,= 2*25 + 25 + 2*22.5,,
Baernaloth,3883520-baernaloth,PAitM:MPP,20.0,https://www.dndbeyond.com/monsters/3883520-baernaloth,fiend,large,legendary,L,17.0,6,18000.0,4.0,2.0,4.0,6.0,3.0,5.0,4,2,10,6,9,5,0.0,1.0,0.0,0.0,1.0,0.0,0.0,0.0,0.0,0.0,1.0,0.0,0.0,0.0,0.0,0.7,0.7,0.7,0.0,0.5,0.5,1.0,0.5,0.5,0.0,0.5,1.0,1.0,2.0,1.0,17.0,17.0,256.5,416.5,6.0,10.0,10.0,10.0,19.0,97.666664,111.0,112.0,90.5,90.5,40.0,= 2*35 + 3*14,= 20 + 28.5 + 3*14,= 20 + 28.5 + 3*14,= 2*20,Assumes +2*20 HP from Miasma of Discord. Assumes +2*20 damage from Maisma of Discord (charm).
Baernaloth,3883520-baernaloth,PAitM:MPP,20.0,https://www.dndbeyond.com/monsters/3883520-baernaloth,fiend,large,legendary,LL,18.0,6,20000.0,4.0,2.0,4.0,6.0,3.0,5.0,4,2,10,6,9,5,0.0,1.0,0.0,0.0,1.0,0.0,0.0,0.0,0.0,0.0,1.0,0.0,0.0,0.0,0.0,0.7,0.7,0.7,0.0,0.5,0.5,1.0,0.5,0.5,0.0,0.5,1.0,1.0,2.0,1.0,17.0,17.0,256.5,521.5,6.0,10.0,10.0,10.0,19.0,105.0,118.333336,112.0,112.5,90.5,40.0,= 2*35 + 3*14,= 20 + 28.5 + 3*14 + 22,= 20 + 28.5 + 3*14,= 2*20,"Assumes +2*20 HP from Miasma of Discord, and +2*5*10.5 HP from Consume Suffering lair action. Assumes +2*20 damage from Maisma of Discord (charm)."
Bag Jelly,3730989-bag-jelly,BPGotG,120.0,https://www.dndbeyond.com/monsters/3730989-bag-jelly,ooze,medium,generic,N,1.0,2,200.0,1.0,-2.0,4.0,-4.0,-2.0,-4.0,1,-2,4,-4,-2,-4,0.0,0.0,0.0,1.0,0.0,0.0,0.0,0.0,0.0,0.0,0.0,0.0,0.0,0.0,0.0,0.5,1.0,1.0,0.5,1.0,1.0,1.0,1.0,1.0,1.0,1.0,1.0,1.0,-2.0,1.0,8.0,8.0,42.5,42.5,-1.2,-1.2,3.0,3.0,,8.0,8.0,8.0,8.0,8.0,0.0,= 8,= 8,= 8,,
Bak Mei,1528956-bak-mei,CM,168.0,https://www.dndbeyond.com/monsters/1528956-bak-mei,humanoid,medium,unique,L,13.0,5,10000.0,0.0,4.0,4.0,1.0,3.0,3.0,5,9,9,6,8,8,0.0,1.0,0.0,0.0,1.0,0.0,0.0,0.0,1.0,0.0,0.0,0.0,0.0,0.0,0.0,1.0,1.0,1.0,1.0,1.0,1.0,1.0,1.0,1.0,0.5,1.0,1.0,0.5,4.0,1.0,17.0,17.0,102.0,304.5,7.5,7.5,9.0,9.0,,66.0,66.0,66.0,66.0,66.0,0.0,= 2*15 + 21 + 15,= 2*15 + 21 + 15,= 2*15 + 21 + 15,,Assumes 10 hp for each Thunder Strike stun attempt.
Bakunawa,2739094-bakunawa,JttRC,147.0,https://www.dndbeyond.com/monsters/2739094-bakunawa,dragon,gargantuan,legendary,L,12.0,4,8400.0,5.0,1.0,2.0,2.0,3.0,3.0,5,5,6,2,7,3,0.0,0.0,0.0,0.0,0.0,0.0,0.0,0.0,0.0,0.0,0.0,0.0,0.0,0.0,0.0,1.0,1.0,1.0,1.0,1.0,1.0,1.0,0.5,1.0,1.0,1.0,1.0,0.5,1.0,1.0,15.0,15.0,150.0,240.0,4.7,4.7,9.0,9.0,15.0,79.0,86.0,79.0,79.0,79.0,21.0,= 19 + 15 + 3*15,= 19 + 15 + 3*15,= 19 + 15 + 3*15,= 2*10.5,
Balhannoth,93804-balhannoth,MToF,118.0,https://www.dndbeyond.com/monsters/93804-balhannoth,aberration,large,legacy,LL,11.0,4,7200.0,3.0,-1.0,4.0,-2.0,2.0,-1.0,3,-1,8,-2,2,-1,1.0,0.0,0.0,0.0,0.0,0.0,0.0,0.0,0.0,0.0,0.0,0.0,0.0,0.0,0.0,1.0,1.0,1.0,1.0,1.0,1.0,1.0,1.0,1.0,1.0,1.0,1.0,1.0,-1.0,1.0,17.0,19.0,114.0,174.0,1.5,3.5,7.0,7.0,,120.0,120.0,120.0,120.0,120.0,0.0,= 25 + 2*10 + 3*25,= 25 + 2*10 + 3*25,= 25 + 2*10 + 3*25,,Assumes +2 AC from Vanish (invisible). Assumes +2 SB from Vanish (invisible).
Balhannoth,2560732-balhannoth,MPMotM,55.0,https://www.dndbeyond.com/monsters/2560732-balhannoth,aberration,large,legendary,LL,11.0,4,7200.0,3.0,-1.0,4.0,-2.0,2.0,-1.0,3,-1,8,-2,2,-1,1.0,0.0,0.0,0.0,0.0,0.0,0.0,0.0,0.0,0.0,0.0,0.0,0.0,0.0,0.0,1.0,1.0,1.0,1.0,1.0,1.0,1.0,1.0,1.0,1.0,1.0,1.0,1.0,-1.0,1.0,17.0,19.0,114.0,174.0,1.5,3.5,7.0,7.0,,98.0,98.0,98.0,98.0,98.0,0.0,= 19.5 + 2*10 + 3*19.5,= 19.5 + 2*10 + 3*19.5,= 19.5 + 2*10 + 3*19.5,,Assumes +2 AC from Vanish (invisible). Assumes +2 SB from Vanish (invisible).
Balor,16797-balor,MM (2014),55.0,https://www.dndbeyond.com/monsters/16797-balor,fiend,huge,generic,N,19.0,6,22000.0,8.0,2.0,6.0,5.0,3.0,6.0,14,2,12,5,9,12,0.0,0.0,0.0,0.0,0.0,0.0,0.0,0.0,0.0,0.0,1.0,0.0,0.0,0.0,0.0,0.7,0.7,0.7,1.0,0.5,0.0,1.0,0.5,1.0,0.0,1.0,1.0,1.0,2.0,1.0,19.0,19.0,262.5,262.5,9.0,13.0,14.0,14.0,20.0,125.666664,125.666664,79.0,79.0,219.0,0.0,= 34 + 25 + 2*10,= 34 + 25 + 2*10,= 34 + 25 + 2*10 + 2*70,,
Banderhobb,17217-banderhobb,VGtM,122.0,https://www.dndbeyond.com/monsters/17217-banderhobb,monstrosity,large,legacy,N,5.0,3,1800.0,5.0,1.0,5.0,0.0,2.0,-1.0,5,1,5,0,2,-1,0.0,1.0,0.0,0.0,1.0,0.0,0.0,0.0,0.0,0.0,0.0,0.0,0.0,0.0,0.0,1.0,1.0,1.0,1.0,1.0,1.0,1.0,1.0,1.0,1.0,1.0,1.0,1.0,1.0,1.0,15.0,19.0,84.0,84.0,2.0,6.0,8.0,10.0,15.0,33.0,33.0,33.0,33.0,33.0,0.0,= 10.5 + 22.5,= 10.5 + 22.5,= 10.5 + 22.5,,Assumes +4 AC from Shadow Stealth. Assumes +4 SB from Shadow Stealth. Assumes +2 AB from Shadow Stealth.
Banderhobb,2560733-banderhobb,MPMotM,56.0,https://www.dndbeyond.com/monsters/2560733-banderhobb,monstrosity,large,generic,N,5.0,3,1800.0,5.0,1.0,5.0,0.0,2.0,-1.0,5,1,5,0,2,-1,0.0,1.0,0.0,0.0,1.0,0.0,0.0,0.0,0.0,0.0,0.0,0.0,0.0,0.0,0.0,1.0,1.0,1.0,1.0,1.0,1.0,1.0,1.0,1.0,1.0,1.0,1.0,1.0,1.0,1.0,15.0,19.0,84.0,84.0,2.0,6.0,8.0,10.0,15.0,29.5,29.5,36.5,26.0,26.0,0.0,= 15.5 + 2*10.5,= 15.5 + 10.5,= 15.5 + 10.5,,Assumes +4 AC from Shadow Stealth. Assumes +4 SB from Shadow Stealth. Assumes +2 AB from Shadow Stealth.
Bandit,16798-bandit,MM (2014),343.0,https://www.dndbeyond.com/monsters/16798-bandit,humanoid,medium,generic,N,0.125,2,25.0,0.0,1.0,1.0,0.0,0.0,0.0,0,1,1,0,0,0,0.0,0.0,0.0,0.0,0.0,0.0,0.0,0.0,0.0,0.0,0.0,0.0,0.0,0.0,0.0,1.0,1.0,1.0,1.0,1.0,1.0,1.0,1.0,1.0,1.0,1.0,1.0,1.0,1.0,1.0,12.0,12.0,11.0,11.0,0.3,0.3,3.0,3.0,,5.5,5.5,5.5,5.5,5.5,0.0,= 5.5,= 5.5,= 5.5,,
Bandit Captain,16799-bandit-captain,MM (2014),344.0,https://www.dndbeyond.com/monsters/16799-bandit-captain,humanoid,medium,generic,N,2.0,2,450.0,2.0,3.0,2.0,2.0,0.0,2.0,4,5,2,2,2,2,0.0,0.0,0.0,0.0,0.0,0.0,0.0,0.0,0.0,0.0,0.0,0.0,0.0,0.0,0.0,1.0,1.0,1.0,1.0,1.0,1.0,1.0,1.0,1.0,1.0,1.0,1.0,1.0,3.0,1.0,15.0,16.0,65.0,65.0,2.8,2.8,5.0,5.0,,18.5,18.5,18.5,18.5,18.5,0.0,= 2*6.5 + 5.5,= 2*6.5 + 5.5,= 2*6.5 + 5.5,,Assumes +1 AC from Parry.
Banshee,17089-banshee,MM (2014),23.0,https://www.dndbeyond.com/monsters/17089-banshee,undead,medium,generic,N,4.0,2,1100.0,-5.0,2.0,0.0,1.0,0.0,3.0,-5,2,0,1,2,5,0.0,1.0,0.0,1.0,1.0,1.0,0.0,0.0,1.0,1.0,1.0,1.0,1.0,0.0,0.0,0.7,0.7,0.7,0.5,0.0,0.5,1.0,0.5,0.0,0.0,1.0,1.0,0.5,2.0,2.0,12.0,12.0,58.5,146.3,0.8,0.8,4.0,4.0,13.0,21.666666,21.666666,40.0,12.5,12.5,0.0,= 4*10,= 12.5,= 12.5,,
Baphomet,17408-baphomet,MToF,143.0,https://www.dndbeyond.com/monsters/17408-baphomet,fiend,huge,legacy,LL,23.0,7,50000.0,10.0,2.0,8.0,4.0,7.0,3.0,10,9,15,4,14,3,0.0,1.0,0.0,1.0,1.0,0.0,0.0,0.0,0.0,0.0,1.0,0.0,0.0,0.0,0.0,0.2,0.2,0.2,1.0,0.5,0.5,1.0,0.5,1.0,0.0,1.0,1.0,1.0,2.0,1.25,22.0,22.0,275.5,456.9,9.2,13.2,17.0,17.0,18.0,153.33333,153.33333,178.0,120.0,162.0,0.0,= 21 + 19 + 33 + 3*21 + 2*21,= 21 + 19 + 17 + 3*21,= 21 + 19 + 17 + 3*21 + 2*21,,
BAPHOMET,17408-baphomet,OotA,235.0,https://www.dndbeyond.com/monsters/17408-baphomet,fiend,huge,unique,LL,23.0,7,50000.0,10.0,2.0,8.0,4.0,7.0,3.0,10,9,15,4,14,3,0.0,1.0,0.0,1.0,1.0,0.0,0.0,0.0,0.0,0.0,1.0,0.0,0.0,0.0,0.0,0.2,0.2,0.2,1.0,0.5,0.5,1.0,0.5,1.0,0.0,1.0,1.0,1.0,2.0,1.25,22.0,22.0,333.5,529.4,9.2,13.2,17.0,17.0,18.0,171.33333,171.33333,200.0,136.0,178.0,0.0,= 24 + 19 + 43 + 3*24 + 2*21,= 24 + 19 + 21 + 3*24,= 24 + 19 + 21 + 3*24 + 2*21,,Assumes 2*21 damage for two rounds from lair actions.
Baphomet,2560734-baphomet,MPMotM,58.0,https://www.dndbeyond.com/monsters/2560734-baphomet,fiend,huge,unique,LL,23.0,7,50000.0,10.0,2.0,8.0,4.0,7.0,3.0,10,9,15,4,14,3,0.0,1.0,0.0,1.0,1.0,0.0,0.0,0.0,0.0,0.0,1.0,0.0,0.0,0.0,0.0,0.2,0.2,0.2,1.0,0.5,0.5,1.0,0.5,1.0,0.0,1.0,1.0,1.0,2.0,1.25,22.0,22.0,319.0,511.3,9.2,13.2,17.0,17.0,,136.5,136.5,136.5,136.5,136.5,0.0,= 19 + 33.5 + 21 + 3*21,= 19 + 33.5 + 21 + 3*21,= 19 + 33.5 + 21 + 3*21,,
Barbed Devil,16800-barbed-devil,MM (2014),70.0,https://www.dndbeyond.com/monsters/16800-barbed-devil,fiend,medium,generic,N,5.0,3,1800.0,3.0,3.0,4.0,1.0,2.0,2.0,6,3,7,1,5,5,0.0,0.0,0.0,0.0,0.0,0.0,0.0,0.0,0.0,0.0,1.0,0.0,0.0,0.0,0.0,0.8,0.8,0.8,1.0,0.5,0.0,1.0,1.0,1.0,0.0,1.0,1.0,1.0,3.0,1.5,15.0,15.0,110.5,165.8,4.5,8.5,6.0,6.0,,22.0,22.0,22.0,22.0,22.0,0.0,= 10 + 2*6,= 10 + 2*6,= 10 + 2*6,,
Bard,17328-bard,VGtM,211.0,https://www.dndbeyond.com/monsters/17328-bard,humanoid,medium,legacy,N,2.0,2,450.0,0.0,2.0,1.0,0.0,1.0,2.0,0,4,1,0,3,2,0.0,0.0,0.0,0.0,0.0,0.0,0.0,0.0,0.0,0.0,0.0,0.0,0.0,0.0,0.0,1.0,1.0,1.0,1.0,1.0,1.0,1.0,1.0,1.0,1.0,1.0,1.0,1.0,2.0,1.0,15.0,17.0,44.0,44.0,1.7,1.7,4.0,4.0,12.0,27.0,27.0,27.0,27.0,27.0,0.0,= 2*13.5,= 2*13.5,= 2*13.5,,Assumes +2 AC from Taunt.
Bard,2560735-bard,MPMotM,59.0,https://www.dndbeyond.com/monsters/2560735-bard,humanoid,medium,generic,N,2.0,2,450.0,0.0,2.0,1.0,0.0,1.0,2.0,0,4,1,0,3,2,0.0,0.0,0.0,0.0,0.0,0.0,0.0,0.0,0.0,0.0,0.0,0.0,0.0,0.0,0.0,1.0,1.0,1.0,1.0,1.0,1.0,1.0,1.0,1.0,1.0,1.0,1.0,1.0,2.0,1.0,15.0,17.0,44.0,44.0,1.7,1.7,4.0,4.0,12.0,19.333334,19.333334,23.5,11.0,23.5,0.0,= 5.5 + 2*9,= 2*5.5,= 5.5 + 2*9,,Assumes +2 AC from Taunt.
Barghest,17218-barghest,VGtM,123.0,https://www.dndbeyond.com/monsters/17218-barghest,fiend,large,legacy,N,4.0,2,1100.0,4.0,2.0,2.0,1.0,1.0,2.0,4,2,2,1,1,2,0.0,0.0,0.0,0.0,0.0,0.0,0.0,0.0,0.0,0.0,1.0,0.0,0.0,0.0,0.0,0.7,0.7,0.7,0.0,0.5,0.5,1.0,0.5,1.0,0.0,1.0,1.0,1.0,2.0,2.0,17.0,17.0,90.0,180.0,2.0,2.0,6.0,6.0,,13.0,13.0,13.0,13.0,13.0,0.0,= 13,= 13,= 13,,
Barghest,2560736-barghest,MPMotM,60.0,https://www.dndbeyond.com/monsters/2560736-barghest,fiend,large,generic,N,4.0,2,1100.0,4.0,2.0,2.0,1.0,1.0,2.0,4,2,2,1,1,2,0.0,0.0,0.0,0.0,0.0,0.0,0.0,0.0,0.0,0.0,1.0,0.0,0.0,0.0,0.0,0.7,0.7,0.7,0.0,0.5,1.0,1.0,0.5,1.0,0.0,1.0,1.0,1.0,2.0,2.0,17.0,17.0,60.0,120.0,2.0,2.0,6.0,6.0,,21.5,21.5,21.5,21.5,21.5,0.0,= 13 + 8.5,= 13 + 8.5,= 13 + 8.5,,
Bariaur Wanderer,3883521-bariaur-wanderer,PAitM:MPP,21.0,https://www.dndbeyond.com/monsters/3883521-bariaur-wanderer,celestial,medium,generic,N,3.0,2,700.0,4.0,2.0,2.0,0.0,2.0,0.0,6,4,2,0,2,0,0.0,0.0,0.0,0.0,0.0,0.0,0.0,0.0,0.0,0.0,0.0,0.0,0.0,0.0,0.0,1.0,1.0,1.0,1.0,1.0,1.0,1.0,1.0,1.0,1.0,1.0,1.0,1.0,2.0,1.0,14.0,14.0,71.5,71.5,2.3,2.3,6.0,6.0,,19.0,19.0,19.0,19.0,19.0,0.0,= 2*9.5,= 2*9.5,= 2*9.5,,
Barkburr,4635139-barkburr,QftIS,195.0,https://www.dndbeyond.com/monsters/4635139-barkburr,plant,small,generic,N,3.0,2,700.0,3.0,-2.0,3.0,-5.0,2.0,-5.0,3,-2,3,-5,2,-5,1.0,1.0,1.0,0.0,1.0,0.0,0.0,0.0,0.0,0.0,0.0,0.0,0.0,0.0,0.0,1.0,1.0,1.0,1.0,1.0,1.0,1.0,1.0,1.0,1.0,0.0,1.0,1.0,-2.0,1.0,16.0,16.0,52.0,67.0,-0.7,-0.7,5.0,5.0,13.0,25.0,25.0,25.0,25.0,25.0,0.0,= 2*12.5,= 2*12.5,= 2*12.5,,Assumes +15 HP from Lignify.
Barlgura,17110-barlgura,MM (2014),56.0,https://www.dndbeyond.com/monsters/17110-barlgura,fiend,large,generic,N,5.0,3,1800.0,4.0,2.0,3.0,-2.0,2.0,-1.0,4,5,6,-2,2,-1,0.0,0.0,0.0,0.0,0.0,0.0,0.0,0.0,0.0,0.0,1.0,0.0,0.0,0.0,0.0,1.0,1.0,1.0,1.0,0.5,0.5,1.0,0.5,1.0,0.0,1.0,1.0,1.0,2.0,1.5,15.0,15.0,68.0,102.0,2.3,2.3,7.0,7.0,13.0,29.0,29.0,29.0,29.0,29.0,0.0,= 29,= 29,= 29,,
Barnibus Blastwind,149820-barnibus-blastwind,WDH,195.0,https://www.dndbeyond.com/monsters/149820-barnibus-blastwind,humanoid,medium,unique,N,2.0,2,450.0,-1.0,0.0,-1.0,3.0,2.0,0.0,-1,0,-1,5,4,0,0.0,0.0,0.0,0.0,0.0,0.0,0.0,0.0,0.0,0.0,0.0,0.0,0.0,0.0,0.0,1.0,1.0,1.0,1.0,1.0,1.0,1.0,1.0,1.0,1.0,1.0,1.0,1.0,0.0,1.0,10.0,15.0,24.5,24.5,1.2,1.2,5.0,5.0,13.0,16.0,16.0,16.0,16.0,16.0,0.0,= 16,= 16,= 16,,Assumes 16 damage from casting suggestion.
Barovian Witch,17362-barovian-witch,CoS,229.0,https://www.dndbeyond.com/monsters/17362-barovian-witch,humanoid,medium,generic,N,0.5,2,100.0,-2.0,0.0,1.0,2.0,0.0,1.0,-2,0,1,2,0,1,0.0,0.0,0.0,0.0,0.0,0.0,0.0,0.0,0.0,0.0,0.0,0.0,0.0,0.0,0.0,1.0,1.0,1.0,1.0,1.0,1.0,1.0,1.0,1.0,1.0,1.0,1.0,1.0,0.0,1.0,10.0,10.0,16.5,16.5,0.3,0.3,4.0,4.0,12.0,11.666667,11.666667,13.0,13.0,9.0,0.0,= 13,= 13,= 9,,
Barrowghast,3730990-barrowghast,BPGotG,121.0,https://www.dndbeyond.com/monsters/3730990-barrowghast,undead,huge,generic,N,7.0,3,2900.0,5.0,-1.0,5.0,-3.0,-1.0,-2.0,5,-1,5,-3,-1,-2,0.0,0.0,0.0,1.0,0.0,0.0,0.0,0.0,0.0,0.0,1.0,0.0,0.0,0.0,0.0,1.0,1.0,1.0,1.0,1.0,1.0,1.0,1.0,0.5,0.5,1.0,1.0,1.0,-1.0,1.0,12.0,14.0,138.0,138.0,0.5,0.5,8.0,8.0,16.0,46.5,46.5,46.5,46.5,46.5,0.0,= 2*18 + 10.5,= 2*18 + 10.5,= 2*18 + 10.5,,Assumes +2 AC from Stench (poisoned).
Basilisk,16801-basilisk,MM (2014),24.0,https://www.dndbeyond.com/monsters/16801-basilisk,monstrosity,medium,generic,N,3.0,2,700.0,3.0,-1.0,2.0,-4.0,-1.0,-2.0,3,-1,2,-4,-1,-2,0.0,0.0,0.0,0.0,0.0,0.0,0.0,0.0,0.0,0.0,0.0,0.0,0.0,0.0,0.0,1.0,1.0,1.0,1.0,1.0,1.0,1.0,1.0,1.0,1.0,1.0,1.0,1.0,-1.0,1.0,15.0,19.0,52.0,52.0,-0.5,3.5,5.0,9.0,12.0,17.0,17.0,17.0,17.0,17.0,0.0,= 17,= 17,= 17,,Assumes +4 AC from creatures avoiding Petrifying Gaze. Assumes +4 SB from creatures avoiding Petrifying Gaze. Assumes +4 AB from creatures avoiding Petrifying Gaze.
Bastian Thermandar,17440-bastian-thermandar,PotA,201.0,https://www.dndbeyond.com/monsters/17440-bastian-thermandar,humanoid,medium,unique,N,8.0,3,3900.0,1.0,2.0,2.0,0.0,-1.0,4.0,1,2,2,0,-1,4,0.0,0.0,0.0,0.0,0.0,0.0,0.0,0.0,0.0,0.0,0.0,0.0,0.0,0.0,0.0,1.0,1.0,1.0,1.0,1.0,0.5,1.0,1.0,1.0,1.0,1.0,1.0,1.0,2.0,1.0,15.0,15.0,78.0,120.0,1.3,1.3,5.0,5.0,13.0,64.666664,64.666664,70.0,62.0,62.0,0.0,= 2*35,= 2*31,= 2*31,,Assumes +14 HPR from Counterspell
Battleforce Angel,174974-battleforce-angel,GGtR,189.0,https://www.dndbeyond.com/monsters/174974-battleforce-angel,celestial,medium,generic,N,5.0,3,1800.0,3.0,1.0,1.0,0.0,3.0,4.0,3,1,1,0,6,7,0.0,1.0,0.0,1.0,1.0,0.0,0.0,0.0,0.0,0.0,0.0,0.0,0.0,0.0,0.0,1.0,1.0,1.0,1.0,1.0,0.5,1.0,1.0,1.0,1.0,1.0,0.5,1.0,1.0,1.0,18.0,18.0,66.0,66.0,3.0,7.0,6.0,6.0,,52.0,52.0,52.0,52.0,52.0,0.0,= 2*26,= 2*26,= 2*26,,
Bavlorna Blightstraw,1979771-bavlorna-blightstraw,TWBtW,216.0,https://www.dndbeyond.com/monsters/1979771-bavlorna-blightstraw,fey,medium,unique,N,7.0,3,2900.0,6.0,0.0,4.0,3.0,1.0,2.0,6,0,7,6,4,5,0.0,0.0,0.0,0.0,0.0,0.0,0.0,0.0,0.0,0.0,0.0,0.0,0.0,0.0,0.0,1.0,1.0,1.0,1.0,1.0,1.0,1.0,1.0,1.0,1.0,1.0,1.0,1.0,0.0,1.0,15.0,15.0,110.5,130.5,4.7,4.7,8.0,8.0,,37.0,47.5,51.0,30.0,30.0,31.5,= 6*8.5,= 13 + 17,= 13 + 17,= 3*10.5,Assumes +2*10 HP from Create Lornlings.
Bearded Devil,16803-bearded-devil,MM (2014),70.0,https://www.dndbeyond.com/monsters/16803-bearded-devil,fiend,medium,generic,N,3.0,2,700.0,3.0,2.0,2.0,-1.0,0.0,0.0,5,2,4,-1,2,0,0.0,0.0,0.0,0.0,0.0,0.0,0.0,0.0,0.0,0.0,1.0,0.0,0.0,0.0,0.0,0.8,0.8,0.8,1.0,0.5,0.0,1.0,1.0,1.0,0.0,1.0,1.0,1.0,2.0,2.0,13.0,13.0,52.0,104.0,2.0,6.0,5.0,5.0,12.0,19.0,19.0,14.0,19.0,24.0,0.0,= 6 + 8,= 6 + 8 + 5,= 6 + 8 + 2*5,,
Behir,16804-behir,MM (2014),25.0,https://www.dndbeyond.com/monsters/16804-behir,monstrosity,huge,generic,N,11.0,4,7200.0,6.0,3.0,4.0,-2.0,2.0,1.0,6,3,4,-2,2,1,0.0,0.0,0.0,0.0,0.0,0.0,0.0,0.0,0.0,0.0,0.0,0.0,0.0,0.0,0.0,1.0,1.0,1.0,1.0,1.0,1.0,1.0,0.0,1.0,1.0,1.0,1.0,1.0,3.0,1.0,17.0,17.0,168.0,168.0,2.3,2.3,10.0,10.0,16.0,81.666664,81.666664,132.0,56.5,56.5,0.0,= 2*66,= 22.5 + 34,= 22.5 + 34,,
Beholder,17099-beholder,MM (2014),28.0,https://www.dndbeyond.com/monsters/17099-beholder,aberration,large,legendary,L,13.0,5,10000.0,0.0,2.0,4.0,3.0,2.0,3.0,0,2,4,8,7,8,0.0,0.0,0.0,0.0,0.0,0.0,0.0,0.0,0.0,0.0,0.0,1.0,0.0,0.0,0.0,1.0,1.0,1.0,1.0,1.0,1.0,1.0,1.0,1.0,1.0,1.0,1.0,1.0,2.0,1.0,18.0,20.0,180.5,180.5,4.8,4.8,8.0,8.0,16.0,81.6,88.13333,81.6,81.6,81.6,19.6,= 6*((36 + 45 + 55)/10),= 6*((36 + 45 + 55)/10),= 6*((36 + 45 + 55)/10),= 3*(4/50)*BL298,Assumes +2 AC from Eye Rays.
Beholder,17099-beholder,MM (2014),28.0,https://www.dndbeyond.com/monsters/17099-beholder,aberration,large,legendary,LL,14.0,5,11500.0,0.0,2.0,4.0,3.0,2.0,3.0,0,2,4,8,7,8,0.0,0.0,0.0,0.0,0.0,0.0,0.0,0.0,0.0,0.0,0.0,1.0,0.0,0.0,0.0,1.0,1.0,1.0,1.0,1.0,1.0,1.0,1.0,1.0,1.0,1.0,1.0,1.0,2.0,1.0,18.0,18.0,180.5,180.5,4.8,4.8,8.0,8.0,16.0,181.0,181.0,181.0,181.0,181.0,0.0,=36+45+55 + 45,=36+45+55 + 45,=36+45+55 + 45,,
Beholder Zombie,17111-beholder-zombie,MM (2014),316.0,https://www.dndbeyond.com/monsters/17111-beholder-zombie,undead,large,generic,N,5.0,3,1800.0,0.0,-1.0,3.0,-4.0,-1.0,-3.0,0,-1,3,-4,2,-3,0.0,0.0,0.0,0.0,0.0,0.0,0.0,0.0,0.0,0.0,1.0,1.0,0.0,0.0,0.0,1.0,1.0,1.0,1.0,1.0,1.0,1.0,1.0,1.0,0.0,1.0,1.0,1.0,-1.0,1.0,15.0,15.0,93.5,107.5,-0.5,-0.5,6.0,6.0,14.0,45.0,45.0,45.0,45.0,45.0,0.0,= 45,= 45,= 45,,
Bel,416924-bel,BGDiA,115.0,https://www.dndbeyond.com/monsters/416924-bel,fiend,large,unique,L,25.0,8,75000.0,9.0,2.0,8.0,7.0,4.0,8.0,9,10,16,7,12,8,0.0,0.0,0.0,0.0,0.0,0.0,0.0,0.0,0.0,0.0,1.0,0.0,0.0,0.0,0.0,0.8,0.8,0.8,1.0,0.5,0.0,1.0,1.0,1.0,0.0,1.0,1.0,1.0,2.0,1.0,19.0,19.0,364.5,454.5,10.3,14.3,16.0,16.0,23.0,307.33334,307.33334,448.0,237.0,237.0,0.0,= 2*140 + 3*2*28,= 44 + 25 + 3*2*28,= 44 + 25 + 3*2*28,,
Belashyrra,486881-belashyrra,ERftLW,286.0,https://www.dndbeyond.com/monsters/486881-belashyrra,aberration,medium,unique,L,22.0,7,41000.0,7.0,5.0,5.0,7.0,6.0,6.0,7,5,5,14,13,13,1.0,1.0,0.0,1.0,1.0,0.0,0.0,0.0,0.0,0.0,1.0,1.0,0.0,0.0,0.0,1.0,1.0,1.0,1.0,1.0,1.0,1.0,1.0,1.0,0.5,0.5,1.0,1.0,5.0,1.0,19.0,19.0,304.0,454.0,9.5,13.5,14.0,14.0,22.0,134.0,134.0,134.0,134.0,134.0,0.0,= 2*17 + 49 + 3*17,= 2*17 + 49 + 3*17,= 2*17 + 49 + 3*17,,
Belashyrra,486881-belashyrra,ERftLW,286.0,https://www.dndbeyond.com/monsters/486881-belashyrra,aberration,medium,unique,LL,23.0,7,50000.0,7.0,5.0,5.0,7.0,6.0,6.0,7,5,5,14,13,13,1.0,1.0,0.0,1.0,1.0,0.0,0.0,0.0,0.0,0.0,1.0,1.0,0.0,0.0,0.0,1.0,1.0,1.0,1.0,1.0,1.0,1.0,1.0,1.0,0.5,0.5,1.0,1.0,5.0,1.0,19.0,19.0,304.0,454.0,9.5,13.5,14.0,14.0,22.0,158.0,158.0,170.0,134.0,170.0,0.0,= 2*17 + 49 + 3*17 + 36,= 2*17 + 49 + 3*17,= 2*17 + 49 + 3*17 + 36,,
Beledros Witherbloom,2160298-beledros-witherbloom,SACoC,186.0,https://www.dndbeyond.com/monsters/2160298-beledros-witherbloom,dragon,gargantuan,unique,L,24.0,7,62000.0,9.0,2.0,8.0,4.0,9.0,3.0,9,9,15,4,16,10,0.0,0.0,0.0,0.0,0.0,0.0,0.0,0.0,0.0,0.0,1.0,0.0,0.0,0.0,0.0,1.0,1.0,1.0,1.0,1.0,1.0,1.0,1.0,0.0,0.0,1.0,1.0,1.0,2.0,1.0,22.0,22.0,444.0,570.0,10.5,10.5,16.0,18.0,23.0,116.666664,116.666664,183.0,83.5,83.5,0.0,= 2*78 + 3*9,= 21 + 2*12.5 + 3*12.5,= 21 + 2*12.5 + 3*12.5,,Assumes +2 AB from Claw.
Berbalang,93812-berbalang,MToF,120.0,https://www.dndbeyond.com/monsters/93812-berbalang,aberration,medium,legacy,N,2.0,2,450.0,-1.0,3.0,-1.0,3.0,0.0,0.0,-1,5,-1,5,0,0,0.0,0.0,0.0,0.0,0.0,0.0,0.0,0.0,0.0,0.0,0.0,0.0,0.0,0.0,0.0,1.0,1.0,1.0,1.0,1.0,1.0,1.0,1.0,1.0,1.0,1.0,1.0,1.0,3.0,1.0,14.0,14.0,38.5,38.5,1.3,1.3,5.0,5.0,,16.5,16.5,16.5,16.5,16.5,0.0,= 8.5 + 8,= 8.5 + 8,= 8.5 + 8,,
Berbalang,2560737-berbalang,MPMotM,61.0,https://www.dndbeyond.com/monsters/2560737-berbalang,aberration,medium,generic,N,2.0,2,450.0,-1.0,3.0,-1.0,3.0,0.0,0.0,-1,5,-1,5,0,0,0.0,0.0,0.0,0.0,0.0,0.0,0.0,0.0,0.0,0.0,0.0,0.0,0.0,0.0,0.0,1.0,1.0,1.0,1.0,1.0,1.0,1.0,1.0,1.0,1.0,1.0,1.0,1.0,3.0,1.0,14.0,14.0,49.0,49.0,1.3,1.3,5.0,5.0,,21.0,21.0,21.0,21.0,21.0,0.0,= 13 + 8,= 13 + 8,= 13 + 8,,
Berserker,16805-berserker,MM (2014),344.0,https://www.dndbeyond.com/monsters/16805-berserker,humanoid,medium,generic,N,2.0,2,450.0,3.0,1.0,3.0,-1.0,0.0,-1.0,3,1,3,-1,0,-1,0.0,0.0,0.0,0.0,0.0,0.0,0.0,0.0,0.0,0.0,0.0,0.0,0.0,0.0,0.0,1.0,1.0,1.0,1.0,1.0,1.0,1.0,1.0,1.0,1.0,1.0,1.0,1.0,1.0,1.0,13.0,13.0,67.5,67.5,0.8,0.8,5.0,5.0,,9.5,9.5,9.5,9.5,9.5,0.0,= 9.5,= 9.5,= 9.5,,
Bheur Hag,17272-bheur-hag,VGtM,160.0,https://www.dndbeyond.com/monsters/17272-bheur-hag,fey,medium,legacy,N,7.0,3,2900.0,1.0,3.0,2.0,1.0,1.0,3.0,1,3,2,1,4,3,0.0,0.0,0.0,0.0,0.0,0.0,0.0,0.0,0.0,0.0,0.0,0.0,0.0,0.0,0.0,1.0,1.0,1.0,1.0,0.0,1.0,1.0,1.0,1.0,1.0,1.0,1.0,1.0,3.0,1.0,17.0,17.0,91.0,91.0,2.3,2.3,6.0,6.0,14.0,72.0,72.0,72.0,72.0,72.0,0.0,= 2*36,= 2*36,= 2*36,,
Bheur Hag,2560738-bheur-hag,MPMotM,62.0,https://www.dndbeyond.com/monsters/2560738-bheur-hag,fey,medium,generic,N,7.0,3,2900.0,1.0,3.0,2.0,1.0,1.0,3.0,1,3,2,1,4,3,0.0,0.0,0.0,0.0,0.0,0.0,0.0,0.0,0.0,0.0,0.0,0.0,0.0,0.0,0.0,1.0,1.0,1.0,1.0,0.0,1.0,1.0,1.0,1.0,1.0,1.0,1.0,1.0,3.0,1.0,17.0,19.0,91.0,91.0,2.3,2.3,6.0,6.0,14.0,64.0,64.0,72.0,60.0,60.0,0.0,= 2*36,= 2*30,= 2*30,,
Big Xorn,266692-big-xorn,WDotMM,51.0,https://www.dndbeyond.com/monsters/266692-big-xorn,elemental,large,unique,N,8.0,3,3900.0,5.0,0.0,6.0,0.0,0.0,0.0,5,0,6,0,0,0,0.0,0.0,0.0,0.0,0.0,0.0,0.0,0.0,0.0,0.0,0.0,0.0,0.0,0.0,0.0,1.0,0.8,0.8,1.0,1.0,1.0,1.0,1.0,1.0,1.0,1.0,1.0,1.0,0.0,1.0,19.0,19.0,103.5,155.3,1.8,1.8,8.0,8.0,,49.0,49.0,49.0,49.0,49.0,0.0,= 3*9 + 22,= 3*9 + 22,= 3*9 + 22,,
Bjornhild Solvigsdottir,1123068-bjornhild-solvigsdottir,IDRotF,306.0,https://www.dndbeyond.com/monsters/1123068-bjornhild-solvigsdottir,humanoid,medium,unique,N,5.0,3,1800.0,4.0,0.0,4.0,2.0,0.0,2.0,4,0,4,2,0,2,0.0,0.0,0.0,0.0,0.0,0.0,0.0,0.0,0.0,0.0,0.0,0.0,0.0,0.0,0.0,1.0,1.0,1.0,1.0,1.0,1.0,1.0,1.0,1.0,1.0,1.0,1.0,1.0,0.0,1.0,12.0,12.0,102.0,102.0,2.0,2.0,7.0,7.0,,31.0,31.0,31.0,31.0,31.0,0.0,= 2*10 + 11,= 2*10 + 11,= 2*10 + 11,,
Black Abishai,94536-black-abishai,MToF,160.0,https://www.dndbeyond.com/monsters/94536-black-abishai,fiend,medium,legacy,N,7.0,3,2900.0,2.0,3.0,2.0,1.0,3.0,0.0,2,6,2,1,6,0,0.0,0.0,0.0,0.0,0.0,0.0,0.0,0.0,0.0,0.0,1.0,0.0,0.0,0.0,0.0,0.8,0.8,0.8,0.0,0.5,0.0,1.0,1.0,1.0,0.0,1.0,1.0,1.0,3.0,2.0,15.0,19.0,58.5,117.0,2.8,10.8,6.0,8.0,,30.5,30.5,30.5,30.5,30.5,0.0,= 2*6.5 + 17.5,= 2*6.5 + 17.5,= 2*6.5 + 17.5,,Assumes +4 AC from Shadow Stealth. Assumes +4 SB from Shadow Stealth. Assumes +4 AB from Shadow Stealth.
Black Abishai,2560739-black-abishai,MPMotM,38.0,https://www.dndbeyond.com/monsters/2560739-black-abishai,fiend,medium,generic,N,7.0,3,2900.0,2.0,3.0,2.0,1.0,3.0,0.0,2,6,2,1,6,0,0.0,0.0,0.0,0.0,0.0,0.0,0.0,0.0,0.0,0.0,1.0,0.0,0.0,0.0,0.0,0.8,0.8,0.8,0.0,0.5,0.0,1.0,1.0,1.0,0.0,1.0,1.0,1.0,3.0,2.0,15.0,19.0,58.5,117.0,2.8,6.8,6.0,8.0,,30.5,30.5,30.5,30.5,30.5,0.0,= 17.5 + 2*6.5,= 17.5 + 2*6.5,= 17.5 + 2*6.5,,
Black Bear,16806-black-bear,MM (2014),318.0,https://www.dndbeyond.com/monsters/16806-black-bear,beast,medium,generic,N,0.5,2,100.0,2.0,0.0,2.0,-4.0,1.0,-2.0,2,0,2,-4,1,-2,0.0,0.0,0.0,0.0,0.0,0.0,0.0,0.0,0.0,0.0,0.0,0.0,0.0,0.0,0.0,1.0,1.0,1.0,1.0,1.0,1.0,1.0,1.0,1.0,1.0,1.0,1.0,1.0,0.0,1.0,11.0,11.0,19.5,19.5,-0.2,-0.2,4.0,4.0,,12.0,12.0,12.0,12.0,12.0,0.0,= 5 + 7,= 5 + 7,= 5 + 7,,
Black Dragon Wyrmling,16807-black-dragon-wyrmling,MM (2014),88.0,https://www.dndbeyond.com/monsters/16807-black-dragon-wyrmling,dragon,medium,generic,N,2.0,2,450.0,2.0,2.0,1.0,0.0,0.0,1.0,2,4,3,0,2,3,0.0,0.0,0.0,0.0,0.0,0.0,0.0,0.0,0.0,0.0,0.0,0.0,0.0,0.0,0.0,1.0,1.0,1.0,0.0,1.0,1.0,1.0,1.0,1.0,1.0,1.0,1.0,1.0,2.0,1.0,17.0,17.0,33.0,33.0,2.3,2.3,4.0,4.0,11.0,21.666666,21.666666,45.0,10.0,10.0,0.0,= 2*22.5,= 10,= 10,,
Black Earth Cultist,297972-black-earth-cultist,SKT,103.0,https://www.dndbeyond.com/monsters/297972-black-earth-cultist,humanoid,medium,generic,N,2.0,2,450.0,0.0,2.0,1.0,0.0,1.0,2.0,0,2,1,0,1,2,0.0,0.0,0.0,0.0,0.0,0.0,0.0,0.0,0.0,0.0,0.0,0.0,0.0,0.0,0.0,1.0,1.0,1.0,1.0,1.0,1.0,1.0,1.0,1.0,1.0,1.0,1.0,1.0,2.0,1.0,16.0,16.0,33.0,33.0,1.0,1.0,3.0,3.0,11.0,25.166666,25.166666,16.5,29.5,29.5,0.0,= 2*4.5 + 7.5,= 22 + 7.5,= 22 + 7.5,,
Black Earth Guard,17428-black-earth-guard,PotA,195.0,https://www.dndbeyond.com/monsters/17428-black-earth-guard,humanoid,medium,generic,N,2.0,2,450.0,3.0,0.0,2.0,0.0,0.0,-1.0,3,0,2,0,0,-1,0.0,0.0,0.0,0.0,0.0,0.0,0.0,0.0,0.0,0.0,0.0,0.0,0.0,0.0,0.0,1.0,1.0,1.0,1.0,1.0,1.0,1.0,1.0,1.0,1.0,1.0,1.0,1.0,0.0,1.0,18.0,18.0,39.0,39.0,0.7,0.7,5.0,5.0,,14.0,14.0,14.0,14.0,14.0,0.0,= 2*7,= 2*7,= 2*7,,
Black Earth Priest,17429-black-earth-priest,PotA,195.0,https://www.dndbeyond.com/monsters/17429-black-earth-priest,humanoid,medium,generic,N,3.0,2,700.0,2.0,0.0,2.0,1.0,0.0,3.0,2,0,2,1,0,3,0.0,0.0,0.0,0.0,0.0,0.0,0.0,0.0,0.0,0.0,0.0,0.0,0.0,0.0,0.0,1.0,1.0,1.0,1.0,1.0,1.0,1.0,1.0,1.0,1.0,1.0,1.0,1.0,0.0,1.0,17.0,22.0,45.5,45.5,1.3,1.3,5.0,5.0,13.0,30.0,30.0,32.0,32.0,26.0,0.0,= 2*16,= 2*16,= 2*13,,Assumes +5 AC from Shield.
Black Gauntlet of Bane,417058-black-gauntlet-of-bane,BGDiA,232.0,https://www.dndbeyond.com/monsters/417058-black-gauntlet-of-bane,humanoid,medium,generic,N,6.0,3,2300.0,4.0,0.0,4.0,1.0,2.0,4.0,4,0,4,1,5,4,0.0,0.0,0.0,0.0,1.0,0.0,0.0,0.0,0.0,0.0,0.0,0.0,0.0,0.0,0.0,1.0,1.0,1.0,1.0,1.0,1.0,1.0,1.0,1.0,1.0,1.0,1.0,1.0,0.0,1.0,16.0,20.0,51.0,51.0,3.0,3.0,7.0,7.0,15.0,66.0,66.0,66.0,66.0,66.0,0.0,= 2*20 + 2*13,= 2*20 + 2*13,= 2*20 + 2*13,,Assumes +2 AC from Tactical Discipline and +2 AC from Aura of Terror. Assumes spirit guardians cast prior to combat.
Black Greatwyrm,2059707-black-greatwyrm,FToD,168.0,https://www.dndbeyond.com/monsters/2059707-black-greatwyrm,dragon,gargantuan,legendary,L,27.0,8,105000.0,10.0,2.0,10.0,5.0,5.0,8.0,10,10,18,5,13,16,0.0,1.0,0.0,0.0,1.0,0.0,0.0,0.0,0.0,0.0,1.0,0.0,0.0,0.0,0.0,1.0,1.0,1.0,0.0,1.0,1.0,1.0,1.0,1.0,1.0,1.0,1.0,1.0,2.0,1.0,22.0,22.0,533.0,653.0,12.0,12.0,18.0,18.0,26.0,183.0,183.0,291.0,129.0,129.0,0.0,= 3*78 + 3*19,= 34 + 2*19 + 3*19,= 34 + 2*19 + 3*19,,
Black Guard Drake,17266-black-guard-drake,VGtM,158.0,https://www.dndbeyond.com/monsters/17266-black-guard-drake,dragon,medium,legacy,N,2.0,2,450.0,3.0,0.0,3.0,-3.0,0.0,-2.0,3,0,3,-3,0,-2,0.0,0.0,0.0,0.0,0.0,0.0,0.0,0.0,0.0,0.0,0.0,0.0,0.0,0.0,0.0,1.0,1.0,1.0,0.5,1.0,1.0,1.0,1.0,1.0,1.0,1.0,1.0,1.0,0.0,1.0,14.0,14.0,52.5,52.5,0.2,0.2,5.0,5.0,,14.0,14.0,14.0,14.0,14.0,0.0,= 7.5 + 6.5,= 7.5 + 6.5,= 7.5 + 6.5,,
Black Guard Drake,2560740-black-guard-drake,MPMotM,151.0,https://www.dndbeyond.com/monsters/2560740-black-guard-drake,dragon,medium,generic,N,2.0,2,450.0,3.0,0.0,3.0,-3.0,0.0,-2.0,3,0,3,-3,0,-2,0.0,0.0,0.0,0.0,0.0,0.0,0.0,0.0,0.0,0.0,0.0,0.0,0.0,0.0,0.0,1.0,1.0,1.0,0.5,1.0,1.0,1.0,1.0,1.0,1.0,1.0,1.0,1.0,0.0,1.0,14.0,14.0,52.5,52.5,0.2,0.2,5.0,5.0,,14.0,14.0,14.0,14.0,14.0,0.0,= 7.5 + 6.5,= 7.5 + 6.5,= 7.5 + 6.5,,
Black Pudding,16808-black-pudding,MM (2014),241.0,https://www.dndbeyond.com/monsters/16808-black-pudding,ooze,large,generic,N,4.0,2,1100.0,3.0,-3.0,3.0,-5.0,-2.0,-5.0,3,-3,3,-5,-2,-5,1.0,1.0,1.0,1.0,1.0,0.0,0.0,0.0,0.0,0.0,0.0,1.0,0.0,0.0,0.0,1.0,1.0,0.0,0.0,0.0,1.0,1.0,0.0,1.0,1.0,1.0,1.0,1.0,-3.0,2.0,7.0,7.0,85.0,170.0,-1.5,-1.5,5.0,5.0,,36.0,36.0,36.0,36.0,36.0,0.0,= 24*1.5,= 24*1.5,= 24*1.5,,
Black Rose Bearer,4468313-black-rose-bearer,VEoR,208.0,https://www.dndbeyond.com/monsters/4468313-black-rose-bearer,undead,medium,generic,N,6.0,3,2300.0,3.0,-2.0,4.0,-4.0,0.0,-3.0,3,-2,4,-4,0,-3,0.0,1.0,0.0,1.0,1.0,0.0,0.0,0.0,0.0,0.0,1.0,0.0,0.0,0.0,0.0,1.0,1.0,1.0,1.0,1.0,1.0,1.0,1.0,1.0,0.0,1.0,1.0,1.0,-2.0,1.0,11.0,11.0,110.5,124.5,-0.3,-0.3,6.0,7.0,,46.0,46.0,46.0,46.0,46.0,0.0,= 2*23,= 2*23,= 2*23,,Assumes +1 AB from Berserk.
Black Viper,149834-black-viper,WDH,196.0,https://www.dndbeyond.com/monsters/149834-black-viper,humanoid,medium,unique,N,5.0,3,1800.0,0.0,4.0,2.0,0.0,0.0,1.0,0,7,2,3,0,1,0.0,0.0,0.0,0.0,0.0,0.0,0.0,0.0,0.0,0.0,0.0,0.0,0.0,0.0,0.0,1.0,1.0,1.0,1.0,1.0,1.0,1.0,1.0,1.0,1.0,1.0,1.0,1.0,4.0,1.0,16.0,18.0,84.5,99.5,2.2,2.2,7.0,7.0,,42.0,42.0,42.0,42.0,42.0,0.0,= 3*7 + 14 + 7,= 3*7 + 14 + 7,= 3*7 + 14 + 7,,Assumes +3*5 hp from Uncanny Dodge. Assumes +2 AC from Evasion (Avoidance). Assumes +7 DPR from Cunning Action dash.
Blackguard,17329-blackguard,VGtM,211.0,https://www.dndbeyond.com/monsters/17329-blackguard,humanoid,medium,legacy,N,8.0,3,3900.0,4.0,0.0,4.0,0.0,2.0,2.0,4,0,4,0,5,5,0.0,0.0,0.0,0.0,0.0,0.0,0.0,0.0,0.0,0.0,0.0,0.0,0.0,0.0,0.0,1.0,1.0,1.0,1.0,1.0,1.0,1.0,1.0,1.0,1.0,1.0,1.0,1.0,0.0,1.0,18.0,19.0,153.0,153.0,3.0,3.0,7.0,8.0,,39.833332,39.833332,42.0,42.0,35.5,0.0,= 3*9.5 + 13.5,= 3*9.5 + 13.5,= 3*9.5 + 7,,Assumes +1 AC from Blinding Smite. Assumes +1 AB from Blinding Smite.
Blackguard,2560741-blackguard,MPMotM,63.0,https://www.dndbeyond.com/monsters/2560741-blackguard,humanoid,medium,generic,N,8.0,3,3900.0,4.0,0.0,4.0,0.0,2.0,2.0,4,0,4,0,5,5,0.0,0.0,0.0,0.0,0.0,0.0,0.0,0.0,0.0,0.0,0.0,0.0,0.0,0.0,0.0,1.0,1.0,1.0,1.0,1.0,1.0,1.0,1.0,1.0,1.0,1.0,1.0,1.0,0.0,1.0,18.0,20.0,119.0,119.0,3.0,3.0,7.0,9.0,13.0,55.5,55.5,55.5,55.5,55.5,0.0,= 3*18.5,= 3*18.5,= 3*18.5,,Assumes +2 AC from Blinding Smite. Assumes +2 AB from Blinding Smite.
Blade Lieutenant,4468314-blade-lieutenant,VEoR,209.0,https://www.dndbeyond.com/monsters/4468314-blade-lieutenant,construct,medium,generic,N,9.0,4,5000.0,4.0,1.0,4.0,2.0,2.0,3.0,4,1,4,6,2,7,0.0,0.0,0.0,1.0,0.0,0.0,0.0,0.0,0.0,0.0,1.0,0.0,0.0,0.0,0.0,1.0,1.0,1.0,1.0,1.0,1.0,1.0,1.0,1.0,0.5,1.0,1.0,1.0,1.0,1.0,16.0,17.0,153.0,153.0,4.0,4.0,8.0,9.0,,61.5,71.5,61.5,61.5,61.5,30.0,= 3*20.5,= 3*20.5,= 3*20.5,= 3*10,Assumes +10 DPR from Command Ally.
Blade Scout,4468315-blade-scout,VEoR,209.0,https://www.dndbeyond.com/monsters/4468315-blade-scout,construct,medium,generic,N,7.0,3,2900.0,2.0,5.0,3.0,0.0,4.0,0.0,2,8,3,0,7,0,0.0,0.0,0.0,1.0,0.0,0.0,0.0,0.0,0.0,0.0,1.0,0.0,0.0,0.0,0.0,1.0,1.0,1.0,1.0,1.0,1.0,1.0,1.0,1.0,0.5,1.0,1.0,1.0,5.0,1.0,18.0,18.0,105.0,105.0,3.3,3.3,8.0,9.0,16.0,53.0,53.0,45.0,57.0,57.0,0.0,= 2*12 + 21,= 3*12 + 21,= 3*12 + 21,,
Blagothkus,17468-blagothkus,HotDQ,89.0,https://www.dndbeyond.com/monsters/17468-blagothkus,giant,huge,unique,N,9.0,4,5000.0,8.0,1.0,5.0,3.0,2.0,2.0,8,1,9,3,6,6,0.0,0.0,0.0,0.0,0.0,0.0,0.0,0.0,0.0,0.0,0.0,0.0,0.0,0.0,0.0,1.0,1.0,1.0,1.0,1.0,1.0,1.0,1.0,1.0,1.0,1.0,1.0,1.0,1.0,1.0,17.0,22.0,138.0,138.0,5.5,5.5,10.0,10.0,,51.333332,51.333332,56.0,56.0,42.0,0.0,= 2*28,= 2*28,= 2*21,,
Blazebear,4468316-blazebear,VEoR,210.0,https://www.dndbeyond.com/monsters/4468316-blazebear,monstrosity,large,generic,N,12.0,4,8400.0,7.0,3.0,5.0,-4.0,1.0,3.0,11,3,5,-4,1,7,0.0,0.0,0.0,0.0,0.0,0.0,0.0,0.0,0.0,0.0,0.0,0.0,0.0,0.0,0.0,1.0,1.0,1.0,1.0,1.0,1.0,1.0,1.0,1.0,1.0,1.0,1.0,1.0,3.0,1.0,14.0,14.0,189.0,189.0,3.8,7.8,11.0,11.0,15.0,62.0,84.0,62.0,62.0,62.0,66.0,= 2*31,= 2*31,= 2*31,=3*22,Assumes +22 DPR from Antimagic Swipe.
Bleak Cabal Void Soother,3883522-bleak-cabal-void-soother,PAitM:MPP,54.0,https://www.dndbeyond.com/monsters/3883522-bleak-cabal-void-soother,humanoid,medium,generic,N,3.0,2,700.0,3.0,2.0,1.0,1.0,2.0,0.0,3,2,3,1,4,0,0.0,0.0,0.0,0.0,0.0,0.0,0.0,0.0,0.0,0.0,0.0,0.0,0.0,0.0,0.0,1.0,1.0,1.0,1.0,1.0,1.0,1.0,1.0,1.0,1.0,1.0,1.0,1.0,2.0,1.0,16.0,16.0,55.0,68.5,2.2,2.2,5.0,5.0,,20.0,20.0,20.0,20.0,20.0,0.0,= 2*10,= 2*10,= 2*10,,
Blink Dog,16809-blink-dog,MM (2014),318.0,https://www.dndbeyond.com/monsters/16809-blink-dog,fey,medium,generic,N,0.25,2,50.0,1.0,3.0,1.0,0.0,1.0,0.0,1,3,1,0,1,0,0.0,0.0,0.0,0.0,0.0,0.0,0.0,0.0,0.0,0.0,0.0,0.0,0.0,0.0,0.0,1.0,1.0,1.0,1.0,1.0,1.0,1.0,1.0,1.0,1.0,1.0,1.0,1.0,3.0,1.0,13.0,13.0,22.0,22.0,1.0,1.0,3.0,3.0,,4.5,4.5,4.5,4.5,4.5,0.0,= 4.5,= 4.5,= 4.5,,
Blistercoil Weird,175603-blistercoil-weird,GGtR,207.0,https://www.dndbeyond.com/monsters/175603-blistercoil-weird,elemental,medium,generic,N,4.0,2,1100.0,3.0,3.0,2.0,-3.0,0.0,-2.0,3,3,2,-3,0,-2,0.0,0.0,0.0,1.0,0.0,1.0,0.0,0.0,1.0,1.0,1.0,1.0,1.0,0.0,1.0,0.7,0.7,0.7,1.0,0.5,0.5,1.0,1.0,1.0,0.0,1.0,1.0,1.0,3.0,2.0,13.0,13.0,45.5,91.0,0.5,0.5,5.0,5.0,,35.0,35.0,35.0,35.0,35.0,0.0,= 25 + 5 + 5,= 25 + 5 + 5,= 25 + 5 + 5,,
Blood Drinker Vampire,175326-blood-drinker-vampire,GGtR,223.0,https://www.dndbeyond.com/monsters/175326-blood-drinker-vampire,undead,medium,generic,N,8.0,3,3900.0,3.0,4.0,3.0,3.0,1.0,4.0,3,7,6,3,4,4,0.0,0.0,0.0,0.0,0.0,0.0,0.0,0.0,0.0,0.0,0.0,0.0,0.0,0.0,0.0,0.7,0.7,0.7,1.0,1.0,1.0,1.0,1.0,0.5,1.0,1.0,1.0,1.0,4.0,1.5,16.0,17.0,90.0,270.0,4.5,4.5,7.0,7.0,,29.0,29.0,29.0,29.0,29.0,0.0,= 8 + 7 + 14,= 8 + 7 + 14,= 8 + 7 + 14,,Assumes hp doubled from charming enemies with Bite.
Blood Hawk,16810-blood-hawk,MM (2014),319.0,https://www.dndbeyond.com/monsters/16810-blood-hawk,beast,small,generic,N,0.125,2,25.0,-2.0,2.0,0.0,-4.0,2.0,-3.0,-2,2,0,-4,2,-3,0.0,0.0,0.0,0.0,0.0,0.0,0.0,0.0,0.0,0.0,0.0,0.0,0.0,0.0,0.0,1.0,1.0,1.0,1.0,1.0,1.0,1.0,1.0,1.0,1.0,1.0,1.0,1.0,2.0,1.0,12.0,12.0,7.0,7.0,-0.8,-0.8,4.0,5.0,,4.5,4.5,4.5,4.5,4.5,0.0,= 4.5,= 4.5,= 4.5,,
Blood Hunter,744302-blood-hunter,EGtW,284.0,https://www.dndbeyond.com/monsters/744302-blood-hunter,humanoid,medium,generic,N,5.0,3,1800.0,4.0,1.0,2.0,-1.0,3.0,0.0,7,1,2,-1,6,0,0.0,0.0,0.0,0.0,0.0,0.0,0.0,0.0,0.0,0.0,0.0,0.0,0.0,0.0,0.0,1.0,1.0,1.0,1.0,1.0,1.0,1.0,1.0,1.0,1.0,1.0,1.0,1.0,1.0,1.0,16.0,16.0,65.0,81.0,2.5,6.5,7.0,11.0,,36.0,36.0,36.0,36.0,36.0,0.0,= 2*18,= 2*18,= 2*18,,Assumes +2*8 hit points from Blood Curse of Binding.
Blood Witch,176774-blood-witch,GGtR,248.0,https://www.dndbeyond.com/monsters/176774-blood-witch,humanoid,medium,generic,N,7.0,3,2900.0,3.0,2.0,2.0,1.0,-1.0,4.0,3,2,2,1,2,7,0.0,0.0,0.0,0.0,0.0,0.0,0.0,0.0,0.0,0.0,0.0,0.0,0.0,0.0,0.0,1.0,1.0,1.0,1.0,1.0,1.0,1.0,1.0,1.0,1.0,0.5,1.0,1.0,2.0,1.0,15.0,15.0,78.0,78.0,2.8,2.8,7.0,7.0,15.0,47.666668,47.666668,67.0,38.0,38.0,0.0,= 2*28 + 11,= 3*9 + 11,= 3*9 + 11,,
Blood-Toll Harpy,909475-blood-toll-harpy,MOoT,227.0,https://www.dndbeyond.com/monsters/909475-blood-toll-harpy,monstrosity,medium,generic,N,0.125,2,25.0,1.0,1.0,0.0,-2.0,0.0,1.0,1,1,0,-2,0,1,0.0,0.0,0.0,0.0,0.0,0.0,0.0,0.0,0.0,0.0,0.0,0.0,0.0,0.0,0.0,1.0,1.0,1.0,1.0,1.0,1.0,1.0,1.0,1.0,1.0,1.0,1.0,1.0,1.0,1.0,11.0,11.0,9.0,9.0,0.2,0.2,3.0,7.0,,7.0,7.0,7.0,7.0,7.0,0.0,= 3.5 + 3.5,= 3.5 + 3.5,= 3.5 + 3.5,,
Bloodfray Giant,175355-bloodfray-giant,GGtR,200.0,https://www.dndbeyond.com/monsters/175355-bloodfray-giant,giant,huge,generic,N,6.0,3,2300.0,6.0,-1.0,5.0,-2.0,-1.0,-1.0,9,-1,8,-2,2,-1,0.0,0.0,0.0,0.0,0.0,0.0,0.0,0.0,0.0,0.0,0.0,0.0,0.0,0.0,0.0,1.0,1.0,1.0,1.0,1.0,1.0,1.0,1.0,1.0,1.0,1.0,1.0,1.0,-1.0,1.0,14.0,14.0,103.5,103.5,2.5,2.5,9.0,9.0,,32.0,32.0,32.0,32.0,32.0,0.0,= 16 + 16,= 16 + 16,= 16 + 16,,
Blue Abishai,94561-blue-abishai,MToF,161.0,https://www.dndbeyond.com/monsters/94561-blue-abishai,fiend,medium,legacy,N,17.0,6,18000.0,2.0,2.0,3.0,6.0,6.0,4.0,2,2,3,12,12,4,0.0,0.0,0.0,0.0,0.0,0.0,0.0,0.0,0.0,0.0,1.0,0.0,0.0,0.0,0.0,0.8,0.8,0.8,1.0,0.5,0.0,1.0,0.0,1.0,0.0,1.0,1.0,1.0,2.0,1.25,19.0,19.0,195.0,243.8,5.8,9.8,12.0,12.0,20.0,118.0,118.0,147.0,135.0,72.0,0.0,= 3*49,= 3*45,= 2*36,,
Blue Abishai,2560742-blue-abishai,MPMotM,39.0,https://www.dndbeyond.com/monsters/2560742-blue-abishai,fiend,medium,generic,N,17.0,6,18000.0,2.0,2.0,3.0,6.0,6.0,4.0,2,2,3,12,12,4,0.0,0.0,0.0,0.0,0.0,0.0,0.0,0.0,0.0,0.0,1.0,0.0,0.0,0.0,0.0,0.8,0.8,0.8,1.0,0.5,0.0,1.0,0.0,1.0,0.0,1.0,1.0,1.0,2.0,1.25,19.0,19.0,202.5,253.1,5.8,9.8,12.0,12.0,,108.0,108.0,108.0,108.0,108.0,0.0,= 3*36,= 3*36,= 3*36,,
Blue Dragon Wyrmling,16811-blue-dragon-wyrmling,MM (2014),91.0,https://www.dndbeyond.com/monsters/16811-blue-dragon-wyrmling,dragon,medium,generic,N,3.0,2,700.0,3.0,0.0,2.0,1.0,0.0,2.0,3,2,4,1,2,4,0.0,0.0,0.0,0.0,0.0,0.0,0.0,0.0,0.0,0.0,0.0,0.0,0.0,0.0,0.0,1.0,1.0,1.0,1.0,1.0,1.0,1.0,0.0,1.0,1.0,1.0,1.0,1.0,0.0,1.0,17.0,17.0,52.0,52.0,2.7,2.7,5.0,5.0,12.0,22.0,22.0,44.0,11.0,11.0,0.0,=2*22,= 11,= 11,,
Blue Greatwyrm,2059708-blue-greatwyrm,FToD,168.0,https://www.dndbeyond.com/monsters/2059708-blue-greatwyrm,dragon,gargantuan,legendary,L,27.0,8,105000.0,10.0,2.0,10.0,5.0,5.0,8.0,10,10,18,5,13,16,0.0,1.0,0.0,0.0,1.0,0.0,0.0,0.0,0.0,0.0,1.0,0.0,0.0,0.0,0.0,1.0,1.0,1.0,1.0,1.0,1.0,1.0,0.0,1.0,1.0,1.0,1.0,1.0,2.0,1.0,22.0,22.0,533.0,653.0,12.0,12.0,18.0,18.0,26.0,183.0,183.0,291.0,129.0,129.0,0.0,= 3*78 + 3*19,= 34 + 2*19 + 3*19,= 34 + 2*19 + 3*19,,
Blue Guard Drake,17267-blue-guard-drake,HotDQ,91.0,https://www.dndbeyond.com/monsters/17267-blue-guard-drake,dragon,medium,generic,N,2.0,2,450.0,3.0,0.0,3.0,-3.0,0.0,-2.0,3,0,3,-3,0,-2,0.0,0.0,0.0,0.0,0.0,0.0,0.0,0.0,0.0,0.0,0.0,0.0,0.0,0.0,0.0,1.0,1.0,1.0,1.0,1.0,1.0,1.0,0.5,1.0,1.0,1.0,1.0,1.0,0.0,1.0,14.0,14.0,52.5,52.5,0.2,0.2,5.0,5.0,,14.0,14.0,14.0,14.0,14.0,0.0,= 7.5 + 6.5,= 7.5 + 6.5,= 7.5 + 6.5,,
Blue Guard Drake,17267-blue-guard-drake,VGtM,158.0,https://www.dndbeyond.com/monsters/17267-blue-guard-drake,dragon,medium,legacy,N,2.0,2,450.0,3.0,0.0,3.0,-3.0,0.0,-2.0,3,0,3,-3,0,-2,0.0,0.0,0.0,0.0,0.0,0.0,0.0,0.0,0.0,0.0,0.0,0.0,0.0,0.0,0.0,1.0,1.0,1.0,1.0,1.0,1.0,1.0,0.5,1.0,1.0,1.0,1.0,1.0,0.0,1.0,14.0,14.0,52.5,52.5,0.2,0.2,5.0,5.0,,14.0,14.0,14.0,14.0,14.0,0.0,= 7.5 + 6.5,= 7.5 + 6.5,= 7.5 + 6.5,,
Blue Guard Drake,2560743-blue-guard-drake,MPMotM,151.0,https://www.dndbeyond.com/monsters/2560743-blue-guard-drake,dragon,medium,generic,N,2.0,2,450.0,3.0,0.0,3.0,-3.0,0.0,-2.0,3,0,3,-3,0,-2,0.0,0.0,0.0,0.0,0.0,0.0,0.0,0.0,0.0,0.0,0.0,0.0,0.0,0.0,0.0,1.0,1.0,1.0,1.0,1.0,1.0,1.0,0.5,1.0,1.0,1.0,1.0,1.0,0.0,1.0,14.0,14.0,52.5,52.5,0.2,0.2,5.0,5.0,,14.0,14.0,14.0,14.0,14.0,0.0,= 7.5 + 6.5,= 7.5 + 6.5,= 7.5 + 6.5,,
Blue Slaad,17112-blue-slaad,MM (2014),276.0,https://www.dndbeyond.com/monsters/17112-blue-slaad,aberration,large,generic,N,7.0,3,2900.0,5.0,2.0,4.0,-2.0,-2.0,-1.0,5,2,4,-2,-2,-1,0.0,0.0,0.0,0.0,0.0,0.0,0.0,0.0,0.0,0.0,0.0,0.0,0.0,0.0,0.0,1.0,1.0,1.0,0.5,0.5,0.5,1.0,0.5,1.0,1.0,1.0,1.0,0.5,2.0,1.5,15.0,15.0,123.5,230.3,1.0,5.0,8.0,8.0,15.0,36.0,36.0,36.0,36.0,36.0,0.0,= 12 + 2*12,= 12 + 2*12,= 12 + 2*12,,
Boar,16812-boar,MM (2014),319.0,https://www.dndbeyond.com/monsters/16812-boar,beast,medium,generic,N,0.25,2,50.0,1.0,0.0,1.0,-4.0,-1.0,-3.0,1,0,1,-4,-1,-3,0.0,0.0,0.0,0.0,0.0,0.0,0.0,0.0,0.0,0.0,0.0,0.0,0.0,0.0,0.0,1.0,1.0,1.0,1.0,1.0,1.0,1.0,1.0,1.0,1.0,1.0,1.0,1.0,0.0,1.0,11.0,11.0,11.0,18.0,-1.0,-1.0,3.0,3.0,,5.6666665,5.6666665,8.0,4.5,4.5,0.0,= 8,= 4.5,= 4.5,,
Bodak,17223-bodak,VGtM,127.0,https://www.dndbeyond.com/monsters/17223-bodak,undead,medium,legacy,N,6.0,3,2300.0,2.0,3.0,2.0,-2.0,1.0,1.0,2,3,2,-2,1,1,0.0,1.0,0.0,0.0,1.0,0.0,0.0,0.0,0.0,0.0,1.0,0.0,0.0,0.0,0.0,0.7,0.7,0.7,1.0,0.5,0.5,1.0,0.0,0.5,0.0,1.0,1.0,1.0,3.0,1.5,15.0,19.0,58.5,87.8,1.2,5.2,5.0,5.0,13.0,22.0,37.0,22.0,22.0,22.0,45.0,= 22,= 22,= 22,= 3*2*7.5,Assumes +4 AC from Death Gaze. Assumes +4 SB from Death Gaze. Assumes +2*7.5 DPR from Aura of Annihilation.
Bodak,2560744-bodak,MPMotM,64.0,https://www.dndbeyond.com/monsters/2560744-bodak,undead,medium,generic,N,6.0,3,2300.0,2.0,3.0,2.0,-2.0,1.0,1.0,2,3,2,-2,1,1,0.0,1.0,0.0,0.0,1.0,0.0,0.0,0.0,0.0,0.0,1.0,0.0,0.0,0.0,0.0,0.7,0.7,0.7,1.0,0.5,0.5,1.0,1.0,0.0,0.0,1.0,1.0,1.0,3.0,1.5,15.0,19.0,58.5,87.8,1.2,5.2,5.0,5.0,13.0,22.0,37.0,22.0,22.0,22.0,45.0,= 22,= 22,= 22,= 3*2*7.5,Assumes +4 AC from Death Gaze. Assumes +4 SB from Death Gaze. Assumes +2*7.5 DPR from Aura of Annihilation.
Bodytaker Plant,1680916-bodytaker-plant,VRGtR,226.0,https://www.dndbeyond.com/monsters/1680916-bodytaker-plant,plant,huge,generic,N,7.0,3,2900.0,4.0,-1.0,5.0,2.0,2.0,4.0,4,-1,5,2,2,4,1.0,1.0,0.0,0.0,1.0,0.0,0.0,0.0,0.0,0.0,0.0,1.0,0.0,0.0,0.0,1.0,1.0,1.0,1.0,1.0,1.0,1.0,1.0,1.0,2.0,1.0,1.0,1.0,-1.0,1.0,16.0,19.0,92.0,140.0,2.7,2.7,7.0,9.0,,33.0,33.0,33.0,33.0,33.0,0.0,= 3*11,= 3*11,= 3*11,,Assumes 3*2*8 hit points from Vine Lash restraining effect. Assumes +3 AC from Vine Lash (restrained). Assumes +2 AB from Vine Lash restraining effect.
Boggle,17224-boggle,MPMotM,65.0,https://www.dndbeyond.com/monsters/17224-boggle,fey,small,generic,N,0.125,2,25.0,-1.0,4.0,1.0,-2.0,1.0,-2.0,-1,4,1,-2,1,-2,0.0,0.0,0.0,0.0,0.0,0.0,0.0,0.0,0.0,0.0,0.0,0.0,0.0,0.0,0.0,1.0,1.0,1.0,1.0,1.0,0.5,1.0,1.0,1.0,1.0,1.0,1.0,1.0,4.0,1.0,14.0,14.0,18.0,18.0,0.2,0.2,1.0,1.0,,2.5,2.5,2.5,2.5,2.5,0.0,= 2.5,= 2.5,= 2.5,,
Boggle,2556122-boggle,VGtM,128.0,https://www.dndbeyond.com/monsters/2556122-boggle,fey,small,legacy,N,0.125,2,25.0,-1.0,4.0,1.0,-2.0,1.0,-2.0,-1,4,1,-2,1,-2,0.0,0.0,0.0,0.0,0.0,0.0,0.0,0.0,0.0,0.0,0.0,0.0,0.0,0.0,0.0,1.0,1.0,1.0,1.0,1.0,0.5,1.0,1.0,1.0,1.0,1.0,1.0,1.0,4.0,1.0,14.0,14.0,18.0,18.0,0.2,0.2,1.0,1.0,,2.5,2.5,2.5,2.5,2.5,0.0,= 2.5,= 2.5,= 2.5,,
Bol'bara,744303-bolbara,EGtW,261.0,https://www.dndbeyond.com/monsters/744303-bolbara,humanoid,small,unique,L,3.0,2,700.0,0.0,2.0,1.0,0.0,1.0,2.0,0,2,1,0,1,2,0.0,0.0,0.0,0.0,0.0,0.0,0.0,0.0,0.0,0.0,0.0,0.0,0.0,0.0,0.0,1.0,1.0,1.0,1.0,1.0,1.0,1.0,1.0,1.0,1.0,1.0,1.0,1.0,2.0,1.0,15.0,19.0,40.5,76.5,1.0,5.0,4.0,8.0,12.0,16.0,16.0,16.0,16.0,16.0,0.0,= 2*8,= 2*8,= 2*8,,"Assumes + 6 hit points from Dark One’s Blessing, and +3*2*5 hit points from Zone of Calamity. Assumes +4 AC from Nimble Escape. Assumes +4 SB from Nimble Escape. Assumes +4 AB from Nimble Escape."
Bone Devil,16813-bone-devil,MM (2014),71.0,https://www.dndbeyond.com/monsters/16813-bone-devil,fiend,large,generic,N,9.0,4,5000.0,4.0,3.0,4.0,1.0,2.0,3.0,4,3,4,5,6,7,0.0,0.0,0.0,0.0,0.0,0.0,0.0,0.0,0.0,0.0,1.0,0.0,0.0,0.0,0.0,0.8,0.8,0.8,1.0,0.5,0.0,1.0,1.0,1.0,0.0,1.0,1.0,1.0,3.0,1.5,19.0,20.0,142.5,213.8,4.8,8.8,8.0,8.0,14.0,46.0,46.0,46.0,46.0,46.0,0.0,= 2*8 + 30,= 2*8 + 30,= 2*8 + 30,,Assumes + 1 AC from Sting (poisoned).
Bone Knight,486202-bone-knight,ERftLW,316.0,https://www.dndbeyond.com/monsters/486202-bone-knight,humanoid,medium,generic,N,5.0,3,1800.0,4.0,1.0,2.0,1.0,2.0,3.0,4,1,2,1,5,6,0.0,0.0,0.0,0.0,0.0,0.0,0.0,0.0,0.0,0.0,0.0,0.0,0.0,0.0,0.0,1.0,1.0,1.0,1.0,1.0,1.0,1.0,1.0,0.5,0.5,1.0,1.0,1.0,1.0,1.0,20.0,20.0,84.5,84.5,3.2,3.2,7.0,7.0,14.0,40.0,40.0,40.0,40.0,40.0,0.0,= 2*11 + 7 + 11,= 2*11 + 7 + 11,= 2*11 + 7 + 11,,
Bone Naga,17118-bone-naga,MM (2014),233.0,https://www.dndbeyond.com/monsters/17118-bone-naga,undead,large,generic,N,4.0,2,1100.0,2.0,3.0,1.0,2.0,2.0,3.0,2,3,1,2,2,3,0.0,1.0,0.0,1.0,0.0,0.0,0.0,0.0,1.0,0.0,1.0,0.0,0.0,0.0,0.0,1.0,1.0,1.0,1.0,1.0,1.0,1.0,1.0,1.0,0.0,1.0,1.0,1.0,3.0,1.0,15.0,15.0,58.5,58.5,2.2,2.2,5.0,5.0,12.0,44.0,44.0,56.0,56.0,20.0,0.0,= 2*28,= 2*28,= 20,,
Bone Roc,4468317-bone-roc,VEoR,211.0,https://www.dndbeyond.com/monsters/4468317-bone-roc,undead,huge,generic,N,8.0,3,3900.0,4.0,5.0,3.0,-4.0,3.0,0.0,4,8,3,-4,6,0,0.0,0.0,0.0,1.0,0.0,0.0,0.0,0.0,0.0,0.0,1.0,0.0,0.0,0.0,0.0,2.0,1.0,1.0,1.0,1.0,1.0,1.0,1.0,1.0,0.0,1.0,1.0,1.0,5.0,1.0,15.0,15.0,133.0,133.0,2.8,2.8,8.0,8.0,,59.0,59.0,59.0,59.0,59.0,0.0,= 14 + 2*22.5,= 14 + 2*22.5,= 14 + 2*22.5,,
Bone Whelk,428989-bone-whelk,BGDiA,119.0,https://www.dndbeyond.com/monsters/428989-bone-whelk,monstrosity,large,generic,N,0.25,2,50.0,0.0,-3.0,0.0,-2.0,-1.0,-4.0,0,-3,0,-2,-1,-4,0.0,0.0,0.0,0.0,0.0,0.0,0.0,0.0,0.0,0.0,0.0,0.0,0.0,0.0,0.0,1.0,1.0,1.0,1.0,1.0,1.0,1.0,1.0,1.0,1.0,1.0,1.0,1.0,-3.0,1.0,12.0,12.0,27.5,27.5,-1.7,-1.7,2.0,2.0,,13.0,13.0,4.0,4.0,31.0,0.0,= 4,= 4,= 4 + 3*9,,
Boneclaw,93813-boneclaw,MToF,121.0,https://www.dndbeyond.com/monsters/93813-boneclaw,undead,large,legacy,N,12.0,4,8400.0,4.0,3.0,2.0,1.0,2.0,-1.0,4,7,6,1,6,-1,0.0,1.0,0.0,1.0,1.0,0.0,0.0,0.0,1.0,0.0,1.0,0.0,0.0,0.0,0.0,0.7,0.7,0.7,1.0,0.5,1.0,1.0,1.0,0.5,1.0,1.0,1.0,1.0,3.0,1.25,16.0,20.0,127.5,159.4,3.8,7.8,8.0,10.0,,41.0,82.0,41.0,41.0,41.0,123.0,= 2*20.5,= 2*20.5,= 2*20.5,= 6*20.5,Assumes +4 AC from Shadow Stealth. Assumes +4 SB from Shadow Stealth. Assumes +2 AB from Shadow Stealth. Assumes +6*20.5 damage from Deadly Reach.
Boneclaw,2560745-boneclaw,MPMotM,66.0,https://www.dndbeyond.com/monsters/2560745-boneclaw,undead,large,generic,N,12.0,4,8400.0,4.0,3.0,2.0,1.0,2.0,-1.0,4,7,6,1,6,-1,0.0,1.0,0.0,1.0,1.0,0.0,0.0,0.0,1.0,0.0,1.0,0.0,0.0,0.0,0.0,1.0,1.0,1.0,1.0,0.5,1.0,1.0,1.0,0.5,1.0,1.0,1.0,1.0,3.0,1.0,16.0,20.0,150.0,150.0,3.8,7.8,8.0,10.0,,65.0,96.5,69.0,63.0,63.0,94.5,= 2*34.5,= 2*31.5,= 2*31.5,= 3*31.5,Assumes +4 AC from Shadow Stealth. Assumes +4 SB from Shadow Stealth. Assumes +2 AB from Shadow Stealth. Assumes +3*31.5 damage from Deadly Reach.
Boneless,1680917-boneless,VRGtR,228.0,https://www.dndbeyond.com/monsters/1680917-boneless,undead,medium,generic,N,1.0,2,200.0,3.0,2.0,2.0,-5.0,0.0,-5.0,3,2,2,-5,0,-5,0.0,1.0,0.0,1.0,1.0,0.0,0.0,0.0,0.0,0.0,0.0,0.0,0.0,0.0,0.0,0.5,1.0,1.0,1.0,1.0,1.0,1.0,1.0,1.0,0.5,1.0,1.0,1.0,2.0,1.0,12.0,12.0,26.0,26.0,-0.5,-0.5,5.0,5.0,,16.5,16.5,16.5,16.5,16.5,0.0,= 2*5.5 + 5.5,= 2*5.5 + 5.5,= 2*5.5 + 5.5,,Assumes +5.5 DPR from Crushing Embrace.
Borborygmos,175888-borborygmos,GGtR,238.0,https://www.dndbeyond.com/monsters/175888-borborygmos,giant,huge,unique,L,18.0,6,20000.0,7.0,0.0,7.0,-1.0,3.0,3.0,13,0,13,-1,9,3,0.0,1.0,0.0,0.0,1.0,0.0,0.0,0.0,0.0,0.0,0.0,0.0,0.0,0.0,0.0,1.0,1.0,1.0,1.0,1.0,1.0,1.0,1.0,1.0,0.5,0.5,1.0,1.0,0.0,1.0,14.0,14.0,270.0,360.0,6.2,6.2,13.0,13.0,,130.0,130.0,130.0,130.0,130.0,0.0,= 18 + 28 + 3*28,= 18 + 28 + 3*28,= 18 + 28 + 3*28,,
Bore Worm,183868-bore-worm,WDotMM,171.0,https://www.dndbeyond.com/monsters/183868-bore-worm,construct,gargantuan,unique,N,16.0,5,15000.0,9.0,-2.0,6.0,-5.0,-1.0,-3.0,9,-2,11,-5,4,-3,1.0,1.0,1.0,1.0,1.0,0.0,0.0,0.0,1.0,1.0,1.0,1.0,0.0,0.0,0.0,0.3,0.3,0.3,1.0,1.0,1.0,1.0,1.0,1.0,0.0,0.0,1.0,1.0,-2.0,1.5,18.0,18.0,247.5,416.3,2.3,2.3,9.0,9.0,,83.0,83.0,83.0,83.0,83.0,0.0,= 22 + 61,= 22 + 61,= 22 + 61,,
Borthak,4468318-borthak,VEoR,212.0,https://www.dndbeyond.com/monsters/4468318-borthak,monstrosity,huge,legendary,L,15.0,5,13000.0,7.0,3.0,6.0,-3.0,2.0,2.0,12,3,11,-3,2,7,0.0,0.0,0.0,0.0,0.0,0.0,0.0,0.0,0.0,0.0,0.0,0.0,0.0,0.0,0.0,1.0,1.0,1.0,0.5,0.5,1.0,1.0,1.0,1.0,1.0,1.0,1.0,1.0,3.0,1.0,16.0,16.0,200.0,200.0,5.3,5.3,12.0,12.0,21.0,85.0,85.0,85.0,85.0,85.0,0.0,= 23 + 2*11.5 + 23 + 16,= 23 + 2*11.5 + 23 + 16,= 23 + 2*11.5 + 23 + 16,,
Boss Augustus,3960602-boss-augustus,TBoMT,82.0,https://www.dndbeyond.com/monsters/3960602-boss-augustus,monstrosity,medium,unique,N,9.0,4,5000.0,4.0,3.0,3.0,2.0,2.0,1.0,8,7,3,2,2,1,0.0,0.0,0.0,0.0,0.0,0.0,0.0,0.0,0.0,0.0,0.0,0.0,0.0,0.0,0.0,1.0,1.0,1.0,1.0,1.0,1.0,1.0,1.0,1.0,1.0,1.0,1.0,1.0,3.0,1.0,13.0,17.0,150.0,180.0,3.8,3.8,10.0,12.0,,56.0,56.0,56.0,56.0,56.0,0.0,= 2*28,= 2*28,= 2*28,,Assumes +4 AC from Cunning Action. Assumes +2 AB from Cunning Action.
Boss Delour,3960603-boss-delour,TBoMT,83.0,https://www.dndbeyond.com/monsters/3960603-boss-delour,monstrosity,small,unique,N,9.0,4,5000.0,1.0,4.0,2.0,3.0,2.0,3.0,1,8,2,7,2,3,0.0,0.0,0.0,0.0,0.0,0.0,0.0,0.0,0.0,0.0,0.0,0.0,0.0,0.0,0.0,1.0,1.0,1.0,1.0,1.0,1.0,1.0,1.0,1.0,1.0,1.0,1.0,1.0,4.0,1.0,14.0,19.0,110.0,140.0,3.8,3.8,8.0,10.0,,79.5,79.5,79.5,79.5,79.5,0.0,= 3*26.5,= 3*26.5,= 3*26.5,,"Assumes +1 AC from Evasion (Avoidance), and +4 AC from Cunning Action. Assumes +2 AB from Cunning Action."
Bozak Draconian,3081101-bozak-draconian,DSotDQ,198.0,https://www.dndbeyond.com/monsters/3081101-bozak-draconian,monstrosity,medium,generic,N,2.0,2,450.0,2.0,0.0,0.0,0.0,0.0,2.0,2,0,0,2,2,4,0.0,0.0,0.0,0.0,0.0,0.0,0.0,0.0,0.0,0.0,0.0,0.0,0.0,0.0,0.0,1.0,1.0,1.0,1.0,1.0,1.0,1.0,1.0,1.0,1.0,1.0,1.0,1.0,0.0,1.0,15.0,15.0,40.5,40.5,1.7,1.7,4.0,4.0,,21.0,27.0,21.0,21.0,21.0,18.0,= 2*10.5,= 2*10.5,= 2*10.5,= 2*9,
Brackish Trudge,2160299-brackish-trudge,SACoC,187.0,https://www.dndbeyond.com/monsters/2160299-brackish-trudge,plant,large,generic,N,3.0,2,700.0,5.0,0.0,3.0,-3.0,2.0,-3.0,5,0,3,-3,2,-3,0.0,0.0,0.0,0.0,0.0,0.0,0.0,0.0,0.0,0.0,0.0,0.0,0.0,0.0,0.0,1.0,1.0,1.0,1.0,1.0,0.5,1.0,1.0,1.0,1.0,1.0,1.0,1.0,0.0,1.0,12.0,12.0,68.0,75.0,0.7,0.7,7.0,7.0,,19.5,19.5,19.5,19.5,19.5,0.0,= 19.5,= 19.5,= 19.5,,
Brain in a Jar,1123069-brain-in-a-jar,IDRotF,278.0,https://www.dndbeyond.com/monsters/1123069-brain-in-a-jar,undead,small,generic,N,3.0,2,700.0,-5.0,-4.0,2.0,4.0,0.0,2.0,-5,-4,2,6,0,4,0.0,0.0,0.0,1.0,0.0,0.0,0.0,0.0,1.0,0.0,1.0,1.0,0.0,0.0,0.0,1.0,1.0,1.0,1.0,1.0,1.0,1.0,1.0,1.0,0.0,1.0,1.0,1.0,-4.0,1.0,11.0,11.0,55.0,85.0,0.5,4.5,6.0,6.0,14.0,25.666666,25.666666,51.0,13.0,13.0,0.0,= 3*17,= 13,= 13,,Assumes +3*10 hp from Mind Blast.
Brass Dragon Wyrmling,16814-brass-dragon-wyrmling,MM (2014),106.0,https://www.dndbeyond.com/monsters/16814-brass-dragon-wyrmling,dragon,medium,generic,N,1.0,2,200.0,2.0,0.0,1.0,0.0,0.0,1.0,2,2,3,0,2,3,0.0,0.0,0.0,0.0,0.0,0.0,0.0,0.0,0.0,0.0,0.0,0.0,0.0,0.0,0.0,1.0,1.0,1.0,1.0,1.0,0.0,1.0,1.0,1.0,1.0,1.0,1.0,1.0,0.0,1.0,16.0,16.0,16.5,16.5,2.0,2.0,4.0,4.0,11.0,14.0,14.0,28.0,7.0,7.0,0.0,= 2*14,= 7,= 7,,
Brass Greatwyrm,2059709-brass-greatwyrm,FToD,208.0,https://www.dndbeyond.com/monsters/2059709-brass-greatwyrm,dragon,gargantuan,legendary,L,28.0,8,120000.0,10.0,3.0,9.0,5.0,6.0,10.0,10,11,17,13,14,18,0.0,1.0,0.0,0.0,1.0,0.0,0.0,0.0,0.0,0.0,1.0,0.0,0.0,0.0,0.0,1.0,1.0,1.0,1.0,1.0,0.0,1.0,1.0,1.0,1.0,1.0,1.0,1.0,3.0,1.0,22.0,22.0,565.5,685.5,13.8,13.8,18.0,18.0,25.0,195.0,195.0,315.0,135.0,135.0,0.0,= 3*84 + 3*21,= 34 + 2*19 + 3*21,= 34 + 2*19 + 3*21,,
Braxat,2821156-braxat,SAiS:BAM,15.0,https://www.dndbeyond.com/monsters/2821156-braxat,giant,huge,generic,N,9.0,4,5000.0,8.0,-1.0,6.0,2.0,1.0,-2.0,8,-1,6,2,1,-2,0.0,1.0,0.0,0.0,1.0,0.0,0.0,0.0,0.0,0.0,0.0,0.0,0.0,0.0,0.0,1.0,1.0,1.0,0.0,1.0,1.0,1.0,1.0,1.0,1.0,0.0,1.0,1.0,-1.0,1.0,18.0,23.0,162.5,162.5,2.3,2.3,12.0,12.0,18.0,46.0,46.0,52.0,43.0,43.0,0.0,= 2*26,= 2*21.5,= 2*21.5,,Assumes +5 AC from Psionic Shield.
Brigganock,1979772-brigganock,TWBtW,230.0,https://www.dndbeyond.com/monsters/1979772-brigganock,fey,tiny,generic,N,0.125,2,25.0,-3.0,2.0,2.0,0.0,0.0,1.0,-3,4,4,0,0,1,0.0,0.0,0.0,1.0,0.0,0.0,0.0,0.0,0.0,0.0,0.0,0.0,0.0,0.0,0.0,1.0,1.0,1.0,1.0,1.0,1.0,1.0,1.0,1.0,1.0,1.0,1.0,1.0,2.0,1.0,12.0,12.0,9.0,9.0,1.0,1.0,4.0,4.0,,4.5,4.5,4.5,4.5,4.5,0.0,= 4.5,= 4.5,= 4.5,,
Bristled Moorbounder,744304-bristled-moorbounder,EGtW,295.0,https://www.dndbeyond.com/monsters/744304-bristled-moorbounder,beast,large,generic,N,3.0,2,700.0,4.0,2.0,2.0,-4.0,1.0,-3.0,4,2,2,-4,1,-3,0.0,0.0,0.0,0.0,0.0,0.0,0.0,0.0,0.0,0.0,0.0,0.0,0.0,0.0,0.0,1.0,1.0,1.0,1.0,1.0,1.0,1.0,1.0,1.0,1.0,1.0,1.0,1.0,2.0,1.0,15.0,15.0,52.5,52.5,0.3,0.3,6.0,6.0,,25.0,25.0,25.0,25.0,25.0,0.0,= 11 + 14,= 11 + 14,= 11 + 14,,
Brontosaurus,17239-brontosaurus,VGtM,139.0,https://www.dndbeyond.com/monsters/17239-brontosaurus,beast,gargantuan,legacy,N,5.0,3,1800.0,5.0,-1.0,3.0,-4.0,0.0,-2.0,5,-1,6,-4,0,-2,0.0,0.0,0.0,0.0,0.0,0.0,0.0,0.0,0.0,0.0,0.0,0.0,0.0,0.0,0.0,1.0,1.0,1.0,1.0,1.0,1.0,1.0,1.0,1.0,1.0,1.0,1.0,1.0,-1.0,1.0,15.0,15.0,121.5,121.5,0.7,0.7,8.0,8.0,,32.0,32.0,32.0,32.0,32.0,0.0,= 32,= 32,= 32,,
Brontosaurus,2560746-brontosaurus,MPMotM,95.0,https://www.dndbeyond.com/monsters/2560746-brontosaurus,beast,gargantuan,generic,N,5.0,3,1800.0,5.0,-1.0,3.0,-4.0,0.0,-2.0,5,-1,6,-4,0,-2,0.0,0.0,0.0,0.0,0.0,0.0,0.0,0.0,0.0,0.0,0.0,0.0,0.0,0.0,0.0,1.0,1.0,1.0,1.0,1.0,1.0,1.0,1.0,1.0,1.0,1.0,1.0,1.0,-1.0,1.0,15.0,15.0,121.5,121.5,0.7,0.7,8.0,8.0,,32.0,32.0,32.0,32.0,32.0,0.0,= 32,= 32,= 32,,
Bronze Dragon Wyrmling,16815-bronze-dragon-wyrmling,MM (2014),109.0,https://www.dndbeyond.com/monsters/16815-bronze-dragon-wyrmling,dragon,medium,generic,N,2.0,2,450.0,3.0,0.0,2.0,1.0,0.0,2.0,3,2,4,1,2,4,0.0,0.0,0.0,0.0,0.0,0.0,0.0,0.0,0.0,0.0,0.0,0.0,0.0,0.0,0.0,1.0,1.0,1.0,1.0,1.0,1.0,1.0,0.0,1.0,1.0,1.0,1.0,1.0,0.0,1.0,17.0,17.0,32.5,32.5,2.7,2.7,5.0,5.0,12.0,21.666666,21.666666,48.0,8.5,8.5,0.0,= 2*24,= 8.5,= 8.5,,
Bronze Greatwyrm,2059710-bronze-greatwyrm,FToD,208.0,https://www.dndbeyond.com/monsters/2059710-bronze-greatwyrm,dragon,gargantuan,legendary,L,28.0,8,120000.0,10.0,3.0,9.0,5.0,6.0,10.0,10,11,17,13,14,18,0.0,1.0,0.0,0.0,1.0,0.0,0.0,0.0,0.0,0.0,1.0,0.0,0.0,0.0,0.0,1.0,1.0,1.0,1.0,1.0,1.0,1.0,0.0,1.0,1.0,1.0,1.0,1.0,3.0,1.0,22.0,22.0,565.5,685.5,13.8,13.8,18.0,18.0,25.0,195.0,195.0,315.0,135.0,135.0,0.0,= 3*84 + 3*21,= 34 + 2*19 + 3*21,= 34 + 2*19 + 3*21,,
Bronze Sable,909477-bronze-sable,MOoT,210.0,https://www.dndbeyond.com/monsters/909477-bronze-sable,construct,medium,generic,N,1.0,2,200.0,1.0,3.0,2.0,-4.0,2.0,-5.0,1,3,2,-4,2,-5,0.0,1.0,0.0,1.0,0.0,0.0,0.0,0.0,1.0,1.0,1.0,0.0,0.0,0.0,0.0,1.0,1.0,1.0,1.0,1.0,0.0,1.0,1.0,1.0,0.0,1.0,1.0,1.0,3.0,1.0,15.0,15.0,32.5,32.5,-0.2,-0.2,5.0,6.0,,20.666666,20.666666,34.0,14.0,14.0,0.0,= 2*17,= 2*7,= 2*7,,Assumes +10 damage per attack from surprise.
Bronze Scout,93832-bronze-scout,MToF,125.0,https://www.dndbeyond.com/monsters/93832-bronze-scout,construct,medium,legacy,N,1.0,2,200.0,0.0,3.0,0.0,-4.0,2.0,-5.0,0,3,0,-4,2,-5,0.0,1.0,0.0,1.0,1.0,0.0,0.0,0.0,1.0,1.0,1.0,0.0,0.0,0.0,0.0,0.3,0.3,0.3,1.0,1.0,1.0,1.0,1.0,1.0,0.0,1.0,1.0,1.0,3.0,2.0,13.0,17.0,18.0,18.0,-0.7,7.3,5.0,5.0,13.0,15.333333,15.333333,28.0,9.0,9.0,0.0,= 2*14,= 9,= 9,,Assumes +4 AC from Earth Armor. Assumes +4 SB from Earth Armor.
Bronzefume,748140-bronzefume,PotA,92.0,https://www.dndbeyond.com/monsters/748140-bronzefume,dragon,gargantuan,generic,N,13.0,5,10000.0,7.0,0.0,5.0,0.0,1.0,1.0,7,5,10,0,6,1,0.0,0.0,0.0,0.0,0.0,0.0,0.0,0.0,0.0,0.0,0.0,0.0,0.0,0.0,0.0,1.0,1.0,1.0,1.0,1.0,0.5,1.0,1.0,1.0,1.0,1.0,1.0,1.0,0.0,1.0,20.0,20.0,217.0,217.0,4.8,4.8,13.0,13.0,18.0,73.333336,73.333336,104.0,58.0,58.0,0.0,= 2*52,= 26 + 2*16,= 26 + 2*16,,
Broom of Animated Attack,17358-broom-of-animated-attack,CoS,226.0,https://www.dndbeyond.com/monsters/17358-broom-of-animated-attack,construct,small,generic,N,0.25,2,50.0,0.0,3.0,0.0,-5.0,-3.0,-5.0,0,3,0,-5,-3,-5,1.0,1.0,1.0,1.0,1.0,0.0,0.0,0.0,1.0,1.0,1.0,1.0,0.0,0.0,0.0,1.0,1.0,1.0,1.0,1.0,1.0,1.0,1.0,1.0,0.0,0.0,1.0,1.0,3.0,1.0,15.0,15.0,17.5,17.5,-1.7,-1.7,5.0,5.0,,10.0,10.0,10.0,10.0,10.0,0.0,= 2*5,= 2*5,= 2*5,,
Brown Bear,16816-brown-bear,MM (2014),319.0,https://www.dndbeyond.com/monsters/16816-brown-bear,beast,large,generic,N,1.0,2,200.0,4.0,0.0,3.0,-4.0,1.0,-2.0,4,0,3,-4,1,-2,0.0,0.0,0.0,0.0,0.0,0.0,0.0,0.0,0.0,0.0,0.0,0.0,0.0,0.0,0.0,1.0,1.0,1.0,1.0,1.0,1.0,1.0,1.0,1.0,1.0,1.0,1.0,1.0,0.0,1.0,11.0,11.0,34.0,34.0,0.3,0.3,6.0,6.0,,20.0,20.0,20.0,20.0,20.0,0.0,= 8.5 + 11.5,= 8.5 + 11.5,= 8.5 + 11.5,,
Brown Scavver,2821158-brown-scavver,SAiS:BAM,49.0,https://www.dndbeyond.com/monsters/2821158-brown-scavver,monstrosity,large,generic,N,4.0,2,1100.0,4.0,2.0,3.0,-5.0,0.0,-5.0,4,2,3,-5,0,-5,0.0,0.0,0.0,0.0,0.0,0.0,0.0,0.0,0.0,0.0,0.0,0.0,0.0,0.0,0.0,1.0,1.0,1.0,1.0,1.0,1.0,1.0,1.0,1.0,1.0,1.0,1.0,1.0,2.0,1.0,13.0,13.0,51.0,51.0,-0.2,-0.2,6.0,6.0,13.0,20.0,20.0,11.0,24.5,24.5,0.0,= 11,= 11 + 13.5,= 11 + 13.5,,
Brusipha,3960605-brusipha,TBoMT,127.0,https://www.dndbeyond.com/monsters/3960605-brusipha,humanoid,medium,unique,N,3.0,2,700.0,4.0,0.0,3.0,1.0,3.0,3.0,4,0,3,1,5,5,0.0,0.0,0.0,0.0,0.0,0.0,0.0,0.0,0.0,0.0,0.0,0.0,0.0,0.0,0.0,1.0,1.0,1.0,1.0,1.0,1.0,1.0,1.0,1.0,1.0,1.0,1.0,1.0,0.0,1.0,14.0,14.0,90.0,98.0,3.0,3.0,5.0,5.0,,17.0,17.0,17.0,17.0,17.0,0.0,= 2*8.5,= 2*8.5,= 2*8.5,,Assumes +8 HP from Baphomet's Blessing.
Bugbear,16817-bugbear,MM (2014),33.0,https://www.dndbeyond.com/monsters/16817-bugbear,humanoid,medium,generic,N,1.0,2,200.0,2.0,2.0,1.0,-1.0,0.0,-1.0,2,2,1,-1,0,-1,0.0,0.0,0.0,0.0,0.0,0.0,0.0,0.0,0.0,0.0,0.0,0.0,0.0,0.0,0.0,1.0,1.0,1.0,1.0,1.0,1.0,1.0,1.0,1.0,1.0,1.0,1.0,1.0,2.0,1.0,16.0,16.0,27.5,27.5,0.5,0.5,5.0,5.0,,13.333333,13.333333,18.0,11.0,11.0,0.0,= 18,= 11,= 11,,
Bugbear Chief,17119-bugbear-chief,MM (2014),33.0,https://www.dndbeyond.com/monsters/17119-bugbear-chief,humanoid,medium,generic,N,3.0,2,700.0,3.0,2.0,2.0,0.0,1.0,0.0,3,2,2,0,1,0,0.0,0.0,0.0,0.0,0.0,0.0,0.0,0.0,0.0,0.0,0.0,0.0,0.0,0.0,0.0,1.0,1.0,1.0,1.0,1.0,1.0,1.0,1.0,1.0,1.0,1.0,1.0,1.0,2.0,1.0,17.0,17.0,65.0,65.0,1.3,1.3,5.0,5.0,,28.666666,28.666666,38.0,24.0,24.0,0.0,= 2*19,= 2*12,= 2*12,,
Bulette,16818-bulette,MM (2014),34.0,https://www.dndbeyond.com/monsters/16818-bulette,monstrosity,large,generic,N,5.0,3,1800.0,4.0,0.0,5.0,-4.0,0.0,-3.0,4,0,5,-4,0,-3,0.0,0.0,0.0,0.0,0.0,0.0,0.0,0.0,0.0,0.0,0.0,0.0,0.0,0.0,0.0,1.0,1.0,1.0,1.0,1.0,1.0,1.0,1.0,1.0,1.0,1.0,1.0,1.0,0.0,1.0,17.0,17.0,94.5,94.5,0.3,0.3,7.0,7.0,16.0,38.666668,38.666668,56.0,30.0,30.0,0.0,= 2*28,= 30,= 30,,
Bulezau,94204-bulezau,MToF,131.0,https://www.dndbeyond.com/monsters/94204-bulezau,fiend,medium,legacy,N,3.0,2,700.0,2.0,2.0,3.0,-1.0,-1.0,-2.0,2,2,3,-1,-1,-2,0.0,1.0,0.0,0.0,1.0,0.0,0.0,0.0,0.0,0.0,1.0,0.0,0.0,0.0,0.0,1.0,1.0,1.0,1.0,0.5,0.5,1.0,0.5,1.0,0.0,1.0,1.0,1.0,2.0,2.0,14.0,16.0,52.5,105.0,0.5,0.5,4.0,4.0,,8.5,15.5,8.5,8.5,8.5,21.0,= 8.5,= 8.5,= 8.5,= 3*2*3.5,Assumes +2 AC from Barbed Tail (poisoned). Assumes +7 DPR from Rotting Presence.
Bulezau,2560747-bulezau,MPMotM,67.0,https://www.dndbeyond.com/monsters/2560747-bulezau,fiend,medium,generic,N,3.0,2,700.0,2.0,2.0,3.0,-1.0,-1.0,-2.0,2,2,3,-1,-1,-2,0.0,1.0,0.0,0.0,1.0,0.0,0.0,0.0,0.0,0.0,1.0,0.0,0.0,0.0,0.0,1.0,1.0,1.0,1.0,0.5,0.5,1.0,0.5,1.0,0.0,1.0,1.0,1.0,2.0,2.0,14.0,16.0,52.5,105.0,0.5,0.5,4.0,4.0,,13.0,20.0,13.0,13.0,13.0,21.0,= 13,= 13,= 13,= 3*2*3.5,Assumes +2 AC from Barbed Tail (poisoned). Assumes +7 DPR from Rotting Presence.
Bullywug,17120-bullywug,MM (2014),35.0,https://www.dndbeyond.com/monsters/17120-bullywug,humanoid,medium,generic,N,0.25,2,50.0,1.0,1.0,1.0,-2.0,0.0,-2.0,1,1,1,-2,0,-2,0.0,0.0,0.0,0.0,0.0,0.0,0.0,0.0,0.0,0.0,0.0,0.0,0.0,0.0,0.0,1.0,1.0,1.0,1.0,1.0,1.0,1.0,1.0,1.0,1.0,1.0,1.0,1.0,1.0,1.0,15.0,15.0,11.0,11.0,-0.2,-0.2,3.0,3.0,,8.0,8.0,8.0,8.0,8.0,0.0,= 3.5 + 4.5,= 3.5 + 4.5,= 3.5 + 4.5,,
Bullywug Croaker,309700-bullywug-croaker,GoS,232.0,https://www.dndbeyond.com/monsters/309700-bullywug-croaker,humanoid,medium,generic,N,2.0,2,450.0,2.0,1.0,1.0,-2.0,2.0,0.0,2,1,1,-2,2,0,0.0,0.0,0.0,0.0,0.0,0.0,0.0,0.0,0.0,0.0,0.0,0.0,0.0,0.0,0.0,1.0,1.0,1.0,1.0,1.0,1.0,1.0,1.0,1.0,1.0,1.0,1.0,1.0,1.0,1.0,15.0,15.0,33.0,33.0,0.7,0.7,4.0,4.0,12.0,27.0,27.0,27.0,27.0,27.0,0.0,= 3*9,= 3*9,= 3*9,,Assumes 3 targets are hit each time Glaaar-pat is used.
Bullywug Knight,1979773-bullywug-knight,TWBtW,231.0,https://www.dndbeyond.com/monsters/1979773-bullywug-knight,humanoid,medium,generic,N,3.0,2,700.0,3.0,1.0,1.0,-1.0,0.0,2.0,3,1,3,-1,2,2,0.0,0.0,0.0,0.0,0.0,0.0,0.0,0.0,0.0,0.0,0.0,0.0,0.0,0.0,0.0,1.0,1.0,1.0,1.0,1.0,1.0,1.0,1.0,1.0,1.0,1.0,1.0,1.0,1.0,1.0,18.0,18.0,66.0,71.0,1.7,1.7,5.0,5.0,,17.0,17.0,17.0,17.0,17.0,0.0,= 2*8.5,= 2*8.5,= 2*8.5,,Assumes +5 HP from Croak of Charming.
Bullywug Royal,309715-bullywug-royal,GoS,232.0,https://www.dndbeyond.com/monsters/309715-bullywug-royal,humanoid,medium,generic,N,3.0,2,700.0,3.0,1.0,2.0,0.0,0.0,2.0,5,3,2,0,0,2,0.0,0.0,0.0,0.0,0.0,0.0,0.0,0.0,0.0,0.0,0.0,0.0,0.0,0.0,0.0,1.0,1.0,1.0,1.0,1.0,1.0,1.0,1.0,1.0,1.0,1.0,1.0,1.0,1.0,1.0,15.0,15.0,65.0,65.0,2.0,2.0,5.0,9.0,,13.0,16.0,13.0,13.0,13.0,9.0,= 2*6.5,= 2*6.5,= 2*6.5,= 3*3,Assumes +3*3 damage from Croaked Decree.
Burnished Hart,909478-burnished-hart,MOoT,211.0,https://www.dndbeyond.com/monsters/909478-burnished-hart,construct,medium,generic,N,2.0,2,450.0,3.0,2.0,3.0,-4.0,2.0,-5.0,3,2,3,-4,2,-5,0.0,1.0,0.0,1.0,0.0,0.0,0.0,0.0,1.0,1.0,1.0,0.0,0.0,0.0,0.0,1.0,1.0,1.0,1.0,1.0,0.0,1.0,1.0,1.0,0.0,1.0,1.0,1.0,2.0,1.0,14.0,14.0,45.0,45.0,0.2,0.2,5.0,5.0,,21.333334,21.333334,26.0,19.0,19.0,0.0,= 7 + 7 + 5 + 7,= 7 + 7 + 5,= 7 + 7 + 5,,
Burrowshark,17430-burrowshark,PotA,196.0,https://www.dndbeyond.com/monsters/17430-burrowshark,humanoid,medium,generic,N,4.0,2,1100.0,4.0,1.0,3.0,0.0,0.0,1.0,4,1,3,0,0,1,0.0,0.0,0.0,0.0,0.0,0.0,0.0,0.0,0.0,0.0,0.0,0.0,0.0,0.0,0.0,1.0,1.0,1.0,1.0,1.0,1.0,1.0,1.0,1.0,1.0,1.0,1.0,1.0,1.0,1.0,18.0,18.0,82.5,82.5,1.5,1.5,6.0,6.0,,24.0,24.0,24.0,24.0,24.0,0.0,= 3*8,= 3*8,= 3*8,,
Cackler,175285-cackler,GGtR,195.0,https://www.dndbeyond.com/monsters/175285-cackler,fiend,small,generic,N,0.5,2,100.0,-1.0,3.0,0.0,0.0,-2.0,1.0,-1,3,0,0,-2,1,0.0,0.0,0.0,0.0,0.0,0.0,0.0,0.0,0.0,0.0,1.0,0.0,0.0,0.0,0.0,0.7,0.7,0.7,1.0,0.5,0.5,1.0,0.5,1.0,0.0,1.0,1.0,1.0,3.0,2.0,15.0,15.0,10.5,21.0,0.2,0.2,5.0,5.0,11.0,8.166667,8.166667,6.5,6.5,11.5,0.0,= 6.5,= 6.5,= 6.5 + 2*2.5,,
Cadaver Collector,93826-cadaver-collector,MToF,122.0,https://www.dndbeyond.com/monsters/93826-cadaver-collector,construct,large,legacy,N,14.0,5,11500.0,5.0,2.0,5.0,-3.0,0.0,-1.0,5,2,5,-3,0,-1,0.0,1.0,0.0,1.0,1.0,0.0,0.0,0.0,1.0,1.0,1.0,0.0,0.0,0.0,0.0,0.3,0.3,0.3,1.0,1.0,1.0,1.0,1.0,0.0,0.0,0.0,1.0,1.0,2.0,1.5,17.0,17.0,189.0,283.5,1.3,5.3,10.0,10.0,,70.0,101.5,70.0,70.0,70.0,94.5,= 2*35,= 2*35,= 2*35,= 3*3*10.5,Assumes +31.5 DPR from Summon Specters.
Cadaver Collector,2560748-cadaver-collector,MPMotM,68.0,https://www.dndbeyond.com/monsters/2560748-cadaver-collector,construct,large,generic,N,14.0,5,11500.0,5.0,2.0,5.0,-3.0,0.0,-1.0,5,2,5,-3,0,-1,0.0,1.0,0.0,1.0,1.0,0.0,0.0,0.0,1.0,1.0,1.0,0.0,0.0,0.0,0.0,0.3,0.3,0.3,1.0,1.0,1.0,1.0,1.0,0.0,0.0,0.0,1.0,1.0,2.0,1.5,17.0,17.0,189.0,283.5,1.3,5.3,10.0,10.0,,70.0,91.0,70.0,70.0,70.0,63.0,= 2*35,= 2*35,= 2*35,= 3*2*10.5,Assumes +21 DPR from Summon Specters.
Cairnwight,3730991-cairnwight,BPGotG,122.0,https://www.dndbeyond.com/monsters/3730991-cairnwight,undead,huge,generic,N,9.0,4,5000.0,6.0,0.0,5.0,0.0,1.0,-1.0,6,0,9,0,5,-1,0.0,1.0,0.0,1.0,1.0,0.0,0.0,0.0,0.0,1.0,0.0,0.0,0.0,0.0,0.0,1.0,1.0,1.0,1.0,1.0,1.0,1.0,1.0,1.0,1.0,1.0,1.0,1.0,0.0,1.0,19.0,19.0,138.0,138.0,3.2,3.2,10.0,10.0,17.0,53.666668,60.333332,71.0,45.0,45.0,20.0,= 2*22.5 + 26,= 2*22.5,= 2*22.5,= 20,Assumes +20 damage from Petrifying Touch (petrified).
Cambion,17137-cambion,MM (2014),36.0,https://www.dndbeyond.com/monsters/17137-cambion,fiend,medium,generic,N,5.0,3,1800.0,4.0,4.0,3.0,2.0,1.0,3.0,7,4,6,5,1,6,0.0,0.0,0.0,0.0,0.0,0.0,0.0,0.0,0.0,0.0,0.0,0.0,0.0,0.0,0.0,0.7,0.7,0.7,1.0,0.5,0.5,1.0,0.5,1.0,0.5,1.0,1.0,1.0,4.0,1.5,19.0,19.0,82.5,123.8,4.8,4.8,7.0,7.0,,24.0,24.0,24.0,24.0,24.0,0.0,= 2*12,= 2*12,= 2*12,,
Camel,16819-camel,MM (2014),320.0,https://www.dndbeyond.com/monsters/16819-camel,beast,large,generic,N,0.125,2,25.0,3.0,-1.0,2.0,-4.0,-1.0,-3.0,3,-1,2,-4,-1,-3,0.0,0.0,0.0,0.0,0.0,0.0,0.0,0.0,0.0,0.0,0.0,0.0,0.0,0.0,0.0,1.0,1.0,1.0,1.0,1.0,1.0,1.0,1.0,1.0,1.0,1.0,1.0,1.0,-1.0,1.0,9.0,9.0,15.0,15.0,-0.7,-0.7,5.0,5.0,,2.5,2.5,2.5,2.5,2.5,0.0,= 2.5,= 2.5,= 2.5,,
Camlash,4468319-camlash,VEoR,215.0,https://www.dndbeyond.com/monsters/4468319-camlash,fiend,huge,unique,N,22.0,7,41000.0,8.0,2.0,6.0,5.0,3.0,6.0,15,2,13,5,10,13,0.0,0.0,0.0,0.0,0.0,0.0,0.0,0.0,0.0,0.0,1.0,0.0,0.0,0.0,0.0,0.7,0.7,0.7,1.0,0.5,0.0,1.0,0.5,1.0,0.0,1.0,1.0,1.0,2.0,1.0,19.0,19.0,325.0,325.0,9.7,13.7,15.0,19.0,21.0,71.0,131.86667,71.0,71.0,71.0,182.6,= 25.5 + 35 + 1*10.5,= 25.5 + 35 + 1*10.5,= 25.5 + 35 + 1*10.5,= SUM(BL413:BN413)*(1/5) + 2*70,"Assumes +4 AB from Spider Aura (Paralyzed). Assumes +20% DPR from Spider Aura (Paralyzed), and +140 damage from Death Throes."
Campestri,1979774-campestri,TWBtW,232.0,https://www.dndbeyond.com/monsters/1979774-campestri,plant,tiny,generic,N,0.0,2,10.0,-5.0,-2.0,0.0,-3.0,0.0,-1.0,-5,-2,0,-3,0,-1,0.0,0.0,0.0,0.0,0.0,0.0,0.0,0.0,0.0,0.0,0.0,0.0,0.0,0.0,0.0,1.0,1.0,1.0,1.0,1.0,1.0,1.0,1.0,1.0,1.0,1.0,1.0,1.0,-2.0,1.0,12.0,12.0,2.5,2.5,-1.8,-1.8,0.0,0.0,10.0,1.0,1.0,1.0,1.0,1.0,0.0,= 1,= 1,= 1,,
Canoloth,93850-canoloth,MToF,247.0,https://www.dndbeyond.com/monsters/93850-canoloth,fiend,medium,legacy,N,8.0,3,3900.0,4.0,0.0,3.0,-3.0,3.0,1.0,4,0,3,-3,3,1,0.0,0.0,0.0,0.0,0.0,0.0,0.0,0.0,0.0,0.0,1.0,0.0,0.0,0.0,0.0,0.7,0.7,0.7,0.0,0.5,0.5,1.0,0.5,1.0,0.0,1.0,1.0,1.0,0.0,1.5,16.0,16.0,120.0,180.0,1.3,5.3,7.0,7.0,,40.0,40.0,40.0,40.0,40.0,0.0,= 15 + 25,= 15 + 25,= 15 + 25,,
Canoloth,2560749-canoloth,MPMotM,69.0,https://www.dndbeyond.com/monsters/2560749-canoloth,fiend,medium,generic,N,8.0,3,3900.0,4.0,0.0,3.0,-3.0,3.0,1.0,4,0,3,-3,3,1,0.0,0.0,0.0,0.0,0.0,0.0,0.0,0.0,0.0,0.0,1.0,0.0,0.0,0.0,0.0,0.7,0.7,0.7,0.0,0.5,0.5,1.0,0.5,1.0,0.0,1.0,1.0,1.0,0.0,1.5,16.0,16.0,120.0,180.0,1.3,5.3,7.0,7.0,,42.0,42.0,42.0,42.0,42.0,0.0,= 25.5 + 16.5,= 25.5 + 16.5,= 25.5 + 16.5,,
Canopic Golem,1528957-canopic-golem,CM,179.0,https://www.dndbeyond.com/monsters/1528957-canopic-golem,construct,large,generic,N,13.0,5,10000.0,5.0,0.0,5.0,-2.0,0.0,-5.0,5,0,5,3,5,0,1.0,1.0,1.0,1.0,1.0,0.0,0.0,0.0,1.0,1.0,1.0,0.0,0.0,0.0,0.0,1.0,1.0,1.0,1.0,1.0,1.0,1.0,1.0,1.0,0.0,1.0,1.0,1.0,0.0,1.0,17.0,17.0,252.0,315.0,3.0,3.0,10.0,10.0,,54.0,54.0,54.0,54.0,54.0,0.0,= 2*27,= 2*27,= 2*27,,Assumes limited spell immunity works like multiple resistances. This is probably an underestimate.
Captain Othelstan,17469-captain-othelstan,HotDQ,89.0,https://www.dndbeyond.com/monsters/17469-captain-othelstan,humanoid,medium,unique,N,5.0,3,1800.0,4.0,0.0,3.0,1.0,2.0,1.0,7,0,6,1,2,1,0.0,0.0,0.0,0.0,0.0,0.0,0.0,0.0,0.0,0.0,0.0,0.0,0.0,0.0,0.0,1.0,1.0,1.0,1.0,1.0,1.0,1.0,1.0,1.0,1.0,1.0,1.0,1.0,0.0,1.0,19.0,19.0,93.5,113.5,2.8,2.8,7.0,7.0,,21.333334,21.333334,32.0,16.0,16.0,0.0,= 2*8 + 2*8,= 2*8,= 2*8,,
Caradoc,3081102-caradoc,DSotDQ,193.0,https://www.dndbeyond.com/monsters/3081102-caradoc,undead,medium,unique,N,8.0,3,3900.0,-5.0,4.0,1.0,2.0,1.0,4.0,-5,4,1,5,4,4,0.0,1.0,0.0,1.0,1.0,1.0,0.0,0.0,1.0,1.0,1.0,1.0,1.0,0.0,0.0,0.7,0.7,0.7,0.5,0.0,0.5,1.0,0.5,0.0,0.0,1.0,1.0,0.5,4.0,2.0,14.0,14.0,110.0,220.0,2.2,2.2,7.0,7.0,15.0,30.0,40.0,30.0,30.0,30.0,30.0,= 2*15,= 2*15,= 2*15,= 3*10,Assumes +10 DPR from Divisive Whisper.
Carrion Crawler,17138-carrion-crawler,MM (2014),37.0,https://www.dndbeyond.com/monsters/17138-carrion-crawler,monstrosity,large,generic,N,2.0,2,450.0,2.0,1.0,3.0,-5.0,1.0,-3.0,2,1,3,-5,1,-3,0.0,0.0,0.0,0.0,0.0,0.0,0.0,0.0,0.0,0.0,0.0,0.0,0.0,0.0,0.0,1.0,1.0,1.0,1.0,1.0,1.0,1.0,1.0,1.0,1.0,1.0,1.0,1.0,1.0,1.0,13.0,13.0,51.0,51.0,-0.2,-0.2,8.0,8.0,13.0,11.5,11.5,11.5,11.5,11.5,0.0,= 4.5 + 7,= 4.5 + 7,= 4.5 + 7,,
Carrion Stalker,1680918-carrion-stalker,VRGtR,230.0,https://www.dndbeyond.com/monsters/1680918-carrion-stalker,monstrosity,tiny,generic,N,3.0,2,700.0,-2.0,3.0,1.0,-4.0,1.0,-2.0,-2,3,1,-4,1,-2,1.0,0.0,0.0,0.0,0.0,0.0,0.0,0.0,0.0,0.0,0.0,0.0,0.0,0.0,0.0,1.0,1.0,1.0,1.0,1.0,1.0,1.0,1.0,1.0,1.0,1.0,1.0,1.0,3.0,1.0,14.0,14.0,35.0,35.0,-0.5,-0.5,5.0,7.0,,21.666666,21.666666,32.0,16.5,16.5,0.0,= 2*5.5 + 3*7,= 3*5.5,= 3*5.5,,Assumes +2 AB from advantage while being attached to a creature. Assumes Larval Burst deals 3*7 damage.
Carrionette,1680919-carrionette,VRGtR,231.0,https://www.dndbeyond.com/monsters/1680919-carrionette,construct,small,generic,N,1.0,2,200.0,0.0,2.0,1.0,-1.0,2.0,2.0,0,2,1,-1,2,2,0.0,1.0,0.0,0.0,1.0,0.0,0.0,0.0,0.0,0.0,1.0,0.0,0.0,0.0,0.0,1.0,1.0,1.0,1.0,1.0,1.0,1.0,1.0,1.0,0.5,0.5,1.0,1.0,2.0,1.0,15.0,15.0,27.0,27.0,1.0,1.0,4.0,4.0,,8.166667,8.166667,4.5,10.0,10.0,0.0,= 4.5,= 10,= 10,,Assumes Soul Swap works and deals 10 DPR while in control.
Category 1 Krasis,175630-category-1-krasis,GGtR,210.0,https://www.dndbeyond.com/monsters/175630-category-1-krasis,monstrosity,medium,generic,N,1.0,2,200.0,3.0,2.0,2.0,-4.0,1.0,-1.0,3,2,2,-4,1,-1,0.0,0.0,0.0,0.0,0.0,0.0,0.0,0.0,0.0,0.0,0.0,0.0,0.0,0.0,0.0,1.0,1.0,1.0,1.0,1.0,1.0,1.0,1.0,1.0,1.0,1.0,1.0,1.0,2.0,1.0,15.0,15.0,19.5,19.5,0.5,0.5,5.0,5.0,,16.0,16.0,16.0,16.0,16.0,0.0,= 8.5 + 7.5,= 8.5 + 7.5,= 8.5 + 7.5,,
Category 2 Krasis,175636-category-2-krasis,GGtR,211.0,https://www.dndbeyond.com/monsters/175636-category-2-krasis,monstrosity,large,generic,N,6.0,3,2300.0,4.0,2.0,3.0,-4.0,1.0,-1.0,4,2,3,-4,1,-1,0.0,0.0,0.0,0.0,0.0,0.0,0.0,0.0,0.0,0.0,0.0,0.0,0.0,0.0,0.0,1.0,1.0,1.0,1.0,1.0,1.0,1.0,1.0,1.0,1.0,1.0,1.0,1.0,2.0,1.0,15.0,15.0,136.0,136.0,0.8,0.8,7.0,7.0,,34.0,34.0,34.0,34.0,34.0,0.0,= 17 + 17,= 17 + 17,= 17 + 17,,
Catoblepas,17225-catoblepas,VGtM,129.0,https://www.dndbeyond.com/monsters/17225-catoblepas,monstrosity,large,legacy,N,5.0,3,1800.0,4.0,1.0,5.0,-4.0,2.0,-1.0,4,1,5,-4,2,-1,0.0,0.0,0.0,0.0,0.0,0.0,0.0,0.0,0.0,0.0,0.0,0.0,0.0,0.0,0.0,1.0,1.0,1.0,1.0,1.0,1.0,1.0,1.0,1.0,1.0,1.0,1.0,1.0,1.0,1.0,14.0,16.0,84.0,94.0,1.2,1.2,7.0,7.0,16.0,26.333334,31.0,36.0,21.5,21.5,14.0,= 36,= 21.5,= 21.5,= 14,Assumes +2*5 hp from Tail. Assumes +2AC from Stench (poisoned). Assumes +14 damage from Death Ray.
Catoblepas,2560750-catoblepas,MPMotM,70.0,https://www.dndbeyond.com/monsters/2560750-catoblepas,monstrosity,large,generic,N,5.0,3,1800.0,4.0,1.0,5.0,-4.0,2.0,-1.0,4,1,5,-4,2,-1,0.0,0.0,0.0,0.0,0.0,0.0,0.0,0.0,0.0,0.0,0.0,0.0,0.0,0.0,0.0,1.0,1.0,1.0,1.0,1.0,1.0,1.0,1.0,1.0,1.0,1.0,1.0,1.0,1.0,1.0,14.0,16.0,84.0,94.0,1.2,1.2,7.0,7.0,16.0,26.333334,31.0,36.0,21.5,21.5,14.0,= 36,= 21.5,= 21.5,= 14,Assumes +2*5 hp from Tail. Assumes +2AC from Stench (poisoned). Assumes +14 damage from Death Ray.
Cave Fisher,17226-cave-fisher,VGtM,130.0,https://www.dndbeyond.com/monsters/17226-cave-fisher,monstrosity,medium,legacy,N,3.0,2,700.0,3.0,1.0,2.0,-4.0,0.0,-4.0,3,1,2,-4,0,-4,0.0,0.0,0.0,0.0,0.0,0.0,0.0,0.0,0.0,0.0,0.0,0.0,0.0,0.0,0.0,1.0,1.0,1.0,1.0,1.0,1.0,1.0,1.0,1.0,1.0,1.0,1.0,1.0,1.0,1.0,16.0,16.0,58.5,58.5,-0.3,-0.3,5.0,5.0,,20.0,20.0,20.0,20.0,20.0,0.0,= 2*10,= 2*10,= 2*10,,
Cave Fisher,2560751-cave-fisher,MPMotM,73.0,https://www.dndbeyond.com/monsters/2560751-cave-fisher,monstrosity,medium,generic,N,3.0,2,700.0,3.0,1.0,2.0,-4.0,0.0,-4.0,3,1,2,-4,0,-4,0.0,0.0,0.0,0.0,0.0,0.0,0.0,0.0,0.0,0.0,0.0,0.0,0.0,0.0,0.0,1.0,1.0,1.0,1.0,1.0,1.0,1.0,1.0,1.0,1.0,1.0,1.0,1.0,1.0,1.0,16.0,16.0,58.5,58.5,-0.3,-0.3,5.0,5.0,,20.0,20.0,20.0,20.0,20.0,0.0,= 2*10,= 2*10,= 2*10,,
Centaur,16821-centaur,MM (2014),38.0,https://www.dndbeyond.com/monsters/16821-centaur,monstrosity,large,generic,N,2.0,2,450.0,4.0,2.0,2.0,-1.0,1.0,0.0,4,2,2,-1,1,0,0.0,0.0,0.0,0.0,0.0,0.0,0.0,0.0,0.0,0.0,0.0,0.0,0.0,0.0,0.0,1.0,1.0,1.0,1.0,1.0,1.0,1.0,1.0,1.0,1.0,1.0,1.0,1.0,2.0,1.0,12.0,12.0,45.0,45.0,1.3,1.3,6.0,6.0,,24.0,24.0,31.0,20.5,20.5,0.0,= 20 + 11,= 9.5 + 11,= 9.5 + 11,,
Centaur Mummy,22368-centaur-mummy,TftYP,231.0,https://www.dndbeyond.com/monsters/22368-centaur-mummy,undead,large,generic,N,6.0,3,2300.0,5.0,1.0,3.0,-3.0,2.0,1.0,5,1,3,-3,5,1,0.0,1.0,0.0,1.0,1.0,0.0,0.0,0.0,1.0,0.0,1.0,0.0,0.0,0.0,0.0,0.7,0.7,0.7,1.0,1.0,2.0,1.0,1.0,0.0,0.0,1.0,1.0,1.0,1.0,1.5,13.0,13.0,85.0,127.5,2.0,2.0,8.0,8.0,,35.333332,35.333332,42.0,32.0,32.0,0.0,=10 + 22 + 10,= 10 + 22,= 10 + 22,,
Ceratops,3730992-ceratops,BPGotG,129.0,https://www.dndbeyond.com/monsters/3730992-ceratops,monstrosity,gargantuan,generic,N,9.0,4,5000.0,7.0,-1.0,5.0,-3.0,0.0,-2.0,7,-1,5,-3,0,-2,0.0,0.0,0.0,0.0,0.0,0.0,0.0,0.0,0.0,0.0,0.0,0.0,0.0,0.0,0.0,1.0,1.0,1.0,1.0,1.0,1.0,1.0,1.0,1.0,1.0,1.0,1.0,1.0,-1.0,1.0,16.0,16.0,139.5,139.5,1.0,5.0,11.0,11.0,,61.666668,61.666668,69.0,58.0,58.0,0.0,= 40 + 29,= 29 + 29,= 29 + 29,,
Chain Devil,16822-chain-devil,MM (2014),72.0,https://www.dndbeyond.com/monsters/16822-chain-devil,fiend,medium,generic,N,8.0,3,3900.0,4.0,2.0,4.0,0.0,1.0,2.0,4,2,7,0,4,5,0.0,0.0,0.0,0.0,0.0,0.0,0.0,0.0,0.0,0.0,1.0,0.0,0.0,0.0,0.0,0.8,0.8,0.8,1.0,0.5,0.0,1.0,1.0,1.0,0.0,1.0,1.0,1.0,2.0,1.5,16.0,18.0,85.0,127.5,3.7,7.7,8.0,8.0,14.0,70.666664,70.666664,66.0,73.0,73.0,0.0,=6*11,=6*11 + 7,=6*11 + 7,,"Assumes +2 AC from Chain and Animate Chains (restrained), and from Unnerving Mask (frightened)."
Chamberlain of Zuggtmoy,17400-chamberlain-of-zuggtmoy,OotA,230.0,https://www.dndbeyond.com/monsters/17400-chamberlain-of-zuggtmoy,plant,large,generic,N,2.0,2,450.0,3.0,-2.0,2.0,0.0,-1.0,1.0,3,-2,2,0,-1,1,0.0,0.0,0.0,0.0,0.0,0.0,0.0,0.0,0.0,0.0,0.0,0.0,0.0,0.0,0.0,0.5,0.5,1.0,1.0,1.0,1.0,1.0,1.0,1.0,1.0,1.0,1.0,1.0,-2.0,1.0,13.0,15.0,45.0,45.0,0.5,0.5,5.0,5.0,,20.0,20.0,20.0,20.0,20.0,0.0,= 2*10,= 2*10,= 2*10,,Assumes +2 AC from Poison Spores.
Champion,17330-champion,VGtM,212.0,https://www.dndbeyond.com/monsters/17330-champion,humanoid,medium,legacy,N,9.0,4,5000.0,5.0,2.0,2.0,0.0,2.0,1.0,9,2,6,0,2,1,0.0,0.0,0.0,0.0,0.0,0.0,0.0,0.0,0.0,0.0,0.0,0.0,0.0,0.0,0.0,1.0,1.0,1.0,1.0,1.0,1.0,1.0,1.0,1.0,1.0,1.0,1.0,1.0,2.0,1.0,18.0,20.0,143.0,163.0,3.3,3.3,9.0,9.0,,50.0,50.0,57.0,57.0,36.0,0.0,= 3*19,= 3*19,= 3*12,,Assumes +2 AC from Indomitable.
Champion,2560752-champion,MPMotM,74.0,https://www.dndbeyond.com/monsters/2560752-champion,humanoid,medium,generic,N,9.0,4,5000.0,5.0,2.0,2.0,0.0,2.0,1.0,9,2,6,0,2,1,0.0,0.0,0.0,0.0,0.0,0.0,0.0,0.0,0.0,0.0,0.0,0.0,0.0,0.0,0.0,1.0,1.0,1.0,1.0,1.0,1.0,1.0,1.0,1.0,1.0,1.0,1.0,1.0,2.0,1.0,18.0,20.0,143.0,163.0,3.3,3.3,9.0,9.0,,57.0,57.0,57.0,57.0,57.0,0.0,= 3*19,= 3*19,= 3*19,,Assumes +2 AC from Indomitable.
Champion of Gorm,4635140-champion-of-gorm,QftIS,203.0,https://www.dndbeyond.com/monsters/4635140-champion-of-gorm,humanoid,medium,generic,N,2.0,2,450.0,3.0,0.0,1.0,1.0,2.0,3.0,5,0,1,1,4,3,0.0,0.0,0.0,0.0,0.0,0.0,0.0,0.0,0.0,0.0,0.0,0.0,0.0,0.0,0.0,1.0,1.0,1.0,1.0,1.0,1.0,1.0,1.0,1.0,1.0,1.0,1.0,1.0,0.0,1.0,19.0,21.0,33.0,33.0,2.3,2.3,5.0,5.0,,23.0,23.0,23.0,23.0,23.0,0.0,= 2*11.5,= 2*11.5,= 2*11.5,,
Champion of Madarua,4635141-champion-of-madarua,QftIS,220.0,https://www.dndbeyond.com/monsters/4635141-champion-of-madarua,humanoid,medium,generic,N,2.0,2,450.0,3.0,1.0,2.0,1.0,1.0,2.0,5,3,2,1,1,2,0.0,0.0,0.0,0.0,0.0,0.0,0.0,0.0,0.0,0.0,0.0,0.0,0.0,0.0,0.0,1.0,1.0,1.0,1.0,1.0,1.0,1.0,1.0,1.0,1.0,1.0,1.0,1.0,1.0,1.0,13.0,14.0,39.0,39.0,2.3,2.3,5.0,9.0,,25.5,25.5,25.5,25.5,25.5,0.0,= 3*8.5,= 3*8.5,= 3*8.5,,Assumes +4 AB from Aura of Fury.
Champion of Usamigaras,4635142-champion-of-usamigaras,QftIS,206.0,https://www.dndbeyond.com/monsters/4635142-champion-of-usamigaras,humanoid,medium,generic,N,2.0,2,450.0,0.0,2.0,1.0,3.0,2.0,2.0,0,2,1,5,2,4,0.0,0.0,0.0,0.0,0.0,0.0,0.0,0.0,0.0,0.0,0.0,0.0,0.0,0.0,0.0,1.0,1.0,1.0,1.0,1.0,1.0,1.0,1.0,1.0,1.0,1.0,1.0,1.0,2.0,1.0,15.0,17.0,33.0,33.0,2.3,2.3,5.0,5.0,,23.166666,23.166666,35.5,17.0,17.0,0.0,= 8.5 + 2*13.5,= 2*8.5,= 2*8.5,,Assumes +2 AC from Aura of Deception.
Changeling,487539-changeling,ERftLW,317.0,https://www.dndbeyond.com/monsters/487539-changeling,humanoid,medium,generic,N,0.5,2,100.0,-1.0,2.0,1.0,2.0,0.0,3.0,-1,2,1,2,0,3,0.0,0.0,0.0,0.0,0.0,0.0,0.0,0.0,0.0,0.0,0.0,0.0,0.0,0.0,0.0,1.0,1.0,1.0,1.0,1.0,1.0,1.0,1.0,1.0,1.0,1.0,1.0,1.0,2.0,1.0,13.0,13.0,22.0,22.0,1.2,1.2,4.0,4.0,,9.0,9.0,9.0,9.0,9.0,0.0,= 2*4.5,= 2*4.5,= 2*4.5,,
Chardalyn Berserker,1123070-chardalyn-berserker,IDRotF,280.0,https://www.dndbeyond.com/monsters/1123070-chardalyn-berserker,fiend,medium,generic,N,4.0,2,1100.0,3.0,1.0,3.0,-1.0,0.0,-1.0,3,1,3,-1,0,-1,0.0,0.0,0.0,0.0,0.0,0.0,0.0,0.0,0.0,0.0,0.0,0.0,0.0,0.0,0.0,1.0,1.0,1.0,1.0,1.0,1.0,1.0,1.0,1.0,1.0,1.0,1.0,1.0,1.0,1.0,13.0,15.0,90.0,90.0,0.8,0.8,5.0,5.0,,21.0,21.0,21.0,21.0,21.0,0.0,= 3*7,= 3*7,= 3*7,,Assumes +2 AC from poison effect of melee attacks.
Chardalyn Dragon,1123071-chardalyn-dragon,IDRotF,281.0,https://www.dndbeyond.com/monsters/1123071-chardalyn-dragon,construct,huge,unique,N,11.0,4,7200.0,7.0,0.0,4.0,0.0,0.0,-4.0,11,0,8,0,0,-4,0.0,1.0,0.0,1.0,1.0,0.0,0.0,0.0,1.0,1.0,1.0,0.0,0.0,0.0,0.0,0.7,0.7,0.7,1.0,0.0,1.0,1.0,1.0,1.0,0.0,1.0,0.5,1.0,0.0,1.25,17.0,17.0,147.0,229.7,2.5,6.5,11.0,11.0,16.0,51.333332,51.333332,62.0,46.0,46.0,0.0,= 2*31,= 2*14 + 18,= 2*14 + 18,,Assumes +25% hp from Malevolent Presence.
Charmayne Daymore,3276643-charmayne-daymore,KftGV,159.0,https://www.dndbeyond.com/monsters/3276643-charmayne-daymore,elemental,medium,unique,N,10.0,4,5900.0,-1.0,2.0,2.0,5.0,2.0,3.0,-1,2,2,9,6,7,0.0,0.0,0.0,0.0,0.0,0.0,0.0,0.0,0.0,0.0,0.0,0.0,0.0,0.0,0.0,1.0,1.0,1.0,1.0,1.0,0.0,1.0,1.0,1.0,1.0,1.0,1.0,1.0,2.0,1.0,15.0,15.0,123.5,201.5,4.2,4.2,9.0,9.0,17.0,89.833336,89.833336,101.5,84.0,84.0,0.0,= 2*35 + 3*10.5,= 3*17.5 + 3*10.5,= 3*17.5 + 3*10.5,,Assumes +16 HPR from Fiery Counterspell.
Chasme,17140-chasme,MM (2014),57.0,https://www.dndbeyond.com/monsters/17140-chasme,fiend,large,generic,N,6.0,3,2300.0,2.0,2.0,1.0,0.0,2.0,0.0,2,5,1,0,5,0,0.0,0.0,0.0,0.0,0.0,0.0,0.0,0.0,0.0,0.0,1.0,0.0,0.0,0.0,0.0,1.0,1.0,1.0,1.0,0.5,0.5,1.0,0.5,1.0,0.0,1.0,1.0,1.0,2.0,1.5,15.0,15.0,84.5,126.8,2.2,6.2,5.0,5.0,12.0,40.0,40.0,40.0,40.0,40.0,0.0,= 40,= 40,= 40,,
Chief Guh,299589-chief-guh,SKT,140.0,https://www.dndbeyond.com/monsters/299589-chief-guh,giant,huge,unique,N,5.0,3,1800.0,5.0,-5.0,4.0,-3.0,-1.0,-2.0,5,-5,4,-3,-1,-2,0.0,0.0,0.0,0.0,0.0,0.0,0.0,0.0,0.0,0.0,0.0,0.0,0.0,0.0,0.0,1.0,1.0,1.0,1.0,1.0,1.0,1.0,1.0,1.0,1.0,1.0,1.0,1.0,-5.0,1.0,9.0,9.0,105.0,160.0,-0.3,-0.3,8.0,8.0,,36.0,36.0,36.0,36.0,36.0,0.0,= 2*18,= 2*18,= 2*18,,
Chief Kartha-Kaya,299887-chief-kartha-kaya,SKT,173.0,https://www.dndbeyond.com/monsters/299887-chief-kartha-kaya,monstrosity,large,unique,N,4.0,2,1100.0,4.0,0.0,2.0,2.0,2.0,2.0,4,0,2,2,2,2,0.0,0.0,0.0,0.0,0.0,0.0,0.0,0.0,0.0,0.0,0.0,0.0,0.0,0.0,0.0,1.0,1.0,1.0,1.0,1.0,1.0,1.0,1.0,1.0,1.0,1.0,1.0,1.0,0.0,1.0,11.0,11.0,60.0,70.0,2.0,2.0,6.0,6.0,,50.0,50.0,50.0,50.0,50.0,0.0,=2*25,=2*25,=2*25,,
Chimera,16823-chimera,MM (2014),39.0,https://www.dndbeyond.com/monsters/16823-chimera,monstrosity,large,generic,N,6.0,3,2300.0,4.0,0.0,4.0,-4.0,2.0,0.0,4,0,4,-4,2,0,0.0,0.0,0.0,0.0,0.0,0.0,0.0,0.0,0.0,0.0,0.0,0.0,0.0,0.0,0.0,1.0,1.0,1.0,1.0,1.0,1.0,1.0,1.0,1.0,1.0,1.0,1.0,1.0,0.0,1.0,14.0,14.0,114.0,114.0,1.0,1.0,7.0,7.0,15.0,53.333332,53.333332,96.0,32.0,32.0,0.0,= 11 + 2*37 + 11,= 11 + 10 + 11,= 11 + 10 + 11,,
Chitine,17227-chitine,VGtM,131.0,https://www.dndbeyond.com/monsters/17227-chitine,monstrosity,small,legacy,N,0.5,2,100.0,0.0,2.0,1.0,0.0,0.0,-2.0,0,2,1,0,0,-2,0.0,0.0,0.0,0.0,0.0,0.0,0.0,0.0,0.0,0.0,0.0,0.0,0.0,0.0,0.0,1.0,1.0,1.0,1.0,1.0,1.0,1.0,1.0,1.0,1.0,1.0,1.0,1.0,2.0,1.0,14.0,14.0,18.0,18.0,0.2,0.2,4.0,4.0,,13.5,13.5,13.5,13.5,13.5,0.0,= 3*4.5,= 3*4.5,= 3*4.5,,
Chitine,2560753-chitine,MPMotM,75.0,https://www.dndbeyond.com/monsters/2560753-chitine,monstrosity,small,generic,N,0.5,2,100.0,0.0,2.0,1.0,0.0,0.0,-2.0,0,2,1,0,0,-2,0.0,0.0,0.0,0.0,0.0,0.0,0.0,0.0,0.0,0.0,0.0,0.0,0.0,0.0,0.0,1.0,1.0,1.0,1.0,1.0,1.0,1.0,1.0,1.0,1.0,1.0,1.0,1.0,2.0,1.0,14.0,14.0,18.0,18.0,0.2,0.2,4.0,4.0,,13.5,13.5,13.5,13.5,13.5,0.0,= 3*4.5,= 3*4.5,= 3*4.5,,
Choker,22369-choker,TftYP,232.0,https://www.dndbeyond.com/monsters/22369-choker,aberration,small,generic,N,1.0,2,200.0,3.0,2.0,1.0,-3.0,1.0,-2.0,3,2,1,-3,1,-2,0.0,0.0,0.0,0.0,0.0,0.0,0.0,0.0,0.0,0.0,0.0,0.0,0.0,0.0,0.0,1.0,1.0,1.0,1.0,1.0,1.0,1.0,1.0,1.0,1.0,1.0,1.0,1.0,2.0,1.0,16.0,18.0,13.5,13.5,0.3,0.3,5.0,5.0,,21.333334,21.333334,32.0,16.0,16.0,0.0,= 2*8 + 2*8,= 2*8,= 2*8,,Assumes +2 AC from Tentacle (restrained).
Choker,2560754-choker,MPMotM,76.0,https://www.dndbeyond.com/monsters/2560754-choker,aberration,small,generic,N,1.0,2,200.0,3.0,2.0,1.0,-3.0,1.0,-2.0,3,2,1,-3,1,-2,0.0,0.0,0.0,0.0,0.0,0.0,0.0,0.0,0.0,0.0,0.0,0.0,0.0,0.0,0.0,1.0,1.0,1.0,1.0,1.0,1.0,1.0,1.0,1.0,1.0,1.0,1.0,1.0,2.0,1.0,16.0,18.0,13.5,13.5,0.3,0.3,5.0,7.0,,14.666667,14.666667,22.0,11.0,11.0,0.0,= 2*5.5 + 2*5.5,= 2*5.5,= 2*5.5,,Assumes +2 AC from Tentacle (restrained). Assumes +2 AB from Tentacle.
Choldrith,17228-choldrith,VGtM,132.0,https://www.dndbeyond.com/monsters/17228-choldrith,monstrosity,medium,legacy,N,3.0,2,700.0,1.0,3.0,1.0,0.0,2.0,0.0,1,3,1,0,2,0,0.0,0.0,0.0,0.0,0.0,0.0,0.0,0.0,0.0,0.0,0.0,0.0,0.0,0.0,0.0,1.0,1.0,1.0,1.0,1.0,1.0,1.0,1.0,1.0,1.0,1.0,1.0,1.0,3.0,1.0,15.0,15.0,66.0,66.0,1.2,1.2,5.0,5.0,14.0,22.5,22.5,22.5,22.5,22.5,0.0,= 16 + 6.5,= 16 + 6.5,= 16 + 6.5,,
Choldrith,2560755-choldrith,MPMotM,77.0,https://www.dndbeyond.com/monsters/2560755-choldrith,monstrosity,medium,generic,N,3.0,2,700.0,1.0,3.0,1.0,0.0,2.0,0.0,1,3,1,0,2,0,0.0,0.0,0.0,0.0,0.0,0.0,0.0,0.0,0.0,0.0,0.0,0.0,0.0,0.0,0.0,1.0,1.0,1.0,1.0,1.0,1.0,1.0,1.0,1.0,1.0,1.0,1.0,1.0,3.0,1.0,15.0,15.0,66.0,66.0,1.2,1.2,5.0,5.0,14.0,22.5,22.5,22.5,22.5,22.5,0.0,= 16 + 6.5,= 16 + 6.5,= 16 + 6.5,,
Chuul,16824-chuul,MM (2014),40.0,https://www.dndbeyond.com/monsters/16824-chuul,aberration,large,generic,N,4.0,2,1100.0,4.0,0.0,3.0,-3.0,0.0,-3.0,4,0,3,-3,0,-3,0.0,0.0,0.0,0.0,0.0,0.0,0.0,0.0,0.0,0.0,1.0,0.0,0.0,0.0,0.0,1.0,1.0,1.0,1.0,1.0,1.0,1.0,1.0,1.0,0.0,1.0,1.0,1.0,0.0,1.0,16.0,16.0,93.5,93.5,0.2,0.2,6.0,6.0,13.0,22.0,22.0,22.0,22.0,22.0,0.0,= 2*11,= 2*11,= 2*11,,
Chuul Spore Servant,17393-chuul-spore-servant,OotA,228.0,https://www.dndbeyond.com/monsters/17393-chuul-spore-servant,plant,large,generic,N,4.0,2,1100.0,4.0,0.0,3.0,-4.0,-2.0,-5.0,4,0,3,-4,-2,-5,1.0,1.0,0.0,0.0,1.0,0.0,0.0,0.0,1.0,0.0,1.0,0.0,0.0,0.0,0.0,1.0,1.0,1.0,1.0,1.0,1.0,1.0,1.0,1.0,0.0,1.0,1.0,1.0,0.0,1.0,16.0,16.0,93.5,93.5,-0.7,-0.7,6.0,6.0,,22.0,22.0,22.0,22.0,22.0,0.0,= 2*11,= 2*11,= 2*11,,
Chwinga,33021-chwinga,ToA,216.0,https://www.dndbeyond.com/monsters/33021-chwinga,elemental,tiny,generic,N,0.0,2,10.0,-5.0,5.0,0.0,2.0,3.0,3.0,-5,5,0,2,3,3,0.0,0.0,0.0,0.0,0.0,0.0,0.0,0.0,0.0,0.0,0.0,0.0,0.0,0.0,0.0,1.0,1.0,1.0,1.0,1.0,1.0,1.0,1.0,1.0,1.0,1.0,1.0,1.0,5.0,1.0,15.0,15.0,5.0,5.0,1.3,3.3,0.0,0.0,,0.0,0.0,0.0,0.0,0.0,0.0,= 0,= 0,= 0,,Assumes +2 from Evasion.
Chwinga Astronaut,2821159-chwinga-astronaut,SAiS:BAM,17.0,https://www.dndbeyond.com/monsters/2821159-chwinga-astronaut,elemental,tiny,generic,N,0.0,2,10.0,-5.0,5.0,0.0,2.0,3.0,3.0,-5,5,0,2,3,3,0.0,0.0,0.0,0.0,0.0,0.0,0.0,0.0,0.0,0.0,0.0,0.0,0.0,0.0,0.0,1.0,1.0,1.0,1.0,1.0,1.0,1.0,1.0,1.0,1.0,1.0,1.0,1.0,5.0,1.0,15.0,15.0,7.5,7.5,1.3,3.3,0.0,0.0,,0.0,0.0,0.0,0.0,0.0,0.0,= 0,= 0,= 0,,Assumes +2 from Evasion.
Cinder Hulk,3730993-cinder-hulk,BPGotG,123.0,https://www.dndbeyond.com/monsters/3730993-cinder-hulk,elemental,large,generic,N,7.0,3,2900.0,5.0,1.0,5.0,-1.0,2.0,0.0,5,4,8,-1,5,0,0.0,0.0,0.0,1.0,0.0,0.0,0.0,0.0,0.0,0.0,1.0,0.0,0.0,0.0,0.0,1.0,1.0,1.0,1.0,1.0,0.0,1.0,1.0,1.0,0.0,1.0,1.0,1.0,1.0,1.0,16.0,16.0,84.0,84.0,3.5,3.5,8.0,8.0,16.0,56.333332,63.333332,63.0,53.0,53.0,21.0,= 2*31.5,= 2*26.5,= 2*26.5,= 2*10.5,
Citadel Spider,4468320-citadel-spider,VEoR,214.0,https://www.dndbeyond.com/monsters/4468320-citadel-spider,monstrosity,gargantuan,legendary,L,18.0,6,20000.0,8.0,0.0,5.0,-2.0,1.0,-1.0,8,0,5,-2,1,-1,0.0,1.0,0.0,1.0,1.0,0.0,0.0,0.0,0.0,0.0,0.0,0.0,0.0,0.0,0.0,1.0,1.0,1.0,1.0,1.0,1.0,1.0,1.0,1.0,1.0,1.0,1.0,1.0,0.0,1.0,18.0,18.0,360.0,483.0,1.8,1.8,14.0,14.0,19.0,71.5,71.5,71.5,71.5,71.5,0.0,= 26 + 24.5 + 2*10.5,= 26 + 24.5 + 2*10.5,= 26 + 24.5 + 2*10.5,,Assumes +11 HP per round from Absorb Blow.
Clapperclaw the Scarecrow,1979775-clapperclaw-the-scarecrow,TWBtW,78.0,https://www.dndbeyond.com/monsters/1979775-clapperclaw-the-scarecrow,construct,small,unique,N,0.5,2,100.0,2.0,1.0,0.0,-2.0,0.0,0.0,2,1,0,-2,0,0,0.0,1.0,0.0,1.0,1.0,0.0,0.0,0.0,1.0,0.0,1.0,0.0,0.0,0.0,1.0,1.0,1.0,1.0,1.0,1.0,2.0,1.0,1.0,1.0,0.0,1.0,1.0,1.0,1.0,1.0,12.0,13.0,14.0,14.0,0.2,0.2,5.0,5.0,,7.0,7.0,7.0,7.0,7.0,0.0,= 7,= 7,= 7,,Assumes +1 AC from Unsettling Presence (frightened).
Clawfoot,561380-clawfoot,ERftLW,289.0,https://www.dndbeyond.com/monsters/561380-clawfoot,beast,medium,generic,N,1.0,2,200.0,1.0,3.0,2.0,-3.0,1.0,-2.0,1,3,2,-3,1,-2,0.0,0.0,0.0,0.0,0.0,0.0,0.0,0.0,0.0,0.0,0.0,0.0,0.0,0.0,0.0,1.0,1.0,1.0,1.0,1.0,1.0,1.0,1.0,1.0,1.0,1.0,1.0,1.0,3.0,1.0,13.0,13.0,19.5,19.5,0.3,0.3,5.0,6.0,,16.333334,16.333334,21.0,14.0,14.0,0.0,= 7 + 7 + 7,= 7 + 7,= 7 + 7,,
Clay Golem,16825-clay-golem,MM (2014),168.0,https://www.dndbeyond.com/monsters/16825-clay-golem,construct,large,generic,N,9.0,4,5000.0,5.0,-1.0,4.0,-4.0,-1.0,-5.0,5,-1,4,-4,-1,-5,0.0,1.0,0.0,1.0,1.0,0.0,0.0,0.0,1.0,1.0,1.0,0.0,0.0,0.0,0.0,0.3,0.3,0.3,0.0,1.0,1.0,1.0,1.0,1.0,0.0,0.0,1.0,1.0,-1.0,2.0,14.0,15.0,133.0,266.0,-0.3,3.7,8.0,8.0,15.0,32.0,32.0,16.0,48.0,32.0,0.0,= 16,= 2*16 + 16,= 2*16,,Assumes +1 AC from Haste.
Cloaker,16826-cloaker,MM (2014),41.0,https://www.dndbeyond.com/monsters/16826-cloaker,aberration,large,generic,N,8.0,3,3900.0,3.0,2.0,1.0,1.0,1.0,2.0,3,2,1,1,1,2,0.0,0.0,0.0,0.0,0.0,0.0,0.0,0.0,0.0,0.0,0.0,0.0,0.0,0.0,0.0,1.0,1.0,1.0,1.0,1.0,1.0,1.0,1.0,1.0,1.0,1.0,1.0,1.0,2.0,1.0,14.0,14.0,78.0,156.0,1.7,1.7,6.0,6.0,,43.0,43.0,43.0,43.0,43.0,0.0,=10+7+78/3,=10+7+78/3,=10+7+78/3,,
Cloaker Mutate,3805738-cloaker-mutate,PaBTSO,212.0,https://www.dndbeyond.com/monsters/3805738-cloaker-mutate,aberration,large,generic,N,10.0,4,5900.0,4.0,2.0,1.0,4.0,1.0,0.0,4,2,1,4,1,0,0.0,0.0,0.0,1.0,0.0,0.0,0.0,0.0,0.0,0.0,1.0,0.0,0.0,0.0,0.0,1.0,1.0,1.0,1.0,1.0,1.0,1.0,1.0,0.5,0.5,0.5,1.0,1.0,2.0,1.5,14.0,17.0,143.0,214.5,2.0,4.0,8.0,8.0,16.0,69.5,69.5,104.5,52.0,52.0,0.0,= 4*13 + 3*17.5,= 4*13,= 4*13,,Assumes +3 AC from Phantasmal Duplicates (disadvantage).
Clockwork Bronze Scout,2560756-clockwork-bronze-scout,MPMotM,79.0,https://www.dndbeyond.com/monsters/2560756-clockwork-bronze-scout,construct,medium,generic,N,1.0,2,200.0,0.0,3.0,0.0,-4.0,2.0,-5.0,0,3,0,-4,2,-5,0.0,1.0,0.0,1.0,1.0,0.0,0.0,0.0,1.0,1.0,1.0,0.0,0.0,0.0,0.0,1.0,1.0,1.0,1.0,1.0,1.0,1.0,1.0,1.0,0.0,1.0,1.0,1.0,3.0,1.0,13.0,17.0,36.0,36.0,-0.7,7.3,5.0,5.0,13.0,15.333333,15.333333,28.0,9.0,9.0,0.0,= 2*14,= 9,= 9,,Assumes +4 AC from Earth Armor. Assumes +4 SB from Earth Armor.
Clockwork Defender,3276644-clockwork-defender,KftGV,85.0,https://www.dndbeyond.com/monsters/3276644-clockwork-defender,construct,medium,generic,N,1.0,2,200.0,3.0,2.0,4.0,-4.0,2.0,-5.0,3,2,4,-4,2,-5,0.0,1.0,0.0,1.0,1.0,0.0,0.0,0.0,1.0,1.0,1.0,0.0,0.0,0.0,0.0,1.0,1.0,1.0,1.0,1.0,1.0,1.0,1.0,1.0,0.0,1.0,1.0,1.0,2.0,1.0,17.0,17.0,42.5,42.5,0.3,0.3,5.0,5.0,,14.5,14.5,14.5,14.5,14.5,0.0,= 14.5,= 14.5,= 14.5,,
Clockwork Iron Cobra,2560757-clockwork-iron-cobra,MPMotM,79.0,https://www.dndbeyond.com/monsters/2560757-clockwork-iron-cobra,construct,medium,generic,N,4.0,2,1100.0,1.0,3.0,2.0,-4.0,0.0,-5.0,1,3,2,-4,0,-5,0.0,1.0,0.0,1.0,1.0,0.0,0.0,0.0,1.0,1.0,1.0,0.0,0.0,0.0,0.0,1.0,1.0,1.0,1.0,1.0,1.0,1.0,1.0,1.0,0.0,1.0,1.0,1.0,3.0,1.0,13.0,13.0,91.0,101.0,-0.5,3.5,5.0,5.0,13.0,6.5,20.0,6.5,6.5,6.5,40.5,= 6.5,= 6.5,= 6.5,= 3*13.5,Assumes +2*5 hp from Bite. Assumes +13.5 DPR from Bite.
Clockwork Oaken Bolter,2560758-clockwork-oaken-bolter,MPMotM,80.0,https://www.dndbeyond.com/monsters/2560758-clockwork-oaken-bolter,construct,medium,generic,N,5.0,3,1800.0,1.0,4.0,2.0,-4.0,0.0,-5.0,1,4,2,-4,0,-5,0.0,1.0,0.0,1.0,1.0,0.0,0.0,0.0,1.0,1.0,1.0,0.0,0.0,0.0,0.0,1.0,1.0,1.0,1.0,1.0,1.0,1.0,1.0,1.0,0.0,1.0,1.0,1.0,4.0,1.0,16.0,16.0,117.0,117.0,-0.3,3.7,7.0,7.0,15.0,31.666666,31.666666,35.0,30.0,30.0,0.0,= 2*17.5,= 2*15,= 2*15,,
Clockwork Observer,3276645-clockwork-observer,KftGV,85.0,https://www.dndbeyond.com/monsters/3276645-clockwork-observer,construct,tiny,generic,N,0.0,2,10.0,-5.0,3.0,1.0,-4.0,2.0,-5.0,-5,3,1,-4,2,-5,0.0,1.0,0.0,1.0,1.0,0.0,0.0,0.0,1.0,1.0,1.0,0.0,0.0,0.0,0.0,1.0,1.0,1.0,1.0,1.0,1.0,1.0,1.0,1.0,0.0,1.0,1.0,1.0,3.0,1.0,14.0,14.0,7.0,7.0,-1.3,-1.3,0.0,0.0,,0.0,0.0,0.0,0.0,0.0,0.0,= 0,= 0,= 0,,
Clockwork Stone Defender,2560759-clockwork-stone-defender,MPMotM,80.0,https://www.dndbeyond.com/monsters/2560759-clockwork-stone-defender,construct,medium,generic,N,4.0,2,1100.0,4.0,0.0,3.0,-4.0,0.0,-5.0,4,0,3,-4,0,-5,0.0,1.0,0.0,1.0,1.0,0.0,0.0,0.0,1.0,1.0,1.0,0.0,0.0,0.0,0.0,1.0,1.0,1.0,1.0,1.0,1.0,1.0,1.0,1.0,0.0,1.0,1.0,1.0,0.0,1.0,16.0,21.0,105.0,105.0,-0.3,3.7,6.0,6.0,,11.0,11.0,11.0,11.0,11.0,0.0,= 11,= 11,= 11,,Assumes +5 AC from Intercept Attack.
Cloud Giant,16827-cloud-giant,MM (2014),154.0,https://www.dndbeyond.com/monsters/16827-cloud-giant,giant,huge,generic,N,9.0,4,5000.0,8.0,0.0,6.0,1.0,3.0,3.0,8,0,10,1,7,7,0.0,0.0,0.0,0.0,0.0,0.0,0.0,0.0,0.0,0.0,0.0,0.0,0.0,0.0,0.0,1.0,1.0,1.0,1.0,1.0,1.0,1.0,1.0,1.0,1.0,1.0,1.0,1.0,0.0,1.0,14.0,14.0,200.0,200.0,5.5,5.5,12.0,12.0,15.0,42.0,42.0,42.0,42.0,42.0,0.0,= 2*21,= 2*21,= 2*21,,
Cloud Giant Destiny Gambler,3730994-cloud-giant-destiny-gambler,BPGotG,124.0,https://www.dndbeyond.com/monsters/3730994-cloud-giant-destiny-gambler,giant,huge,generic,N,19.0,6,22000.0,8.0,1.0,6.0,4.0,3.0,6.0,8,1,12,10,9,12,0.0,0.0,0.0,0.0,0.0,0.0,0.0,0.0,0.0,0.0,0.0,0.0,0.0,0.0,0.0,1.0,1.0,1.0,1.0,1.0,1.0,1.0,1.0,1.0,1.0,1.0,1.0,0.0,1.0,1.0,15.0,15.0,337.5,397.5,8.7,8.7,14.0,14.0,20.0,122.0,122.0,156.0,105.0,105.0,0.0,= 3*52,= 3*35,= 3*35,,Assumes +20 HP per round from Negate Spell.
Cloud Giant Ghost,1528958-cloud-giant-ghost,CM,146.0,https://www.dndbeyond.com/monsters/1528958-cloud-giant-ghost,undead,huge,generic,N,9.0,4,5000.0,8.0,0.0,0.0,1.0,3.0,3.0,8,0,0,1,7,7,0.0,1.0,0.0,1.0,1.0,1.0,0.0,0.0,1.0,1.0,1.0,1.0,1.0,0.0,0.0,1.0,1.0,1.0,1.0,0.5,1.0,1.0,1.0,0.0,0.0,1.0,1.0,1.0,0.0,1.0,15.0,17.0,104.0,134.0,3.8,3.8,12.0,12.0,,45.166668,45.166668,49.5,43.0,43.0,0.0,= 3*16.5,= 2*21.5,= 2*21.5,,Assumes +2 AC from flying.
Cloud Giant of Evil Air,3730995-cloud-giant-of-evil-air,BPGotG,125.0,https://www.dndbeyond.com/monsters/3730995-cloud-giant-of-evil-air,giant,huge,generic,N,12.0,4,8400.0,8.0,0.0,6.0,1.0,3.0,4.0,8,0,10,1,7,8,0.0,0.0,0.0,0.0,0.0,0.0,0.0,0.0,0.0,0.0,0.0,0.0,0.0,0.0,0.0,1.0,1.0,1.0,1.0,1.0,1.0,1.0,1.0,1.0,1.0,1.0,1.0,1.0,0.0,1.0,14.0,18.0,200.0,200.0,5.7,5.7,12.0,12.0,16.0,59.5,71.5,59.5,59.5,59.5,36.0,= 2*18.5 + 22.5,= 2*18.5 + 22.5,= 2*18.5 + 22.5,= 36,Assumes +4 AC from flying with Flyby. Assumes +36 damage from Storm Boomerang (stunned).
Cloud Giant Smiling One,17251-cloud-giant-smiling-one,VGtM,146.0,https://www.dndbeyond.com/monsters/17251-cloud-giant-smiling-one,giant,huge,legacy,N,11.0,4,7200.0,8.0,1.0,6.0,2.0,3.0,3.0,8,1,10,6,3,7,0.0,0.0,0.0,0.0,0.0,0.0,0.0,0.0,0.0,0.0,0.0,0.0,0.0,0.0,0.0,1.0,1.0,1.0,1.0,1.0,1.0,1.0,1.0,1.0,1.0,1.0,1.0,1.0,1.0,1.0,15.0,15.0,262.5,262.5,5.8,5.8,12.0,12.0,,43.0,43.0,43.0,43.0,43.0,0.0,= 2*21.5,= 2*21.5,= 2*21.5,,
Cloud Giant Smiling One,2560760-cloud-giant-smiling-one,MPMotM,81.0,https://www.dndbeyond.com/monsters/2560760-cloud-giant-smiling-one,giant,huge,generic,N,11.0,4,7200.0,8.0,1.0,6.0,2.0,3.0,3.0,8,1,10,6,3,7,0.0,0.0,0.0,0.0,0.0,0.0,0.0,0.0,0.0,0.0,0.0,0.0,0.0,0.0,0.0,1.0,1.0,1.0,1.0,1.0,1.0,1.0,1.0,1.0,1.0,1.0,1.0,1.0,1.0,1.0,15.0,15.0,250.0,250.0,5.8,5.8,12.0,12.0,,54.0,54.0,54.0,54.0,54.0,0.0,= 2*27,= 2*27,= 2*27,,
Cockatrice,16828-cockatrice,MM (2014),42.0,https://www.dndbeyond.com/monsters/16828-cockatrice,monstrosity,small,generic,N,0.5,2,100.0,-2.0,1.0,1.0,-4.0,1.0,-3.0,-2,1,1,-4,1,-3,0.0,0.0,0.0,0.0,0.0,0.0,0.0,0.0,0.0,0.0,0.0,0.0,0.0,0.0,0.0,1.0,1.0,1.0,1.0,1.0,1.0,1.0,1.0,1.0,1.0,1.0,1.0,1.0,1.0,1.0,11.0,11.0,27.0,54.0,-1.0,-1.0,3.0,3.0,11.0,3.0,3.0,3.0,3.0,3.0,0.0,= 3,= 3,= 3,,Assumes hp is doubled from petrifying bite.
Cogwork Archivist,2160300-cogwork-archivist,SACoC,188.0,https://www.dndbeyond.com/monsters/2160300-cogwork-archivist,construct,large,generic,N,4.0,2,1100.0,4.0,0.0,2.0,3.0,0.0,-2.0,4,0,2,3,0,-2,0.0,1.0,0.0,1.0,1.0,0.0,0.0,0.0,0.0,1.0,1.0,0.0,0.0,0.0,0.0,1.0,1.0,1.0,1.0,1.0,1.0,1.0,1.0,1.0,0.0,1.0,1.0,1.0,0.0,1.0,17.0,17.0,90.0,90.0,1.2,5.2,6.0,6.0,,26.0,26.0,26.0,26.0,26.0,0.0,= 2*13,= 2*13,= 2*13,,
Coldlight Walker,1123078-coldlight-walker,IDRotF,284.0,https://www.dndbeyond.com/monsters/1123078-coldlight-walker,undead,medium,generic,N,5.0,3,1800.0,2.0,0.0,3.0,-1.0,0.0,-1.0,2,0,3,2,3,-1,1.0,1.0,0.0,1.0,0.0,0.0,0.0,0.0,1.0,1.0,1.0,0.0,0.0,0.0,0.0,1.0,1.0,1.0,1.0,0.0,1.0,1.0,1.0,1.0,1.0,1.0,1.0,1.0,0.0,1.0,13.0,14.0,82.5,82.5,1.5,1.5,5.0,6.0,,50.0,50.0,50.0,50.0,50.0,0.0,=2*25,=2*25,=2*25,,Assumes +1 AC from Blinding Light. Assumes +1 AB from Blinding Light.
Colossus of Akros,909479-colossus-of-akros,MOoT,218.0,https://www.dndbeyond.com/monsters/909479-colossus-of-akros,construct,gargantuan,unique,N,23.0,7,50000.0,9.0,0.0,7.0,-4.0,0.0,-5.0,16,0,14,-4,0,-5,0.0,1.0,0.0,1.0,1.0,0.0,0.0,0.0,1.0,1.0,1.0,0.0,0.0,1.0,1.0,0.2,0.2,0.2,1.0,1.0,0.0,1.0,1.0,1.0,0.0,0.0,1.0,1.0,0.0,1.25,21.0,21.0,350.0,437.5,3.5,3.5,16.0,16.0,22.0,131.33333,131.33333,108.0,126.0,160.0,0.0,= 3*36,= 2*36 + 3*18,= 2*36 + 2*44,,
Combat Robot,4635143-combat-robot,QftIS,214.0,https://www.dndbeyond.com/monsters/4635143-combat-robot,construct,medium,generic,N,6.0,3,2300.0,5.0,2.0,3.0,0.0,2.0,0.0,5,2,6,0,2,3,0.0,0.0,0.0,1.0,0.0,0.0,0.0,0.0,0.0,0.0,1.0,0.0,0.0,0.0,0.0,1.0,1.0,1.0,0.5,0.0,0.5,1.0,1.0,1.0,0.0,1.0,1.0,1.0,2.0,1.0,15.0,15.0,112.5,112.5,3.0,3.0,5.0,5.0,15.0,48.0,48.0,48.0,48.0,48.0,0.0,= 3*16,= 3*16,= 3*16,,
Conjurer,17331-conjurer,VGtM,212.0,https://www.dndbeyond.com/monsters/17331-conjurer,humanoid,medium,legacy,N,6.0,3,2300.0,-1.0,2.0,0.0,3.0,1.0,0.0,-1,2,0,6,4,0,0.0,0.0,0.0,0.0,0.0,0.0,0.0,0.0,0.0,0.0,0.0,0.0,0.0,0.0,0.0,1.0,1.0,1.0,1.0,1.0,1.0,1.0,1.0,1.0,1.0,1.0,1.0,1.0,2.0,1.0,15.0,15.0,40.5,60.8,1.8,1.8,6.0,6.0,14.0,67.333336,67.333336,70.0,70.0,62.0,0.0,= 2*35,= 2*35,= 2*31,,Assumes resistance to non-magical damage from stoneskin.
Conjurer Wizard,2560761-conjurer-wizard,MPMotM,260.0,https://www.dndbeyond.com/monsters/2560761-conjurer-wizard,humanoid,medium,generic,N,6.0,3,2300.0,-1.0,2.0,0.0,3.0,1.0,0.0,-1,2,0,6,4,0,0.0,0.0,0.0,0.0,0.0,0.0,0.0,0.0,0.0,0.0,0.0,0.0,0.0,0.0,0.0,1.0,1.0,1.0,1.0,1.0,1.0,1.0,1.0,1.0,1.0,1.0,1.0,1.0,2.0,1.0,15.0,15.0,58.5,88.5,1.8,1.8,6.0,6.0,,67.0,67.0,28.0,86.5,86.5,0.0,= 2*14,= 3*19.5 + 2*14,= 3*19.5 + 2*14,,Assumes +2*15 HP from Benign Transportation.
Constrictor Snake,16830-constrictor-snake,MM (2014),320.0,https://www.dndbeyond.com/monsters/16830-constrictor-snake,beast,large,generic,N,0.25,2,50.0,2.0,2.0,1.0,-5.0,0.0,-4.0,2,2,1,-5,0,-4,0.0,0.0,0.0,0.0,0.0,0.0,0.0,0.0,0.0,0.0,0.0,0.0,0.0,0.0,0.0,1.0,1.0,1.0,1.0,1.0,1.0,1.0,1.0,1.0,1.0,1.0,1.0,1.0,2.0,1.0,12.0,12.0,13.0,13.0,-0.7,-0.7,4.0,4.0,,6.5,6.5,6.5,6.5,6.5,0.0,= 6.5,= 6.5,= 6.5,,
Constructed Commoner,1528959-constructed-commoner,CM,149.0,https://www.dndbeyond.com/monsters/1528959-constructed-commoner,construct,medium,generic,N,0.0,2,10.0,0.0,0.0,2.0,0.0,0.0,0.0,0,0,2,0,0,0,0.0,0.0,0.0,1.0,0.0,0.0,0.0,0.0,0.0,0.0,1.0,0.0,0.0,0.0,0.0,1.0,1.0,1.0,1.0,1.0,1.0,1.0,1.0,1.0,0.0,1.0,1.0,1.0,0.0,1.0,15.0,15.0,6.5,6.5,0.3,0.3,2.0,2.0,,2.5,2.5,2.5,2.5,2.5,0.0,= 2.5,= 2.5,= 2.5,,
Copper Dragon Wyrmling,16831-copper-dragon-wyrmling,MM (2014),112.0,https://www.dndbeyond.com/monsters/16831-copper-dragon-wyrmling,dragon,medium,generic,N,1.0,2,200.0,2.0,1.0,1.0,2.0,0.0,1.0,2,3,3,2,2,3,0.0,0.0,0.0,0.0,0.0,0.0,0.0,0.0,0.0,0.0,0.0,0.0,0.0,0.0,0.0,1.0,1.0,1.0,0.0,1.0,1.0,1.0,1.0,1.0,1.0,1.0,1.0,1.0,1.0,1.0,16.0,16.0,22.0,22.0,2.5,2.5,4.0,4.0,11.0,16.666666,16.666666,36.0,7.0,7.0,0.0,= 2*18,= 7,= 7,,
Copper Greatwyrm,2059711-copper-greatwyrm,FToD,208.0,https://www.dndbeyond.com/monsters/2059711-copper-greatwyrm,dragon,gargantuan,legendary,L,28.0,8,120000.0,10.0,3.0,9.0,5.0,6.0,10.0,10,11,17,13,14,18,0.0,1.0,0.0,0.0,1.0,0.0,0.0,0.0,0.0,0.0,1.0,0.0,0.0,0.0,0.0,1.0,1.0,1.0,0.0,1.0,1.0,1.0,1.0,1.0,1.0,1.0,1.0,1.0,3.0,1.0,22.0,22.0,565.5,685.5,13.8,13.8,18.0,18.0,25.0,195.0,195.0,315.0,135.0,135.0,0.0,= 3*84 + 3*21,= 34 + 2*19 + 3*21,= 34 + 2*19 + 3*21,,
Core Spawn Crawler,744305-core-spawn-crawler,EGtW,286.0,https://www.dndbeyond.com/monsters/744305-core-spawn-crawler,aberration,small,generic,N,1.0,2,200.0,-2.0,2.0,0.0,-1.0,1.0,-2.0,-2,2,0,-1,1,-2,1.0,0.0,0.0,0.0,0.0,0.0,0.0,0.0,0.0,0.0,0.0,0.0,0.0,0.0,0.0,1.0,1.0,1.0,1.0,1.0,1.0,1.0,1.0,1.0,1.0,0.0,1.0,1.0,2.0,1.0,12.0,13.0,21.0,21.0,-0.3,-0.3,4.0,5.0,,19.0,19.0,19.0,19.0,19.0,0.0,= 4.5 + 2*4.5 + 5.5,= 4.5 + 2*4.5 + 5.5,= 4.5 + 2*4.5 + 5.5,,Assumes +1 AC from Bite (frightened).
Core Spawn Emissary,744306-core-spawn-emissary,EGtW,286.0,https://www.dndbeyond.com/monsters/744306-core-spawn-emissary,aberration,medium,generic,N,6.0,3,2300.0,3.0,2.0,4.0,-1.0,1.0,-1.0,3,5,4,-1,4,2,1.0,0.0,0.0,0.0,0.0,0.0,0.0,0.0,0.0,0.0,0.0,0.0,0.0,0.0,0.0,1.0,1.0,1.0,1.0,1.0,1.0,1.0,1.0,1.0,1.0,0.0,1.0,1.0,2.0,1.0,15.0,15.0,102.0,102.0,2.8,6.8,6.0,6.0,14.0,42.0,42.0,42.0,42.0,42.0,0.0,= 3*14,= 3*14,= 3*14,,
Core Spawn Seer,744307-core-spawn-seer,EGtW,286.0,https://www.dndbeyond.com/monsters/744307-core-spawn-seer,aberration,medium,generic,N,13.0,5,10000.0,2.0,1.0,4.0,6.0,4.0,3.0,2,6,4,11,9,8,0.0,1.0,0.0,0.0,1.0,0.0,0.0,0.0,0.0,0.0,0.0,0.0,0.0,0.0,0.0,1.0,1.0,1.0,1.0,1.0,1.0,1.0,1.0,1.0,1.0,0.0,1.0,1.0,1.0,1.0,17.0,17.0,153.0,222.0,6.7,10.7,8.0,8.0,19.0,55.0,58.5,55.0,55.0,55.0,10.5,= 2*27.5,= 2*27.5,= 2*27.5,= 3*3.5,"Assumes +3*7 hit points from Fuse Damage, 6*8 hit points from Psychedelic Orb."
Core Spawn Worm,744308-core-spawn-worm,EGtW,287.0,https://www.dndbeyond.com/monsters/744308-core-spawn-worm,aberration,gargantuan,generic,N,15.0,5,13000.0,8.0,-3.0,5.0,-2.0,-1.0,-3.0,8,-3,10,-2,4,-3,0.0,1.0,0.0,0.0,1.0,0.0,0.0,0.0,0.0,0.0,0.0,0.0,0.0,0.0,0.0,1.0,1.0,1.0,1.0,2.0,0.0,1.0,1.0,1.0,1.0,0.0,1.0,1.0,-3.0,1.0,18.0,19.0,279.0,279.0,2.3,2.3,13.0,15.0,,56.0,70.0,56.0,56.0,56.0,42.0,= 25.5 + 30.5,= 25.5 + 30.5,= 25.5 + 30.5,= 2*21,Assumes +1 AC from Barbed Tentacles (restrained). Assumes +2 AB from Barbed Tentacles.
Corpse Flower,94136-corpse-flower,MToF,127.0,https://www.dndbeyond.com/monsters/94136-corpse-flower,plant,large,legacy,N,8.0,3,3900.0,2.0,2.0,3.0,-2.0,2.0,-4.0,2,2,3,-2,2,-4,1.0,0.0,1.0,0.0,0.0,0.0,0.0,0.0,0.0,0.0,0.0,0.0,0.0,0.0,0.0,1.0,1.0,1.0,1.0,1.0,1.0,1.0,1.0,1.0,1.0,1.0,1.0,1.0,2.0,1.0,12.0,12.0,127.5,160.5,0.5,0.5,5.0,5.0,14.0,69.0,82.799995,69.0,69.0,69.0,41.4,= 3*23,= 3*23,= 3*23,= 3*(1/5)*BL507,Assumes +3*11 hp from Digest. Assumes +20% DPR from Stench of Death (incapacitated).
Corpse Flower,2560762-corpse-flower,MPMotM,82.0,https://www.dndbeyond.com/monsters/2560762-corpse-flower,plant,large,generic,N,8.0,3,3900.0,2.0,2.0,3.0,-2.0,2.0,-4.0,2,2,3,-2,2,-4,1.0,0.0,1.0,0.0,0.0,0.0,0.0,0.0,0.0,0.0,1.0,0.0,0.0,0.0,0.0,1.0,1.0,1.0,1.0,1.0,1.0,1.0,1.0,1.0,1.0,1.0,1.0,1.0,2.0,1.0,12.0,14.0,127.5,160.5,0.5,0.5,5.0,5.0,,58.5,58.5,58.5,58.5,58.5,0.0,= 3*19.5,= 3*19.5,= 3*19.5,,Assumes +3*11 hp from Digest. Assumes +2 AC from Stench of Death (poisoned).
Corrupted Avatar of Lurue,1528960-corrupted-avatar-of-lurue,CM,123.0,https://www.dndbeyond.com/monsters/1528960-corrupted-avatar-of-lurue,monstrosity,large,unique,N,8.0,3,3900.0,4.0,2.0,2.0,0.0,3.0,3.0,4,2,2,3,6,6,0.0,1.0,0.0,0.0,0.0,0.0,0.0,0.0,1.0,0.0,1.0,0.0,0.0,0.0,0.0,1.0,1.0,1.0,1.0,1.0,1.0,1.0,1.0,1.0,0.0,1.0,1.0,1.0,2.0,1.0,14.0,14.0,90.0,120.0,3.8,3.8,7.0,7.0,13.0,64.0,64.0,64.0,64.0,64.0,0.0,= 32 + 32,= 32 + 32,= 32 + 32,,Assumes +30 HP from transforming PCs into wolves.
Corrupted Giant Shark,2407532-corrupted-giant-shark,CRCotN,196.0,https://www.dndbeyond.com/monsters/2407532-corrupted-giant-shark,aberration,huge,generic,N,9.0,4,5000.0,6.0,0.0,5.0,-5.0,0.0,-3.0,6,0,5,-5,0,-3,0.0,0.0,0.0,0.0,0.0,0.0,0.0,0.0,0.0,0.0,0.0,0.0,0.0,0.0,0.0,1.0,1.0,1.0,1.0,1.0,1.0,1.0,1.0,1.0,1.0,1.0,1.0,1.0,0.0,1.0,13.0,13.0,126.5,156.5,0.5,0.5,10.0,14.0,17.0,44.5,44.5,44.5,44.5,44.5,0.0,= 22.5 + 2*11,= 22.5 + 2*11,= 22.5 + 2*11,,
Cosmic Horror,2821160-cosmic-horror,SAiS:BAM,18.0,https://www.dndbeyond.com/monsters/2821160-cosmic-horror,aberration,gargantuan,legendary,L,18.0,6,20000.0,8.0,0.0,7.0,7.0,2.0,7.0,8,0,7,13,8,13,0.0,1.0,0.0,0.0,1.0,0.0,0.0,0.0,0.0,0.0,1.0,0.0,0.0,0.0,0.0,1.0,1.0,1.0,0.0,1.0,1.0,1.0,1.0,1.0,0.0,1.0,1.0,1.0,0.0,1.0,15.0,15.0,280.0,370.0,8.2,8.2,14.0,14.0,22.0,127.833336,127.833336,154.5,114.5,114.5,0.0,= 3*33 + 3*18.5,= 22 + 2*18.5 + 3*18.5,= 22 + 2*18.5 + 3*18.5,,
Cosmotronic Blastseeker,176737-cosmotronic-blastseeker,GGtR,242.0,https://www.dndbeyond.com/monsters/176737-cosmotronic-blastseeker,humanoid,medium,generic,N,4.0,2,1100.0,2.0,2.0,3.0,4.0,-1.0,1.0,2,4,5,4,-1,1,0.0,0.0,0.0,0.0,0.0,0.0,0.0,0.0,0.0,0.0,0.0,0.0,0.0,0.0,0.0,1.0,1.0,1.0,1.0,1.0,1.0,1.0,1.0,1.0,1.0,1.0,1.0,1.0,2.0,1.0,15.0,20.0,37.5,37.5,2.5,2.5,6.0,6.0,14.0,49.666668,49.666668,64.0,64.0,21.0,0.0,= 2*32,= 2*32,= 21,,Assumes +4 damage per target for fireball from Empowered Spell.
Couatl,16832-couatl,MM (2014),43.0,https://www.dndbeyond.com/monsters/16832-couatl,celestial,medium,generic,N,4.0,2,1100.0,3.0,5.0,3.0,4.0,5.0,4.0,3,5,5,4,7,6,0.0,0.0,0.0,0.0,0.0,0.0,0.0,0.0,0.0,0.0,0.0,0.0,0.0,0.0,0.0,0.2,0.2,0.2,1.0,1.0,1.0,1.0,1.0,1.0,1.0,0.0,0.5,1.0,5.0,2.0,19.0,19.0,97.5,243.8,5.0,5.0,6.0,6.0,13.0,10.0,10.0,10.0,10.0,10.0,0.0,= 10,= 10,= 10,,
Count Thullen,300477-count-thullen,SKT,198.0,https://www.dndbeyond.com/monsters/300477-count-thullen,giant,huge,unique,N,10.0,4,5900.0,8.0,0.0,6.0,4.0,3.0,3.0,8,0,10,4,7,7,0.0,0.0,0.0,0.0,0.0,0.0,0.0,0.0,0.0,0.0,0.0,0.0,0.0,0.0,0.0,1.0,1.0,1.0,1.0,1.0,1.0,1.0,1.0,1.0,1.0,1.0,1.0,1.0,0.0,1.0,14.0,14.0,200.0,200.0,6.0,6.0,12.0,12.0,,42.0,42.0,42.0,42.0,42.0,0.0,= 2*21,= 2*21,= 2*21,,
Counterflux Blastseeker,176740-counterflux-blastseeker,GGtR,242.0,https://www.dndbeyond.com/monsters/176740-counterflux-blastseeker,humanoid,medium,generic,N,2.0,2,450.0,1.0,3.0,2.0,4.0,0.0,2.0,1,3,4,4,2,2,0.0,0.0,0.0,0.0,0.0,0.0,0.0,0.0,0.0,0.0,0.0,0.0,0.0,0.0,0.0,1.0,1.0,1.0,1.0,1.0,1.0,1.0,1.0,1.0,1.0,1.0,1.0,1.0,3.0,1.0,16.0,18.0,39.0,39.0,2.7,2.7,6.0,6.0,14.0,21.0,21.0,21.0,21.0,21.0,0.0,= 3*7,= 3*7,= 3*7,,Assumes +4 AC from counterspell.
Countess Sansuri,300128-countess-sansuri,SKT,192.0,https://www.dndbeyond.com/monsters/300128-countess-sansuri,giant,huge,unique,N,11.0,4,7200.0,8.0,0.0,6.0,3.0,3.0,3.0,8,0,10,3,7,7,0.0,0.0,0.0,0.0,0.0,0.0,0.0,0.0,0.0,0.0,0.0,0.0,0.0,0.0,0.0,1.0,1.0,1.0,1.0,1.0,1.0,1.0,1.0,1.0,1.0,1.0,1.0,1.0,0.0,1.0,14.0,16.0,200.0,200.0,5.8,5.8,12.0,12.0,15.0,54.5,54.5,21.5,77.5,64.5,0.0,= 1*21.5,= 2*28 + 1*21.5,= 3*21.5,,Assumes +2 AC from Haste.
Cow,17321-cow,VGtM,207.0,https://www.dndbeyond.com/monsters/17321-cow,beast,large,generic,N,0.25,2,50.0,4.0,0.0,2.0,-4.0,0.0,-3.0,4,0,2,-4,0,-3,0.0,0.0,0.0,0.0,0.0,0.0,0.0,0.0,0.0,0.0,0.0,0.0,0.0,0.0,0.0,1.0,1.0,1.0,1.0,1.0,1.0,1.0,1.0,1.0,1.0,1.0,1.0,1.0,0.0,1.0,10.0,10.0,15.0,15.0,-0.2,-0.2,6.0,6.0,,9.833333,9.833333,14.5,7.5,7.5,0.0,= 14.5,= 7.5,= 7.5,,
Cradle of the Cloud Scion,3730996-cradle-of-the-cloud-scion,BPGotG,166.0,https://www.dndbeyond.com/monsters/3730996-cradle-of-the-cloud-scion,elemental,gargantuan,legendary,L,26.0,8,90000.0,9.0,5.0,9.0,2.0,6.0,4.0,9,5,9,10,6,12,0.0,0.0,0.0,1.0,0.0,1.0,0.0,0.0,1.0,1.0,1.0,1.0,1.0,1.0,0.0,0.7,0.7,0.7,1.0,0.5,0.5,1.0,0.5,1.0,0.0,1.0,1.0,0.0,5.0,1.0,19.0,19.0,624.0,774.0,8.5,12.5,17.0,17.0,25.0,187.5,187.5,187.5,187.5,187.5,0.0,= 3*50.5 + 2*18,= 3*50.5 + 2*18,= 3*50.5 + 2*18,,
Cradle of the Fire Scion,3730997-cradle-of-the-fire-scion,BPGotG,172.0,https://www.dndbeyond.com/monsters/3730997-cradle-of-the-fire-scion,elemental,gargantuan,legendary,L,25.0,8,75000.0,9.0,1.0,8.0,1.0,5.0,3.0,9,1,8,1,5,3,0.0,0.0,0.0,1.0,0.0,0.0,0.0,0.0,0.0,1.0,1.0,0.0,0.0,0.0,0.0,0.7,0.7,0.7,1.0,0.5,0.0,1.0,0.5,1.0,0.0,1.0,1.0,1.0,1.0,1.0,20.0,20.0,555.0,705.0,4.5,8.5,17.0,17.0,21.0,163.0,163.0,163.0,163.0,163.0,0.0,= 3*45 + 2*14,= 3*45 + 2*14,= 3*45 + 2*14,,
Cradle of the Frost Scion,3730998-cradle-of-the-frost-scion,BPGotG,174.0,https://www.dndbeyond.com/monsters/3730998-cradle-of-the-frost-scion,elemental,gargantuan,legendary,L,24.0,7,62000.0,8.0,2.0,8.0,0.0,4.0,3.0,8,2,8,0,11,10,0.0,1.0,0.0,1.0,1.0,0.0,0.0,0.0,1.0,1.0,1.0,0.0,0.0,0.0,0.0,0.7,0.7,0.7,1.0,0.0,0.5,1.0,0.5,1.0,0.0,1.0,1.0,1.0,2.0,1.0,20.0,20.0,499.5,649.5,6.5,10.5,15.0,15.0,23.0,162.66667,162.66667,212.0,138.0,138.0,0.0,= 3*52 + 2*28,= 2*41 + 2*28,= 2*41 + 2*28,,
Cradle of the Hill Scion,3730999-cradle-of-the-hill-scion,BPGotG,164.0,https://www.dndbeyond.com/monsters/3730999-cradle-of-the-hill-scion,elemental,gargantuan,legendary,L,22.0,7,41000.0,7.0,0.0,7.0,-1.0,3.0,0.0,7,0,7,-1,10,7,0.0,0.0,0.0,1.0,0.0,0.0,0.0,0.0,1.0,1.0,1.0,1.0,0.0,0.0,0.0,0.7,0.7,0.7,1.0,0.5,0.5,1.0,0.5,1.0,0.0,1.0,1.0,1.0,0.0,1.0,19.0,19.0,402.5,552.5,5.0,9.0,14.0,14.0,,128.0,128.0,128.0,128.0,128.0,0.0,= 3*33 + 29,= 3*33 + 29,= 3*33 + 29,,
Cradle of the Stone Scion,3731000-cradle-of-the-stone-scion,BPGotG,168.0,https://www.dndbeyond.com/monsters/3731000-cradle-of-the-stone-scion,elemental,gargantuan,legendary,L,23.0,7,50000.0,8.0,2.0,7.0,0.0,4.0,0.0,8,2,7,0,11,7,0.0,1.0,0.0,1.0,1.0,0.0,0.0,0.0,1.0,1.0,1.0,1.0,0.0,0.0,0.0,0.7,0.7,0.7,0.0,0.5,0.5,1.0,0.5,1.0,0.0,1.0,1.0,1.0,2.0,1.0,20.0,20.0,455.0,665.0,5.8,9.8,15.0,15.0,22.0,115.0,115.0,141.0,102.0,102.0,0.0,= 3*33 + 2*21,= 2*30 + 2*21,= 2*30 + 2*21,,Assumes +3*20 HP from Shattering Roar.
Cradle of the Storm Scion,3731001-cradle-of-the-storm-scion,BPGotG,170.0,https://www.dndbeyond.com/monsters/3731001-cradle-of-the-storm-scion,elemental,gargantuan,legendary,L,27.0,8,105000.0,10.0,2.0,9.0,3.0,6.0,4.0,10,2,9,3,6,4,0.0,0.0,0.0,1.0,0.0,1.0,0.0,0.0,1.0,1.0,1.0,1.0,1.0,1.0,0.0,0.7,0.7,0.7,1.0,0.5,0.5,1.0,0.0,1.0,0.0,1.0,1.0,0.5,2.0,1.0,19.0,19.0,682.5,832.5,5.7,9.7,18.0,18.0,22.0,194.5,194.5,194.5,194.5,194.5,0.0,= 3*55.5 + 2*14,= 3*55.5 + 2*14,= 3*55.5 + 2*14,,
Crag Cat,17348-crag-cat,SKT,240.0,https://www.dndbeyond.com/monsters/17348-crag-cat,monstrosity,large,generic,N,1.0,2,200.0,3.0,3.0,3.0,-3.0,2.0,-1.0,3,3,3,-3,2,-1,0.0,0.0,0.0,0.0,0.0,0.0,0.0,0.0,0.0,0.0,0.0,0.0,0.0,0.0,0.0,1.0,1.0,1.0,1.0,1.0,1.0,1.0,1.0,1.0,1.0,1.0,1.0,1.0,3.0,1.0,13.0,13.0,34.0,34.0,1.2,5.2,5.0,5.0,13.0,10.333333,10.333333,15.0,8.0,8.0,0.0,= 8 + 7,= 8,= 8,,Assumes +4 SB from Spell Turning.
Cranium Rat,17229-cranium-rat,VGtM,133.0,https://www.dndbeyond.com/monsters/17229-cranium-rat,beast,tiny,legacy,N,0.0,2,10.0,-4.0,2.0,0.0,-3.0,0.0,-1.0,-4,2,0,-3,0,-1,0.0,0.0,0.0,0.0,0.0,0.0,0.0,0.0,0.0,0.0,0.0,0.0,0.0,0.0,0.0,1.0,1.0,1.0,1.0,1.0,1.0,1.0,1.0,1.0,1.0,1.0,1.0,1.0,2.0,1.0,12.0,12.0,2.5,2.5,-1.0,-1.0,4.0,4.0,,1.0,1.0,1.0,1.0,1.0,0.0,= 1,= 1,= 1,,
Cranium Rat,2560763-cranium-rat,MPMotM,83.0,https://www.dndbeyond.com/monsters/2560763-cranium-rat,aberration,tiny,generic,N,0.0,2,10.0,-4.0,2.0,0.0,-3.0,0.0,-1.0,-4,2,0,-3,0,-1,0.0,0.0,0.0,0.0,0.0,0.0,0.0,0.0,0.0,0.0,0.0,0.0,0.0,0.0,0.0,1.0,1.0,1.0,1.0,1.0,1.0,1.0,1.0,1.0,1.0,1.0,1.0,1.0,2.0,1.0,12.0,12.0,2.5,2.5,-1.0,-1.0,4.0,4.0,,1.0,1.0,1.0,1.0,1.0,0.0,= 1,= 1,= 1,,
Cranium Rat Squeaker,3883524-cranium-rat-squeaker,PAitM:MPP,22.0,https://www.dndbeyond.com/monsters/3883524-cranium-rat-squeaker,aberration,tiny,generic,N,0.0,2,10.0,-4.0,2.0,0.0,-3.0,0.0,-1.0,-4,2,0,-3,0,-1,0.0,0.0,0.0,0.0,0.0,0.0,0.0,0.0,0.0,0.0,0.0,0.0,0.0,0.0,0.0,1.0,1.0,1.0,1.0,1.0,1.0,1.0,1.0,1.0,1.0,1.0,1.0,1.0,2.0,1.0,12.0,12.0,2.5,2.5,-1.0,-1.0,4.0,4.0,,1.0,1.0,1.0,1.0,1.0,0.0,= 1,= 1,= 1,,
Cranium Rat Squeaker Swarm,3883523-cranium-rat-squeaker-swarm,PAitM:MPP,22.0,https://www.dndbeyond.com/monsters/3883523-cranium-rat-squeaker-swarm,aberration,medium,generic,N,5.0,3,1800.0,-1.0,2.0,0.0,2.0,0.0,2.0,-1,2,0,2,0,2,0.0,1.0,0.0,0.0,1.0,1.0,0.0,0.0,1.0,1.0,0.0,1.0,1.0,1.0,0.0,0.5,0.5,0.5,1.0,1.0,1.0,1.0,1.0,1.0,1.0,1.0,1.0,1.0,2.0,1.5,12.0,12.0,76.5,114.8,0.8,0.8,5.0,5.0,,33.0,33.0,33.0,33.0,33.0,0.0,= ((14 + 7)/2) + 22.5,= ((14 + 7)/2) + 22.5,= ((14 + 7)/2) + 22.5,,
Crawling Claw,17139-crawling-claw,MM (2014),44.0,https://www.dndbeyond.com/monsters/17139-crawling-claw,undead,tiny,generic,N,0.0,2,10.0,1.0,2.0,0.0,-3.0,0.0,-3.0,1,2,0,-3,0,-3,0.0,1.0,0.0,1.0,0.0,0.0,0.0,0.0,0.0,0.0,1.0,0.0,0.0,0.0,0.0,1.0,1.0,1.0,1.0,1.0,1.0,1.0,1.0,1.0,0.0,1.0,1.0,1.0,2.0,1.0,12.0,12.0,2.5,2.5,-0.5,-0.5,3.0,3.0,,3.5,3.5,3.5,3.5,3.5,0.0,= 3.5,= 3.5,= 3.5,,
Crocodile,16834-crocodile,MM (2014),320.0,https://www.dndbeyond.com/monsters/16834-crocodile,beast,large,generic,N,0.5,2,100.0,2.0,0.0,1.0,-4.0,0.0,-3.0,2,0,1,-4,0,-3,0.0,0.0,0.0,0.0,0.0,0.0,0.0,0.0,0.0,0.0,0.0,0.0,0.0,0.0,0.0,1.0,1.0,1.0,1.0,1.0,1.0,1.0,1.0,1.0,1.0,1.0,1.0,1.0,0.0,1.0,12.0,12.0,19.5,19.5,-0.7,-0.7,4.0,4.0,,7.0,7.0,7.0,7.0,7.0,0.0,= 7,= 7,= 7,,
Crokek'toeck,417877-crokektoeck,BGDiA,230.0,https://www.dndbeyond.com/monsters/417877-crokektoeck,fiend,gargantuan,unique,N,14.0,5,11500.0,9.0,0.0,7.0,-2.0,0.0,1.0,9,0,12,-2,5,1,0.0,1.0,0.0,0.0,1.0,0.0,0.0,0.0,0.0,0.0,1.0,0.0,0.0,0.0,0.0,0.7,0.7,0.7,1.0,0.5,0.5,1.0,0.5,1.0,0.0,1.0,1.0,1.0,0.0,1.25,15.0,15.0,297.5,371.9,4.2,8.2,14.0,14.0,,44.0,44.0,44.0,44.0,44.0,0.0,= 44,= 44,= 44,,
Crushing Wave Priest,17444-crushing-wave-priest,PotA,205.0,https://www.dndbeyond.com/monsters/17444-crushing-wave-priest,humanoid,medium,generic,N,2.0,2,450.0,2.0,0.0,2.0,0.0,0.0,3.0,2,0,2,0,0,3,0.0,0.0,0.0,0.0,0.0,0.0,0.0,0.0,0.0,0.0,0.0,0.0,0.0,0.0,0.0,1.0,1.0,1.0,1.0,1.0,1.0,1.0,1.0,1.0,1.0,1.0,1.0,1.0,0.0,1.0,13.0,18.0,52.0,52.0,1.2,1.2,5.0,5.0,13.0,24.0,24.0,26.0,26.0,20.0,0.0,= 5 + 1.5*14,= 5 + 1.5*14,= 5 + 1.5*10,,Assumes +5 AC from Shield. Assumes ice knife hits 1.5 targets on average.
Crushing Wave Reaver,17445-crushing-wave-reaver,PotA,205.0,https://www.dndbeyond.com/monsters/17445-crushing-wave-reaver,humanoid,medium,generic,N,0.5,2,100.0,2.0,2.0,1.0,0.0,0.0,-1.0,2,2,1,0,0,-1,0.0,0.0,0.0,0.0,0.0,0.0,0.0,0.0,0.0,0.0,0.0,0.0,0.0,0.0,0.0,1.0,1.0,1.0,1.0,1.0,1.0,1.0,1.0,1.0,1.0,1.0,1.0,1.0,2.0,1.0,14.0,14.0,22.0,22.0,0.7,0.7,4.0,4.0,,11.0,11.0,11.0,11.0,11.0,0.0,= 11,= 11,= 11,,
Crystal Dragon Wyrmling,2059712-crystal-dragon-wyrmling,FToD,172.0,https://www.dndbeyond.com/monsters/2059712-crystal-dragon-wyrmling,dragon,medium,generic,N,2.0,2,450.0,2.0,1.0,2.0,2.0,1.0,2.0,2,3,4,2,3,4,0.0,0.0,0.0,0.0,0.0,0.0,0.0,0.0,0.0,0.0,0.0,0.0,0.0,0.0,0.0,1.0,1.0,1.0,1.0,0.5,1.0,1.0,1.0,1.0,1.0,1.0,0.5,1.0,1.0,1.0,14.0,16.0,32.5,37.5,3.0,3.0,4.0,4.0,12.0,18.666666,18.666666,36.0,10.0,10.0,0.0,= 2*18,= 10,= 10,,
Crystal Greatwyrm,2059713-crystal-greatwyrm,FToD,201.0,https://www.dndbeyond.com/monsters/2059713-crystal-greatwyrm,dragon,gargantuan,legendary,L,26.0,8,90000.0,9.0,2.0,9.0,10.0,7.0,7.0,9,10,17,10,15,15,0.0,1.0,0.0,0.0,1.0,0.0,0.0,0.0,0.0,0.0,1.0,1.0,0.0,0.0,0.0,1.0,1.0,1.0,1.0,1.0,1.0,1.0,1.0,1.0,1.0,1.0,0.0,1.0,2.0,1.0,21.0,21.0,507.0,627.0,12.7,12.7,17.0,17.0,25.0,173.83333,173.83333,268.5,126.5,126.5,0.0,= 3*71.5 + 3*18,= 36.5 + 2*18 + 3*18,= 36.5 + 2*18 + 3*18,,
Cult Fanatic,16836-cult-fanatic,MM (2014),345.0,https://www.dndbeyond.com/monsters/16836-cult-fanatic,humanoid,medium,generic,N,2.0,2,450.0,0.0,2.0,1.0,0.0,1.0,2.0,0,2,1,0,1,2,0.0,0.0,0.0,0.0,0.0,0.0,0.0,0.0,0.0,0.0,0.0,0.0,0.0,0.0,0.0,1.0,1.0,1.0,1.0,1.0,1.0,1.0,1.0,1.0,1.0,1.0,1.0,1.0,2.0,1.0,13.0,13.0,33.0,33.0,1.0,1.0,3.0,3.0,11.0,23.166666,23.166666,14.5,27.5,27.5,0.0,= 2*4.5 + 5.5,=22 + 5.5,=22 + 5.5,,
Cultist,16835-cultist,MM (2014),345.0,https://www.dndbeyond.com/monsters/16835-cultist,humanoid,medium,generic,N,0.125,2,25.0,0.0,1.0,0.0,0.0,0.0,0.0,0,1,0,0,0,0,0.0,0.0,0.0,0.0,0.0,0.0,0.0,0.0,0.0,0.0,0.0,0.0,0.0,0.0,0.0,1.0,1.0,1.0,1.0,1.0,1.0,1.0,1.0,1.0,1.0,1.0,1.0,1.0,1.0,1.0,12.0,12.0,9.0,9.0,0.2,0.2,3.0,3.0,,4.5,4.5,4.5,4.5,4.5,0.0,= 4.5,= 4.5,= 4.5,,
Cuprilach Rilmani,3883525-cuprilach-rilmani,PAitM:MPP,44.0,https://www.dndbeyond.com/monsters/3883525-cuprilach-rilmani,celestial,medium,generic,N,12.0,4,8400.0,1.0,5.0,3.0,3.0,2.0,2.0,1,9,3,3,2,6,0.0,0.0,0.0,0.0,0.0,0.0,0.0,0.0,0.0,0.0,0.0,0.0,0.0,0.0,0.0,1.0,1.0,1.0,1.0,1.0,1.0,1.0,1.0,1.0,1.0,0.5,1.0,1.0,5.0,1.0,16.0,16.0,202.5,226.5,4.0,4.0,9.0,9.0,,86.0,86.0,86.0,86.0,86.0,0.0,= 3*21.5 + 21.5,= 3*21.5 + 21.5,= 3*21.5 + 21.5,,Assumes +8 HP per round from Uncanny Dodge.
Cyclops,17090-cyclops,MM (2014),45.0,https://www.dndbeyond.com/monsters/17090-cyclops,giant,huge,generic,N,6.0,3,2300.0,6.0,0.0,5.0,-1.0,-2.0,0.0,6,0,5,-1,-2,0,0.0,0.0,0.0,0.0,0.0,0.0,0.0,0.0,0.0,0.0,0.0,0.0,0.0,0.0,0.0,1.0,1.0,1.0,1.0,1.0,1.0,1.0,1.0,1.0,1.0,1.0,1.0,1.0,0.0,1.0,14.0,14.0,138.0,138.0,1.3,1.3,9.0,9.0,,38.0,38.0,38.0,38.0,38.0,0.0,= 2*19,= 2*19,= 2*19,,
Dabus,3883526-dabus,PAitM:MPP,23.0,https://www.dndbeyond.com/monsters/3883526-dabus,celestial,medium,generic,N,2.0,2,450.0,-1.0,2.0,1.0,3.0,2.0,2.0,-1,2,1,5,4,2,0.0,0.0,0.0,1.0,0.0,0.0,0.0,0.0,0.0,0.0,0.0,0.0,0.0,0.0,0.0,1.0,1.0,1.0,1.0,1.0,1.0,1.0,1.0,1.0,1.0,1.0,1.0,1.0,2.0,1.0,12.0,12.0,44.0,44.0,2.2,2.2,5.0,5.0,13.0,22.0,22.0,36.0,15.0,15.0,0.0,= 2*18,= 2*7.5,= 2*7.5,,
Daemogoth,2160302-daemogoth,SACoC,189.0,https://www.dndbeyond.com/monsters/2160302-daemogoth,fiend,huge,generic,N,10.0,4,5900.0,4.0,2.0,4.0,5.0,2.0,4.0,4,2,4,9,6,8,0.0,0.0,0.0,0.0,1.0,0.0,0.0,0.0,0.0,0.0,0.0,0.0,0.0,0.0,0.0,1.0,1.0,1.0,1.0,1.0,1.0,1.0,1.0,1.0,1.0,0.0,1.0,1.0,2.0,1.0,16.0,16.0,157.5,202.5,5.5,5.5,9.0,9.0,17.0,47.666668,47.666668,55.0,33.0,55.0,0.0,= 2*11 + 33,= 3*11,= 2*11 + 33,,
Daemogoth Titan,2160301-daemogoth-titan,SACoC,190.0,https://www.dndbeyond.com/monsters/2160301-daemogoth-titan,fiend,gargantuan,legendary,L,16.0,5,15000.0,8.0,0.0,8.0,7.0,4.0,5.0,8,0,8,12,9,10,0.0,1.0,0.0,0.0,1.0,0.0,0.0,0.0,0.0,0.0,0.0,0.0,0.0,0.0,0.0,1.0,1.0,1.0,1.0,1.0,1.0,1.0,1.0,1.0,1.0,0.0,1.0,1.0,0.0,1.0,17.0,17.0,203.5,368.5,7.8,7.8,12.0,12.0,20.0,87.5,87.5,87.5,87.5,87.5,0.0,= 2*17.5 + 3*17.5,= 2*17.5 + 3*17.5,= 2*17.5 + 3*17.5,,Assumes +15*5 hit points from Agonizing Burst.
Damaged Flesh Golem,744309-damaged-flesh-golem,EGtW,248.0,https://www.dndbeyond.com/monsters/744309-damaged-flesh-golem,construct,medium,unique,N,1.0,2,200.0,4.0,-1.0,4.0,-2.0,0.0,-3.0,4,-1,4,-2,0,-3,0.0,1.0,0.0,1.0,1.0,0.0,0.0,0.0,1.0,1.0,1.0,0.0,0.0,0.0,0.0,0.3,0.3,0.3,1.0,1.0,1.0,1.0,0.0,1.0,0.0,1.0,1.0,1.0,-1.0,2.0,9.0,9.0,5.0,10.0,0.3,4.3,7.0,7.0,,13.0,13.0,13.0,13.0,13.0,0.0,= 13,= 13,= 13,,
Dao,17142-dao,MM (2014),143.0,https://www.dndbeyond.com/monsters/17142-dao,elemental,large,generic,N,11.0,4,7200.0,6.0,1.0,7.0,1.0,1.0,2.0,6,1,7,5,5,6,0.0,0.0,0.0,0.0,0.0,0.0,0.0,0.0,0.0,1.0,0.0,0.0,0.0,0.0,0.0,1.0,1.0,1.0,1.0,1.0,1.0,1.0,1.0,1.0,1.0,1.0,1.0,1.0,1.0,1.0,18.0,18.0,187.5,187.5,5.0,5.0,10.0,10.0,14.0,40.0,40.0,40.0,40.0,40.0,0.0,= 2*20,= 2*20,= 2*20,,
Dark Tide Knight,17446-dark-tide-knight,PotA,205.0,https://www.dndbeyond.com/monsters/17446-dark-tide-knight,humanoid,medium,generic,N,3.0,2,700.0,3.0,3.0,2.0,0.0,0.0,0.0,3,3,2,0,0,0,0.0,0.0,0.0,0.0,0.0,0.0,0.0,0.0,0.0,0.0,0.0,0.0,0.0,0.0,0.0,1.0,1.0,1.0,1.0,1.0,1.0,1.0,1.0,1.0,1.0,1.0,1.0,1.0,3.0,1.0,13.0,13.0,58.5,70.2,1.3,1.3,5.0,5.0,,19.0,19.0,19.0,19.0,19.0,0.0,= 2*6 + 7,= 2*6 + 7,= 2*6 + 7,,Assumes 20% more hp from Uncanny Dodge.
Darkling,17231-darkling,MPMotM,84.0,https://www.dndbeyond.com/monsters/17231-darkling,fey,small,generic,N,0.5,2,100.0,-1.0,3.0,1.0,0.0,1.0,0.0,-1,3,1,0,1,0,0.0,0.0,0.0,0.0,0.0,0.0,0.0,0.0,0.0,0.0,0.0,0.0,0.0,0.0,0.0,1.0,1.0,1.0,1.0,1.0,1.0,1.0,1.0,1.0,1.0,1.0,1.0,1.0,3.0,1.0,14.0,14.0,13.5,13.5,0.7,0.7,5.0,5.0,,12.5,12.5,12.5,12.5,12.5,0.0,= 12.5,= 12.5,= 12.5,,
Darkling,2557737-darkling,VGtM,134.0,https://www.dndbeyond.com/monsters/2557737-darkling,fey,small,legacy,N,0.5,2,100.0,-1.0,3.0,1.0,0.0,1.0,0.0,-1,3,1,0,1,0,0.0,0.0,0.0,0.0,0.0,0.0,0.0,0.0,0.0,0.0,0.0,0.0,0.0,0.0,0.0,1.0,1.0,1.0,1.0,1.0,1.0,1.0,1.0,1.0,1.0,1.0,1.0,1.0,3.0,1.0,14.0,14.0,13.5,13.5,0.7,0.7,5.0,5.0,,12.5,12.5,12.5,12.5,12.5,0.0,= 5.5 + 7,= 5.5 + 7,= 5.5 + 7,,
Darkling Elder,17232-darkling-elder,MPMotM,84.0,https://www.dndbeyond.com/monsters/17232-darkling-elder,fey,medium,generic,N,2.0,2,450.0,1.0,3.0,1.0,0.0,2.0,1.0,1,3,1,0,2,1,0.0,0.0,0.0,0.0,0.0,0.0,0.0,0.0,0.0,0.0,0.0,0.0,0.0,0.0,0.0,1.0,1.0,1.0,1.0,1.0,1.0,1.0,1.0,1.0,1.0,1.0,1.0,1.0,3.0,1.0,15.0,15.0,27.5,27.5,1.3,1.3,5.0,5.0,11.0,27.0,31.666666,27.0,27.0,27.0,14.0,= 2*13.5,= 2*13.5,= 2*13.5,= 2*7,Assumes +2*7 damage from Death Burn.
Darkling Elder,2557774-darkling-elder,VGtM,134.0,https://www.dndbeyond.com/monsters/2557774-darkling-elder,fey,medium,legacy,N,2.0,2,450.0,1.0,3.0,1.0,0.0,2.0,1.0,1,3,1,0,2,1,0.0,0.0,0.0,0.0,0.0,0.0,0.0,0.0,0.0,0.0,0.0,0.0,0.0,0.0,0.0,1.0,1.0,1.0,1.0,1.0,1.0,1.0,1.0,1.0,1.0,1.0,1.0,1.0,3.0,1.0,15.0,15.0,27.5,27.5,1.3,1.3,5.0,5.0,11.0,27.0,31.666666,27.0,27.0,27.0,14.0,= 2*13.5,= 2*13.5,= 2*13.5,= 2*7,Assumes +2*7 damage from Death Burn.
Darkmantle,16837-darkmantle,MM (2014),46.0,https://www.dndbeyond.com/monsters/16837-darkmantle,monstrosity,small,generic,N,0.5,2,100.0,3.0,1.0,1.0,-4.0,0.0,-3.0,3,1,1,-4,0,-3,0.0,0.0,0.0,0.0,0.0,0.0,0.0,0.0,0.0,0.0,0.0,0.0,0.0,0.0,0.0,1.0,1.0,1.0,1.0,1.0,1.0,1.0,1.0,1.0,1.0,1.0,1.0,1.0,1.0,1.0,11.0,11.0,22.5,22.5,-0.3,-0.3,5.0,9.0,,6.0,6.0,6.0,6.0,6.0,0.0,= 6,= 6,= 6,,Assumes +4 AB from advantage while attacking medium and smaller creatures.
Darkweaver,3883527-darkweaver,PAitM:MPP,25.0,https://www.dndbeyond.com/monsters/3883527-darkweaver,aberration,medium,generic,N,10.0,4,5900.0,0.0,3.0,2.0,3.0,2.0,2.0,0,7,2,3,6,2,0.0,0.0,0.0,0.0,0.0,0.0,0.0,0.0,0.0,0.0,0.0,0.0,0.0,0.0,0.0,1.0,1.0,1.0,1.0,0.5,1.0,1.0,1.0,0.0,1.0,1.0,1.0,1.0,3.0,1.0,16.0,18.0,149.5,149.5,3.3,3.3,7.0,7.0,,64.0,64.0,64.0,64.0,64.0,0.0,= 2*16.5 + 31,= 2*16.5 + 31,= 2*16.5 + 31,,Assumes +2 AC from Shadowy Form.
Davil Starsong,149845-davil-starsong,WDH,199.0,https://www.dndbeyond.com/monsters/149845-davil-starsong,humanoid,medium,unique,N,6.0,3,2300.0,0.0,2.0,1.0,3.0,1.0,3.0,0,5,1,3,1,6,0.0,0.0,0.0,0.0,0.0,0.0,0.0,0.0,0.0,0.0,0.0,0.0,0.0,0.0,0.0,1.0,1.0,1.0,1.0,1.0,1.0,1.0,1.0,1.0,1.0,1.0,1.0,1.0,2.0,1.0,15.0,15.0,82.5,82.5,2.7,2.7,6.0,6.0,14.0,47.666668,47.666668,55.0,44.0,44.0,0.0,= 55,= 44,= 44,,Assumes 55 damage for 6th level spell and 44 damage for 5th level spells.
Deadbark Dryad,4468321-deadbark-dryad,VEoR,216.0,https://www.dndbeyond.com/monsters/4468321-deadbark-dryad,fey,medium,generic,N,13.0,5,10000.0,3.0,3.0,4.0,0.0,3.0,4.0,3,3,9,0,3,9,0.0,0.0,0.0,0.0,0.0,0.0,0.0,0.0,0.0,0.0,1.0,0.0,0.0,0.0,0.0,0.7,0.7,0.7,1.0,1.0,1.0,1.0,1.0,1.0,0.0,1.0,1.0,1.0,3.0,1.25,16.0,19.0,187.0,233.8,4.5,8.5,8.0,12.0,17.0,74.0,74.0,60.5,74.0,87.5,0.0,= 2*23.5 + 1*13.5,= 2*23.5 + 2*13.5,= 2*23.5 + 3*13.5,,Assumes +3 AC from Poisonous Thorn (poisoned) and Sapping Vine (restrained). Assumes +4 AB from Sapping Vine.
Death Dog,16838-death-dog,MM (2014),321.0,https://www.dndbeyond.com/monsters/16838-death-dog,monstrosity,medium,generic,N,1.0,2,200.0,2.0,2.0,2.0,-4.0,1.0,-2.0,2,2,2,-4,1,-2,0.0,0.0,0.0,0.0,0.0,0.0,0.0,0.0,0.0,0.0,0.0,0.0,0.0,0.0,0.0,1.0,1.0,1.0,1.0,1.0,1.0,1.0,1.0,1.0,1.0,1.0,1.0,1.0,2.0,1.0,12.0,12.0,39.0,39.0,0.2,0.2,4.0,4.0,12.0,10.0,10.0,10.0,10.0,10.0,0.0,= 2*5,= 2*5,= 2*5,,
Death Embrace,2407534-death-embrace,CRCotN,197.0,https://www.dndbeyond.com/monsters/2407534-death-embrace,aberration,huge,generic,N,11.0,4,7200.0,6.0,2.0,4.0,-2.0,-1.0,-3.0,10,2,4,-2,3,-3,0.0,0.0,0.0,1.0,0.0,0.0,0.0,0.0,1.0,1.0,0.0,1.0,0.0,0.0,0.0,1.0,1.0,1.0,1.0,1.0,1.0,1.0,1.0,1.0,1.0,1.0,1.0,1.0,2.0,1.0,13.0,17.0,147.0,192.0,2.3,2.3,10.0,10.0,,48.0,63.0,48.0,48.0,48.0,45.0,= 2*24,= 2*24,= 2*24,= 3*15,"Assumes +3*15 hp from Body Shield. Assumes +4 AC from Petrifying Tendrils (restrained, petrified). Assumes +3*15 damage from Body Shield."
Death Giant Reaper,3731002-death-giant-reaper,BPGotG,126.0,https://www.dndbeyond.com/monsters/3731002-death-giant-reaper,giant,huge,generic,N,12.0,4,8400.0,8.0,2.0,5.0,4.0,3.0,3.0,8,2,9,8,7,7,0.0,0.0,0.0,0.0,1.0,0.0,0.0,0.0,0.0,0.0,0.0,0.0,0.0,0.0,0.0,1.0,1.0,1.0,1.0,1.0,1.0,1.0,1.0,0.0,1.0,1.0,1.0,1.0,2.0,1.0,18.0,19.0,172.5,172.5,6.8,6.8,12.0,12.0,,65.0,65.0,65.0,65.0,65.0,0.0,= 2*32.5,= 2*32.5,= 2*32.5,,Assumes +1 AC from Frightening Teleport (frightened).
Death Giant Shrouded One,3731003-death-giant-shrouded-one,BPGotG,127.0,https://www.dndbeyond.com/monsters/3731003-death-giant-shrouded-one,giant,huge,generic,N,15.0,5,13000.0,8.0,2.0,5.0,6.0,3.0,3.0,8,2,10,11,8,8,0.0,0.0,0.0,0.0,1.0,0.0,0.0,0.0,0.0,0.0,0.0,0.0,0.0,0.0,0.0,1.0,1.0,1.0,1.0,1.0,1.0,1.0,1.0,0.0,1.0,1.0,1.0,1.0,2.0,1.0,15.0,17.0,195.5,279.5,7.8,7.8,11.0,11.0,,84.0,84.0,84.0,84.0,84.0,0.0,= 3*28,= 3*28,= 3*28,,Assumes +2 AC from Soul Burst (frightened).
Death Kiss,17219-death-kiss,VGtM,124.0,https://www.dndbeyond.com/monsters/17219-death-kiss,aberration,large,legacy,N,10.0,4,5900.0,4.0,2.0,4.0,0.0,1.0,0.0,4,2,8,0,5,0,0.0,0.0,0.0,0.0,0.0,0.0,0.0,0.0,0.0,0.0,0.0,1.0,0.0,0.0,0.0,1.0,1.0,1.0,1.0,1.0,1.0,1.0,0.0,1.0,1.0,1.0,1.0,1.0,2.0,1.0,16.0,20.0,161.5,227.5,3.2,3.2,8.0,8.0,16.0,58.5,68.5,51.0,58.5,66.0,30.0,= 2*14.5 + 1*22,= 14.5 + 2*22,=3*22,= 6*5,Assumes +6*11 hp from Blood Drain. Assumes +4 AC from flying. Assumes +2*5 DPR from Lightning Blood.
Death Kiss,2560764-death-kiss,MPMotM,85.0,https://www.dndbeyond.com/monsters/2560764-death-kiss,aberration,large,generic,N,10.0,4,5900.0,4.0,2.0,4.0,0.0,1.0,0.0,4,2,8,0,5,0,0.0,0.0,0.0,0.0,0.0,0.0,0.0,0.0,0.0,0.0,0.0,1.0,0.0,0.0,0.0,1.0,1.0,1.0,1.0,1.0,1.0,1.0,0.0,1.0,1.0,1.0,1.0,1.0,2.0,1.0,15.0,19.0,142.5,208.5,3.2,3.2,8.0,8.0,16.0,55.0,65.0,33.0,66.0,66.0,30.0,= 3*11,=3*22,=3*22,= 6*5,Assumes +6*11 hp from Blood Drain. Assumes +4 AC from flying. Assumes +2*5 DPR from Lightning Blood.
Death Knight,17128-death-knight,MM (2014),47.0,https://www.dndbeyond.com/monsters/17128-death-knight,undead,medium,generic,N,17.0,6,18000.0,5.0,0.0,5.0,1.0,3.0,4.0,5,6,5,1,9,10,0.0,0.0,0.0,1.0,1.0,0.0,0.0,0.0,0.0,0.0,1.0,0.0,0.0,0.0,0.0,1.0,1.0,1.0,1.0,1.0,1.0,1.0,1.0,0.0,0.0,1.0,1.0,1.0,0.0,1.0,20.0,23.0,180.5,180.5,6.0,10.0,11.0,11.0,18.0,110.0,110.0,140.0,95.0,95.0,0.0,= 2*70,= 3*27 + 14,= 3*27 + 14,,Assumes +3 AC from Parry.
Death Slaad,17113-death-slaad,MM (2014),278.0,https://www.dndbeyond.com/monsters/17113-death-slaad,aberration,medium,generic,N,10.0,4,5900.0,5.0,2.0,4.0,2.0,0.0,3.0,5,2,4,2,0,3,0.0,0.0,0.0,0.0,0.0,0.0,0.0,0.0,0.0,0.0,0.0,0.0,0.0,0.0,0.0,1.0,1.0,1.0,0.5,0.5,0.5,1.0,0.5,1.0,1.0,1.0,1.0,0.5,2.0,1.5,18.0,18.0,170.0,300.0,2.7,6.7,9.0,9.0,15.0,54.5,54.5,54.5,54.5,54.5,0.0,=16.5 + 2*19,=16.5 + 2*19,=16.5 + 2*19,,
Death Tyrant,17144-death-tyrant,MM (2014),29.0,https://www.dndbeyond.com/monsters/17144-death-tyrant,undead,large,legendary,L,14.0,5,11500.0,0.0,2.0,2.0,4.0,2.0,4.0,5,2,7,9,7,9,0.0,1.0,0.0,1.0,0.0,0.0,0.0,0.0,1.0,1.0,1.0,1.0,0.0,0.0,0.0,1.0,1.0,1.0,1.0,1.0,1.0,1.0,1.0,1.0,0.0,1.0,1.0,1.0,2.0,1.0,19.0,19.0,187.5,187.5,6.5,6.5,9.0,9.0,17.0,136.0,136.0,136.0,136.0,136.0,0.0,=36+45+55,=36+45+55,=36+45+55,,
Death Tyrant,17144-death-tyrant,MM (2014),29.0,https://www.dndbeyond.com/monsters/17144-death-tyrant,undead,large,legendary,LL,15.0,5,13000.0,0.0,2.0,2.0,4.0,2.0,4.0,5,2,7,9,7,9,0.0,1.0,0.0,1.0,0.0,0.0,0.0,0.0,1.0,1.0,1.0,1.0,0.0,0.0,0.0,1.0,1.0,1.0,1.0,1.0,1.0,1.0,1.0,1.0,0.0,1.0,1.0,1.0,2.0,1.0,19.0,19.0,187.5,187.5,6.5,6.5,9.0,9.0,17.0,181.0,181.0,181.0,181.0,181.0,0.0,=36+45+55 + 45,=36+45+55 + 45,=36+45+55 + 45,,
Death’s Head (Gnashing),1680920-deaths-head,VRGtR,232.0,https://www.dndbeyond.com/monsters/1680920-deaths-head,undead,tiny,generic,N,0.5,2,100.0,-1.0,1.0,1.0,-3.0,2.0,-4.0,-1,1,1,-3,2,-4,0.0,0.0,0.0,0.0,0.0,0.0,0.0,0.0,0.0,0.0,0.0,0.0,0.0,0.0,0.0,1.0,1.0,1.0,1.0,1.0,1.0,1.0,1.0,0.5,1.0,1.0,1.0,1.0,1.0,1.0,16.0,16.0,17.5,17.5,-0.7,-0.7,3.0,3.0,,11.5,11.5,11.5,11.5,11.5,0.0,= 11.5,= 11.5,= 11.5,,
Death’s Head (Mind-Bending),1680920-deaths-head,VRGtR,232.0,https://www.dndbeyond.com/monsters/1680920-deaths-head,undead,tiny,generic,N,0.5,2,100.0,-1.0,1.0,1.0,-3.0,2.0,-4.0,-1,1,1,-3,2,-4,0.0,0.0,0.0,0.0,0.0,0.0,0.0,0.0,0.0,0.0,0.0,0.0,0.0,0.0,0.0,1.0,1.0,1.0,1.0,1.0,1.0,1.0,1.0,0.5,1.0,1.0,1.0,1.0,1.0,1.0,16.0,16.0,17.5,17.5,-0.7,-0.7,3.0,3.0,,10.0,10.0,10.0,10.0,10.0,0.0,= 10,= 10,= 10,,
Death’s Head (Petrifying),1680920-deaths-head,VRGtR,232.0,https://www.dndbeyond.com/monsters/1680920-deaths-head,undead,tiny,generic,N,0.5,2,100.0,-1.0,1.0,1.0,-3.0,2.0,-4.0,-1,1,1,-3,2,-4,0.0,0.0,0.0,0.0,0.0,0.0,0.0,0.0,0.0,0.0,0.0,0.0,0.0,0.0,0.0,1.0,1.0,1.0,1.0,1.0,1.0,1.0,1.0,0.5,1.0,1.0,1.0,1.0,1.0,1.0,16.0,16.0,17.5,26.3,-0.7,-0.7,3.0,3.0,,3.5,3.5,3.5,3.5,3.5,0.0,= 3.5,= 3.5,= 3.5,,Assumes 1.5x HP from Petrifying Bite.
Death's Head of Bhaal,416937-deaths-head-of-bhaal,BGDiA,233.0,https://www.dndbeyond.com/monsters/416937-deaths-head-of-bhaal,humanoid,medium,generic,N,5.0,3,1800.0,5.0,5.0,5.0,2.0,1.0,3.0,5,5,5,2,1,3,0.0,0.0,0.0,0.0,0.0,0.0,0.0,0.0,0.0,0.0,0.0,0.0,0.0,0.0,0.0,1.0,1.0,1.0,1.0,1.0,1.0,1.0,1.0,1.0,1.0,1.0,1.0,1.0,5.0,1.0,15.0,15.0,76.0,106.0,3.5,7.5,7.0,9.0,,30.0,30.0,30.0,30.0,30.0,0.0,= 2*15,= 2*15,= 2*15,,Assumes 3*10 hp from Unstoppable. Assumes +2 AC from Stunning Gaze.
Deathlock,94138-deathlock,MToF,128.0,https://www.dndbeyond.com/monsters/94138-deathlock,undead,medium,legacy,N,4.0,2,1100.0,0.0,2.0,0.0,2.0,1.0,3.0,0,2,0,4,1,5,0.0,0.0,0.0,1.0,0.0,0.0,0.0,0.0,0.0,0.0,1.0,0.0,0.0,0.0,0.0,0.8,0.8,0.8,1.0,1.0,1.0,1.0,1.0,0.5,0.0,1.0,1.0,1.0,2.0,2.0,15.0,15.0,36.0,72.0,2.0,2.0,5.0,5.0,13.0,22.333334,22.333334,28.0,28.0,11.0,0.0,= 2*14,= 2*14,= 11,,
Deathlock,2560767-deathlock,MPMotM,86.0,https://www.dndbeyond.com/monsters/2560767-deathlock,undead,medium,generic,N,4.0,2,1100.0,0.0,2.0,0.0,2.0,1.0,3.0,0,2,0,4,1,5,0.0,0.0,0.0,1.0,0.0,0.0,0.0,0.0,0.0,0.0,1.0,0.0,0.0,0.0,0.0,0.8,0.8,0.8,1.0,1.0,1.0,1.0,1.0,0.5,0.0,1.0,1.0,1.0,2.0,2.0,15.0,15.0,36.0,72.0,2.0,2.0,5.0,5.0,,28.0,28.0,28.0,28.0,28.0,0.0,= 2*14,= 2*14,= 2*14,,
Deathlock Mastermind,94144-deathlock-mastermind,MToF,129.0,https://www.dndbeyond.com/monsters/94144-deathlock-mastermind,undead,medium,legacy,N,8.0,3,3900.0,0.0,3.0,1.0,2.0,1.0,3.0,0,3,1,5,1,6,0.0,0.0,0.0,1.0,0.0,0.0,0.0,0.0,0.0,0.0,1.0,0.0,0.0,0.0,0.0,0.8,0.8,0.8,1.0,1.0,1.0,1.0,1.0,0.5,0.0,1.0,1.0,1.0,3.0,1.5,16.0,16.0,110.0,165.0,2.7,2.7,6.0,6.0,14.0,34.0,34.0,42.0,42.0,18.0,0.0,= 2*21,= 2*21,= 18,,
Deathlock Mastermind,2560765-deathlock-mastermind,MPMotM,87.0,https://www.dndbeyond.com/monsters/2560765-deathlock-mastermind,undead,medium,generic,N,8.0,3,3900.0,0.0,3.0,1.0,2.0,1.0,3.0,0,3,1,5,1,6,0.0,0.0,0.0,1.0,0.0,0.0,0.0,0.0,0.0,0.0,1.0,0.0,0.0,0.0,0.0,0.8,0.8,0.8,1.0,1.0,1.0,1.0,1.0,0.5,0.0,1.0,1.0,1.0,3.0,1.5,16.0,18.0,110.0,165.0,2.7,2.7,6.0,6.0,14.0,27.0,27.0,27.0,27.0,27.0,0.0,= 2*13.5,= 2*13.5,= 2*13.5,,Assumes +2 AC from Grave Bolt.
Deathlock Wight,22371-deathlock-wight,MToF,128.0,https://www.dndbeyond.com/monsters/22371-deathlock-wight,undead,medium,legacy,N,3.0,2,700.0,0.0,2.0,3.0,1.0,2.0,3.0,0,2,3,1,4,3,0.0,0.0,0.0,1.0,0.0,0.0,0.0,0.0,0.0,0.0,1.0,0.0,0.0,0.0,0.0,0.7,0.7,0.7,1.0,1.0,1.0,1.0,1.0,0.5,0.0,1.0,1.0,1.0,2.0,2.0,15.0,15.0,37.5,75.0,2.2,2.2,5.0,5.0,,15.0,15.0,15.0,15.0,15.0,0.0,= 2*7.5,= 2*7.5,= 2*7.5,,
Deathlock Wight,22371-deathlock-wight,TftYP,233.0,https://www.dndbeyond.com/monsters/22371-deathlock-wight,undead,medium,legacy,N,3.0,2,700.0,0.0,2.0,3.0,1.0,2.0,3.0,0,2,3,1,4,3,0.0,0.0,0.0,1.0,0.0,0.0,0.0,0.0,0.0,0.0,1.0,0.0,0.0,0.0,0.0,0.7,0.7,0.7,1.0,1.0,1.0,1.0,1.0,0.5,0.0,1.0,1.0,1.0,2.0,2.0,15.0,15.0,37.5,75.0,2.2,2.2,5.0,5.0,,15.0,15.0,15.0,15.0,15.0,0.0,= 2*7.5,= 2*7.5,= 2*7.5,,
Deathlock Wight,2560766-deathlock-wight,MPMotM,87.0,https://www.dndbeyond.com/monsters/2560766-deathlock-wight,undead,medium,generic,N,3.0,2,700.0,0.0,2.0,3.0,1.0,2.0,3.0,0,2,3,1,4,3,0.0,0.0,0.0,1.0,0.0,0.0,0.0,0.0,0.0,0.0,1.0,0.0,0.0,0.0,0.0,0.7,0.7,0.7,1.0,1.0,1.0,1.0,1.0,0.5,0.0,1.0,1.0,1.0,2.0,2.0,15.0,15.0,37.5,75.0,2.2,2.2,5.0,5.0,,24.0,24.0,24.0,24.0,24.0,0.0,= 2*12,= 2*12,= 2*12,,
Deathpact Angel,175264-deathpact-angel,GGtR,191.0,https://www.dndbeyond.com/monsters/175264-deathpact-angel,celestial,medium,generic,N,14.0,5,11500.0,3.0,4.0,2.0,4.0,5.0,6.0,3,4,2,9,10,11,0.0,1.0,0.0,1.0,1.0,0.0,0.0,0.0,0.0,0.0,0.0,0.0,0.0,0.0,0.0,0.7,0.7,0.7,1.0,1.0,1.0,1.0,1.0,0.5,1.0,1.0,0.5,1.0,4.0,1.25,18.0,18.0,175.5,219.4,6.5,10.5,9.0,9.0,,72.0,72.0,72.0,72.0,72.0,0.0,= 2*36,= 2*36,= 2*36,,
Deathwolf,4468322-deathwolf,VEoR,217.0,https://www.dndbeyond.com/monsters/4468322-deathwolf,undead,medium,legendary,L,15.0,5,13000.0,5.0,3.0,4.0,0.0,3.0,4.0,10,8,4,0,3,9,0.0,1.0,0.0,1.0,1.0,0.0,0.0,0.0,0.0,0.0,1.0,0.0,0.0,0.0,0.0,0.3,0.3,0.3,1.0,1.0,1.0,1.0,1.0,1.0,0.0,1.0,1.0,1.0,3.0,1.5,15.0,15.0,153.0,319.5,5.7,5.7,10.0,10.0,17.0,83.5,97.5,72.5,89.0,89.0,42.0,= 23 + 1*16.5 + 2*16.5,= 23 + 2*16.5 + 2*16.5,= 23 + 2*16.5 + 2*16.5,= 2*21,Assumes +42 damage from Phantom Deathwolf.
Decaton Modron,3883528-decaton-modron,PAitM:MPP,36.0,https://www.dndbeyond.com/monsters/3883528-decaton-modron,construct,large,generic,N,8.0,3,3900.0,4.0,1.0,3.0,2.0,2.0,0.0,4,1,3,5,5,0,0.0,1.0,0.0,0.0,1.0,0.0,0.0,0.0,0.0,0.0,0.0,0.0,0.0,0.0,0.0,1.0,1.0,1.0,1.0,1.0,1.0,1.0,1.0,1.0,1.0,1.0,1.0,1.0,1.0,1.0,16.0,18.0,144.5,144.5,3.0,3.0,7.0,7.0,13.0,55.666668,55.666668,77.0,45.0,45.0,0.0,= 2*38.5,= 3*15,= 3*15,,
Deep Dragon Wyrmling,2059714-deep-dragon-wyrmling,FToD,175.0,https://www.dndbeyond.com/monsters/2059714-deep-dragon-wyrmling,dragon,medium,generic,N,1.0,2,200.0,2.0,0.0,1.0,0.0,1.0,1.0,2,2,3,0,3,3,0.0,1.0,0.0,0.0,1.0,0.0,0.0,0.0,0.0,0.0,1.0,0.0,0.0,0.0,0.0,1.0,1.0,1.0,1.0,1.0,1.0,1.0,1.0,1.0,0.5,0.5,1.0,1.0,0.0,1.0,15.0,17.0,27.5,27.5,2.2,2.2,4.0,4.0,11.0,8.666667,8.666667,11.0,7.5,7.5,0.0,= 2*5.5,= 7.5,= 7.5,,Assumes +2 AC from Nightmare Breath.
Deep Gnome (Svirfneblin),17211-deep-gnome-svirfneblin,MM (2014),164.0,https://www.dndbeyond.com/monsters/17211-deep-gnome-svirfneblin,humanoid,small,generic,N,0.5,2,100.0,2.0,2.0,2.0,1.0,0.0,-1.0,2,2,2,1,0,-1,0.0,0.0,0.0,0.0,0.0,0.0,0.0,0.0,0.0,0.0,0.0,0.0,0.0,0.0,0.0,1.0,1.0,1.0,1.0,1.0,1.0,1.0,1.0,1.0,1.0,1.0,1.0,1.0,2.0,1.0,15.0,15.0,16.5,16.5,1.0,3.0,4.0,4.0,,6.0,6.0,6.0,6.0,6.0,0.0,= 6,= 6,= 6,,Assumes +2 SB from Gnome Cunning.
Deep Rothé,24006-deep-rothe,VGtM,207.0,https://www.dndbeyond.com/monsters/24006-deep-rothe,beast,medium,legacy,N,0.25,2,50.0,4.0,0.0,2.0,-4.0,0.0,-3.0,4,0,2,-4,0,-3,0.0,0.0,0.0,0.0,0.0,0.0,0.0,0.0,0.0,0.0,0.0,0.0,0.0,0.0,0.0,1.0,1.0,1.0,1.0,1.0,1.0,1.0,1.0,1.0,1.0,1.0,1.0,1.0,0.0,1.0,10.0,10.0,13.0,13.0,-0.2,-0.2,6.0,6.0,,7.5,9.833333,7.5,7.5,7.5,7.0,= 7.5,= 7.5,= 7.5,= 7,Assumes +7 damage from Charge.
Deep Rothé,2560768-deep-rothe,MPMotM,71.0,https://www.dndbeyond.com/monsters/2560768-deep-rothe,beast,medium,generic,N,0.25,2,50.0,4.0,0.0,2.0,-4.0,0.0,-3.0,4,0,2,-4,0,-3,0.0,0.0,0.0,0.0,0.0,0.0,0.0,0.0,0.0,0.0,0.0,0.0,0.0,0.0,0.0,1.0,1.0,1.0,1.0,1.0,1.0,1.0,1.0,1.0,1.0,1.0,1.0,1.0,0.0,1.0,10.0,10.0,13.0,13.0,-0.2,-0.2,6.0,6.0,,7.5,9.833333,7.5,7.5,7.5,7.0,= 7.5,= 7.5,= 7.5,= 7,Assumes +7 damage from Charge.
Deep Scion,17233-deep-scion,VGtM,135.0,https://www.dndbeyond.com/monsters/17233-deep-scion,humanoid,medium,legacy,N,3.0,2,700.0,4.0,1.0,3.0,0.0,1.0,2.0,4,1,3,0,3,4,0.0,0.0,0.0,0.0,0.0,0.0,0.0,0.0,0.0,0.0,0.0,0.0,0.0,0.0,0.0,1.0,1.0,1.0,1.0,1.0,1.0,1.0,1.0,1.0,1.0,1.0,1.0,1.0,1.0,1.0,11.0,11.0,67.5,67.5,2.5,2.5,6.0,6.0,,21.5,21.5,21.5,21.5,21.5,0.0,= 6.5 + 2*7.5,= 6.5 + 2*7.5,= 6.5 + 2*7.5,,
Deep Scion,2560769-deep-scion,MPMotM,88.0,https://www.dndbeyond.com/monsters/2560769-deep-scion,monstrosity,medium,generic,N,3.0,2,700.0,4.0,1.0,3.0,0.0,1.0,2.0,4,1,3,0,3,4,0.0,0.0,0.0,0.0,0.0,0.0,0.0,0.0,0.0,0.0,0.0,0.0,0.0,0.0,0.0,1.0,1.0,1.0,1.0,1.0,1.0,1.0,1.0,1.0,1.0,1.0,1.0,1.0,1.0,1.0,11.0,11.0,67.5,67.5,2.5,2.5,6.0,6.0,,21.5,21.5,21.5,21.5,21.5,0.0,= 6.5 + 2*7.5,= 6.5 + 2*7.5,= 6.5 + 2*7.5,,
Degloth,4468323-degloth,VEoR,218.0,https://www.dndbeyond.com/monsters/4468323-degloth,fiend,large,generic,N,11.0,4,7200.0,6.0,3.0,4.0,-2.0,0.0,-1.0,10,3,8,-2,0,-1,0.0,1.0,0.0,1.0,1.0,0.0,0.0,0.0,0.0,0.0,1.0,0.0,0.0,0.0,0.0,0.7,0.7,0.7,1.0,0.5,0.5,1.0,0.5,1.0,0.0,1.0,1.0,1.0,3.0,1.25,18.0,18.0,133.0,166.3,3.0,7.0,10.0,12.0,18.0,49.0,49.0,49.0,49.0,49.0,0.0,= 2*17 + 15,= 2*17 + 15,= 2*17 + 15,,Assumes +2 AB from Razor Fist.
Deinonychus,17240-deinonychus,VGtM,139.0,https://www.dndbeyond.com/monsters/17240-deinonychus,beast,medium,legacy,N,1.0,2,200.0,2.0,2.0,2.0,-3.0,1.0,-2.0,2,2,2,-3,1,-2,0.0,0.0,0.0,0.0,0.0,0.0,0.0,0.0,0.0,0.0,0.0,0.0,0.0,0.0,0.0,1.0,1.0,1.0,1.0,1.0,1.0,1.0,1.0,1.0,1.0,1.0,1.0,1.0,2.0,1.0,13.0,13.0,26.0,26.0,0.3,0.3,4.0,5.0,12.0,19.5,21.666666,19.5,19.5,19.5,6.5,= 6.5 + 2*6.5,= 6.5 + 2*6.5,= 6.5 + 2*6.5,= 6.5,Assumes +1 AB from pounce. Assumes +6.5 damage from Pounce.
Deinonychus,2560770-deinonychus,MPMotM,95.0,https://www.dndbeyond.com/monsters/2560770-deinonychus,beast,medium,generic,N,1.0,2,200.0,2.0,2.0,2.0,-3.0,1.0,-2.0,2,2,2,-3,1,-2,0.0,0.0,0.0,0.0,0.0,0.0,0.0,0.0,0.0,0.0,0.0,0.0,0.0,0.0,0.0,1.0,1.0,1.0,1.0,1.0,1.0,1.0,1.0,1.0,1.0,1.0,1.0,1.0,2.0,1.0,13.0,13.0,26.0,26.0,0.3,0.3,4.0,5.0,,19.5,21.666666,19.5,19.5,19.5,6.5,= 6.5 + 2*6.5,= 6.5 + 2*6.5,= 6.5 + 2*6.5,= 6.5,Assumes +1 AB from pounce. Assumes +6.5 damage from Pounce.
Demilich,17129-demilich,MM (2014),48.0,https://www.dndbeyond.com/monsters/17129-demilich,undead,tiny,legendary,L,18.0,6,20000.0,-5.0,5.0,0.0,5.0,3.0,5.0,-5,5,6,11,9,11,0.0,1.0,1.0,1.0,1.0,0.0,0.0,0.0,1.0,1.0,1.0,1.0,0.0,1.0,0.0,0.6,0.6,0.6,1.0,1.0,1.0,1.0,1.0,0.0,0.0,0.0,1.0,1.0,5.0,1.25,20.0,22.0,80.0,448.8,6.2,8.2,11.0,11.0,19.0,63.0,63.0,63.0,63.0,63.0,0.0,= 3*21,= 3*21,= 3*21,,Assumes +2 AC from Cloud of Dust (blinded). Assumes +2 SB from Avoidance.
Demilich,17129-demilich,MM (2014),48.0,https://www.dndbeyond.com/monsters/17129-demilich,undead,tiny,legendary,LL,20.0,6,25000.0,-5.0,5.0,0.0,5.0,3.0,5.0,-5,5,6,11,9,11,0.0,1.0,1.0,1.0,1.0,0.0,0.0,0.0,1.0,1.0,1.0,1.0,0.0,1.0,0.0,0.6,0.6,0.6,1.0,1.0,1.0,1.0,1.0,0.0,0.0,0.0,1.0,1.0,5.0,1.25,20.0,22.0,80.0,523.8,6.2,8.2,11.0,11.0,19.0,63.0,63.0,63.0,63.0,63.0,0.0,= 3*21,= 3*21,= 3*21,,Assumes +2*30 hp from antimagic field lair action. Assumes +2 AC from Cloud of Dust (blinded). Assumes +2 SB from Avoidance.
Demilich (Variant),3134626-demilich-variant,MM (2014),48.0,https://www.dndbeyond.com/monsters/3134626-demilich-variant,undead,tiny,legendary,L,21.0,7,33000.0,-5.0,5.0,0.0,5.0,3.0,5.0,-5,5,7,12,10,12,0.0,1.0,1.0,1.0,1.0,0.0,0.0,0.0,1.0,1.0,1.0,1.0,0.0,1.0,0.0,0.6,0.6,0.6,1.0,1.0,1.0,1.0,1.0,0.0,0.0,0.0,1.0,1.0,5.0,1.25,20.0,22.0,80.0,448.8,6.8,8.8,11.0,11.0,19.0,63.0,63.0,63.0,63.0,63.0,0.0,= 3*21,= 3*21,= 3*21,,Assumes +2 AC from Cloud of Dust (blinded). Assumes +2 SB from Avoidance.
Demilich (Variant),3134626-demilich-variant,MM (2014),48.0,https://www.dndbeyond.com/monsters/3134626-demilich-variant,undead,tiny,legendary,LL,23.0,7,50000.0,-5.0,5.0,0.0,5.0,3.0,5.0,-5,5,7,12,10,12,0.0,1.0,1.0,1.0,1.0,0.0,0.0,0.0,1.0,1.0,1.0,1.0,0.0,1.0,0.0,0.6,0.6,0.6,1.0,1.0,1.0,1.0,1.0,0.0,0.0,0.0,1.0,1.0,5.0,1.25,20.0,22.0,80.0,523.8,6.8,8.8,11.0,11.0,19.0,63.0,63.0,63.0,63.0,63.0,0.0,= 3*21,= 3*21,= 3*21,,Assumes +2*30 hp from antimagic field lair action. Assumes +2 AC from Cloud of Dust (blinded). Assumes +2 SB from Avoidance.
Demogorgon,17409-demogorgon,MToF,144.0,https://www.dndbeyond.com/monsters/17409-demogorgon,fiend,huge,legacy,LL,26.0,8,90000.0,9.0,2.0,8.0,5.0,3.0,7.0,9,10,16,5,11,15,0.0,1.0,0.0,1.0,1.0,0.0,0.0,0.0,0.0,0.0,1.0,0.0,0.0,0.0,0.0,0.2,0.2,0.2,1.0,0.5,0.5,1.0,0.5,1.0,0.0,1.0,1.0,1.0,2.0,1.25,22.0,22.0,406.0,657.5,11.0,15.0,17.0,17.0,23.0,119.0,119.0,119.0,119.0,119.0,0.0,= 2*28.5 + 2*31,= 2*28.5 + 2*31,= 2*28.5 + 2*31,,Assumes +2*15 hp from lair actions.
DEMOGORGON,17409-demogorgon,OotA,236.0,https://www.dndbeyond.com/monsters/17409-demogorgon,fiend,huge,unique,LL,26.0,8,90000.0,9.0,2.0,8.0,5.0,3.0,7.0,9,10,16,5,11,15,0.0,1.0,0.0,1.0,1.0,0.0,0.0,0.0,0.0,0.0,1.0,0.0,0.0,0.0,0.0,0.2,0.2,0.2,1.0,0.5,0.5,1.0,0.5,1.0,0.0,1.0,1.0,1.0,2.0,1.25,22.0,24.0,493.0,728.8,11.0,15.0,17.0,17.0,23.0,172.0,172.0,172.0,172.0,172.0,0.0,= 2*35 + 2*51,= 2*35 + 2*51,= 2*35 + 2*51,,Assumes +2 AC from lair actions.
Demogorgon,2560771-demogorgon,MPMotM,90.0,https://www.dndbeyond.com/monsters/2560771-demogorgon,fiend,huge,unique,LL,26.0,8,90000.0,9.0,2.0,8.0,5.0,3.0,7.0,9,10,16,5,11,15,0.0,1.0,0.0,1.0,1.0,0.0,0.0,0.0,0.0,0.0,1.0,0.0,0.0,0.0,0.0,0.2,0.2,0.2,1.0,0.5,0.5,1.0,0.5,1.0,0.0,1.0,1.0,1.0,2.0,1.25,22.0,22.0,464.0,730.0,11.0,15.0,17.0,17.0,23.0,119.0,119.0,119.0,119.0,119.0,0.0,= 2*28.5 + 2*31,= 2*28.5 + 2*31,= 2*28.5 + 2*31,,Assumes +2*15 hp from lair actions.
Demos Magen,1123079-demos-magen,IDRotF,300.0,https://www.dndbeyond.com/monsters/1123079-demos-magen,construct,medium,generic,N,2.0,2,450.0,2.0,2.0,4.0,0.0,0.0,-2.0,2,2,4,0,0,-2,0.0,1.0,0.0,1.0,1.0,0.0,0.0,0.0,1.0,0.0,1.0,0.0,0.0,0.0,0.0,1.0,1.0,1.0,1.0,1.0,1.0,1.0,1.0,1.0,0.0,1.0,1.0,1.0,2.0,1.0,16.0,16.0,51.0,51.0,1.0,5.0,4.0,4.0,,18.0,18.0,18.0,18.0,18.0,0.0,= 2*9,= 2*9,= 2*9,,
Dermot Wurder (Tier 1),2407535-dermot-wurder-tier-1,CRCotN,188.0,https://www.dndbeyond.com/monsters/2407535-dermot-wurder-tier-1,humanoid,small,unique,N,3.0,2,700.0,3.0,1.0,2.0,0.0,3.0,0.0,3,1,2,0,5,2,0.0,0.0,0.0,0.0,0.0,0.0,0.0,0.0,0.0,0.0,0.0,0.0,0.0,0.0,0.0,1.0,1.0,1.0,1.0,1.0,1.0,1.0,1.0,1.0,1.0,1.0,1.0,1.0,1.0,1.0,17.0,17.0,44.0,44.0,2.2,2.2,5.0,5.0,,16.5,16.5,16.5,16.5,16.5,0.0,= 7.5 + 9,= 7.5 + 9,= 7.5 + 9,,
Dermot Wurder (Tier 2),2407536-dermot-wurder-tier-2,CRCotN,191.0,https://www.dndbeyond.com/monsters/2407536-dermot-wurder-tier-2,humanoid,small,unique,N,5.0,3,1800.0,4.0,1.0,2.0,0.0,4.0,0.0,4,1,2,0,7,3,0.0,0.0,0.0,0.0,0.0,0.0,0.0,0.0,0.0,0.0,0.0,0.0,0.0,0.0,0.0,1.0,1.0,1.0,1.0,1.0,1.0,1.0,1.0,1.0,1.0,1.0,1.0,1.0,1.0,1.0,19.0,19.0,82.5,82.5,2.8,2.8,7.0,7.0,,26.5,26.5,26.5,26.5,26.5,0.0,= 8.5 + 18,= 8.5 + 18,= 8.5 + 18,,
Dermot Wurder (Tier 3),2407537-dermot-wurder-tier-3,CRCotN,193.0,https://www.dndbeyond.com/monsters/2407537-dermot-wurder-tier-3,humanoid,small,unique,N,8.0,3,3900.0,4.0,1.0,2.0,0.0,5.0,0.0,4,1,2,0,8,3,0.0,0.0,0.0,0.0,0.0,0.0,0.0,0.0,0.0,0.0,0.0,0.0,0.0,0.0,0.0,1.0,1.0,1.0,1.0,1.0,1.0,1.0,1.0,1.0,1.0,1.0,1.0,1.0,1.0,1.0,20.0,20.0,93.5,93.5,3.0,3.0,8.0,8.0,,38.0,38.0,38.0,38.0,38.0,0.0,= 15.5 + 22.5,= 15.5 + 22.5,= 15.5 + 22.5,,
Derro,17378-derro,OotA,224.0,https://www.dndbeyond.com/monsters/17378-derro,humanoid,small,legacy,N,0.25,2,50.0,0.0,2.0,1.0,0.0,-3.0,-1.0,0,2,1,0,-3,-1,0.0,0.0,0.0,0.0,0.0,0.0,0.0,0.0,0.0,0.0,0.0,0.0,0.0,0.0,0.0,1.0,1.0,1.0,1.0,1.0,1.0,1.0,1.0,1.0,1.0,1.0,1.0,1.0,2.0,1.0,13.0,13.0,13.5,13.5,-0.2,3.8,4.0,4.0,,6.5,6.5,6.5,6.5,6.5,0.0,= 6.5,= 6.5,= 6.5,,
Derro,2560773-derro,MPMotM,91.0,https://www.dndbeyond.com/monsters/2560773-derro,aberration,small,generic,N,0.25,2,50.0,0.0,2.0,1.0,0.0,-3.0,-1.0,0,2,1,0,-3,-1,0.0,0.0,0.0,0.0,0.0,0.0,0.0,0.0,0.0,0.0,0.0,0.0,0.0,0.0,0.0,1.0,1.0,1.0,1.0,1.0,1.0,1.0,1.0,1.0,1.0,1.0,1.0,1.0,2.0,1.0,13.0,13.0,13.5,13.5,-0.2,3.8,4.0,4.0,,6.5,6.5,6.5,6.5,6.5,0.0,= 6.5,= 6.5,= 6.5,,
Derro,2560773-derro,MToF,159.0,https://www.dndbeyond.com/monsters/2560773-derro,aberration,small,legacy,N,0.25,2,50.0,0.0,2.0,1.0,0.0,-3.0,-1.0,0,2,1,0,-3,-1,0.0,0.0,0.0,0.0,0.0,0.0,0.0,0.0,0.0,0.0,0.0,0.0,0.0,0.0,0.0,1.0,1.0,1.0,1.0,1.0,1.0,1.0,1.0,1.0,1.0,1.0,1.0,1.0,2.0,1.0,13.0,13.0,13.5,13.5,-0.2,3.8,4.0,4.0,,6.5,6.5,6.5,6.5,6.5,0.0,= 6.5,= 6.5,= 6.5,,
Derro Apprentice,4635144-derro-apprentice,QftIS,196.0,https://www.dndbeyond.com/monsters/4635144-derro-apprentice,aberration,small,generic,N,1.0,2,200.0,-1.0,2.0,1.0,0.0,-3.0,1.0,-1,2,1,0,-3,1,0.0,0.0,0.0,0.0,0.0,0.0,0.0,0.0,0.0,0.0,0.0,0.0,0.0,0.0,0.0,1.0,1.0,1.0,1.0,1.0,1.0,1.0,1.0,1.0,1.0,1.0,1.0,1.0,2.0,1.0,13.0,13.0,22.5,22.5,0.0,4.0,3.0,3.0,11.0,12.833333,12.833333,14.0,10.5,14.0,0.0,= 2*7,= 10.5,= 2*7,,
Derro Raider,4635145-derro-raider,QftIS,196.0,https://www.dndbeyond.com/monsters/4635145-derro-raider,aberration,small,generic,N,0.25,2,50.0,2.0,1.0,2.0,0.0,-3.0,-1.0,2,1,2,0,-3,-1,0.0,0.0,0.0,0.0,0.0,0.0,0.0,0.0,0.0,0.0,0.0,0.0,0.0,0.0,0.0,1.0,1.0,1.0,1.0,1.0,1.0,1.0,1.0,1.0,1.0,1.0,1.0,1.0,1.0,1.0,12.0,12.0,16.5,16.5,0.2,4.2,4.0,4.0,,5.5,5.5,5.5,5.5,5.5,0.0,= 5.5,= 5.5,= 5.5,,
Derro Savant,17379-derro-savant,MToF,159.0,https://www.dndbeyond.com/monsters/17379-derro-savant,humanoid,small,legacy,N,3.0,2,700.0,-1.0,2.0,1.0,0.0,-3.0,2.0,-1,2,1,0,-3,2,0.0,0.0,0.0,0.0,0.0,0.0,0.0,0.0,0.0,0.0,0.0,0.0,0.0,0.0,0.0,1.0,1.0,1.0,1.0,1.0,1.0,1.0,1.0,1.0,1.0,1.0,1.0,1.0,2.0,1.0,13.0,13.0,36.0,36.0,0.2,4.2,4.0,4.0,12.0,46.666668,46.666668,56.0,56.0,28.0,0.0,= 2*28,= 2*28,= 2*14,,
Derro Savant,17379-derro-savant,OotA,225.0,https://www.dndbeyond.com/monsters/17379-derro-savant,humanoid,small,legacy,N,3.0,2,700.0,-1.0,2.0,1.0,0.0,-3.0,2.0,-1,2,1,0,-3,2,0.0,0.0,0.0,0.0,0.0,0.0,0.0,0.0,0.0,0.0,0.0,0.0,0.0,0.0,0.0,1.0,1.0,1.0,1.0,1.0,1.0,1.0,1.0,1.0,1.0,1.0,1.0,1.0,2.0,1.0,13.0,13.0,49.5,49.5,0.2,4.2,4.0,4.0,12.0,46.666668,46.666668,56.0,56.0,28.0,0.0,= 2*28,= 2*28,= 2*14,,
Derro Savant,2560772-derro-savant,MPMotM,92.0,https://www.dndbeyond.com/monsters/2560772-derro-savant,aberration,small,generic,N,3.0,2,700.0,-1.0,2.0,1.0,0.0,-3.0,2.0,-1,2,1,0,-3,2,0.0,0.0,0.0,0.0,0.0,0.0,0.0,0.0,0.0,0.0,0.0,0.0,0.0,0.0,0.0,1.0,1.0,1.0,1.0,1.0,1.0,1.0,1.0,1.0,1.0,1.0,1.0,1.0,2.0,1.0,13.0,13.0,36.0,36.0,0.2,4.2,4.0,4.0,12.0,42.0,42.0,42.0,42.0,42.0,0.0,= 2*21,= 2*21,= 2*21,,
Deva,16840-deva,MM (2014),16.0,https://www.dndbeyond.com/monsters/16840-deva,celestial,medium,generic,N,10.0,4,5900.0,4.0,4.0,4.0,3.0,5.0,5.0,4,4,4,3,9,9,0.0,1.0,0.0,1.0,1.0,0.0,0.0,0.0,0.0,0.0,0.0,0.0,0.0,0.0,0.0,0.7,0.7,0.7,1.0,1.0,1.0,1.0,1.0,1.0,1.0,1.0,0.5,1.0,4.0,1.5,17.0,17.0,136.0,204.0,5.5,9.5,8.0,8.0,,50.0,50.0,50.0,50.0,50.0,0.0,=2*25,=2*25,=2*25,,
Devkarin Lich,175319-devkarin-lich,GGtR,198.0,https://www.dndbeyond.com/monsters/175319-devkarin-lich,undead,medium,legendary,L,14.0,5,11500.0,0.0,3.0,2.0,4.0,3.0,2.0,0,3,7,9,8,2,0.0,1.0,0.0,1.0,1.0,0.0,0.0,0.0,1.0,0.0,1.0,0.0,0.0,0.0,0.0,0.7,0.7,0.7,1.0,1.0,1.0,1.0,1.0,0.5,0.0,1.0,1.0,1.0,3.0,1.25,14.0,14.0,97.5,260.6,4.8,4.8,9.0,9.0,17.0,96.333336,96.333336,95.0,95.0,99.0,0.0,=2*28 + 3*13,=2*28 + 3*13,=60 + 3*13,,
Devourer,17237-devourer,VGtM,138.0,https://www.dndbeyond.com/monsters/17237-devourer,fiend,large,legacy,N,13.0,5,10000.0,5.0,1.0,5.0,1.0,0.0,3.0,5,1,5,1,0,3,0.0,0.0,0.0,0.0,0.0,0.0,0.0,0.0,0.0,0.0,1.0,0.0,0.0,0.0,0.0,1.0,1.0,1.0,1.0,0.5,0.5,1.0,0.5,1.0,0.0,1.0,1.0,1.0,1.0,1.25,16.0,16.0,178.5,223.1,2.5,2.5,10.0,10.0,18.0,95.333336,95.333336,154.0,66.0,66.0,0.0,= 2*33 + 2*44,= 2*33,= 2*33,,
Devourer,2560774-devourer,MPMotM,93.0,https://www.dndbeyond.com/monsters/2560774-devourer,undead,large,generic,N,13.0,5,10000.0,5.0,1.0,5.0,1.0,0.0,3.0,5,1,5,1,0,3,0.0,0.0,0.0,0.0,0.0,0.0,0.0,0.0,0.0,0.0,1.0,0.0,0.0,0.0,0.0,1.0,1.0,1.0,1.0,0.5,0.5,1.0,0.5,1.0,0.0,1.0,1.0,1.0,1.0,1.25,16.0,16.0,189.0,236.3,2.5,2.5,10.0,10.0,18.0,95.333336,95.333336,154.0,66.0,66.0,0.0,= 2*33 + 2*44,= 2*33,= 2*33,,
Dhergoloth,93845-dhergoloth,MToF,248.0,https://www.dndbeyond.com/monsters/93845-dhergoloth,fiend,medium,legacy,N,7.0,3,2900.0,3.0,0.0,4.0,-2.0,0.0,-1.0,6,0,4,-2,0,-1,0.0,0.0,0.0,0.0,0.0,0.0,0.0,0.0,0.0,0.0,1.0,0.0,0.0,0.0,0.0,0.7,0.7,0.7,0.0,0.5,0.5,1.0,0.5,1.0,0.0,1.0,1.0,1.0,0.0,1.5,15.0,15.0,119.0,178.5,1.2,5.2,6.0,6.0,14.0,31.0,31.0,45.0,24.0,24.0,0.0,= 2*22.5,= 2*12,= 2*12,,
Dhergoloth,2560775-dhergoloth,MPMotM,94.0,https://www.dndbeyond.com/monsters/2560775-dhergoloth,fiend,medium,generic,N,7.0,3,2900.0,3.0,0.0,4.0,-2.0,0.0,-1.0,6,0,4,-2,0,-1,0.0,0.0,0.0,0.0,0.0,0.0,0.0,0.0,0.0,0.0,1.0,0.0,0.0,0.0,0.0,0.7,0.7,0.7,0.0,0.5,0.5,1.0,0.5,1.0,0.0,1.0,1.0,1.0,0.0,1.5,15.0,15.0,119.0,178.5,1.2,5.2,6.0,6.0,14.0,31.0,31.0,45.0,24.0,24.0,0.0,= 2*22.5,= 2*12,= 2*12,,
Dimetrodon,17238-dimetrodon,VGtM,139.0,https://www.dndbeyond.com/monsters/17238-dimetrodon,beast,medium,legacy,N,0.25,2,50.0,2.0,0.0,2.0,-4.0,0.0,-3.0,2,0,2,-4,0,-3,0.0,0.0,0.0,0.0,0.0,0.0,0.0,0.0,0.0,0.0,0.0,0.0,0.0,0.0,0.0,1.0,1.0,1.0,1.0,1.0,1.0,1.0,1.0,1.0,1.0,1.0,1.0,1.0,0.0,1.0,12.0,12.0,19.5,19.5,-0.5,-0.5,4.0,4.0,,9.0,9.0,9.0,9.0,9.0,0.0,= 9,= 9,= 9,,
Dimetrodon,2560776-dimetrodon,MPMotM,95.0,https://www.dndbeyond.com/monsters/2560776-dimetrodon,beast,medium,generic,N,0.25,2,50.0,2.0,0.0,2.0,-4.0,0.0,-3.0,2,0,2,-4,0,-3,0.0,0.0,0.0,0.0,0.0,0.0,0.0,0.0,0.0,0.0,0.0,0.0,0.0,0.0,0.0,1.0,1.0,1.0,1.0,1.0,1.0,1.0,1.0,1.0,1.0,1.0,1.0,1.0,0.0,1.0,12.0,12.0,19.5,19.5,-0.5,-0.5,4.0,4.0,,9.0,9.0,9.0,9.0,9.0,0.0,= 9,= 9,= 9,,
Dire Troll,94218-dire-troll,MToF,243.0,https://www.dndbeyond.com/monsters/94218-dire-troll,giant,huge,legacy,N,13.0,5,10000.0,6.0,2.0,5.0,-1.0,0.0,-3.0,6,2,5,-1,5,2,0.0,0.0,0.0,0.0,1.0,0.0,0.0,0.0,0.0,0.0,1.0,0.0,0.0,0.0,0.0,0.7,0.7,0.7,1.0,1.0,1.0,1.0,1.0,1.0,1.0,1.0,1.0,1.0,2.0,1.25,15.0,15.0,172.5,253.1,3.2,3.2,11.0,11.0,19.0,84.0,84.0,88.0,82.0,82.0,0.0,= 2*44,= 16 + 4*16.5,= 16 + 4*16.5,,
Dire Troll,2560777-dire-troll,MPMotM,246.0,https://www.dndbeyond.com/monsters/2560777-dire-troll,giant,huge,generic,N,13.0,5,10000.0,6.0,2.0,5.0,-1.0,0.0,-3.0,6,2,5,-1,5,2,0.0,0.0,0.0,0.0,1.0,0.0,0.0,0.0,0.0,0.0,1.0,0.0,0.0,0.0,0.0,0.7,0.7,0.7,1.0,1.0,1.0,1.0,1.0,1.0,1.0,1.0,1.0,1.0,2.0,1.25,15.0,15.0,172.5,253.1,3.2,3.2,11.0,11.0,19.0,84.0,84.0,88.0,82.0,82.0,0.0,= 2*44,= 16 + 4*16.5,= 16 + 4*16.5,,
Dire Wolf,16841-dire-wolf,MM (2014),321.0,https://www.dndbeyond.com/monsters/16841-dire-wolf,beast,large,generic,N,1.0,2,200.0,3.0,2.0,2.0,-4.0,1.0,-2.0,3,2,2,-4,1,-2,0.0,0.0,0.0,0.0,0.0,0.0,0.0,0.0,0.0,0.0,0.0,0.0,0.0,0.0,0.0,1.0,1.0,1.0,1.0,1.0,1.0,1.0,1.0,1.0,1.0,1.0,1.0,1.0,2.0,1.0,14.0,14.0,37.5,37.5,0.3,0.3,5.0,6.0,,10.0,10.0,10.0,10.0,10.0,0.0,= 10,= 10,= 10,,
Diseased Giant Rat,288142-diseased-giant-rat,MM (2014),327.0,https://www.dndbeyond.com/monsters/288142-diseased-giant-rat,beast,small,generic,N,0.125,2,25.0,-2.0,2.0,0.0,-4.0,0.0,-3.0,-2,2,0,-4,0,-3,0.0,0.0,0.0,0.0,0.0,0.0,0.0,0.0,0.0,0.0,0.0,0.0,0.0,0.0,0.0,1.0,1.0,1.0,1.0,1.0,1.0,1.0,1.0,1.0,1.0,1.0,1.0,1.0,2.0,1.0,12.0,12.0,7.0,7.0,-1.2,-1.2,4.0,5.0,,4.5,4.5,4.5,4.5,4.5,0.0,= 4.5,= 4.5,= 4.5,,
Displacer Beast,17130-displacer-beast,MM (2014),81.0,https://www.dndbeyond.com/monsters/17130-displacer-beast,monstrosity,large,generic,N,3.0,2,700.0,4.0,2.0,3.0,-2.0,1.0,-1.0,4,2,3,-2,1,-1,0.0,0.0,0.0,0.0,0.0,0.0,0.0,0.0,0.0,0.0,0.0,0.0,0.0,0.0,0.0,1.0,1.0,1.0,1.0,1.0,1.0,1.0,1.0,1.0,1.0,1.0,1.0,1.0,2.0,1.0,13.0,15.0,85.0,85.0,1.2,3.2,6.0,6.0,17.0,20.0,20.0,20.0,20.0,20.0,0.0,= 2*10,= 2*10,= 2*10,,Assumes +2 AC from Displacement. Assumes +2 SB from Avoidance.
Displacer Beast Kitten,1979776-displacer-beast-kitten,TWBtW,108.0,https://www.dndbeyond.com/monsters/1979776-displacer-beast-kitten,monstrosity,small,generic,N,0.125,2,25.0,1.0,1.0,1.0,-3.0,0.0,-2.0,1,1,1,-3,0,-2,0.0,0.0,0.0,0.0,0.0,0.0,0.0,0.0,0.0,0.0,0.0,0.0,0.0,0.0,0.0,1.0,1.0,1.0,1.0,1.0,1.0,1.0,1.0,1.0,1.0,1.0,1.0,1.0,1.0,1.0,12.0,14.0,9.0,9.0,-0.3,-0.3,3.0,3.0,,4.0,4.0,4.0,4.0,4.0,0.0,= 4,= 4,= 4,,Assumes +2 AC from Displacement.
Diviner,17332-diviner,VGtM,213.0,https://www.dndbeyond.com/monsters/17332-diviner,humanoid,medium,legacy,N,8.0,3,3900.0,-1.0,2.0,0.0,4.0,1.0,0.0,-1,2,0,7,4,0,0.0,0.0,0.0,0.0,0.0,0.0,0.0,0.0,0.0,0.0,0.0,0.0,0.0,0.0,0.0,1.0,1.0,1.0,1.0,1.0,1.0,1.0,1.0,1.0,1.0,1.0,1.0,1.0,2.0,1.0,15.0,15.0,67.5,101.3,2.0,2.0,7.0,7.0,15.0,83.333336,83.333336,90.0,84.0,76.0,0.0,= 2*45,= 2*42,=2*38,,Assumes stoneskin is cast before combat.
Diviner Wizard,2560778-diviner-wizard,MPMotM,261.0,https://www.dndbeyond.com/monsters/2560778-diviner-wizard,humanoid,medium,generic,N,8.0,3,3900.0,-1.0,2.0,0.0,4.0,1.0,0.0,-1,2,0,7,4,0,0.0,0.0,0.0,0.0,0.0,0.0,0.0,0.0,0.0,0.0,0.0,0.0,0.0,0.0,0.0,1.0,1.0,1.0,1.0,1.0,1.0,1.0,1.0,1.0,1.0,1.0,1.0,1.0,2.0,1.0,15.0,17.0,90.0,110.0,2.0,2.0,7.0,7.0,15.0,71.0,71.0,90.0,61.5,61.5,0.0,= 2*45,= 3*20.5,= 3*20.5,,Assumes +2*10 HP from Overwhelming Revelation. Assumes +2 AC from Portent.
Djinni,16842-djinni,MM (2014),144.0,https://www.dndbeyond.com/monsters/16842-djinni,elemental,large,generic,N,11.0,4,7200.0,5.0,2.0,6.0,2.0,3.0,5.0,5,6,6,2,7,9,0.0,0.0,0.0,0.0,0.0,0.0,0.0,0.0,0.0,0.0,0.0,0.0,0.0,0.0,0.0,1.0,1.0,1.0,1.0,1.0,1.0,1.0,0.0,1.0,1.0,1.0,1.0,0.0,2.0,1.0,17.0,17.0,161.0,161.0,5.8,5.8,9.0,9.0,,46.5,46.5,46.5,46.5,46.5,0.0,= 3*15.5,= 3*15.5,= 3*15.5,,
Dohwar,2821161-dohwar,SAiS:BAM,19.0,https://www.dndbeyond.com/monsters/2821161-dohwar,fey,small,generic,N,0.0,2,10.0,-3.0,1.0,0.0,0.0,2.0,1.0,-3,3,0,0,4,1,0.0,0.0,0.0,0.0,0.0,0.0,0.0,0.0,0.0,0.0,0.0,0.0,0.0,0.0,0.0,1.0,1.0,1.0,1.0,1.0,1.0,1.0,1.0,1.0,1.0,1.0,1.0,1.0,1.0,1.0,11.0,11.0,10.5,10.5,0.8,0.8,3.0,3.0,,3.5,3.5,3.5,3.5,3.5,0.0,= 3.5,= 3.5,= 3.5,,
Dolgaunt,487575-dolgaunt,ERftLW,290.0,https://www.dndbeyond.com/monsters/487575-dolgaunt,aberration,medium,generic,N,3.0,2,700.0,2.0,4.0,1.0,1.0,2.0,0.0,2,4,1,1,2,0,1.0,0.0,0.0,0.0,0.0,0.0,0.0,0.0,0.0,0.0,0.0,0.0,0.0,0.0,0.0,1.0,1.0,1.0,1.0,1.0,1.0,1.0,1.0,1.0,1.0,1.0,1.0,1.0,4.0,1.0,16.0,16.0,33.0,54.0,1.7,3.7,6.0,6.0,11.0,26.0,26.0,26.0,26.0,26.0,0.0,= 2*7 + 2*6,= 2*7 + 2*6,= 2*7 + 2*6,,Assumes +7 hp per round from Vitality Drain. Assumes +2 SB from Evasion.
Dolgrim,487585-dolgrim,ERftLW,291.0,https://www.dndbeyond.com/monsters/487585-dolgrim,aberration,small,generic,N,0.5,2,100.0,2.0,2.0,1.0,-1.0,0.0,-1.0,2,2,1,-1,0,-1,0.0,0.0,0.0,0.0,0.0,0.0,0.0,0.0,0.0,0.0,0.0,0.0,0.0,0.0,0.0,1.0,1.0,1.0,1.0,1.0,1.0,1.0,1.0,1.0,1.0,1.0,1.0,1.0,2.0,1.0,15.0,15.0,13.5,13.5,0.5,0.5,4.0,4.0,,19.5,19.5,19.5,19.5,19.5,0.0,= 3*6.5,= 3*6.5,= 3*6.5,,
Dolphin,17322-dolphin,VGtM,208.0,https://www.dndbeyond.com/monsters/17322-dolphin,beast,medium,legacy,N,0.125,2,25.0,2.0,1.0,1.0,-2.0,1.0,-2.0,2,1,1,-2,1,-2,0.0,0.0,0.0,0.0,0.0,0.0,0.0,0.0,0.0,0.0,0.0,0.0,0.0,0.0,0.0,1.0,1.0,1.0,1.0,1.0,1.0,1.0,1.0,1.0,1.0,1.0,1.0,1.0,1.0,1.0,12.0,12.0,11.0,11.0,0.2,0.2,4.0,4.0,,5.5,6.6666665,5.5,5.5,5.5,3.5,= 5.5,= 5.5,= 5.5,= 3.5,Assumes +3.5 damage from Charge.
Dolphin,2560780-dolphin,MPMotM,97.0,https://www.dndbeyond.com/monsters/2560780-dolphin,beast,medium,generic,N,0.125,2,25.0,2.0,1.0,1.0,-2.0,1.0,-2.0,2,1,1,-2,1,-2,0.0,0.0,0.0,0.0,0.0,0.0,0.0,0.0,0.0,0.0,0.0,0.0,0.0,0.0,0.0,1.0,1.0,1.0,1.0,1.0,1.0,1.0,1.0,1.0,1.0,1.0,1.0,1.0,1.0,1.0,12.0,12.0,11.0,11.0,0.2,0.2,4.0,4.0,,5.5,6.6666665,5.5,5.5,5.5,3.5,= 5.5,= 5.5,= 5.5,= 3.5,Assumes +3.5 damage from Charge.
Dolphin Delighter,2560779-dolphin-delighter,MPMotM,97.0,https://www.dndbeyond.com/monsters/2560779-dolphin-delighter,fey,medium,generic,N,3.0,2,700.0,2.0,1.0,1.0,0.0,1.0,3.0,2,1,1,0,3,5,0.0,0.0,0.0,0.0,0.0,0.0,0.0,0.0,0.0,0.0,0.0,0.0,0.0,0.0,0.0,1.0,1.0,1.0,1.0,1.0,1.0,1.0,1.0,1.0,1.0,1.0,1.0,1.0,1.0,1.0,14.0,14.0,27.5,38.5,2.0,2.0,4.0,4.0,,25.0,25.0,25.0,25.0,25.0,0.0,= 2*12.5,= 2*12.5,= 2*12.5,,Assumes +11 HP from Delightful Light. Should be higher due to Fey Leap.
Doomguard Doom Lord,3883529-doomguard-doom-lord,PAitM:MPP,54.0,https://www.dndbeyond.com/monsters/3883529-doomguard-doom-lord,humanoid,medium,generic,N,12.0,4,8400.0,5.0,1.0,3.0,2.0,2.0,4.0,9,1,7,2,2,4,0.0,0.0,0.0,0.0,0.0,0.0,0.0,0.0,0.0,0.0,0.0,0.0,0.0,0.0,0.0,1.0,1.0,1.0,1.0,1.0,1.0,1.0,1.0,0.0,1.0,1.0,1.0,1.0,1.0,1.0,18.0,18.0,202.5,202.5,4.2,4.2,9.0,9.0,16.0,63.0,63.0,63.0,63.0,63.0,0.0,= 2*22.5 + 18,= 2*22.5 + 18,= 2*22.5 + 18,,
Doomguard Rot Blade,3883530-doomguard-rot-blade,PAitM:MPP,56.0,https://www.dndbeyond.com/monsters/3883530-doomguard-rot-blade,humanoid,medium,generic,N,6.0,3,2300.0,4.0,1.0,3.0,1.0,0.0,2.0,7,1,6,1,0,2,0.0,0.0,0.0,0.0,0.0,0.0,0.0,0.0,0.0,0.0,0.0,0.0,0.0,0.0,0.0,1.0,1.0,1.0,1.0,1.0,1.0,1.0,1.0,0.5,1.0,1.0,1.0,1.0,1.0,1.0,18.0,18.0,97.5,97.5,2.8,2.8,7.0,7.0,13.0,59.0,59.0,59.0,59.0,59.0,0.0,= 2*16.5 + 4*6.5,= 2*16.5 + 4*6.5,= 2*16.5 + 4*6.5,,
Doomwake Giant,909480-doomwake-giant,MOoT,224.0,https://www.dndbeyond.com/monsters/909480-doomwake-giant,giant,huge,generic,N,11.0,4,7200.0,7.0,1.0,6.0,1.0,2.0,3.0,7,1,10,1,6,3,0.0,0.0,0.0,0.0,1.0,0.0,0.0,0.0,0.0,0.0,1.0,0.0,0.0,0.0,0.0,1.0,1.0,1.0,1.0,1.0,1.0,1.0,1.0,0.0,0.0,1.0,1.0,1.0,1.0,1.0,15.0,15.0,162.5,162.5,4.7,8.7,11.0,11.0,18.0,74.0,74.0,82.0,70.0,70.0,0.0,= 2*36 + 10,= 2*30 + 10,= 2*30 + 10,,
Doppelganger,16843-doppelganger,MM (2014),82.0,https://www.dndbeyond.com/monsters/16843-doppelganger,monstrosity,medium,generic,N,3.0,2,700.0,0.0,4.0,2.0,0.0,1.0,2.0,0,4,2,0,1,2,0.0,1.0,0.0,0.0,0.0,0.0,0.0,0.0,0.0,0.0,0.0,0.0,0.0,0.0,0.0,1.0,1.0,1.0,1.0,1.0,1.0,1.0,1.0,1.0,1.0,1.0,1.0,1.0,4.0,1.0,14.0,14.0,52.0,52.0,1.5,1.5,6.0,8.0,,20.666666,20.666666,34.0,14.0,14.0,0.0,= 2*17,= 2*7,= 2*7,,Assumes +2 AB from Surprise Attack.
Dracohydra,2059715-dracohydra,FToD,176.0,https://www.dndbeyond.com/monsters/2059715-dracohydra,monstrosity,huge,generic,N,11.0,4,7200.0,5.0,1.0,5.0,-2.0,1.0,1.0,5,1,5,-2,1,1,0.0,0.0,0.0,0.0,0.0,0.0,0.0,0.0,0.0,0.0,0.0,0.0,0.0,0.0,0.0,1.0,1.0,1.0,1.0,1.0,1.0,1.0,1.0,1.0,1.0,1.0,1.0,1.0,1.0,1.0,17.0,17.0,218.5,218.5,1.8,1.8,9.0,9.0,17.0,61.5,61.5,66.0,52.5,66.0,0.0,= 2*33,= 5*10.5,= 2*33,,
Draconian Dreadnought,2059716-draconian-dreadnought,FToD,177.0,https://www.dndbeyond.com/monsters/2059716-draconian-dreadnought,monstrosity,large,generic,N,4.0,2,1100.0,4.0,0.0,4.0,0.0,0.0,0.0,6,0,4,0,2,0,0.0,0.0,0.0,0.0,0.0,0.0,0.0,0.0,0.0,0.0,0.0,0.0,0.0,0.0,0.0,1.0,1.0,1.0,1.0,1.0,1.0,1.0,1.0,1.0,1.0,1.0,1.0,1.0,0.0,1.0,16.0,16.0,57.0,57.0,2.0,2.0,6.0,8.0,13.0,41.5,41.5,34.5,34.5,55.5,0.0,= 2*13 + 8.5,= 2*13 + 8.5,= 2*13 + 8.5 + 2*10.5,,Assumes +2 AC from Tail.
Draconian Foot Soldier,2059717-draconian-foot-soldier,FToD,178.0,https://www.dndbeyond.com/monsters/2059717-draconian-foot-soldier,monstrosity,medium,generic,N,0.5,2,100.0,1.0,0.0,1.0,-1.0,-1.0,0.0,1,0,1,-1,-1,0,0.0,0.0,0.0,0.0,0.0,0.0,0.0,0.0,0.0,0.0,0.0,0.0,0.0,0.0,0.0,1.0,1.0,1.0,1.0,1.0,1.0,1.0,1.0,1.0,1.0,1.0,1.0,1.0,0.0,1.0,14.0,14.0,22.0,22.0,0.0,0.0,3.0,3.0,,9.0,9.0,9.0,9.0,9.0,0.0,= 2*4.5,= 2*4.5,= 2*4.5,,
Draconian Infiltrator,2059718-draconian-infiltrator,FToD,178.0,https://www.dndbeyond.com/monsters/2059718-draconian-infiltrator,monstrosity,medium,generic,N,3.0,2,700.0,0.0,3.0,2.0,-1.0,1.0,0.0,0,5,2,-1,1,0,0.0,0.0,0.0,0.0,0.0,0.0,0.0,0.0,0.0,0.0,1.0,0.0,0.0,0.0,0.0,1.0,1.0,1.0,1.0,1.0,1.0,1.0,1.0,1.0,0.0,1.0,1.0,1.0,3.0,1.0,15.0,15.0,39.0,44.0,1.2,1.2,5.0,5.0,12.0,27.333334,27.333334,25.0,25.0,32.0,0.0,= 2*12.5,= 2*12.5,= 2*12.5 + 7,,Assumes +5 hit points from Multiattack.
Draconian Mage,2059719-draconian-mage,FToD,179.0,https://www.dndbeyond.com/monsters/2059719-draconian-mage,monstrosity,medium,generic,N,2.0,2,450.0,2.0,0.0,0.0,0.0,0.0,2.0,2,0,0,2,2,4,0.0,0.0,0.0,0.0,0.0,0.0,0.0,0.0,0.0,0.0,0.0,0.0,0.0,0.0,0.0,1.0,1.0,1.0,1.0,1.0,1.0,1.0,1.0,1.0,1.0,1.0,1.0,1.0,0.0,1.0,15.0,15.0,40.5,40.5,1.7,1.7,4.0,4.0,10.0,27.0,27.0,21.0,21.0,39.0,0.0,= 2*10.5,= 2*10.5,= 2*10.5 + 2*9,,
Draconian Mastermind,2059720-draconian-mastermind,FToD,180.0,https://www.dndbeyond.com/monsters/2059720-draconian-mastermind,monstrosity,medium,generic,N,6.0,3,2300.0,1.0,2.0,3.0,2.0,0.0,3.0,1,2,3,5,3,6,0.0,1.0,0.0,0.0,0.0,0.0,0.0,0.0,0.0,0.0,0.0,0.0,0.0,0.0,0.0,1.0,1.0,1.0,1.0,1.0,1.0,1.0,1.0,1.0,1.0,1.0,1.0,1.0,2.0,1.0,17.0,20.0,67.5,67.5,3.3,3.3,6.0,6.0,14.0,40.0,40.0,42.0,25.5,52.5,0.0,= 2*21,= 3*8.5,= 3*8.5 + 3*9,,Assumes +3 AC from Magic Shield.
Draconic Shard,2059721-draconic-shard,FToD,181.0,https://www.dndbeyond.com/monsters/2059721-draconic-shard,undead,huge,legendary,L,17.0,6,18000.0,-5.0,1.0,4.0,6.0,4.0,6.0,-5,7,4,12,10,12,0.0,1.0,0.0,1.0,1.0,1.0,0.0,0.0,1.0,1.0,1.0,1.0,0.0,0.0,0.0,0.7,0.7,0.7,0.5,0.0,0.5,1.0,1.0,0.0,0.0,0.0,1.0,1.0,1.0,1.25,17.0,17.0,168.0,322.5,6.7,6.7,12.0,12.0,20.0,120.0,120.0,210.0,75.0,75.0,0.0,= 3*55 + 3*15,= 2*15 + 3*15,= 2*15 + 3*15,,
Dracophage Subject,3081103-dracophage-subject,DSotDQ,118.0,https://www.dndbeyond.com/monsters/3081103-dracophage-subject,monstrosity,medium,generic,N,3.0,2,700.0,0.0,3.0,2.0,1.0,1.0,0.0,0,5,2,1,1,0,0.0,0.0,0.0,0.0,0.0,0.0,0.0,0.0,0.0,0.0,1.0,0.0,0.0,0.0,0.0,1.0,1.0,1.0,1.0,1.0,1.0,1.0,1.0,1.0,0.0,1.0,1.0,1.0,3.0,1.0,15.0,15.0,39.0,39.0,1.5,1.5,5.0,5.0,,12.5,14.833333,12.5,12.5,12.5,7.0,= 12.5,= 12.5,= 12.5,= 7,
Draegloth,17245-draegloth,VGtM,141.0,https://www.dndbeyond.com/monsters/17245-draegloth,fiend,large,legacy,N,7.0,3,2900.0,5.0,2.0,4.0,1.0,0.0,0.0,5,2,4,1,0,0,0.0,0.0,0.0,0.0,0.0,0.0,0.0,0.0,0.0,0.0,1.0,0.0,0.0,0.0,0.0,1.0,1.0,1.0,1.0,0.5,0.5,1.0,0.5,1.0,0.0,1.0,1.0,1.0,2.0,1.5,15.0,15.0,123.5,185.3,2.0,2.0,8.0,8.0,,48.0,48.0,48.0,48.0,48.0,0.0,= 16 + 2*16,= 16 + 2*16,= 16 + 2*16,,
Draegloth,2560781-draegloth,MPMotM,98.0,https://www.dndbeyond.com/monsters/2560781-draegloth,fiend,large,generic,N,7.0,3,2900.0,5.0,2.0,4.0,1.0,0.0,0.0,5,2,4,1,0,0,0.0,0.0,0.0,0.0,0.0,0.0,0.0,0.0,0.0,0.0,1.0,0.0,0.0,0.0,0.0,1.0,1.0,1.0,1.0,0.5,0.5,1.0,0.5,1.0,0.0,1.0,1.0,1.0,2.0,1.5,15.0,15.0,123.5,185.3,2.0,2.0,8.0,8.0,,48.0,48.0,48.0,48.0,48.0,0.0,= 16 + 2*16,= 16 + 2*16,= 16 + 2*16,,
Draft Horse,16844-draft-horse,MM (2014),321.0,https://www.dndbeyond.com/monsters/16844-draft-horse,beast,large,generic,N,0.25,2,50.0,4.0,0.0,1.0,-4.0,0.0,-2.0,4,0,1,-4,0,-2,0.0,0.0,0.0,0.0,0.0,0.0,0.0,0.0,0.0,0.0,0.0,0.0,0.0,0.0,0.0,1.0,1.0,1.0,1.0,1.0,1.0,1.0,1.0,1.0,1.0,1.0,1.0,1.0,0.0,1.0,10.0,10.0,19.5,19.5,-0.2,-0.2,6.0,6.0,,9.0,9.0,9.0,9.0,9.0,0.0,= 9,= 9,= 9,,
Dragon Army Dragonnel,3081104-dragon-army-dragonnel,DSotDQ,201.0,https://www.dndbeyond.com/monsters/3081104-dragon-army-dragonnel,dragon,large,generic,N,3.0,2,700.0,3.0,2.0,1.0,-1.0,1.0,0.0,3,2,1,-1,1,0,0.0,0.0,0.0,0.0,0.0,0.0,0.0,0.0,0.0,0.0,0.0,0.0,0.0,0.0,0.0,1.0,1.0,1.0,1.0,1.0,0.5,1.0,1.0,1.0,1.0,1.0,1.0,1.0,2.0,1.0,16.0,20.0,58.5,58.5,1.0,1.0,5.0,5.0,,27.0,27.0,27.0,27.0,27.0,0.0,= 2*13.5,= 2*13.5,= 2*13.5,,Assumes +4 AC from flying with Flyby.
Dragon Army Officer,3081105-dragon-army-officer,DSotDQ,200.0,https://www.dndbeyond.com/monsters/3081105-dragon-army-officer,humanoid,medium,generic,N,3.0,2,700.0,3.0,2.0,2.0,1.0,2.0,1.0,3,4,2,1,4,1,0.0,0.0,0.0,0.0,0.0,0.0,0.0,0.0,0.0,0.0,0.0,0.0,0.0,0.0,0.0,1.0,1.0,1.0,1.0,1.0,1.0,1.0,1.0,1.0,1.0,1.0,1.0,1.0,2.0,1.0,19.0,19.0,65.0,65.0,2.5,2.5,5.0,5.0,,22.0,22.0,22.0,22.0,22.0,0.0,= 2*11,= 2*11,= 2*11,,
Dragon Army Soldier,3081106-dragon-army-soldier,DSotDQ,200.0,https://www.dndbeyond.com/monsters/3081106-dragon-army-soldier,humanoid,medium,generic,N,1.0,2,200.0,2.0,1.0,1.0,0.0,0.0,0.0,2,1,1,0,0,0,0.0,0.0,0.0,0.0,0.0,0.0,0.0,0.0,0.0,0.0,0.0,0.0,0.0,0.0,0.0,1.0,1.0,1.0,1.0,1.0,1.0,1.0,1.0,1.0,1.0,1.0,1.0,1.0,1.0,1.0,17.0,17.0,22.0,22.0,0.7,0.7,4.0,4.0,,18.0,18.0,18.0,18.0,18.0,0.0,= 2*9,= 2*9,= 2*9,,
Dragon Blessed,2059722-dragon-blessed,FToD,188.0,https://www.dndbeyond.com/monsters/2059722-dragon-blessed,humanoid,medium,generic,N,5.0,3,1800.0,1.0,0.0,3.0,2.0,3.0,0.0,1,0,6,2,6,0,0.0,0.0,0.0,0.0,1.0,0.0,0.0,0.0,0.0,0.0,0.0,0.0,0.0,0.0,0.0,1.0,1.0,1.0,1.0,1.0,1.0,1.0,1.0,1.0,1.0,1.0,1.0,1.0,0.0,1.0,14.0,14.0,75.0,97.0,2.5,2.5,6.0,6.0,,48.666668,48.666668,56.0,45.0,45.0,0.0,= 2*28,= 2*22.5,= 2*22.5,,Assumes +4*5.5 HP from Radiant Bolt.
Dragon Chosen,2059723-dragon-chosen,FToD,189.0,https://www.dndbeyond.com/monsters/2059723-dragon-chosen,humanoid,medium,generic,N,3.0,2,700.0,4.0,4.0,2.0,0.0,1.0,2.0,6,6,4,0,1,2,0.0,0.0,0.0,0.0,1.0,0.0,0.0,0.0,0.0,0.0,0.0,0.0,0.0,0.0,0.0,1.0,1.0,1.0,1.0,1.0,1.0,1.0,1.0,1.0,1.0,1.0,1.0,1.0,4.0,1.0,17.0,17.0,45.5,45.5,3.2,3.2,6.0,7.0,,22.5,30.0,22.5,22.5,22.5,22.5,= 7.5 + 2*7.5,= 7.5 + 2*7.5,= 7.5 + 2*7.5,= 3*7.5,Assumes +1 AB from Biting Rebuke.
Dragon Speaker,2059724-dragon-speaker,FToD,189.0,https://www.dndbeyond.com/monsters/2059724-dragon-speaker,humanoid,small,generic,N,2.0,2,450.0,0.0,2.0,1.0,1.0,0.0,3.0,0,4,1,1,0,5,0.0,1.0,0.0,0.0,1.0,0.0,0.0,0.0,0.0,0.0,0.0,0.0,0.0,0.0,0.0,1.0,1.0,1.0,1.0,1.0,1.0,1.0,1.0,1.0,1.0,1.0,1.0,1.0,2.0,1.0,13.0,13.0,36.0,46.5,1.8,1.8,5.0,5.0,,27.0,27.0,27.0,27.0,27.0,0.0,= 2*13.5,= 2*13.5,= 2*13.5,,Assumes +3*3.5 hit points from Disarming Words.
Dragon Turtle,16845-dragon-turtle,MM (2014),119.0,https://www.dndbeyond.com/monsters/16845-dragon-turtle,dragon,gargantuan,generic,N,17.0,6,18000.0,7.0,0.0,5.0,0.0,1.0,1.0,7,6,11,0,7,1,0.0,0.0,0.0,0.0,0.0,0.0,0.0,0.0,0.0,0.0,0.0,0.0,0.0,0.0,0.0,1.0,1.0,1.0,1.0,1.0,0.5,1.0,1.0,1.0,1.0,1.0,1.0,1.0,0.0,1.0,20.0,20.0,341.0,341.0,5.3,5.3,13.0,13.0,18.0,73.333336,73.333336,104.0,58.0,58.0,0.0,= 2*52,= 26 + 2*16,= 26 + 2*16,,
Dragon Turtle Wyrmling,2059725-dragon-turtle-wyrmling,FToD,192.0,https://www.dndbeyond.com/monsters/2059725-dragon-turtle-wyrmling,dragon,large,generic,N,4.0,2,1100.0,3.0,0.0,2.0,-1.0,0.0,0.0,3,2,4,-1,2,0,0.0,0.0,0.0,0.0,0.0,0.0,0.0,0.0,0.0,0.0,0.0,0.0,0.0,0.0,0.0,1.0,1.0,1.0,1.0,1.0,0.5,1.0,1.0,1.0,1.0,1.0,1.0,1.0,0.0,1.0,18.0,18.0,90.0,90.0,1.7,1.7,5.0,5.0,12.0,19.333334,19.333334,35.0,11.5,11.5,0.0,= 2*17.5,= 11.5,= 11.5,,
Dragonbait,33022-dragonbait,ToA,218.0,https://www.dndbeyond.com/monsters/33022-dragonbait,humanoid,medium,unique,N,5.0,3,1800.0,2.0,1.0,3.0,2.0,3.0,4.0,2,1,3,2,6,7,0.0,0.0,0.0,0.0,0.0,0.0,0.0,0.0,0.0,0.0,0.0,0.0,0.0,0.0,0.0,1.0,1.0,1.0,1.0,1.0,1.0,1.0,1.0,1.0,1.0,1.0,1.0,1.0,1.0,1.0,17.0,17.0,120.0,120.0,3.5,7.5,8.0,8.0,,18.0,18.0,18.0,18.0,18.0,0.0,= 2*9,= 2*9,= 2*9,,
Dragonblood Ooze,2059726-dragonblood-ooze,FToD,182.0,https://www.dndbeyond.com/monsters/2059726-dragonblood-ooze,ooze,large,generic,N,5.0,3,1800.0,4.0,-2.0,3.0,-4.0,1.0,0.0,4,-2,3,-4,1,0,1.0,1.0,1.0,1.0,1.0,1.0,0.0,0.0,0.0,0.0,0.0,1.0,1.0,0.0,0.0,1.0,1.0,1.0,0.5,0.5,0.5,1.0,0.5,1.0,0.5,1.0,1.0,1.0,-2.0,1.5,14.0,14.0,68.0,102.0,0.3,0.3,7.0,7.0,14.0,54.0,54.0,54.0,54.0,54.0,0.0,= 2*23.5 + 7,= 2*23.5 + 7,= 2*23.5 + 7,,
Dragonbone Golem,2059727-dragonbone-golem,FToD,183.0,https://www.dndbeyond.com/monsters/2059727-dragonbone-golem,construct,large,generic,N,11.0,4,7200.0,5.0,0.0,3.0,-4.0,0.0,0.0,5,0,3,-4,0,0,0.0,1.0,0.0,1.0,1.0,0.0,0.0,0.0,1.0,1.0,1.0,0.0,0.0,0.0,0.0,1.0,1.0,1.0,1.0,1.0,1.0,1.0,1.0,1.0,0.0,1.0,1.0,1.0,0.0,1.0,17.0,19.0,161.5,201.9,0.7,4.7,9.0,10.0,,54.666668,54.666668,70.0,47.0,47.0,0.0,= 2*35,= 12 + 2*17.5,= 12 + 2*17.5,,Assumes 1.25x hit points from Fear Aura. Assumes +2 AC from Pinion (restrained). Assumes +1 AB from Pinion restraining one target.
Dragonborn of Bahamut,2059728-dragonborn-of-bahamut,FToD,184.0,https://www.dndbeyond.com/monsters/2059728-dragonborn-of-bahamut,humanoid,medium,generic,N,8.0,3,3900.0,4.0,1.0,4.0,1.0,2.0,3.0,4,1,7,4,5,6,0.0,0.0,0.0,0.0,1.0,0.0,0.0,0.0,0.0,0.0,0.0,0.0,0.0,0.0,0.0,1.0,1.0,1.0,1.0,1.0,1.0,1.0,1.0,1.0,1.0,1.0,1.0,1.0,1.0,1.0,18.0,19.0,93.5,113.5,4.5,4.5,7.0,9.0,15.0,73.333336,73.333336,88.0,66.0,66.0,0.0,= 2*44,=3*22,=3*22,,Assumes +1 AC from Longsword. Assumes +2 AB from Longsword.
Dragonborn of Sardior,2059729-dragonborn-of-sardior,FToD,185.0,https://www.dndbeyond.com/monsters/2059729-dragonborn-of-sardior,humanoid,medium,generic,N,6.0,3,2300.0,2.0,3.0,3.0,4.0,2.0,1.0,2,3,6,7,5,4,0.0,0.0,0.0,0.0,1.0,0.0,0.0,0.0,0.0,0.0,0.0,0.0,0.0,0.0,0.0,1.0,1.0,1.0,1.0,1.0,1.0,1.0,1.0,1.0,1.0,0.5,1.0,1.0,3.0,1.0,17.0,17.0,75.0,95.0,4.5,4.5,7.0,7.0,14.0,58.0,58.0,72.0,51.0,51.0,0.0,= 2*27 + 2*9,= 3*17,= 3*17,,
Dragonborn of Tiamat,2059730-dragonborn-of-tiamat,FToD,185.0,https://www.dndbeyond.com/monsters/2059730-dragonborn-of-tiamat,humanoid,medium,generic,N,7.0,3,2900.0,5.0,0.0,4.0,0.0,1.0,3.0,8,0,7,0,4,6,0.0,0.0,0.0,0.0,1.0,0.0,0.0,0.0,0.0,0.0,0.0,0.0,0.0,0.0,0.0,1.0,1.0,1.0,1.0,1.0,1.0,1.0,1.0,1.0,1.0,1.0,1.0,1.0,0.0,1.0,18.0,20.0,85.0,105.0,4.2,4.2,8.0,8.0,15.0,56.666668,56.666668,72.0,49.0,49.0,0.0,= 2*36,= 2*24.5,= 2*24.5,,Assumes +2 AC from Necrotic Breath.
Dragonclaw,17470-dragonclaw,HotDQ,89.0,https://www.dndbeyond.com/monsters/17470-dragonclaw,humanoid,medium,generic,N,1.0,2,200.0,-1.0,3.0,1.0,0.0,0.0,1.0,-1,3,1,0,2,1,0.0,0.0,0.0,0.0,0.0,0.0,0.0,0.0,0.0,0.0,0.0,0.0,0.0,0.0,0.0,1.0,1.0,1.0,1.0,1.0,1.0,1.0,1.0,1.0,1.0,1.0,1.0,1.0,3.0,1.0,14.0,14.0,16.5,16.5,1.0,1.0,5.0,6.0,,19.0,19.0,19.0,19.0,19.0,0.0,= 2*6 + 7,= 2*6 + 7,= 2*6 + 7,,
Dragonfang,19241-dragonfang,RoT,89.0,https://www.dndbeyond.com/monsters/19241-dragonfang,humanoid,medium,generic,N,5.0,3,1800.0,0.0,3.0,2.0,1.0,1.0,2.0,0,3,2,1,4,2,0.0,0.0,0.0,0.0,0.0,0.0,0.0,0.0,0.0,0.0,0.0,0.0,0.0,0.0,0.0,1.0,1.0,1.0,1.0,1.0,1.0,1.0,1.0,1.0,1.0,1.0,1.0,1.0,3.0,1.0,15.0,15.0,78.0,78.0,2.0,2.0,5.0,6.0,,36.0,36.0,36.0,36.0,36.0,0.0,= 2*13 + 10,= 2*13 + 10,= 2*13 + 10,,
Dragonflesh Abomination,2059731-dragonflesh-abomination,FToD,187.0,https://www.dndbeyond.com/monsters/2059731-dragonflesh-abomination,monstrosity,huge,generic,N,6.0,3,2300.0,4.0,2.0,3.0,-3.0,1.0,-2.0,7,2,6,-3,1,-2,0.0,1.0,0.0,0.0,1.0,0.0,0.0,0.0,0.0,0.0,1.0,0.0,0.0,0.0,0.0,1.0,1.0,1.0,1.0,1.0,1.0,1.0,1.0,1.0,1.0,1.0,1.0,1.0,2.0,1.0,15.0,17.0,66.5,96.5,1.8,1.8,7.0,7.0,14.0,46.666668,46.666668,56.0,42.0,42.0,0.0,= 2*28,= 3*14,= 3*14,,
Dragonflesh Grafter,2059732-dragonflesh-grafter,FToD,186.0,https://www.dndbeyond.com/monsters/2059732-dragonflesh-grafter,monstrosity,large,generic,N,3.0,2,700.0,3.0,0.0,2.0,0.0,0.0,-2.0,5,0,4,0,0,-2,0.0,0.0,0.0,0.0,0.0,0.0,0.0,0.0,0.0,0.0,0.0,0.0,0.0,0.0,0.0,1.0,1.0,1.0,1.0,1.0,1.0,1.0,1.0,1.0,1.0,1.0,1.0,1.0,0.0,1.0,14.0,14.0,52.5,52.5,1.2,1.2,5.0,5.0,13.0,26.0,26.0,28.0,25.0,25.0,0.0,= 2*14,= 13 + 12,= 13 + 12,,
Dragonnel,2059733-dragonnel,FToD,190.0,https://www.dndbeyond.com/monsters/2059733-dragonnel,dragon,large,generic,N,2.0,2,450.0,3.0,2.0,1.0,-1.0,1.0,0.0,3,2,1,-1,1,0,0.0,0.0,0.0,0.0,0.0,0.0,0.0,0.0,0.0,0.0,0.0,0.0,0.0,0.0,0.0,1.0,1.0,1.0,1.0,1.0,1.0,1.0,1.0,1.0,1.0,1.0,1.0,1.0,2.0,1.0,13.0,17.0,58.5,58.5,1.0,1.0,5.0,5.0,,20.0,20.0,20.0,20.0,20.0,0.0,= 2*10,= 2*10,= 2*10,,Assumes +4 AC from flying with Flyby.
Dragonsoul,21895-dragonsoul,RoT,89.0,https://www.dndbeyond.com/monsters/21895-dragonsoul,humanoid,medium,generic,N,7.0,3,2900.0,0.0,4.0,2.0,1.0,1.0,3.0,0,4,2,1,4,3,0.0,0.0,0.0,0.0,0.0,0.0,0.0,0.0,0.0,0.0,0.0,0.0,0.0,0.0,0.0,1.0,1.0,1.0,1.0,1.0,1.0,1.0,1.0,1.0,1.0,1.0,1.0,1.0,4.0,1.0,16.0,16.0,110.5,110.5,2.3,2.3,7.0,8.0,,42.0,42.0,42.0,42.0,42.0,0.0,= 2*16 + 10,= 2*16 + 10,= 2*16 + 10,,
Dragonwing,21899-dragonwing,RoT,90.0,https://www.dndbeyond.com/monsters/21899-dragonwing,humanoid,medium,generic,N,2.0,2,450.0,0.0,3.0,1.0,0.0,0.0,1.0,0,3,1,0,2,1,0.0,0.0,0.0,0.0,0.0,0.0,0.0,0.0,0.0,0.0,0.0,0.0,0.0,0.0,0.0,1.0,1.0,1.0,1.0,1.0,1.0,1.0,1.0,1.0,1.0,1.0,1.0,1.0,3.0,1.0,14.0,14.0,33.0,33.0,1.2,1.2,5.0,6.0,,25.0,25.0,25.0,25.0,25.0,0.0,= 2*9 + 7,= 2*9 + 7,= 2*9 + 7,,
Dralmorrer Borngray,17471-dralmorrer-borngray,HotDQ,90.0,https://www.dndbeyond.com/monsters/17471-dralmorrer-borngray,humanoid,medium,unique,N,3.0,2,700.0,4.0,2.0,2.0,3.0,0.0,-1.0,6,2,4,3,0,-1,0.0,0.0,0.0,0.0,0.0,0.0,0.0,0.0,0.0,0.0,0.0,0.0,0.0,0.0,0.0,1.0,1.0,1.0,1.0,1.0,1.0,1.0,1.0,1.0,1.0,1.0,1.0,1.0,2.0,1.0,16.0,21.0,52.5,52.5,2.3,2.3,5.0,5.0,13.0,23.833334,23.833334,27.0,27.0,17.5,0.0,= 2*13.5,= 2*13.5,= 9 + 8.5,,
Drannin Splithelm,17452-drannin-splithelm,PotA,209.0,https://www.dndbeyond.com/monsters/17452-drannin-splithelm,humanoid,medium,unique,N,7.0,3,2900.0,4.0,0.0,4.0,0.0,-1.0,1.0,4,0,4,0,-1,1,0.0,0.0,0.0,0.0,0.0,0.0,0.0,0.0,0.0,0.0,0.0,0.0,0.0,0.0,0.0,1.0,1.0,1.0,1.0,0.5,1.0,1.0,1.0,1.0,0.5,1.0,1.0,1.0,0.0,1.0,18.0,18.0,93.5,109.5,1.3,1.3,7.0,7.0,,68.0,68.0,102.0,51.0,51.0,0.0,= 3*17 + 3*17,= 3*17,= 3*17,,
Dread Warrior,22372-dread-warrior,TftYP,233.0,https://www.dndbeyond.com/monsters/22372-dread-warrior,undead,medium,generic,N,1.0,2,200.0,2.0,0.0,3.0,0.0,1.0,0.0,2,0,3,0,3,0,0.0,0.0,0.0,1.0,0.0,0.0,0.0,0.0,0.0,0.0,1.0,0.0,0.0,0.0,0.0,1.0,1.0,1.0,1.0,1.0,1.0,1.0,1.0,1.0,0.0,1.0,1.0,1.0,0.0,1.0,18.0,18.0,37.5,44.5,1.3,1.3,4.0,4.0,,12.0,12.0,12.0,12.0,12.0,0.0,= 2*6,= 2*6,= 2*6,,
Drelnza,4635147-drelnza,QftIS,197.0,https://www.dndbeyond.com/monsters/4635147-drelnza,undead,medium,unique,L,15.0,5,13000.0,4.0,4.0,4.0,3.0,2.0,4.0,4,9,4,8,7,9,0.0,0.0,0.0,1.0,0.0,0.0,0.0,0.0,0.0,0.0,0.0,0.0,0.0,0.0,0.0,1.0,1.0,1.0,1.0,1.0,1.0,1.0,1.0,0.5,1.0,1.0,1.0,1.0,4.0,1.0,18.0,21.0,187.0,307.0,6.8,6.8,12.0,12.0,,58.0,69.666664,58.0,58.0,58.0,35.0,= 18 + 40,= 18 + 40,= 18 + 40,= 35,Assumes +10 HP per round from Bite. Assumes +3 AC from Parry. Assumes +35 damage from Heretic (paralyzed).
Dretch,16846-dretch,MM (2014),57.0,https://www.dndbeyond.com/monsters/16846-dretch,fiend,small,generic,N,0.25,2,50.0,0.0,0.0,1.0,-3.0,-1.0,-4.0,0,0,1,-3,-1,-4,0.0,0.0,0.0,0.0,0.0,0.0,0.0,0.0,0.0,0.0,1.0,0.0,0.0,0.0,0.0,1.0,1.0,1.0,1.0,0.5,0.5,1.0,0.5,1.0,0.0,1.0,1.0,1.0,0.0,2.0,11.0,11.0,18.0,18.0,-1.2,-1.2,2.0,2.0,,8.5,8.5,8.5,8.5,8.5,0.0,= 3.5 + 5,= 3.5 + 5,= 3.5 + 5,,
Drider,16847-drider,MM (2014),120.0,https://www.dndbeyond.com/monsters/16847-drider,monstrosity,large,generic,N,6.0,3,2300.0,3.0,3.0,4.0,1.0,2.0,1.0,3,3,4,1,2,1,0.0,0.0,0.0,0.0,0.0,0.0,0.0,0.0,0.0,0.0,0.0,0.0,0.0,0.0,0.0,1.0,1.0,1.0,1.0,1.0,1.0,1.0,1.0,1.0,1.0,1.0,1.0,1.0,3.0,1.0,19.0,19.0,123.5,123.5,2.3,2.3,6.0,6.0,13.0,33.0,33.0,33.0,33.0,33.0,0.0,= 3*11,= 3*11,= 3*11,,
Droki,17403-droki,OotA,231.0,https://www.dndbeyond.com/monsters/17403-droki,humanoid,small,unique,N,2.0,2,450.0,0.0,3.0,1.0,0.0,-3.0,3.0,0,3,1,0,-3,3,0.0,0.0,0.0,0.0,0.0,0.0,0.0,0.0,0.0,0.0,0.0,0.0,0.0,0.0,0.0,1.0,1.0,1.0,1.0,1.0,1.0,1.0,1.0,1.0,1.0,1.0,1.0,1.0,3.0,1.0,15.0,17.0,31.5,31.5,0.7,4.7,5.0,5.0,,22.333334,22.333334,29.0,19.0,19.0,0.0,= 16 + 6 + 7,= 2*6 + 7,= 2*6 + 7,,Assumes +2 AC from Parry.
Drow,17133-drow,MM (2014),128.0,https://www.dndbeyond.com/monsters/17133-drow,humanoid,medium,generic,N,0.25,2,50.0,0.0,2.0,0.0,0.0,0.0,1.0,0,2,0,0,0,1,0.0,0.0,0.0,0.0,0.0,0.0,0.0,0.0,0.0,0.0,0.0,0.0,0.0,0.0,0.0,1.0,1.0,1.0,1.0,1.0,1.0,1.0,1.0,1.0,1.0,1.0,1.0,1.0,2.0,1.0,15.0,17.0,13.5,13.5,0.5,0.5,4.0,4.0,13.0,5.5,5.5,5.5,5.5,5.5,0.0,= 5.5,= 5.5,= 5.5,,Assumes +2 AC from Hand Crossbow (poisoned).
Drow Arachnomancer,96147-drow-arachnomancer,MToF,182.0,https://www.dndbeyond.com/monsters/96147-drow-arachnomancer,humanoid,medium,legacy,N,13.0,5,10000.0,0.0,3.0,2.0,4.0,2.0,3.0,0,3,7,9,2,8,0.0,0.0,0.0,0.0,0.0,0.0,0.0,0.0,0.0,0.0,0.0,0.0,0.0,0.0,0.0,1.0,1.0,1.0,1.0,1.0,1.0,1.0,1.0,1.0,0.5,1.0,1.0,1.0,3.0,1.0,15.0,15.0,162.5,162.5,4.8,4.8,7.0,7.0,,102.0,102.0,102.0,102.0,102.0,0.0,= 2*38 + 26,= 2*38 + 26,= 2*38 + 26,,
Drow Arachnomancer,2560782-drow-arachnomancer,MPMotM,99.0,https://www.dndbeyond.com/monsters/2560782-drow-arachnomancer,humanoid,medium,generic,N,13.0,5,10000.0,0.0,3.0,2.0,4.0,2.0,3.0,0,3,7,9,2,8,0.0,0.0,0.0,0.0,0.0,0.0,0.0,0.0,0.0,0.0,0.0,0.0,0.0,0.0,0.0,1.0,1.0,1.0,1.0,1.0,1.0,1.0,1.0,1.0,0.5,1.0,1.0,1.0,3.0,1.0,15.0,15.0,162.5,162.5,4.8,4.8,8.0,8.0,15.0,130.5,130.5,130.5,130.5,130.5,0.0,= 3*43.5,= 3*43.5,= 3*43.5,,
Drow Elite Warrior,17134-drow-elite-warrior,MM (2014),128.0,https://www.dndbeyond.com/monsters/17134-drow-elite-warrior,humanoid,medium,generic,N,5.0,3,1800.0,1.0,4.0,2.0,0.0,1.0,1.0,1,7,5,0,4,1,0.0,0.0,0.0,0.0,0.0,0.0,0.0,0.0,0.0,0.0,0.0,0.0,0.0,0.0,0.0,1.0,1.0,1.0,1.0,1.0,1.0,1.0,1.0,1.0,1.0,1.0,1.0,1.0,4.0,1.0,18.0,20.0,71.5,71.5,3.0,3.0,7.0,7.0,,36.0,36.0,36.0,36.0,36.0,0.0,= 2*18,= 2*18,= 2*18,,Assumes +2 AC from Parry.
Drow Favored Consort,96157-drow-favored-consort,MToF,183.0,https://www.dndbeyond.com/monsters/96157-drow-favored-consort,humanoid,medium,legacy,N,18.0,6,20000.0,2.0,5.0,3.0,4.0,2.0,4.0,2,11,9,4,2,10,0.0,0.0,0.0,0.0,0.0,0.0,0.0,0.0,0.0,0.0,0.0,0.0,0.0,0.0,0.0,1.0,1.0,1.0,1.0,1.0,1.0,1.0,1.0,1.0,1.0,1.0,1.0,1.0,5.0,1.0,18.0,23.0,225.0,225.0,6.3,6.3,11.0,11.0,18.0,119.0,119.0,161.0,98.0,98.0,0.0,= 3*45 + 26,= 2*36 + 26,= 2*36 + 26,,Assumes +5 AC from Protective Shield.
Drow Favored Consort,2560783-drow-favored-consort,MPMotM,100.0,https://www.dndbeyond.com/monsters/2560783-drow-favored-consort,humanoid,medium,generic,N,18.0,6,20000.0,2.0,5.0,3.0,4.0,2.0,4.0,2,11,9,4,2,10,0.0,0.0,0.0,0.0,0.0,0.0,0.0,0.0,0.0,0.0,0.0,0.0,0.0,0.0,0.0,1.0,1.0,1.0,1.0,1.0,1.0,1.0,1.0,1.0,1.0,1.0,1.0,1.0,5.0,1.0,18.0,23.0,240.0,240.0,6.3,6.3,10.0,10.0,18.0,128.0,128.0,128.0,128.0,128.0,0.0,= 2*36 + 2*28,= 2*36 + 2*28,= 2*36 + 2*28,,Assumes +5 AC from Protective Shield.
Drow Gunslinger,149812-drow-gunslinger,WDH,201.0,https://www.dndbeyond.com/monsters/149812-drow-gunslinger,humanoid,medium,generic,N,4.0,2,1100.0,1.0,4.0,2.0,0.0,1.0,2.0,1,6,4,0,3,2,0.0,0.0,0.0,0.0,0.0,0.0,0.0,0.0,0.0,0.0,0.0,0.0,0.0,0.0,0.0,1.0,1.0,1.0,1.0,1.0,1.0,1.0,1.0,1.0,1.0,1.0,1.0,1.0,4.0,1.0,18.0,18.0,84.5,84.5,2.7,2.7,6.0,6.0,,20.0,20.0,20.0,20.0,20.0,0.0,= 20,= 20,= 20,,
Drow House Captain,96419-drow-house-captain,MToF,184.0,https://www.dndbeyond.com/monsters/96419-drow-house-captain,humanoid,medium,legacy,N,9.0,4,5000.0,2.0,4.0,2.0,1.0,2.0,1.0,2,8,6,1,6,1,0.0,0.0,0.0,0.0,0.0,0.0,0.0,0.0,0.0,0.0,0.0,0.0,0.0,0.0,0.0,1.0,1.0,1.0,1.0,1.0,1.0,1.0,1.0,1.0,1.0,1.0,1.0,1.0,4.0,1.0,16.0,17.0,162.5,162.5,4.0,4.0,8.0,8.0,13.0,49.5,59.5,49.5,49.5,49.5,30.0,= 2*21.5 + 6.5,= 2*21.5 + 6.5,= 2*21.5 + 6.5,= 3*10,Assumes +10 DPR from Battle Command.
Drow House Captain,2560784-drow-house-captain,MPMotM,101.0,https://www.dndbeyond.com/monsters/2560784-drow-house-captain,humanoid,medium,generic,N,9.0,4,5000.0,2.0,4.0,2.0,1.0,2.0,1.0,2,8,6,1,6,1,0.0,0.0,0.0,0.0,0.0,0.0,0.0,0.0,0.0,0.0,0.0,0.0,0.0,0.0,0.0,1.0,1.0,1.0,1.0,1.0,1.0,1.0,1.0,1.0,1.0,1.0,1.0,1.0,4.0,1.0,16.0,21.0,162.5,162.5,4.0,4.0,8.0,8.0,13.0,49.5,49.5,49.5,49.5,49.5,0.0,= 2*21.5 + 6.5,= 2*21.5 + 6.5,= 2*21.5 + 6.5,,Assumes +4 AC from Battle Command.
Drow Inquisitor,96450-drow-inquisitor,MToF,184.0,https://www.dndbeyond.com/monsters/96450-drow-inquisitor,humanoid,medium,legacy,N,14.0,5,11500.0,1.0,2.0,2.0,3.0,5.0,5.0,1,2,7,3,10,10,0.0,0.0,0.0,0.0,1.0,0.0,0.0,0.0,0.0,0.0,0.0,0.0,0.0,0.0,0.0,1.0,1.0,1.0,1.0,1.0,1.0,1.0,1.0,1.0,1.0,1.0,1.0,1.0,2.0,1.0,16.0,16.0,143.0,143.0,5.5,9.5,10.0,10.0,18.0,98.0,98.0,98.0,98.0,98.0,0.0,= 3*26.5 + 18.5,= 3*26.5 + 18.5,= 3*26.5 + 18.5,,
Drow Inquisitor,2560786-drow-inquisitor,MPMotM,102.0,https://www.dndbeyond.com/monsters/2560786-drow-inquisitor,humanoid,medium,generic,N,14.0,5,11500.0,0.0,2.0,2.0,3.0,5.0,5.0,0,2,7,3,10,10,0.0,0.0,0.0,0.0,1.0,0.0,0.0,0.0,0.0,0.0,0.0,0.0,0.0,0.0,0.0,1.0,1.0,1.0,1.0,1.0,1.0,1.0,1.0,1.0,1.0,1.0,1.0,1.0,2.0,1.0,16.0,16.0,149.5,149.5,5.3,5.3,10.0,10.0,,89.0,89.0,89.0,89.0,89.0,0.0,= 3*26.5 + 9.5,= 3*26.5 + 9.5,= 3*26.5 + 9.5,,
Drow Mage,17135-drow-mage,MM (2014),129.0,https://www.dndbeyond.com/monsters/17135-drow-mage,humanoid,medium,generic,N,7.0,3,2900.0,-1.0,2.0,0.0,3.0,1.0,1.0,-1,2,0,3,1,1,0.0,0.0,0.0,0.0,0.0,0.0,0.0,0.0,0.0,0.0,0.0,0.0,0.0,0.0,0.0,1.0,1.0,1.0,1.0,1.0,1.0,1.0,1.0,1.0,1.0,1.0,1.0,1.0,2.0,1.0,15.0,20.0,45.0,45.0,1.0,1.0,6.0,6.0,14.0,67.666664,67.666664,70.0,70.0,63.0,0.0,= 2*35,= 2*35,= 2*31.5,,Assumes +5 AC from Shield.
Drow Matron Mother,96458-drow-matron-mother,MToF,186.0,https://www.dndbeyond.com/monsters/96458-drow-matron-mother,humanoid,medium,legacy,L,20.0,6,25000.0,1.0,4.0,3.0,3.0,5.0,6.0,1,4,9,3,11,12,0.0,1.0,0.0,0.0,1.0,0.0,0.0,0.0,0.0,0.0,1.0,0.0,0.0,0.0,0.0,1.0,1.0,1.0,1.0,1.0,1.0,1.0,1.0,1.0,1.0,1.0,1.0,1.0,4.0,1.0,17.0,17.0,262.5,262.5,6.7,10.7,10.0,10.0,19.0,170.0,170.0,131.0,194.0,185.0,0.0,= 2*22.5 + 18.5 + 3*22.5,= 2*54 + 18.5 + 3*22.5,= 2*49.5 + 18.5 + 3*22.5,,
Drow Matron Mother,2560787-drow-matron-mother,MPMotM,104.0,https://www.dndbeyond.com/monsters/2560787-drow-matron-mother,humanoid,medium,legendary,LL,20.0,6,25000.0,1.0,4.0,3.0,3.0,5.0,6.0,1,4,9,3,11,12,0.0,1.0,0.0,0.0,1.0,0.0,0.0,0.0,0.0,0.0,1.0,0.0,0.0,0.0,0.0,1.0,1.0,1.0,1.0,1.0,1.0,1.0,1.0,1.0,1.0,1.0,1.0,1.0,4.0,1.0,17.0,21.0,247.5,247.5,6.7,6.7,10.0,14.0,19.0,142.83333,159.16667,67.5,180.5,180.5,49.0,= 3*22.5,= 2*28 + 2*26.5 + 2*22.5 + 26.5,= 2*28 + 2*26.5 + 2*22.5 + 26.5,= 2*24.5,Assumes +4 AC from Spectral Web (restrained). Assumes +4 AB from Spectral Web (restrained). Assumes a Yochlol is summoned during 1st round. Assumes 2*24.5 damage from lair actions.
Drow Priestess of Lolth,17136-drow-priestess-of-lolth,MM (2014),129.0,https://www.dndbeyond.com/monsters/17136-drow-priestess-of-lolth,humanoid,medium,generic,N,8.0,3,3900.0,0.0,2.0,1.0,1.0,3.0,4.0,0,2,4,1,6,7,0.0,0.0,0.0,0.0,0.0,0.0,0.0,0.0,0.0,0.0,0.0,0.0,0.0,0.0,0.0,1.0,1.0,1.0,1.0,1.0,1.0,1.0,1.0,1.0,1.0,1.0,1.0,1.0,2.0,1.0,16.0,16.0,71.5,71.5,3.3,3.3,6.0,6.0,14.0,80.666664,80.666664,66.0,88.0,88.0,0.0,=3*22,=3*22 + 22,=3*22 + 22,,
Drow Shadowblade,96466-drow-shadowblade,MToF,187.0,https://www.dndbeyond.com/monsters/96466-drow-shadowblade,humanoid,medium,legacy,N,11.0,4,7200.0,2.0,5.0,3.0,1.0,2.0,1.0,2,9,7,1,6,1,0.0,0.0,0.0,0.0,0.0,0.0,0.0,0.0,0.0,0.0,0.0,0.0,0.0,0.0,0.0,1.0,1.0,1.0,1.0,1.0,1.0,1.0,1.0,1.0,1.0,1.0,1.0,1.0,5.0,1.0,17.0,17.0,150.0,150.0,4.3,4.3,9.0,11.0,,73.0,73.0,59.0,80.0,80.0,0.0,= 2*29.5,= 2*29.5 + 21,= 2*29.5 + 21,,
Drow Shadowblade,2560790-drow-shadowblade,MPMotM,105.0,https://www.dndbeyond.com/monsters/2560790-drow-shadowblade,humanoid,medium,generic,N,11.0,4,7200.0,2.0,5.0,3.0,1.0,2.0,1.0,2,9,7,1,6,1,0.0,0.0,0.0,0.0,0.0,0.0,0.0,0.0,0.0,0.0,0.0,0.0,0.0,0.0,0.0,1.0,1.0,1.0,1.0,1.0,1.0,1.0,1.0,1.0,1.0,1.0,1.0,1.0,5.0,1.0,17.0,21.0,150.0,150.0,4.3,8.3,9.0,11.0,,82.5,82.5,82.5,82.5,82.5,0.0,= 3*27.5,= 3*27.5,= 3*27.5,,Assumes +4 AC from Darkness. Assumes +4 SB from Darkness. Assumes +2 AB from Darkness.
Drowned Ascetic,309739-drowned-ascetic,GoS,233.0,https://www.dndbeyond.com/monsters/309739-drowned-ascetic,undead,medium,generic,N,3.0,2,700.0,1.0,3.0,3.0,-4.0,-1.0,-3.0,1,5,3,-4,-1,-3,0.0,0.0,0.0,0.0,0.0,0.0,0.0,0.0,0.0,0.0,1.0,0.0,0.0,0.0,0.0,1.0,1.0,1.0,1.0,1.0,1.0,1.0,1.0,1.0,0.0,1.0,1.0,1.0,3.0,1.0,13.0,13.0,75.0,82.0,0.2,0.2,5.0,5.0,,21.0,21.0,21.0,21.0,21.0,0.0,= 3*7,= 3*7,= 3*7,,
Drowned Assassin,309751-drowned-assassin,GoS,234.0,https://www.dndbeyond.com/monsters/309751-drowned-assassin,undead,medium,generic,N,4.0,2,1100.0,2.0,3.0,3.0,-1.0,-1.0,3.0,2,5,5,-1,-1,3,0.0,0.0,0.0,0.0,0.0,0.0,0.0,0.0,0.0,0.0,1.0,0.0,0.0,0.0,0.0,1.0,1.0,1.0,1.0,1.0,1.0,1.0,1.0,1.0,0.0,1.0,1.0,1.0,3.0,1.0,14.0,18.0,67.5,74.5,2.2,2.2,5.0,9.0,,28.0,28.0,28.0,28.0,28.0,0.0,= 2*14,= 2*14,= 2*14,,Assumes +4 AC from taking the Hide action each turn. Assumes +2 AB from taking the Hide action each turn.
Drowned Blade,309767-drowned-blade,GoS,235.0,https://www.dndbeyond.com/monsters/309767-drowned-blade,undead,medium,generic,N,2.0,2,450.0,3.0,-1.0,3.0,-4.0,-1.0,-3.0,3,-1,3,-4,-1,-3,0.0,0.0,0.0,0.0,0.0,0.0,0.0,0.0,0.0,0.0,1.0,0.0,0.0,0.0,0.0,1.0,1.0,1.0,1.0,1.0,1.0,1.0,1.0,1.0,0.0,1.0,1.0,1.0,-1.0,1.0,10.0,10.0,45.0,52.0,-0.5,-0.5,5.0,5.0,,14.0,14.0,14.0,14.0,14.0,0.0,= 2*7,= 2*7,= 2*7,,
Drowned Master,309776-drowned-master,GoS,235.0,https://www.dndbeyond.com/monsters/309776-drowned-master,undead,medium,generic,N,9.0,4,5000.0,3.0,1.0,3.0,-1.0,2.0,1.0,3,1,7,-1,6,1,0.0,0.0,0.0,0.0,0.0,0.0,0.0,0.0,0.0,0.0,1.0,0.0,0.0,0.0,0.0,1.0,1.0,1.0,1.0,1.0,1.0,1.0,1.0,1.0,0.0,1.0,1.0,1.0,1.0,1.0,14.0,14.0,157.5,171.5,2.8,2.8,7.0,7.0,15.0,50.666668,50.666668,64.0,44.0,44.0,0.0,= 2*27 + 2*5,= 24 + 10 + 2*5,= 24 + 10 + 2*5,,
Druid,16848-druid,MM (2014),346.0,https://www.dndbeyond.com/monsters/16848-druid,humanoid,medium,generic,N,2.0,2,450.0,0.0,1.0,1.0,1.0,2.0,0.0,0,1,1,1,2,0,0.0,0.0,0.0,0.0,0.0,0.0,0.0,0.0,0.0,0.0,0.0,0.0,0.0,0.0,0.0,1.0,1.0,1.0,1.0,1.0,1.0,1.0,1.0,1.0,1.0,1.0,1.0,1.0,1.0,1.0,16.0,16.0,27.5,27.5,0.8,0.8,4.0,4.0,12.0,23.333334,23.333334,26.0,26.0,18.0,0.0,= 2*13,= 2*13,= 2*9,,
Druid of the Old Ways,175898-druid-of-the-old-ways,GGtR,230.0,https://www.dndbeyond.com/monsters/175898-druid-of-the-old-ways,humanoid,medium,generic,N,7.0,3,2900.0,0.0,2.0,3.0,0.0,5.0,2.0,0,5,6,0,8,2,0.0,0.0,0.0,0.0,0.0,0.0,0.0,0.0,0.0,0.0,0.0,0.0,0.0,0.0,0.0,1.0,1.0,1.0,1.0,1.0,1.0,1.0,1.0,1.0,1.0,1.0,1.0,1.0,2.0,1.0,14.0,14.0,90.0,90.0,3.5,3.5,8.0,8.0,16.0,57.0,57.0,63.0,54.0,54.0,0.0,= 2*31.5,= 2*27,= 2*27,,
Dryad,16849-dryad,MM (2014),121.0,https://www.dndbeyond.com/monsters/16849-dryad,fey,medium,generic,N,1.0,2,200.0,0.0,1.0,0.0,2.0,2.0,4.0,0,1,0,2,2,4,0.0,0.0,0.0,0.0,0.0,0.0,0.0,0.0,0.0,0.0,0.0,0.0,0.0,0.0,0.0,1.0,1.0,1.0,1.0,1.0,1.0,1.0,1.0,1.0,1.0,1.0,1.0,1.0,1.0,1.0,16.0,16.0,22.5,22.5,1.5,5.5,6.0,6.0,,8.0,8.0,8.0,8.0,8.0,0.0,= 8,= 8,= 8,,
Duergar,16850-duergar,MM (2014),122.0,https://www.dndbeyond.com/monsters/16850-duergar,humanoid,medium,generic,N,1.0,2,200.0,2.0,0.0,2.0,0.0,0.0,-1.0,2,0,2,0,0,-1,0.0,0.0,0.0,0.0,0.0,0.0,0.0,0.0,0.0,0.0,0.0,0.0,0.0,0.0,0.0,1.0,1.0,1.0,1.0,1.0,1.0,1.0,1.0,1.0,0.5,1.0,1.0,1.0,0.0,1.0,16.0,16.0,26.0,26.0,0.5,0.5,4.0,4.0,,11.0,11.0,11.0,11.0,11.0,0.0,= 11,= 11,= 11,,Assumes Enlarge used prior to combat.
Duergar Despot,96471-duergar-despot,MToF,188.0,https://www.dndbeyond.com/monsters/96471-duergar-despot,humanoid,medium,legacy,N,12.0,4,8400.0,5.0,-3.0,4.0,2.0,2.0,1.0,5,-3,8,2,6,1,0.0,1.0,0.0,1.0,1.0,0.0,0.0,0.0,1.0,0.0,1.0,0.0,0.0,0.0,0.0,1.0,1.0,1.0,1.0,1.0,1.0,1.0,1.0,1.0,0.0,1.0,1.0,1.0,-3.0,1.0,21.0,21.0,119.0,119.0,3.2,7.2,8.0,8.0,16.0,144.0,148.66667,144.0,144.0,144.0,14.0,= 8*18,= 8*18,= 8*18,= 14,Assumes +14 damage from Psychic Engine.
Duergar Despot,2560791-duergar-despot,MPMotM,107.0,https://www.dndbeyond.com/monsters/2560791-duergar-despot,humanoid,medium,generic,N,12.0,4,8400.0,5.0,-3.0,4.0,2.0,2.0,1.0,5,-3,8,2,6,1,0.0,1.0,0.0,1.0,1.0,0.0,0.0,0.0,1.0,0.0,1.0,0.0,0.0,0.0,0.0,1.0,1.0,1.0,1.0,1.0,1.0,1.0,1.0,1.0,0.0,1.0,1.0,1.0,-3.0,1.0,21.0,21.0,119.0,119.0,3.2,7.2,9.0,9.0,16.0,103.5,108.166664,103.5,103.5,103.5,14.0,= 2*23 + 1*21.5 + 2*18,= 2*23 + 1*21.5 + 2*18,= 2*23 + 1*21.5 + 2*18,= 14,Assumes +14 damage from Psychic Engine.
Duergar Hammerer,96474-duergar-hammerer,MToF,188.0,https://www.dndbeyond.com/monsters/96474-duergar-hammerer,construct,medium,legacy,N,2.0,2,450.0,3.0,-2.0,1.0,-3.0,-3.0,-3.0,3,-2,1,-3,-3,-3,0.0,1.0,0.0,1.0,1.0,0.0,0.0,0.0,1.0,1.0,1.0,0.0,0.0,0.0,0.0,1.0,1.0,1.0,1.0,1.0,1.0,1.0,1.0,1.0,0.0,1.0,1.0,1.0,-2.0,1.0,17.0,17.0,33.0,33.0,-1.2,-1.2,5.0,5.0,,16.5,21.833334,16.5,16.5,16.5,16.0,= 6.5 + 10,= 6.5 + 10,= 6.5 + 10,= 16,Assumes +16 damage for one round from Engine of Pain.
Duergar Hammerer,2560792-duergar-hammerer,MPMotM,112.0,https://www.dndbeyond.com/monsters/2560792-duergar-hammerer,construct,medium,generic,N,2.0,2,450.0,3.0,-2.0,1.0,-3.0,-3.0,-3.0,3,-2,1,-3,-3,-3,0.0,1.0,0.0,1.0,1.0,0.0,0.0,0.0,1.0,1.0,1.0,0.0,0.0,0.0,0.0,1.0,1.0,1.0,1.0,1.0,1.0,1.0,1.0,1.0,0.0,1.0,1.0,1.0,-2.0,1.0,17.0,17.0,33.0,33.0,-1.2,-1.2,5.0,5.0,,16.5,26.5,16.5,16.5,16.5,30.0,= 6.5 + 10,= 6.5 + 10,= 6.5 + 10,= 3*10,Assumes +10 DPR from Engine of Pain.
Duergar Kavalrachni,17384-duergar-kavalrachni,MToF,189.0,https://www.dndbeyond.com/monsters/17384-duergar-kavalrachni,humanoid,medium,legacy,N,2.0,2,450.0,2.0,0.0,2.0,0.0,0.0,-1.0,2,0,2,0,0,-1,0.0,0.0,0.0,0.0,0.0,0.0,0.0,0.0,0.0,0.0,0.0,0.0,0.0,0.0,0.0,1.0,1.0,1.0,1.0,1.0,1.0,1.0,1.0,1.0,0.5,1.0,1.0,1.0,0.0,1.0,16.0,16.0,26.0,26.0,0.5,0.5,4.0,4.0,,13.0,29.5,13.0,13.0,13.0,49.5,= 2*6.5,= 2*6.5,= 2*6.5,= 3*16.5,Assumes +16.5 DPR from Cavalry Training.
Duergar Kavalrachni,2560793-duergar-kavalrachni,MPMotM,107.0,https://www.dndbeyond.com/monsters/2560793-duergar-kavalrachni,humanoid,medium,generic,N,2.0,2,450.0,2.0,0.0,2.0,0.0,0.0,-1.0,2,0,2,0,0,-1,0.0,0.0,0.0,0.0,0.0,0.0,0.0,0.0,0.0,0.0,0.0,0.0,0.0,0.0,0.0,1.0,1.0,1.0,1.0,1.0,1.0,1.0,1.0,1.0,0.5,1.0,1.0,1.0,0.0,1.0,16.0,16.0,26.0,26.0,0.5,0.5,4.0,4.0,,23.0,39.5,23.0,23.0,23.0,49.5,= 2*11.5,= 2*11.5,= 2*11.5,= 3*16.5,Assumes +16.5 DPR from Cavalry Training.
Duergar Mind Master,96485-duergar-mind-master,MToF,189.0,https://www.dndbeyond.com/monsters/96485-duergar-mind-master,humanoid,medium,legacy,N,2.0,2,450.0,0.0,3.0,2.0,2.0,0.0,1.0,0,3,2,2,2,1,0.0,0.0,0.0,0.0,0.0,0.0,0.0,0.0,0.0,0.0,0.0,0.0,0.0,0.0,0.0,1.0,1.0,1.0,1.0,1.0,1.0,1.0,1.0,1.0,0.5,1.0,1.0,1.0,3.0,1.0,14.0,14.0,39.0,39.0,1.7,1.7,5.0,5.0,,32.0,32.0,32.0,32.0,32.0,0.0,= 2*16,= 2*16,= 2*16,,
Duergar Mind Master,2560794-duergar-mind-master,MPMotM,108.0,https://www.dndbeyond.com/monsters/2560794-duergar-mind-master,humanoid,medium,generic,N,2.0,2,450.0,0.0,3.0,2.0,2.0,0.0,1.0,0,3,2,2,2,1,0.0,0.0,0.0,0.0,0.0,0.0,0.0,0.0,0.0,0.0,0.0,0.0,0.0,0.0,0.0,1.0,1.0,1.0,1.0,1.0,1.0,1.0,1.0,1.0,0.5,1.0,1.0,1.0,3.0,1.0,14.0,21.0,39.0,39.0,1.7,1.7,5.0,7.0,,23.0,23.0,23.0,23.0,23.0,0.0,= 2*11.5,= 2*11.5,= 2*11.5,,"Assumes +5 AC from Reduce, and +2 AC from Hide after using Reduce. Assumes +2 AB from Hide after using Reduce."
Duergar Screamer,96504-duergar-screamer,MToF,190.0,https://www.dndbeyond.com/monsters/96504-duergar-screamer,construct,medium,legacy,N,3.0,2,700.0,4.0,-2.0,1.0,-3.0,-3.0,-3.0,4,-2,1,-3,-3,-3,0.0,1.0,0.0,1.0,1.0,0.0,0.0,0.0,1.0,1.0,1.0,0.0,0.0,0.0,0.0,1.0,1.0,1.0,1.0,1.0,1.0,1.0,1.0,1.0,0.0,1.0,1.0,1.0,-2.0,1.0,15.0,15.0,38.5,38.5,-1.0,-1.0,6.0,6.0,11.0,24.5,32.666668,24.5,24.5,24.5,24.5,= 10.5 + 2*7,= 10.5 + 2*7,= 10.5 + 2*7,= 10.5 + 2*7,Assumes +24.5 damage for one round from Engine of Pain.
Duergar Screamer,2560795-duergar-screamer,MPMotM,112.0,https://www.dndbeyond.com/monsters/2560795-duergar-screamer,construct,medium,generic,N,3.0,2,700.0,4.0,-2.0,1.0,-3.0,-3.0,-3.0,4,-2,1,-3,-3,-3,0.0,1.0,0.0,1.0,1.0,0.0,0.0,0.0,1.0,1.0,1.0,0.0,0.0,0.0,0.0,1.0,1.0,1.0,1.0,1.0,1.0,1.0,1.0,1.0,0.0,1.0,1.0,1.0,-2.0,1.0,15.0,15.0,38.5,38.5,-1.0,-1.0,6.0,6.0,11.0,24.5,35.0,24.5,24.5,24.5,31.5,= 10.5 + 2*7,= 10.5 + 2*7,= 10.5 + 2*7,= 3*10.5,Assumes +10.5 DPR from Engine of Pain.
Duergar Soulblade,2560796-duergar-soulblade,MPMotM,109.0,https://www.dndbeyond.com/monsters/2560796-duergar-soulblade,humanoid,medium,generic,N,1.0,2,200.0,3.0,3.0,0.0,0.0,0.0,1.0,3,3,0,0,0,1,0.0,0.0,0.0,0.0,0.0,0.0,0.0,0.0,0.0,0.0,0.0,0.0,0.0,0.0,0.0,1.0,1.0,1.0,1.0,1.0,1.0,1.0,1.0,1.0,0.5,1.0,1.0,1.0,3.0,1.0,14.0,14.0,27.0,27.0,1.2,1.2,5.0,5.0,,17.0,17.0,17.0,17.0,17.0,0.0,= 17,= 17,= 17,,
Duergar Spy,22537-duergar-spy,TftYP,234.0,https://www.dndbeyond.com/monsters/22537-duergar-spy,humanoid,medium,generic,N,2.0,2,450.0,0.0,3.0,1.0,1.0,0.0,1.0,0,3,1,1,0,1,0.0,0.0,0.0,0.0,0.0,0.0,0.0,0.0,0.0,0.0,0.0,0.0,0.0,0.0,0.0,1.0,1.0,1.0,1.0,1.0,1.0,1.0,1.0,1.0,0.5,1.0,1.0,1.0,3.0,1.0,15.0,15.0,33.0,33.0,1.0,1.0,5.0,5.0,,33.0,33.0,33.0,33.0,33.0,0.0,= 2*10 + 7 + 6,= 2*10 + 7 + 6,= 2*10 + 7 + 6,,Assumes +6 DPR from Cunning Action.
Duergar Stone Guard,17387-duergar-stone-guard,MToF,191.0,https://www.dndbeyond.com/monsters/17387-duergar-stone-guard,humanoid,medium,legacy,N,2.0,2,450.0,4.0,0.0,2.0,0.0,0.0,-1.0,4,0,2,0,0,-1,0.0,0.0,0.0,0.0,0.0,0.0,0.0,0.0,0.0,0.0,0.0,0.0,0.0,0.0,0.0,1.0,1.0,1.0,1.0,1.0,1.0,1.0,1.0,1.0,0.5,1.0,1.0,1.0,0.0,1.0,18.0,18.0,39.0,39.0,0.8,0.8,5.0,6.0,,11.0,11.0,11.0,11.0,11.0,0.0,= 11,= 11,= 11,,Assumes enlarged.
Duergar Stone Guard,17387-duergar-stone-guard,OotA,227.0,https://www.dndbeyond.com/monsters/17387-duergar-stone-guard,humanoid,medium,legacy,N,2.0,2,450.0,4.0,0.0,2.0,0.0,0.0,-1.0,4,0,2,0,0,-1,0.0,0.0,0.0,0.0,0.0,0.0,0.0,0.0,0.0,0.0,0.0,0.0,0.0,0.0,0.0,1.0,1.0,1.0,1.0,1.0,1.0,1.0,1.0,1.0,0.5,1.0,1.0,1.0,0.0,1.0,18.0,18.0,39.0,39.0,0.8,0.8,5.0,6.0,,11.0,11.0,11.0,11.0,11.0,0.0,= 11,= 11,= 11,,Assumes enlarged.
Duergar Stone Guard,2560797-duergar-stone-guard,MPMotM,110.0,https://www.dndbeyond.com/monsters/2560797-duergar-stone-guard,humanoid,medium,generic,N,2.0,2,450.0,4.0,0.0,2.0,0.0,0.0,-1.0,4,0,2,0,0,-1,0.0,0.0,0.0,0.0,0.0,0.0,0.0,0.0,0.0,0.0,0.0,0.0,0.0,0.0,0.0,1.0,1.0,1.0,1.0,1.0,1.0,1.0,1.0,1.0,0.5,1.0,1.0,1.0,0.0,1.0,18.0,18.0,39.0,39.0,0.8,0.8,6.0,7.0,,22.0,22.0,22.0,22.0,22.0,0.0,= 2*11,= 2*11,= 2*11,,Assumes +1 AB from Phalanx Formation.
Duergar Warlord,96520-duergar-warlord,MToF,192.0,https://www.dndbeyond.com/monsters/96520-duergar-warlord,humanoid,medium,legacy,N,6.0,3,2300.0,4.0,0.0,3.0,1.0,1.0,2.0,4,0,3,1,1,2,0.0,0.0,0.0,0.0,0.0,0.0,0.0,0.0,0.0,0.0,0.0,0.0,0.0,0.0,0.0,1.0,1.0,1.0,1.0,1.0,1.0,1.0,1.0,1.0,0.5,1.0,1.0,1.0,0.0,1.0,20.0,20.0,75.0,75.0,1.8,1.8,7.0,7.0,,61.5,71.5,61.5,61.5,61.5,30.0,= 3*20.5,= 3*20.5,= 3*20.5,= 2*3*5,Assumes +3*5 DPR for two rounds from Call to Attack.
Duergar Warlord,2560798-duergar-warlord,MPMotM,111.0,https://www.dndbeyond.com/monsters/2560798-duergar-warlord,humanoid,medium,generic,N,6.0,3,2300.0,4.0,0.0,3.0,1.0,1.0,2.0,4,0,3,1,1,2,0.0,0.0,0.0,0.0,0.0,0.0,0.0,0.0,0.0,0.0,0.0,0.0,0.0,0.0,0.0,1.0,1.0,1.0,1.0,1.0,1.0,1.0,1.0,1.0,0.5,1.0,1.0,1.0,0.0,1.0,20.0,20.0,75.0,75.0,1.8,1.8,7.0,7.0,,61.5,76.5,61.5,61.5,61.5,45.0,= 3*20.5,= 3*20.5,= 3*20.5,= 3*3*5,Assumes +3*5 DPR from Call to Attack.
Duergar Xarrorn,17388-duergar-xarrorn,MToF,193.0,https://www.dndbeyond.com/monsters/17388-duergar-xarrorn,humanoid,medium,legacy,N,2.0,2,450.0,3.0,0.0,2.0,0.0,0.0,-1.0,3,0,2,0,0,-1,0.0,0.0,0.0,0.0,0.0,0.0,0.0,0.0,0.0,0.0,0.0,0.0,0.0,0.0,0.0,1.0,1.0,1.0,1.0,1.0,1.0,1.0,1.0,1.0,0.5,1.0,1.0,1.0,0.0,1.0,18.0,18.0,26.0,26.0,0.7,0.7,5.0,5.0,12.0,20.0,20.0,19.5,21.0,19.5,0.0,= 19.5,= 2*10.5,= 19.5,,Assumes enlarged.
Duergar Xarrorn,17388-duergar-xarrorn,OotA,228.0,https://www.dndbeyond.com/monsters/17388-duergar-xarrorn,humanoid,medium,legacy,N,2.0,2,450.0,3.0,0.0,2.0,0.0,0.0,-1.0,3,0,2,0,0,-1,0.0,0.0,0.0,0.0,0.0,0.0,0.0,0.0,0.0,0.0,0.0,0.0,0.0,0.0,0.0,1.0,1.0,1.0,1.0,1.0,1.0,1.0,1.0,1.0,0.5,1.0,1.0,1.0,0.0,1.0,18.0,18.0,26.0,26.0,0.7,0.7,5.0,5.0,12.0,20.0,20.0,19.5,21.0,19.5,0.0,= 19.5,= 2*10.5,= 19.5,,Assumes enlarged.
Duergar Xarrorn,2560799-duergar-xarrorn,MPMotM,111.0,https://www.dndbeyond.com/monsters/2560799-duergar-xarrorn,humanoid,medium,generic,N,2.0,2,450.0,3.0,0.0,2.0,0.0,0.0,-1.0,3,0,2,0,0,-1,0.0,0.0,0.0,0.0,0.0,0.0,0.0,0.0,0.0,0.0,0.0,0.0,0.0,0.0,0.0,1.0,1.0,1.0,1.0,1.0,1.0,1.0,1.0,1.0,0.5,1.0,1.0,1.0,0.0,1.0,18.0,18.0,26.0,26.0,0.7,0.7,5.0,5.0,12.0,20.0,20.0,21.0,19.5,19.5,0.0,= 2*10.5,= 19.5,= 19.5,,
Duke Thalamra Vanthampur,417078-duke-thalamra-vanthampur,BGDiA,38.0,https://www.dndbeyond.com/monsters/417078-duke-thalamra-vanthampur,humanoid,medium,unique,N,4.0,2,1100.0,3.0,0.0,2.0,1.0,3.0,4.0,3,0,2,1,3,4,0.0,0.0,0.0,0.0,0.0,0.0,0.0,0.0,0.0,0.0,0.0,0.0,0.0,0.0,0.0,1.0,1.0,1.0,1.0,1.0,1.0,1.0,1.0,1.0,1.0,1.0,1.0,1.0,0.0,1.0,10.0,10.0,78.0,78.0,2.2,2.2,6.0,6.0,14.0,23.333334,23.333334,34.0,18.0,18.0,0.0,= 2*9 + 16,= 2*9,= 2*9,,
Dullahan,1680921-dullahan,VRGtR,233.0,https://www.dndbeyond.com/monsters/1680921-dullahan,undead,medium,legendary,L,10.0,4,5900.0,4.0,2.0,3.0,0.0,2.0,3.0,4,2,7,0,2,3,0.0,1.0,0.0,0.0,1.0,0.0,0.0,0.0,0.0,0.0,1.0,0.0,0.0,0.0,0.0,1.0,1.0,1.0,1.0,0.5,1.0,1.0,0.5,1.0,0.5,1.0,1.0,1.0,2.0,1.5,16.0,16.0,135.0,262.5,3.0,3.0,8.0,8.0,,102.5,102.5,102.5,102.5,102.5,0.0,= 2*20.5 + 3*20.5,= 2*20.5 + 3*20.5,= 2*20.5 + 3*20.5,,
Duodrone,17180-duodrone,MM (2014),225.0,https://www.dndbeyond.com/monsters/17180-duodrone,construct,medium,generic,N,0.25,2,50.0,0.0,1.0,1.0,-2.0,0.0,-2.0,0,1,1,-2,0,-2,0.0,0.0,0.0,0.0,0.0,0.0,0.0,0.0,0.0,0.0,0.0,0.0,0.0,0.0,0.0,1.0,1.0,1.0,1.0,1.0,1.0,1.0,1.0,1.0,1.0,1.0,1.0,1.0,1.0,1.0,15.0,15.0,11.0,11.0,-0.3,-0.3,3.0,3.0,,9.0,9.0,9.0,9.0,9.0,0.0,= 2*4.5,= 2*4.5,= 2*4.5,,
Durnan,149798-durnan,WDH,203.0,https://www.dndbeyond.com/monsters/149798-durnan,humanoid,medium,unique,N,9.0,4,5000.0,4.0,2.0,4.0,1.0,1.0,0.0,8,2,8,1,1,0,0.0,0.0,0.0,0.0,0.0,0.0,0.0,0.0,0.0,0.0,0.0,0.0,0.0,0.0,0.0,1.0,1.0,1.0,1.0,1.0,1.0,1.0,1.0,1.0,1.0,1.0,1.0,1.0,2.0,1.0,16.0,18.0,144.5,154.5,3.3,3.3,8.0,8.0,,48.0,48.0,48.0,48.0,48.0,0.0,= 4*12,= 4*12,= 4*12,,Assumes +10 hp from Indomitable. Assumes +2 AC from ring of spell turning.
Dusk Hag,486313-dusk-hag,ERftLW,292.0,https://www.dndbeyond.com/monsters/486313-dusk-hag,fey,medium,generic,N,6.0,3,2300.0,0.0,2.0,1.0,3.0,3.0,4.0,0,2,1,6,6,4,1.0,1.0,0.0,0.0,1.0,0.0,0.0,0.0,0.0,0.0,0.0,0.0,0.0,0.0,0.0,1.0,1.0,1.0,1.0,1.0,1.0,1.0,1.0,1.0,1.0,1.0,1.0,1.0,2.0,1.0,17.0,17.0,82.5,82.5,3.2,7.2,7.0,7.0,,46.333332,46.333332,67.0,36.0,36.0,0.0,= 2*28 + 11,= 2*18,= 2*18,,
Dust Hulk,3731004-dust-hulk,BPGotG,131.0,https://www.dndbeyond.com/monsters/3731004-dust-hulk,elemental,large,generic,N,5.0,3,1800.0,2.0,4.0,3.0,0.0,1.0,-1.0,2,4,3,0,1,-1,0.0,0.0,0.0,1.0,0.0,1.0,0.0,0.0,1.0,1.0,1.0,0.0,1.0,0.0,0.0,1.0,1.0,1.0,1.0,1.0,1.0,1.0,1.0,1.0,0.0,1.0,1.0,1.0,4.0,1.0,16.0,16.0,68.0,68.0,1.5,1.5,7.0,7.0,,39.0,39.0,39.0,39.0,39.0,0.0,= 3*13,= 3*13,= 3*13,,
Dust Mephit,16851-dust-mephit,MM (2014),215.0,https://www.dndbeyond.com/monsters/16851-dust-mephit,elemental,small,generic,N,0.5,2,100.0,-3.0,2.0,0.0,-1.0,0.0,0.0,-3,2,0,-1,0,0,0.0,0.0,0.0,0.0,0.0,0.0,0.0,0.0,0.0,0.0,1.0,0.0,0.0,0.0,0.0,1.0,1.0,1.0,1.0,1.0,2.0,1.0,1.0,1.0,0.0,1.0,1.0,1.0,2.0,1.0,12.0,12.0,17.5,35.0,-0.3,-0.3,4.0,4.0,10.0,4.0,4.0,4.0,4.0,4.0,0.0,= 4,= 4,= 4,,Assumes hp is doubled from casting sleep.
Dwarf Skeleton,3805739-dwarf-skeleton,PaBTSO,123.0,https://www.dndbeyond.com/monsters/3805739-dwarf-skeleton,undead,medium,generic,N,0.5,2,100.0,3.0,0.0,2.0,-2.0,-1.0,-3.0,3,0,2,-2,-1,-3,0.0,0.0,0.0,1.0,0.0,0.0,0.0,0.0,0.0,0.0,1.0,0.0,0.0,0.0,0.0,2.0,1.0,1.0,1.0,1.0,1.0,1.0,1.0,1.0,0.0,1.0,1.0,1.0,0.0,1.0,13.0,13.0,26.0,26.0,-0.2,-0.2,5.0,5.0,,8.5,8.5,8.5,8.5,8.5,0.0,= 8.5,= 8.5,= 8.5,,
Dybbuk,94219-dybbuk,MToF,132.0,https://www.dndbeyond.com/monsters/94219-dybbuk,fiend,medium,legacy,N,4.0,2,1100.0,-2.0,4.0,3.0,3.0,2.0,2.0,-2,4,3,3,2,2,0.0,1.0,0.0,1.0,1.0,1.0,0.0,0.0,1.0,1.0,1.0,1.0,1.0,0.0,0.0,0.7,0.7,0.7,0.5,0.5,0.5,1.0,0.5,1.0,0.0,1.0,1.0,0.5,4.0,2.0,14.0,14.0,37.5,75.0,2.0,6.0,6.0,6.0,,13.0,13.0,13.0,13.0,13.0,0.0,= 13,= 13,= 13,,
Dybbuk,2560800-dybbuk,MPMotM,113.0,https://www.dndbeyond.com/monsters/2560800-dybbuk,fiend,medium,generic,N,4.0,2,1100.0,-2.0,4.0,3.0,3.0,2.0,2.0,-2,4,3,3,2,2,0.0,1.0,0.0,1.0,1.0,1.0,0.0,0.0,1.0,1.0,1.0,1.0,1.0,0.0,0.0,0.7,0.7,0.7,0.5,0.5,0.5,1.0,0.5,1.0,0.0,1.0,1.0,0.5,4.0,2.0,14.0,14.0,37.5,143.8,2.0,6.0,6.0,6.0,,13.0,13.0,13.0,13.0,13.0,0.0,= 13,= 13,= 13,,"Assumes +20 HP from Possess Corpse, and +25% HP from Control Corpse."
Dyrrn,486968-dyrrn,ERftLW,288.0,https://www.dndbeyond.com/monsters/486968-dyrrn,aberration,medium,unique,LL,24.0,7,62000.0,8.0,5.0,6.0,8.0,6.0,7.0,8,5,6,15,13,14,1.0,1.0,0.0,1.0,1.0,0.0,0.0,0.0,0.0,0.0,1.0,1.0,0.0,0.0,0.0,1.0,1.0,1.0,1.0,1.0,1.0,1.0,1.0,1.0,0.5,0.5,1.0,1.0,5.0,1.0,21.0,21.0,325.5,475.5,10.2,14.2,15.0,15.0,23.0,208.33333,208.33333,227.0,171.0,227.0,0.0,= 22 + 55 + 3*24 + 3*26,= 22 + 55 + 3*24 + 22,= 22 + 55 + 3*24 + 3*26,,
Dzaan,1123080-dzaan,IDRotF,270.0,https://www.dndbeyond.com/monsters/1123080-dzaan,humanoid,medium,unique,N,4.0,2,1100.0,0.0,0.0,1.0,3.0,1.0,2.0,0,0,1,5,3,2,0.0,0.0,0.0,0.0,0.0,0.0,0.0,0.0,0.0,0.0,0.0,0.0,0.0,0.0,0.0,1.0,1.0,1.0,1.0,1.0,1.0,1.0,1.0,1.0,1.0,1.0,1.0,1.0,0.0,1.0,10.0,10.0,49.5,49.5,1.8,1.8,5.0,5.0,13.0,84.333336,84.333336,65.0,94.0,94.0,0.0,=65,= 2*31 + 32,= 2*31 + 32,,Assumes half of tiny animated objects survive for rounds 2 and 3.
Dzaan’s Simulacrum,1123081-dzaans-simulacrum,IDRotF,270.0,https://www.dndbeyond.com/monsters/1123081-dzaans-simulacrum,construct,medium,unique,N,1.0,2,200.0,0.0,0.0,1.0,3.0,1.0,2.0,0,0,1,5,3,2,0.0,0.0,0.0,0.0,0.0,0.0,0.0,0.0,0.0,0.0,0.0,0.0,0.0,0.0,0.0,1.0,1.0,1.0,1.0,1.0,1.0,1.0,1.0,1.0,1.0,1.0,1.0,1.0,0.0,1.0,10.0,10.0,49.5,24.0,1.8,1.8,5.0,5.0,13.0,21.0,21.0,21.0,21.0,21.0,0.0,= 1.5*4*3.5,= 1.5*4*3.5,= 1.5*4*3.5,,
Earth Elemental,16853-earth-elemental,MM (2014),124.0,https://www.dndbeyond.com/monsters/16853-earth-elemental,elemental,large,generic,N,5.0,3,1800.0,5.0,-1.0,5.0,-3.0,0.0,-3.0,5,-1,5,-3,0,-3,0.0,0.0,0.0,1.0,0.0,0.0,0.0,0.0,1.0,1.0,1.0,0.0,0.0,0.0,1.0,0.7,0.7,0.7,1.0,1.0,1.0,1.0,1.0,1.0,0.0,1.0,1.0,2.0,-1.0,1.5,17.0,17.0,126.0,189.0,0.5,0.5,8.0,8.0,,28.0,28.0,28.0,28.0,28.0,0.0,= 2*14,= 2*14,= 2*14,,
Earth Elemental Myrmidon,17458-earth-elemental-myrmidon,MToF,202.0,https://www.dndbeyond.com/monsters/17458-earth-elemental-myrmidon,elemental,medium,legacy,N,7.0,3,2900.0,4.0,0.0,3.0,-1.0,0.0,0.0,4,0,3,-1,0,0,0.0,0.0,0.0,0.0,0.0,0.0,0.0,0.0,1.0,1.0,1.0,1.0,0.0,0.0,0.0,0.7,0.7,0.7,1.0,1.0,1.0,1.0,1.0,1.0,0.0,1.0,1.0,1.0,0.0,1.5,18.0,18.0,127.5,191.3,1.0,1.0,7.0,7.0,,23.833334,23.833334,27.5,22.0,22.0,0.0,= 27.5,= 2*11,= 2*11,,
Earth Elemental Myrmidon,17458-earth-elemental-myrmidon,PotA,212.0,https://www.dndbeyond.com/monsters/17458-earth-elemental-myrmidon,elemental,medium,legacy,N,7.0,3,2900.0,4.0,0.0,3.0,-1.0,0.0,0.0,4,0,3,-1,0,0,0.0,0.0,0.0,0.0,0.0,0.0,0.0,0.0,1.0,1.0,1.0,1.0,0.0,0.0,0.0,0.7,0.7,0.7,1.0,1.0,1.0,1.0,1.0,1.0,0.0,1.0,1.0,1.0,0.0,1.5,18.0,18.0,127.5,191.3,1.0,1.0,7.0,7.0,,23.833334,23.833334,27.5,22.0,22.0,0.0,= 27.5,= 2*11,= 2*11,,
Earth Elemental Myrmidon,2560801-earth-elemental-myrmidon,MPMotM,122.0,https://www.dndbeyond.com/monsters/2560801-earth-elemental-myrmidon,elemental,medium,generic,N,7.0,3,2900.0,4.0,0.0,3.0,-1.0,0.0,0.0,4,0,3,-1,0,0,0.0,0.0,0.0,0.0,0.0,0.0,0.0,0.0,1.0,1.0,1.0,1.0,0.0,0.0,0.0,0.7,0.7,0.7,1.0,1.0,1.0,1.0,1.0,1.0,0.0,1.0,1.0,1.0,0.0,1.5,18.0,18.0,127.5,191.3,1.0,1.0,7.0,7.0,,25.666666,25.666666,33.0,22.0,22.0,0.0,= 33,= 2*11,= 2*11,,
Eater of Hope,909481-eater-of-hope,MOoT,220.0,https://www.dndbeyond.com/monsters/909481-eater-of-hope,fiend,large,generic,N,6.0,3,2300.0,4.0,3.0,2.0,1.0,0.0,3.0,4,3,5,1,0,6,0.0,0.0,0.0,0.0,0.0,0.0,0.0,0.0,0.0,0.0,1.0,0.0,0.0,0.0,0.0,1.0,1.0,1.0,1.0,0.5,1.0,1.0,1.0,0.5,0.0,1.0,1.0,1.0,3.0,1.0,17.0,17.0,90.0,90.0,3.2,7.2,7.0,7.0,14.0,37.333332,37.333332,52.0,30.0,30.0,0.0,= 2*26,= 2*15,= 2*15,,
Eater of Knowledge,3883531-eater-of-knowledge,PAitM:MPP,29.0,https://www.dndbeyond.com/monsters/3883531-eater-of-knowledge,aberration,large,generic,N,6.0,3,2300.0,4.0,0.0,3.0,4.0,3.0,2.0,7,0,3,7,3,2,0.0,1.0,0.0,0.0,1.0,0.0,0.0,0.0,0.0,0.0,0.0,0.0,0.0,0.0,0.0,1.0,1.0,1.0,1.0,1.0,1.0,1.0,1.0,1.0,1.0,0.0,1.0,1.0,0.0,1.0,15.0,15.0,102.0,102.0,3.7,7.7,7.0,7.0,15.0,29.666666,33.0,22.0,22.0,45.0,10.0,= 2*11,= 2*11,= 45,= 10,Assumes +10 damage from Multiattack (stunned).
Eblis,33024-eblis,ToA,219.0,https://www.dndbeyond.com/monsters/33024-eblis,monstrosity,large,generic,N,1.0,2,200.0,0.0,3.0,1.0,1.0,2.0,0.0,0,3,1,1,2,0,0.0,0.0,0.0,0.0,0.0,0.0,0.0,0.0,0.0,0.0,0.0,0.0,0.0,0.0,0.0,1.0,1.0,1.0,1.0,1.0,1.0,1.0,1.0,1.0,1.0,1.0,1.0,1.0,3.0,1.0,13.0,13.0,26.0,26.0,1.2,1.2,5.0,5.0,,10.0,10.0,10.0,10.0,10.0,0.0,= 2*5,= 2*5,= 2*5,,
Echo of Demogorgon,3731005-echo-of-demogorgon,BPGotG,132.0,https://www.dndbeyond.com/monsters/3731005-echo-of-demogorgon,fiend,large,generic,N,6.0,3,2300.0,6.0,0.0,3.0,0.0,1.0,2.0,9,0,3,0,1,5,0.0,1.0,0.0,0.0,1.0,0.0,0.0,0.0,0.0,0.0,0.0,0.0,0.0,0.0,0.0,1.0,1.0,1.0,1.0,0.5,0.5,1.0,0.5,1.0,1.0,1.0,1.0,1.0,0.0,1.5,14.0,14.0,85.0,127.5,3.0,7.0,9.0,9.0,13.0,52.0,52.0,52.0,52.0,52.0,0.0,= 2*22 + 8,= 2*22 + 8,= 2*22 + 8,,
Efreeti,16854-efreeti,MM (2014),145.0,https://www.dndbeyond.com/monsters/16854-efreeti,elemental,large,generic,N,11.0,4,7200.0,6.0,1.0,7.0,3.0,2.0,3.0,6,1,7,7,6,7,0.0,0.0,0.0,0.0,0.0,0.0,0.0,0.0,0.0,0.0,0.0,0.0,0.0,0.0,0.0,1.0,1.0,1.0,1.0,1.0,0.0,1.0,1.0,1.0,1.0,1.0,1.0,1.0,1.0,1.0,17.0,17.0,200.0,200.0,5.7,5.7,10.0,10.0,,40.0,40.0,40.0,40.0,40.0,0.0,= 2*20,= 2*20,= 2*20,,
Egg Hunter Adult,2059734-egg-hunter-adult,FToD,193.0,https://www.dndbeyond.com/monsters/2059734-egg-hunter-adult,monstrosity,small,generic,N,5.0,3,1800.0,2.0,5.0,3.0,-4.0,1.0,-3.0,2,8,3,-4,4,-3,0.0,0.0,0.0,0.0,1.0,0.0,0.0,0.0,0.0,0.0,1.0,0.0,0.0,0.0,0.0,1.0,1.0,1.0,1.0,1.0,1.0,1.0,1.0,1.0,1.0,1.0,1.0,1.0,5.0,1.0,16.0,20.0,52.0,88.0,1.7,1.7,8.0,8.0,,35.0,35.0,35.0,35.0,35.0,0.0,= 2*17.5,= 2*17.5,= 2*17.5,,Assumes +4 AC from Rapid Adaptation.
Egg Hunter Hatchling,2059735-egg-hunter-hatchling,FToD,193.0,https://www.dndbeyond.com/monsters/2059735-egg-hunter-hatchling,monstrosity,tiny,generic,N,2.0,2,450.0,-1.0,3.0,1.0,-5.0,0.0,-3.0,-1,5,1,-5,2,-3,0.0,0.0,0.0,0.0,1.0,0.0,0.0,0.0,0.0,0.0,0.0,0.0,0.0,0.0,0.0,1.0,1.0,1.0,1.0,1.0,1.0,1.0,1.0,1.0,1.0,1.0,1.0,1.0,3.0,1.0,14.0,14.0,28.0,38.0,-0.2,-0.2,5.0,5.0,,20.0,20.0,20.0,20.0,20.0,0.0,= 2*10,= 2*10,= 2*10,,Assumes +10 hit points from Rapid Movement.
Eidolon,96527-eidolon,MToF,193.0,https://www.dndbeyond.com/monsters/96527-eidolon,undead,medium,legacy,N,12.0,4,8400.0,-2.0,-1.0,-1.0,2.0,4.0,3.0,-2,-1,-1,2,8,3,0.0,1.0,0.0,1.0,1.0,1.0,0.0,0.0,1.0,1.0,1.0,1.0,1.0,0.0,0.0,0.7,0.7,0.7,0.5,0.0,0.5,1.0,0.5,0.0,0.0,1.0,1.0,0.5,-1.0,1.5,9.0,19.0,63.0,296.3,1.5,1.5,8.0,8.0,,86.0,86.0,86.0,86.0,86.0,0.0,= 2*43,= 2*43,= 2*43,,
Eidolon,2560802-eidolon,MPMotM,114.0,https://www.dndbeyond.com/monsters/2560802-eidolon,undead,medium,generic,N,12.0,4,8400.0,-2.0,-1.0,-1.0,2.0,4.0,3.0,-2,-1,-1,2,8,3,0.0,1.0,0.0,1.0,1.0,1.0,0.0,0.0,1.0,1.0,1.0,1.0,1.0,0.0,0.0,0.7,0.7,0.7,0.5,0.0,0.5,1.0,0.5,0.0,0.0,1.0,1.0,0.5,-1.0,1.5,9.0,19.0,63.0,296.3,1.5,1.5,8.0,8.0,,86.0,86.0,86.0,86.0,86.0,0.0,= 2*43,= 2*43,= 2*43,,
Elder Brain,17284-elder-brain,VGtM,174.0,https://www.dndbeyond.com/monsters/17284-elder-brain,aberration,large,legacy,LL,14.0,5,11500.0,2.0,0.0,5.0,5.0,4.0,7.0,2,0,5,10,9,12,0.0,0.0,0.0,0.0,0.0,0.0,0.0,0.0,0.0,0.0,0.0,0.0,0.0,0.0,0.0,1.0,1.0,1.0,1.0,1.0,1.0,1.0,1.0,1.0,1.0,1.0,1.0,1.0,0.0,1.0,10.0,10.0,210.0,360.0,6.3,10.3,7.0,7.0,18.0,94.666664,123.166664,124.0,80.0,80.0,85.5,= 2*32 + 3*20,= 20 + 3*20,= 20 + 3*20,= 3*3*9.5,"Assumes +2*15 HP from Mind Blast, and 3*10 HP from lair actions. Assumes +3*9.5 DPR from Tentacle."
Elder Brain,2560803-elder-brain,MPMotM,120.0,https://www.dndbeyond.com/monsters/2560803-elder-brain,aberration,large,legendary,LL,14.0,5,11500.0,2.0,0.0,5.0,5.0,4.0,7.0,2,0,5,10,9,12,0.0,0.0,0.0,0.0,0.0,0.0,0.0,0.0,0.0,0.0,0.0,0.0,0.0,0.0,0.0,1.0,1.0,1.0,1.0,1.0,1.0,1.0,1.0,1.0,1.0,1.0,1.0,1.0,0.0,1.0,10.0,10.0,210.0,360.0,6.3,10.3,7.0,7.0,,76.0,91.833336,106.0,61.0,61.0,47.5,= 2*32.5 + 2*10.5 + 20,= 20 + 20 + 2*10.5,= 20 + 20 + 2*10.5,= 5*9.5,"Assumes +2*15 HP from Mind Blast, and 3*10 HP from lair actions. Assumes +5*9.5 damage from Tentacle."
Elder Brain Dragon,2059736-elder-brain-dragon,FToD,194.0,https://www.dndbeyond.com/monsters/2059736-elder-brain-dragon,aberration,gargantuan,legendary,L,22.0,7,41000.0,8.0,1.0,7.0,5.0,4.0,7.0,8,1,14,12,11,14,0.0,1.0,0.0,0.0,1.0,0.0,0.0,0.0,0.0,0.0,0.0,0.0,0.0,0.0,0.0,1.0,1.0,1.0,1.0,1.0,1.0,1.0,1.0,1.0,1.0,0.0,1.0,1.0,1.0,1.0,17.0,17.0,350.0,470.0,10.0,10.0,15.0,15.0,22.0,150.83333,150.83333,246.5,103.0,103.0,0.0,= 2*55 + 6*16.5 + 3*12.5,= 30 + 2*11.5 + 12.5 + 3*12.5,= 30 + 2*11.5 + 12.5 + 3*12.5,,
Elder Oblex,2560804-elder-oblex,MPMotM,199.0,https://www.dndbeyond.com/monsters/2560804-elder-oblex,ooze,huge,generic,N,10.0,4,5900.0,2.0,3.0,5.0,6.0,1.0,4.0,2,3,5,10,1,8,1.0,1.0,1.0,1.0,0.0,0.0,0.0,0.0,0.0,0.0,0.0,1.0,0.0,0.0,0.0,1.0,1.0,1.0,1.0,1.0,1.0,1.0,1.0,1.0,1.0,1.0,1.0,1.0,3.0,1.0,16.0,16.0,115.0,115.0,4.8,4.8,7.0,7.0,18.0,106.0,106.0,106.0,106.0,106.0,0.0,= 2*31 + 44,= 2*31 + 44,= 2*31 + 44,,
Elder Tempest,97316-elder-tempest,MToF,200.0,https://www.dndbeyond.com/monsters/97316-elder-tempest,elemental,gargantuan,legacy,L,23.0,7,50000.0,6.0,9.0,6.0,-4.0,5.0,4.0,6,9,6,-4,12,11,0.0,0.0,0.0,1.0,0.0,1.0,0.0,0.0,1.0,1.0,1.0,1.0,1.0,1.0,0.0,0.7,0.7,0.7,1.0,1.0,1.0,1.0,0.0,1.0,0.0,1.0,1.0,0.0,9.0,1.25,19.0,21.0,264.0,480.0,6.7,6.7,16.0,16.0,21.0,132.66667,132.66667,174.0,112.0,112.0,0.0,=4*27 + 3*22,=2*23 + 3*22,=2*23 + 3*22,,Assumes one creature is stunned from Lightning Storm. Assumes +2 AC from Living Storm (disadvantage).
Elder Tempest,2560805-elder-tempest,MPMotM,121.0,https://www.dndbeyond.com/monsters/2560805-elder-tempest,elemental,gargantuan,legendary,L,23.0,7,50000.0,6.0,9.0,6.0,-4.0,5.0,4.0,6,9,6,-4,12,11,0.0,0.0,0.0,1.0,0.0,1.0,0.0,0.0,1.0,1.0,1.0,1.0,1.0,1.0,0.0,0.7,0.7,0.7,1.0,1.0,1.0,1.0,0.0,1.0,0.0,1.0,1.0,0.0,9.0,1.25,19.0,21.0,264.0,480.0,6.7,6.7,16.0,16.0,21.0,132.66667,132.66667,174.0,112.0,112.0,0.0,=4*27 + 3*22,=2*23 + 3*22,=2*23 + 3*22,,Assumes one creature is stunned from Lightning Storm. Assumes +2 AC from Living Storm (disadvantage).
Elephant,16855-elephant,MM (2014),322.0,https://www.dndbeyond.com/monsters/16855-elephant,beast,huge,generic,N,4.0,2,1100.0,6.0,-1.0,3.0,-4.0,0.0,-2.0,6,-1,3,-4,0,-2,0.0,0.0,0.0,0.0,0.0,0.0,0.0,0.0,0.0,0.0,0.0,0.0,0.0,0.0,0.0,1.0,1.0,1.0,1.0,1.0,1.0,1.0,1.0,1.0,1.0,1.0,1.0,1.0,-1.0,1.0,12.0,12.0,76.0,76.0,0.3,0.3,8.0,8.0,,29.0,29.0,42.0,22.5,22.5,0.0,= 19.5 + 22.5,= 22.5,= 22.5,,
Elizar Dryflagon,17442-elizar-dryflagon,PotA,202.0,https://www.dndbeyond.com/monsters/17442-elizar-dryflagon,humanoid,medium,unique,N,5.0,3,1800.0,1.0,2.0,2.0,0.0,4.0,0.0,1,2,2,0,4,0,0.0,0.0,0.0,0.0,0.0,0.0,0.0,0.0,0.0,0.0,0.0,0.0,0.0,0.0,0.0,1.0,1.0,1.0,1.0,1.0,1.0,1.0,1.0,1.0,1.0,1.0,1.0,1.0,2.0,1.0,14.0,14.0,71.5,71.5,1.5,1.5,7.0,7.0,15.0,56.0,56.0,44.0,66.0,58.0,0.0,=2*22,= 2*22 + 22,= 2*18 + 22,,Assumes one creature knocked into wall of fire per round.
Elk,16857-elk,MM (2014),322.0,https://www.dndbeyond.com/monsters/16857-elk,beast,large,generic,N,0.25,2,50.0,3.0,0.0,1.0,-4.0,0.0,-2.0,3,0,1,-4,0,-2,0.0,0.0,0.0,0.0,0.0,0.0,0.0,0.0,0.0,0.0,0.0,0.0,0.0,0.0,0.0,1.0,1.0,1.0,1.0,1.0,1.0,1.0,1.0,1.0,1.0,1.0,1.0,1.0,0.0,1.0,10.0,10.0,13.0,13.0,-0.3,-0.3,5.0,5.0,12.0,9.833333,9.833333,13.5,8.0,8.0,0.0,= 13.5,= 8,= 8,,
Elkhorn,1979777-elkhorn,TWBtW,224.0,https://www.dndbeyond.com/monsters/1979777-elkhorn,humanoid,medium,unique,N,2.0,2,450.0,-1.0,1.0,3.0,-1.0,0.0,0.0,1,1,5,-1,0,0,0.0,0.0,0.0,0.0,0.0,0.0,0.0,0.0,0.0,0.0,0.0,0.0,0.0,0.0,0.0,1.0,1.0,1.0,1.0,1.0,1.0,1.0,1.0,1.0,0.5,1.0,1.0,1.0,1.0,1.0,18.0,18.0,52.5,64.5,1.0,1.0,2.0,3.0,,12.333333,12.333333,17.0,10.0,10.0,0.0,= 10 + 7,= 10,= 10,,
Emerald Dragon Wyrmling,2059737-emerald-dragon-wyrmling,FToD,197.0,https://www.dndbeyond.com/monsters/2059737-emerald-dragon-wyrmling,dragon,medium,generic,N,2.0,2,450.0,2.0,1.0,2.0,2.0,1.0,2.0,2,3,4,2,3,4,0.0,0.0,0.0,0.0,0.0,0.0,0.0,0.0,0.0,0.0,0.0,0.0,0.0,0.0,0.0,1.0,1.0,1.0,1.0,1.0,0.5,1.0,1.0,1.0,1.0,0.5,1.0,1.0,1.0,1.0,16.0,19.0,39.0,39.0,3.0,3.0,4.0,4.0,12.0,19.0,19.0,35.0,11.0,11.0,0.0,= 2*17.5,= 11,= 11,,Assumes +1 AC from Disorienting Breath.
Emerald Greatwyrm,2059738-emerald-greatwyrm,FToD,201.0,https://www.dndbeyond.com/monsters/2059738-emerald-greatwyrm,dragon,gargantuan,legendary,L,26.0,8,90000.0,9.0,2.0,9.0,10.0,7.0,7.0,9,10,17,10,15,15,0.0,1.0,0.0,0.0,1.0,0.0,0.0,0.0,0.0,0.0,1.0,1.0,0.0,0.0,0.0,1.0,1.0,1.0,1.0,1.0,1.0,1.0,1.0,1.0,1.0,0.0,1.0,1.0,2.0,1.0,21.0,21.0,507.0,627.0,12.7,12.7,17.0,17.0,25.0,173.83333,173.83333,268.5,126.5,126.5,0.0,= 3*71.5 + 3*18,= 36.5 + 2*18 + 3*18,= 36.5 + 2*18 + 3*18,,
Empyrean,17212-empyrean,MM (2014),130.0,https://www.dndbeyond.com/monsters/17212-empyrean,celestial,huge,legendary,L,23.0,7,50000.0,10.0,5.0,10.0,5.0,6.0,8.0,17,5,10,12,13,15,0.0,0.0,0.0,0.0,0.0,0.0,0.0,0.0,0.0,0.0,0.0,0.0,0.0,0.0,0.0,0.2,0.2,0.2,1.0,1.0,1.0,1.0,1.0,1.0,1.0,1.0,1.0,1.0,5.0,1.25,22.0,22.0,313.5,504.4,12.0,16.0,17.0,17.0,23.0,139.33333,139.33333,170.0,124.0,124.0,0.0,= 2*38.5 + 3*31,= 31 + 3*31,= 31 + 3*31,,
Encephalon Cluster,3805740-encephalon-cluster,PaBTSO,205.0,https://www.dndbeyond.com/monsters/3805740-encephalon-cluster,aberration,large,legendary,L,10.0,4,5900.0,6.0,0.0,1.0,-3.0,3.0,-2.0,6,0,1,-3,3,-2,1.0,0.0,0.0,0.0,0.0,0.0,0.0,0.0,0.0,0.0,0.0,0.0,0.0,0.0,0.0,1.0,1.0,1.0,1.0,1.0,1.0,1.0,1.0,1.0,1.0,0.5,1.0,1.0,0.0,1.0,13.0,13.0,110.5,170.5,0.8,4.8,10.0,10.0,,82.5,82.5,82.5,82.5,82.5,0.0,= 2*27.5 + 27.5,= 2*27.5 + 27.5,= 2*27.5 + 27.5,,
Encephalon Gemmule,3805741-encephalon-gemmule,PaBTSO,206.0,https://www.dndbeyond.com/monsters/3805741-encephalon-gemmule,aberration,tiny,generic,N,3.0,2,700.0,-5.0,4.0,2.0,-3.0,1.0,-2.0,-5,4,2,-3,1,-2,1.0,0.0,0.0,0.0,0.0,0.0,0.0,0.0,0.0,0.0,0.0,0.0,0.0,0.0,0.0,1.0,1.0,1.0,1.0,1.0,1.0,1.0,1.0,1.0,1.0,0.5,1.0,1.0,4.0,1.0,14.0,14.0,54.0,54.0,-0.5,3.5,6.0,6.0,,24.0,24.0,24.0,24.0,24.0,0.0,= 16.5 + 7.5,= 16.5 + 7.5,= 16.5 + 7.5,,
Enchanter,17333-enchanter,VGtM,213.0,https://www.dndbeyond.com/monsters/17333-enchanter,humanoid,medium,legacy,N,5.0,3,1800.0,-1.0,2.0,0.0,3.0,1.0,0.0,-1,2,0,6,4,0,0.0,0.0,0.0,0.0,0.0,0.0,0.0,0.0,0.0,0.0,0.0,0.0,0.0,0.0,0.0,1.0,1.0,1.0,1.0,1.0,1.0,1.0,1.0,1.0,1.0,1.0,1.0,1.0,2.0,1.0,15.0,15.0,40.5,71.3,1.8,1.8,6.0,6.0,14.0,67.333336,67.333336,70.0,70.0,62.0,0.0,= 2*35,= 2*35,= 2*31,,"Assumes stoneskin cast before initiative, and 7 hp from Instinctive Charm."
Enchanter Wizard,2560806-enchanter-wizard,MPMotM,261.0,https://www.dndbeyond.com/monsters/2560806-enchanter-wizard,humanoid,medium,generic,N,5.0,3,1800.0,-1.0,2.0,0.0,3.0,1.0,0.0,-1,2,0,6,4,0,0.0,0.0,0.0,0.0,0.0,0.0,0.0,0.0,0.0,0.0,0.0,0.0,0.0,0.0,0.0,1.0,1.0,1.0,1.0,1.0,1.0,1.0,1.0,1.0,1.0,1.0,1.0,1.0,2.0,1.0,15.0,15.0,49.5,69.5,1.8,1.8,6.0,6.0,14.0,58.5,65.166664,58.5,58.5,58.5,20.0,= 3*19.5,= 3*19.5,= 3*19.5,= 2*10,Assumes +2*10 HP from Instinctive Charm. Assumes +2*10 damage from Instinctive Charm.
Enchanting Infiltrator,3960606-enchanting-infiltrator,TBoMT,46.0,https://www.dndbeyond.com/monsters/3960606-enchanting-infiltrator,fey,medium,legendary,L,11.0,4,7200.0,0.0,5.0,2.0,5.0,3.0,4.0,0,9,2,9,3,4,0.0,1.0,0.0,0.0,1.0,0.0,0.0,0.0,0.0,0.0,0.0,0.0,0.0,0.0,0.0,1.0,1.0,1.0,1.0,1.0,1.0,1.0,1.0,1.0,1.0,1.0,1.0,1.0,5.0,1.0,18.0,18.0,156.0,306.0,4.5,4.5,9.0,9.0,17.0,64.0,76.666664,64.0,64.0,64.0,38.0,= 2*18.5 + 2*13.5,= 2*18.5 + 2*13.5,= 2*18.5 + 2*13.5,= 38,"Assumes +10 HP per round from Uncanny Dodge, and +10 HP per round from Misdirecting Escape. Assumes +38 damage from Beguiling Whisper."
Enchanting Infiltrator,3960606-enchanting-infiltrator,TBoMT,46.0,https://www.dndbeyond.com/monsters/3960606-enchanting-infiltrator,fey,medium,legendary,LL,12.0,4,8400.0,0.0,5.0,2.0,5.0,3.0,4.0,0,9,2,9,3,4,0.0,1.0,0.0,0.0,1.0,0.0,0.0,0.0,0.0,0.0,0.0,0.0,0.0,0.0,0.0,1.0,1.0,1.0,1.0,1.0,1.0,1.0,1.0,1.0,1.0,1.0,1.0,1.0,5.0,1.0,18.0,18.0,156.0,306.0,4.5,4.5,9.0,9.0,17.0,80.0,92.666664,88.0,64.0,88.0,38.0,= 2*18.5 + 2*13.5 + 2*12,= 2*18.5 + 2*13.5,= 2*18.5 + 2*13.5 + 2*12,= 38,"Assumes +10 HP per round from Uncanny Dodge, and +10 HP per round from Misdirecting Escape. Assumes +38 damage from Beguiling Whisper."
Endelyn Moongrave,1979778-endelyn-moongrave,TWBtW,217.0,https://www.dndbeyond.com/monsters/1979778-endelyn-moongrave,fey,medium,unique,N,6.0,3,2300.0,5.0,1.0,5.0,1.0,0.0,3.0,5,1,8,4,3,6,0.0,0.0,0.0,0.0,0.0,0.0,0.0,0.0,0.0,0.0,0.0,0.0,0.0,0.0,0.0,1.0,1.0,1.0,1.0,1.0,1.0,1.0,1.0,1.0,1.0,1.0,1.0,1.0,1.0,1.0,17.0,17.0,114.0,114.0,4.5,4.5,6.0,6.0,,34.0,34.0,34.0,34.0,34.0,0.0,= 2*17,= 2*17,= 2*17,,
Equinal Guardinal,3883532-equinal-guardinal,PAitM:MPP,33.0,https://www.dndbeyond.com/monsters/3883532-equinal-guardinal,celestial,large,generic,N,6.0,3,2300.0,6.0,3.0,3.0,2.0,2.0,1.0,9,3,6,2,2,1,0.0,1.0,0.0,0.0,1.0,0.0,0.0,0.0,0.0,0.0,0.0,0.0,0.0,0.0,0.0,1.0,1.0,1.0,1.0,1.0,1.0,1.0,1.0,1.0,1.0,1.0,0.5,1.0,3.0,1.0,15.0,15.0,93.5,93.5,3.8,3.8,9.0,10.0,17.0,37.666668,37.666668,47.0,33.0,33.0,0.0,= 14 + 2*16.5,= 2*16.5,= 2*16.5,,Assumes +1 AB from Headfirst Charge.
Erinyes,16858-erinyes,MM (2014),73.0,https://www.dndbeyond.com/monsters/16858-erinyes,fiend,medium,generic,N,12.0,4,8400.0,4.0,3.0,4.0,2.0,2.0,4.0,4,7,8,2,6,8,0.0,0.0,0.0,0.0,0.0,0.0,0.0,0.0,0.0,0.0,1.0,0.0,0.0,0.0,0.0,0.8,0.8,0.8,1.0,0.5,0.0,1.0,1.0,1.0,0.0,1.0,1.0,1.0,3.0,1.25,18.0,20.0,153.0,191.3,5.8,9.8,8.0,8.0,14.0,69.0,69.0,69.0,69.0,69.0,0.0,= 3*23,= 3*23,= 3*23,,Assumes +2 AC from Parry.
Esthetic,2821162-esthetic,SAiS:BAM,20.0,https://www.dndbeyond.com/monsters/2821162-esthetic,aberration,gargantuan,generic,N,12.0,4,8400.0,7.0,-1.0,5.0,-5.0,0.0,-5.0,7,-1,5,-5,0,-5,1.0,1.0,1.0,1.0,1.0,0.0,0.0,0.0,0.0,1.0,0.0,1.0,0.0,0.0,0.0,1.0,1.0,1.0,0.0,1.0,1.0,1.0,1.0,1.0,1.0,1.0,1.0,1.0,-1.0,1.0,14.0,14.0,217.0,217.0,0.2,0.2,11.0,11.0,17.0,85.0,85.0,113.0,71.0,71.0,0.0,= 2*17.5 + 2*18 + 42,= 2*17.5 + 2*18,= 2*17.5 + 2*18,,
Nimira,293877-nimira,TftYP,54.0,https://www.dndbeyond.com/monsters/293877-nimira,humanoid,medium,unique,N,3.0,2,700.0,2.0,0.0,2.0,0.0,0.0,-1.0,2,0,2,0,0,-1,0.0,0.0,0.0,0.0,0.0,0.0,0.0,0.0,0.0,0.0,0.0,0.0,0.0,0.0,0.0,1.0,1.0,1.0,1.0,1.0,1.0,1.0,1.0,1.0,0.5,1.0,1.0,1.0,0.0,1.0,17.0,17.0,52.0,52.0,0.5,0.5,4.0,5.0,,32.0,32.0,32.0,32.0,32.0,0.0,= 2*16,= 2*16,= 2*16,,Assumes +1 AB from Invisibility (Invisible) at the start of combat.
Eternal Flame Guardian,17436-eternal-flame-guardian,PotA,200.0,https://www.dndbeyond.com/monsters/17436-eternal-flame-guardian,humanoid,medium,generic,N,2.0,2,450.0,2.0,1.0,2.0,-1.0,0.0,1.0,2,1,2,-1,0,1,0.0,0.0,0.0,0.0,0.0,0.0,0.0,0.0,0.0,0.0,0.0,0.0,0.0,0.0,0.0,1.0,1.0,1.0,1.0,1.0,0.5,1.0,1.0,1.0,1.0,1.0,1.0,1.0,1.0,1.0,17.0,17.0,45.5,45.5,0.8,0.8,4.0,4.0,,17.333334,17.333334,20.0,20.0,12.0,0.0,= 2*10,= 2*10,= 2*6,,
Eternal Flame Priest,17437-eternal-flame-priest,PotA,200.0,https://www.dndbeyond.com/monsters/17437-eternal-flame-priest,humanoid,medium,generic,N,3.0,2,700.0,1.0,2.0,2.0,0.0,0.0,3.0,1,2,2,0,0,3,0.0,0.0,0.0,0.0,0.0,0.0,0.0,0.0,0.0,0.0,0.0,0.0,0.0,0.0,0.0,1.0,1.0,1.0,1.0,1.0,0.5,1.0,1.0,1.0,1.0,1.0,1.0,1.0,2.0,1.0,15.0,15.0,52.0,52.0,1.3,1.3,5.0,5.0,13.0,46.666668,46.666668,56.0,56.0,28.0,0.0,= 2*28,= 2*28,= 2*14,,
Ettercap,16859-ettercap,MM (2014),131.0,https://www.dndbeyond.com/monsters/16859-ettercap,monstrosity,medium,generic,N,2.0,2,450.0,2.0,2.0,1.0,-2.0,1.0,-1.0,2,2,1,-2,1,-1,0.0,0.0,0.0,0.0,0.0,0.0,0.0,0.0,0.0,0.0,0.0,0.0,0.0,0.0,0.0,1.0,1.0,1.0,1.0,1.0,1.0,1.0,1.0,1.0,1.0,1.0,1.0,1.0,2.0,1.0,13.0,13.0,44.0,44.0,0.5,0.5,4.0,4.0,11.0,18.0,18.0,18.0,18.0,18.0,0.0,= 11 + 7,= 11 + 7,= 11 + 7,,
Ettin,16860-ettin,MM (2014),132.0,https://www.dndbeyond.com/monsters/16860-ettin,giant,large,generic,N,4.0,2,1100.0,5.0,-1.0,3.0,-2.0,0.0,-1.0,5,-1,3,-2,0,-1,0.0,0.0,0.0,0.0,0.0,0.0,0.0,0.0,0.0,0.0,0.0,0.0,0.0,0.0,0.0,1.0,1.0,1.0,1.0,1.0,1.0,1.0,1.0,1.0,1.0,1.0,1.0,1.0,-1.0,1.0,12.0,12.0,85.0,85.0,0.7,0.7,7.0,7.0,,28.0,28.0,28.0,28.0,28.0,0.0,= 14 + 14,= 14 + 14,= 14 + 14,,
Ettin Ceremorph,3731006-ettin-ceremorph,BPGotG,133.0,https://www.dndbeyond.com/monsters/3731006-ettin-ceremorph,aberration,large,generic,N,8.0,3,3900.0,4.0,2.0,4.0,4.0,2.0,2.0,4,2,4,7,5,2,0.0,1.0,0.0,0.0,1.0,0.0,0.0,0.0,0.0,0.0,0.0,0.0,0.0,1.0,1.0,1.0,1.0,1.0,1.0,1.0,1.0,1.0,1.0,1.0,1.0,0.5,1.0,1.0,2.0,1.0,15.0,15.0,104.5,104.5,4.0,8.0,7.0,7.0,15.0,47.333332,58.333332,32.0,55.0,55.0,33.0,= 17 + 15,= 55,= 55,= 33,Assumes +33 damage from Tentacles (stunned).
Euryale,3960607-euryale,TBoMT,189.0,https://www.dndbeyond.com/monsters/3960607-euryale,monstrosity,medium,unique,L,18.0,6,20000.0,5.0,3.0,4.0,1.0,5.0,2.0,5,9,10,7,11,2,0.0,1.0,0.0,0.0,1.0,0.0,0.0,0.0,0.0,1.0,1.0,0.0,0.0,0.0,0.0,0.7,0.7,0.7,1.0,1.0,1.0,1.0,1.0,1.0,0.0,1.0,1.0,1.0,3.0,1.0,17.0,17.0,297.5,387.5,7.3,7.3,11.0,11.0,18.0,84.666664,95.666664,94.0,66.0,94.0,33.0,= 3*18 + 12 + 2*14,= 3*18 + 12,= 3*18 + 12 + 2*14,= 2*16.5,Assumes +33 damage from Venomous Strike.
Evoker,17334-evoker,VGtM,214.0,https://www.dndbeyond.com/monsters/17334-evoker,humanoid,medium,legacy,N,9.0,4,5000.0,-1.0,2.0,1.0,3.0,1.0,0.0,-1,2,1,7,5,0,0.0,0.0,0.0,0.0,0.0,0.0,0.0,0.0,0.0,0.0,0.0,0.0,0.0,0.0,0.0,1.0,1.0,1.0,1.0,1.0,1.0,1.0,1.0,1.0,1.0,1.0,1.0,1.0,2.0,1.0,15.0,20.0,66.0,99.0,2.3,2.3,7.0,7.0,15.0,102.0,102.0,90.0,108.0,108.0,0.0,= 2*45,= 3*36,= 3*36,,Assumes stoneskin is already cast prior to combat. Assumes +5 AC from counterspell.
Evoker Wizard,2560807-evoker-wizard,MPMotM,262.0,https://www.dndbeyond.com/monsters/2560807-evoker-wizard,humanoid,medium,generic,N,9.0,4,5000.0,-1.0,2.0,1.0,3.0,1.0,0.0,-1,2,1,7,5,0,0.0,0.0,0.0,0.0,0.0,0.0,0.0,0.0,0.0,0.0,0.0,0.0,0.0,0.0,0.0,1.0,1.0,1.0,1.0,1.0,1.0,1.0,1.0,1.0,1.0,1.0,1.0,1.0,2.0,1.0,15.0,15.0,121.0,121.0,2.3,2.3,7.0,7.0,15.0,106.0,106.0,121.5,75.0,121.5,0.0,= 3*40.5,= 3*25,= 3*40.5,,
Expeditious Messenger,487593-expeditious-messenger,ERftLW,293.0,https://www.dndbeyond.com/monsters/487593-expeditious-messenger,construct,tiny,generic,N,0.125,2,25.0,-2.0,3.0,1.0,-1.0,1.0,-2.0,-2,3,1,-1,1,-2,0.0,0.0,0.0,1.0,0.0,0.0,0.0,0.0,0.0,0.0,1.0,0.0,0.0,0.0,0.0,1.0,1.0,1.0,1.0,1.0,1.0,1.0,1.0,1.0,0.0,1.0,1.0,1.0,3.0,1.0,13.0,17.0,7.0,7.0,0.0,0.0,5.0,5.0,,5.5,5.5,5.5,5.5,5.5,0.0,= 5.5,= 5.5,= 5.5,,Assumes +4 AC from flying with Flyby.
Eye Monger,2821163-eye-monger,SAiS:BAM,21.0,https://www.dndbeyond.com/monsters/2821163-eye-monger,aberration,large,generic,N,10.0,4,5900.0,5.0,-2.0,6.0,-2.0,1.0,-2.0,5,-2,6,-2,1,-2,0.0,0.0,0.0,0.0,0.0,0.0,0.0,0.0,0.0,0.0,0.0,0.0,0.0,0.0,0.0,1.0,1.0,1.0,1.0,1.0,1.0,1.0,1.0,1.0,1.0,1.0,1.0,1.0,-2.0,1.0,17.0,17.0,149.5,149.5,1.0,1.0,9.0,9.0,18.0,35.333332,35.333332,12.0,47.0,47.0,0.0,= 12,= 12 + 35,= 12 + 35,,
Eyedrake,2059739-eyedrake,FToD,199.0,https://www.dndbeyond.com/monsters/2059739-eyedrake,aberration,large,generic,N,8.0,3,3900.0,3.0,0.0,3.0,2.0,2.0,3.0,3,0,6,2,5,3,0.0,0.0,0.0,0.0,0.0,0.0,0.0,0.0,0.0,0.0,0.0,1.0,0.0,0.0,0.0,1.0,1.0,1.0,1.0,1.0,1.0,1.0,1.0,1.0,1.0,1.0,1.0,1.0,0.0,1.0,16.0,18.0,119.0,119.0,3.2,3.2,6.0,6.0,14.0,70.333336,70.333336,78.0,66.5,66.5,0.0,= 2*39,= 17.5 + 21 + 28,= 17.5 + 21 + 28,,
Ezmerelda d’Avenir,17364-ezmerelda-davenir,CoS,230.0,https://www.dndbeyond.com/monsters/17364-ezmerelda-davenir,humanoid,medium,unique,N,8.0,3,3900.0,2.0,4.0,3.0,3.0,0.0,3.0,2,4,3,3,3,3,0.0,0.0,0.0,0.0,0.0,0.0,0.0,0.0,0.0,0.0,0.0,0.0,0.0,0.0,0.0,1.0,1.0,1.0,1.0,1.0,1.0,1.0,1.0,1.0,1.0,1.0,1.0,1.0,4.0,1.0,17.0,22.0,82.5,82.5,3.0,3.0,8.0,8.0,,58.0,58.0,62.0,56.0,56.0,0.0,= 2*31,= 2*28,= 2*28,,
Faerie Dragon (Older),17108-faerie-dragon-older,MM (2014),133.0,https://www.dndbeyond.com/monsters/17108-faerie-dragon-older,dragon,tiny,generic,N,2.0,2,450.0,-4.0,5.0,1.0,2.0,1.0,3.0,-4,5,1,2,1,3,0.0,0.0,0.0,0.0,0.0,0.0,0.0,0.0,0.0,0.0,0.0,0.0,0.0,0.0,0.0,1.0,1.0,1.0,1.0,1.0,1.0,1.0,1.0,1.0,1.0,1.0,1.0,1.0,5.0,1.0,15.0,19.0,14.0,14.0,1.3,9.3,7.0,11.0,,1.0,1.0,1.0,1.0,1.0,0.0,= 1,= 1,= 1,,Assumes +4 AC from Superior Invisibility (invisibility). Assumes +4 SB from Superior Invisibility (invisibility). Assumes +4 AB from Superior Invisibility (invisibility).
Faerie Dragon (Younger),17107-faerie-dragon-younger,MM (2014),133.0,https://www.dndbeyond.com/monsters/17107-faerie-dragon-younger,dragon,tiny,generic,N,1.0,2,200.0,-4.0,5.0,1.0,2.0,1.0,3.0,-4,5,1,2,1,3,0.0,0.0,0.0,0.0,0.0,0.0,0.0,0.0,0.0,0.0,0.0,0.0,0.0,0.0,0.0,1.0,1.0,1.0,1.0,1.0,1.0,1.0,1.0,1.0,1.0,1.0,1.0,1.0,5.0,1.0,15.0,19.0,14.0,14.0,1.3,9.3,7.0,11.0,,1.0,1.0,1.0,1.0,1.0,0.0,= 1,= 1,= 1,,Assumes +4 AC from Superior Invisibility (invisibility). Assumes +4 SB from Superior Invisibility (invisibility). Assumes +4 AB from Superior Invisibility (invisibility).
False Lich,4468324-false-lich,VEoR,220.0,https://www.dndbeyond.com/monsters/4468324-false-lich,undead,medium,legendary,L,21.0,7,33000.0,0.0,3.0,5.0,7.0,4.0,2.0,0,3,12,14,11,9,0.0,1.0,0.0,1.0,1.0,0.0,0.0,0.0,1.0,0.0,1.0,0.0,0.0,1.0,0.0,0.2,0.2,0.2,1.0,1.0,1.0,1.0,1.0,0.0,0.0,0.0,1.0,1.0,3.0,1.25,18.0,18.0,199.5,361.9,8.2,12.2,14.0,14.0,22.0,138.5,175.16667,138.5,138.5,138.5,110.0,= 2*23.5 + 21 + 3*23.5,= 2*23.5 + 21 + 3*23.5,= 2*23.5 + 21 + 3*23.5,= 110,Assumes +110 damage from Bloodcurdling Lament.
Farastu Demodand,3883534-farastu-demodand,PAitM:MPP,26.0,https://www.dndbeyond.com/monsters/3883534-farastu-demodand,fiend,medium,generic,N,11.0,4,7200.0,5.0,1.0,3.0,-1.0,1.0,3.0,5,5,3,-1,5,3,0.0,0.0,0.0,0.0,0.0,0.0,0.0,0.0,1.0,0.0,1.0,0.0,1.0,0.0,0.0,1.0,1.0,1.0,0.0,0.5,0.5,1.0,1.0,1.0,0.0,1.0,1.0,1.0,1.0,1.0,17.0,17.0,195.0,195.0,3.3,7.3,9.0,11.0,,68.5,68.5,68.5,68.5,68.5,0.0,= 2*16 + 36.5,= 2*16 + 36.5,= 2*16 + 36.5,,Assumes +2 AB from Bite (advantage).
Fastieth,487586-fastieth,ERftLW,289.0,https://www.dndbeyond.com/monsters/487586-fastieth,beast,medium,generic,N,0.25,2,50.0,1.0,4.0,0.0,-3.0,0.0,-3.0,1,4,0,-3,0,-3,0.0,0.0,0.0,0.0,0.0,0.0,0.0,0.0,0.0,0.0,0.0,0.0,0.0,0.0,0.0,1.0,1.0,1.0,1.0,1.0,1.0,1.0,1.0,1.0,1.0,1.0,1.0,1.0,4.0,1.0,14.0,15.0,9.0,9.0,-0.2,-0.2,6.0,6.0,,8.5,8.5,8.5,8.5,8.5,0.0,= 8.5,= 8.5,= 8.5,,Assumes +1 AC from Quickness.
Fate Hag,3960608-fate-hag,TBoMT,176.0,https://www.dndbeyond.com/monsters/3960608-fate-hag,fey,medium,legendary,L,4.0,2,1100.0,1.0,2.0,1.0,1.0,4.0,2.0,1,2,3,1,6,2,0.0,1.0,0.0,0.0,0.0,0.0,0.0,0.0,0.0,0.0,0.0,0.0,0.0,0.0,0.0,1.0,1.0,1.0,1.0,1.0,1.0,1.0,1.0,1.0,1.0,1.0,1.0,1.0,2.0,1.0,14.0,16.0,71.5,91.5,2.5,2.5,6.0,6.0,14.0,24.0,24.0,24.0,24.0,24.0,0.0,= 2*8.5 + 7,= 2*8.5 + 7,= 2*8.5 + 7,,Assumes +2 AC from Shears.
Fated Shaker,3883535-fated-shaker,PAitM:MPP,56.0,https://www.dndbeyond.com/monsters/3883535-fated-shaker,humanoid,medium,generic,N,5.0,3,1800.0,0.0,3.0,0.0,2.0,3.0,2.0,0,3,0,5,6,2,0.0,0.0,0.0,0.0,0.0,0.0,0.0,0.0,0.0,0.0,0.0,0.0,0.0,0.0,0.0,1.0,1.0,1.0,1.0,1.0,1.0,1.0,1.0,1.0,1.0,1.0,1.0,1.0,3.0,1.0,16.0,16.0,76.5,76.5,2.7,2.7,6.0,6.0,14.0,45.0,45.0,45.0,45.0,45.0,0.0,= 2*15.5 + 14,= 2*15.5 + 14,= 2*15.5 + 14,,
Fathomer,17448-fathomer,PotA,207.0,https://www.dndbeyond.com/monsters/17448-fathomer,humanoid,medium,generic,N,2.0,2,450.0,2.0,0.0,2.0,0.0,0.0,2.0,2,0,2,0,0,2,0.0,0.0,0.0,0.0,0.0,0.0,0.0,0.0,0.0,0.0,0.0,0.0,0.0,0.0,0.0,1.0,1.0,1.0,1.0,1.0,1.0,1.0,1.0,1.0,1.0,1.0,1.0,1.0,0.0,1.0,13.0,13.0,52.0,82.0,1.0,1.0,4.0,4.0,12.0,13.333333,13.333333,15.0,15.0,10.0,0.0,= 15,= 15,= 2*5,,Assumes +30 hp from casting armor of Agathys twice. Assumes 15 DPR for two rounds from armor of Agathys.
Feathergale Knight,17420-feathergale-knight,PotA,189.0,https://www.dndbeyond.com/monsters/17420-feathergale-knight,humanoid,medium,generic,N,1.0,2,200.0,2.0,2.0,1.0,0.0,0.0,2.0,2,2,1,0,0,2,0.0,0.0,0.0,0.0,0.0,0.0,0.0,0.0,0.0,0.0,0.0,0.0,0.0,0.0,0.0,1.0,1.0,1.0,1.0,1.0,1.0,1.0,1.0,1.0,1.0,1.0,1.0,1.0,2.0,1.0,16.0,16.0,33.0,33.0,1.2,1.2,4.0,4.0,,14.0,14.0,14.0,14.0,14.0,0.0,= 2*7,= 2*7,= 2*7,,
Felidar,175342-felidar,GGtR,199.0,https://www.dndbeyond.com/monsters/175342-felidar,celestial,large,generic,N,5.0,3,1800.0,4.0,3.0,3.0,0.0,3.0,2.0,4,6,3,0,6,5,0.0,0.0,0.0,0.0,0.0,0.0,0.0,0.0,0.0,0.0,0.0,0.0,0.0,0.0,0.0,1.0,1.0,1.0,1.0,1.0,1.0,1.0,1.0,1.0,1.0,1.0,1.0,1.0,3.0,1.0,17.0,17.0,93.5,93.5,4.0,4.0,7.0,7.0,,35.666668,35.666668,45.0,31.0,31.0,0.0,= 17 + 14 + 14,= 17 + 14,= 17 + 14,,
Female Steeder,17401-female-steeder,OotA,231.0,https://www.dndbeyond.com/monsters/17401-female-steeder,monstrosity,large,legacy,N,1.0,2,200.0,2.0,3.0,2.0,-4.0,0.0,-4.0,2,3,2,-4,0,-4,0.0,0.0,0.0,0.0,0.0,0.0,0.0,0.0,0.0,0.0,0.0,0.0,0.0,0.0,0.0,1.0,1.0,1.0,1.0,1.0,1.0,1.0,1.0,1.0,1.0,1.0,1.0,1.0,3.0,1.0,14.0,14.0,30.0,30.0,-0.2,-0.2,5.0,5.0,,16.5,16.5,16.5,16.5,16.5,0.0,= 16.5,= 16.5,= 16.5,,
Female Steeder,2560808-female-steeder,MPMotM,231.0,https://www.dndbeyond.com/monsters/2560808-female-steeder,monstrosity,large,generic,N,1.0,2,200.0,2.0,3.0,2.0,-4.0,0.0,-4.0,2,3,2,-4,0,-4,0.0,0.0,0.0,0.0,0.0,0.0,0.0,0.0,0.0,0.0,0.0,0.0,0.0,0.0,0.0,1.0,1.0,1.0,1.0,1.0,1.0,1.0,1.0,1.0,1.0,1.0,1.0,1.0,3.0,1.0,14.0,14.0,30.0,30.0,-0.2,-0.2,5.0,5.0,,16.5,16.5,16.5,16.5,16.5,0.0,= 16.5,= 16.5,= 16.5,,
Fensir Devourer,3731007-fensir-devourer,BPGotG,135.0,https://www.dndbeyond.com/monsters/3731007-fensir-devourer,celestial,huge,generic,N,8.0,3,3900.0,5.0,0.0,5.0,0.0,2.0,0.0,5,0,5,0,2,0,0.0,0.0,0.0,0.0,0.0,0.0,0.0,0.0,0.0,0.0,0.0,0.0,0.0,0.0,0.0,1.0,1.0,1.0,1.0,1.0,1.0,1.0,1.0,1.0,1.0,1.0,1.0,1.0,0.0,1.0,17.0,17.0,138.0,168.0,2.0,2.0,8.0,8.0,,43.0,43.0,43.0,43.0,43.0,0.0,= 2*21.5,= 2*21.5,= 2*21.5,,
Fensir Skirmisher,3731008-fensir-skirmisher,BPGotG,135.0,https://www.dndbeyond.com/monsters/3731008-fensir-skirmisher,giant,large,generic,N,6.0,3,2300.0,4.0,2.0,5.0,2.0,0.0,1.0,4,2,5,5,3,1,0.0,0.0,0.0,0.0,0.0,0.0,0.0,0.0,0.0,0.0,0.0,0.0,0.0,0.0,0.0,1.0,1.0,1.0,1.0,1.0,1.0,1.0,1.0,1.0,1.0,1.0,1.0,1.0,2.0,1.0,15.0,15.0,94.5,124.5,3.3,3.3,7.0,7.0,,45.0,45.0,45.0,45.0,45.0,0.0,= 3*15,= 3*15,= 3*15,,
Feral Ashenwight,3805742-feral-ashenwight,PaBTSO,204.0,https://www.dndbeyond.com/monsters/3805742-feral-ashenwight,undead,medium,generic,N,5.0,3,1800.0,4.0,1.0,2.0,-3.0,2.0,-2.0,7,1,5,-3,2,-2,0.0,1.0,0.0,1.0,1.0,0.0,0.0,0.0,1.0,0.0,1.0,0.0,0.0,0.0,1.0,1.0,1.0,1.0,1.0,1.0,1.0,1.0,1.0,0.5,0.5,1.0,1.0,1.0,1.0,1.0,16.0,16.0,65.0,65.0,1.7,1.7,7.0,7.0,,15.0,15.0,15.0,15.0,15.0,0.0,= 2*7.5,= 2*7.5,= 2*7.5,,
Ferrumach Rilmani,3883536-ferrumach-rilmani,PAitM:MPP,44.0,https://www.dndbeyond.com/monsters/3883536-ferrumach-rilmani,celestial,medium,generic,N,9.0,4,5000.0,4.0,2.0,4.0,2.0,2.0,0.0,8,2,8,2,2,0,0.0,0.0,0.0,0.0,0.0,0.0,0.0,0.0,0.0,0.0,0.0,0.0,0.0,0.0,0.0,1.0,1.0,1.0,1.0,1.0,1.0,1.0,1.0,1.0,1.0,0.5,1.0,1.0,2.0,1.0,18.0,18.0,136.0,136.0,3.7,3.7,8.0,8.0,,72.0,72.0,72.0,72.0,72.0,0.0,= 3*20.5 + 10.5,= 3*20.5 + 10.5,= 3*20.5 + 10.5,,
Feyr,2821164-feyr,SAiS:BAM,22.0,https://www.dndbeyond.com/monsters/2821164-feyr,aberration,large,generic,N,5.0,3,1800.0,3.0,3.0,0.0,2.0,2.0,0.0,3,3,0,5,5,0,0.0,0.0,0.0,0.0,1.0,0.0,0.0,0.0,0.0,0.0,0.0,0.0,0.0,0.0,0.0,1.0,1.0,1.0,1.0,1.0,1.0,1.0,1.0,1.0,1.0,1.0,1.0,1.0,3.0,1.0,16.0,17.0,88.0,115.5,2.7,2.7,6.0,6.0,13.0,25.5,25.5,25.5,25.5,25.5,0.0,= 8.5 + 17,= 8.5 + 17,= 8.5 + 17,,Assumes +27.5 HP from Nightmare Fuel. Assumes +1 AC from Frightful Bite.
Fiendish Auger,3805743-fiendish-auger,PaBTSO,206.0,https://www.dndbeyond.com/monsters/3805743-fiendish-auger,construct,huge,generic,N,5.0,3,1800.0,6.0,0.0,3.0,-2.0,1.0,-3.0,6,0,3,-2,1,-3,1.0,1.0,0.0,1.0,1.0,0.0,0.0,0.0,1.0,1.0,1.0,0.0,0.0,0.0,1.0,1.0,1.0,1.0,1.0,1.0,0.0,1.0,1.0,1.0,0.0,1.0,1.0,1.0,0.0,1.0,15.0,15.0,85.5,85.5,0.8,0.8,9.0,9.0,17.0,36.666668,36.666668,62.0,24.0,24.0,0.0,= 35 + 2*13.5,= 24,= 24,,
Fiendish Flesh Golem,417091-fiendish-flesh-golem,BGDiA,236.0,https://www.dndbeyond.com/monsters/417091-fiendish-flesh-golem,construct,large,generic,N,8.0,3,3900.0,5.0,-1.0,5.0,-2.0,0.0,-3.0,5,-1,5,-2,0,-3,0.0,1.0,0.0,1.0,1.0,0.0,0.0,0.0,1.0,1.0,1.0,0.0,0.0,0.0,0.0,0.3,0.3,0.3,1.0,0.5,0.5,1.0,0.0,1.0,0.0,1.0,1.0,1.0,-1.0,2.0,12.0,12.0,210.0,420.0,0.7,4.7,8.0,8.0,,32.0,32.0,32.0,32.0,32.0,0.0,= 2*16,= 2*16,= 2*16,,
Firbolg Primeval Warden,3731009-firbolg-primeval-warden,BPGotG,136.0,https://www.dndbeyond.com/monsters/3731009-firbolg-primeval-warden,humanoid,medium,generic,N,4.0,2,1100.0,3.0,2.0,2.0,1.0,3.0,0.0,3,2,2,3,5,0,0.0,0.0,0.0,0.0,0.0,0.0,0.0,0.0,0.0,0.0,0.0,0.0,0.0,0.0,0.0,1.0,1.0,1.0,1.0,1.0,1.0,1.0,1.0,1.0,1.0,1.0,1.0,1.0,2.0,1.0,16.0,20.0,65.0,65.0,2.5,2.5,5.0,5.0,,31.0,31.0,31.0,31.0,31.0,0.0,= 2*15.5,= 2*15.5,= 2*15.5,,Assumes +4 AC from Hidden Step.
Firbolg Wanderer,3731010-firbolg-wanderer,BPGotG,137.0,https://www.dndbeyond.com/monsters/3731010-firbolg-wanderer,humanoid,medium,generic,N,5.0,3,1800.0,3.0,2.0,3.0,2.0,3.0,3.0,3,5,3,2,3,6,0.0,0.0,0.0,0.0,0.0,0.0,0.0,0.0,0.0,0.0,0.0,0.0,0.0,0.0,0.0,1.0,1.0,1.0,1.0,1.0,1.0,1.0,1.0,1.0,1.0,1.0,1.0,1.0,2.0,1.0,16.0,18.0,90.0,90.0,3.7,3.7,6.0,6.0,,35.0,35.0,35.0,35.0,35.0,0.0,= 2*17.5,= 2*17.5,= 2*17.5,,Assumes +2 AC from Duplicitous Movement.
Fire Elemental,16861-fire-elemental,MM (2014),125.0,https://www.dndbeyond.com/monsters/16861-fire-elemental,elemental,large,generic,N,5.0,3,1800.0,0.0,3.0,3.0,-2.0,0.0,-2.0,0,3,3,-2,0,-2,0.0,0.0,0.0,1.0,0.0,1.0,0.0,0.0,1.0,1.0,1.0,1.0,1.0,0.0,1.0,0.7,0.7,0.7,1.0,1.0,0.0,1.0,1.0,1.0,0.0,1.0,1.0,1.0,3.0,1.5,13.0,13.0,102.0,153.0,0.3,0.3,6.0,8.0,,31.0,36.5,31.0,31.0,31.0,16.5,= 2*10 + 5.5 + 5.5,= 2*10 + 5.5 + 5.5,= 2*10 + 5.5 + 5.5,= 3*5.5,Assumes +2 AB from sure hit fire damage.
Fire Elemental Myrmidon,17459-fire-elemental-myrmidon,MToF,203.0,https://www.dndbeyond.com/monsters/17459-fire-elemental-myrmidon,elemental,medium,legacy,N,7.0,3,2900.0,1.0,4.0,2.0,-1.0,0.0,0.0,1,4,2,-1,0,0,0.0,0.0,0.0,0.0,0.0,0.0,0.0,0.0,1.0,1.0,1.0,1.0,0.0,0.0,0.0,0.7,0.7,0.7,1.0,1.0,0.0,1.0,1.0,1.0,0.0,1.0,1.0,1.0,4.0,1.5,18.0,18.0,123.5,185.3,1.0,1.0,7.0,7.0,,28.0,28.0,39.0,22.5,22.5,0.0,= 3*13,= 3*7.5,= 3*7.5,,
FIRE ELEMENTAL MYRMIDON,17459-fire-elemental-myrmidon,PotA,213.0,https://www.dndbeyond.com/monsters/17459-fire-elemental-myrmidon,elemental,medium,legacy,N,7.0,3,2900.0,1.0,4.0,2.0,-1.0,0.0,0.0,1,4,2,-1,0,0,0.0,0.0,0.0,0.0,0.0,0.0,0.0,0.0,1.0,1.0,1.0,1.0,0.0,0.0,0.0,1.0,1.0,1.0,1.0,1.0,0.0,1.0,1.0,1.0,0.0,1.0,1.0,1.0,4.0,1.0,18.0,18.0,117.0,117.0,1.0,1.0,7.0,7.0,,28.0,28.0,39.0,22.5,22.5,0.0,= 3*13,= 3*7.5,= 3*7.5,,
Fire Elemental Myrmidon,2560809-fire-elemental-myrmidon,MPMotM,123.0,https://www.dndbeyond.com/monsters/2560809-fire-elemental-myrmidon,elemental,medium,generic,N,7.0,3,2900.0,1.0,4.0,2.0,-1.0,0.0,0.0,1,4,2,-1,0,0,0.0,0.0,0.0,0.0,0.0,0.0,0.0,0.0,1.0,1.0,1.0,1.0,0.0,0.0,0.0,0.7,0.7,0.7,1.0,1.0,0.0,1.0,1.0,1.0,0.0,1.0,1.0,1.0,4.0,1.5,18.0,18.0,123.5,185.3,1.0,1.0,7.0,7.0,,29.5,29.5,43.5,22.5,22.5,0.0,= 3*14.5,= 3*7.5,= 3*7.5,,
Fire Giant,16862-fire-giant,MM (2014),154.0,https://www.dndbeyond.com/monsters/16862-fire-giant,giant,huge,generic,N,9.0,4,5000.0,7.0,-1.0,6.0,0.0,2.0,1.0,7,3,10,0,2,5,0.0,0.0,0.0,0.0,0.0,0.0,0.0,0.0,0.0,0.0,0.0,0.0,0.0,0.0,0.0,1.0,1.0,1.0,1.0,1.0,0.0,1.0,1.0,1.0,1.0,1.0,1.0,1.0,-1.0,1.0,18.0,18.0,162.5,162.5,4.5,4.5,11.0,11.0,,56.0,56.0,56.0,56.0,56.0,0.0,= 2*28,= 2*28,= 2*28,,
Fire Giant Dreadnought,17252-fire-giant-dreadnought,VGtM,147.0,https://www.dndbeyond.com/monsters/17252-fire-giant-dreadnought,giant,huge,legacy,N,14.0,5,11500.0,8.0,-1.0,6.0,-1.0,0.0,0.0,8,4,11,-1,0,5,0.0,0.0,0.0,0.0,0.0,0.0,0.0,0.0,0.0,0.0,0.0,0.0,0.0,0.0,0.0,1.0,1.0,1.0,1.0,1.0,0.0,1.0,1.0,1.0,1.0,1.0,1.0,1.0,-1.0,1.0,21.0,21.0,187.5,187.5,4.5,4.5,13.0,13.0,21.0,84.333336,84.333336,109.0,72.0,72.0,0.0,= 2*(36 + 18.5),= 2*36,= 2*36,,
Fire Giant Dreadnought,2560810-fire-giant-dreadnought,MPMotM,124.0,https://www.dndbeyond.com/monsters/2560810-fire-giant-dreadnought,giant,huge,generic,N,14.0,5,11500.0,8.0,-1.0,6.0,-1.0,0.0,0.0,8,4,11,-1,0,5,0.0,0.0,0.0,0.0,0.0,0.0,0.0,0.0,0.0,0.0,0.0,0.0,0.0,0.0,0.0,1.0,1.0,1.0,1.0,1.0,0.0,1.0,1.0,1.0,1.0,1.0,1.0,1.0,-1.0,1.0,21.0,21.0,187.5,187.5,4.5,4.5,13.0,13.0,21.0,81.333336,81.333336,100.0,72.0,72.0,0.0,= 2*50,= 2*36,= 2*36,,
Fire Giant Forgecaller,3731011-fire-giant-forgecaller,BPGotG,138.0,https://www.dndbeyond.com/monsters/3731011-fire-giant-forgecaller,giant,huge,legendary,L,18.0,6,20000.0,7.0,0.0,6.0,3.0,5.0,4.0,7,6,6,9,11,4,0.0,0.0,0.0,0.0,0.0,0.0,0.0,0.0,0.0,0.0,0.0,0.0,0.0,0.0,0.0,1.0,1.0,1.0,1.0,1.0,0.0,1.0,1.0,1.0,1.0,1.0,1.0,1.0,0.0,1.0,18.0,20.0,312.5,402.5,7.2,7.2,13.0,13.0,19.0,94.5,94.5,94.5,94.5,94.5,0.0,= 3*24.5 + 2*10.5,= 3*24.5 + 2*10.5,= 3*24.5 + 2*10.5,,Assumes +2 AC from Furnace Armor (half cover).
Fire Giant of Evil Fire,3731012-fire-giant-of-evil-fire,BPGotG,139.0,https://www.dndbeyond.com/monsters/3731012-fire-giant-of-evil-fire,giant,huge,generic,N,10.0,4,5900.0,7.0,-1.0,6.0,0.0,4.0,2.0,7,-1,10,0,8,6,0.0,0.0,0.0,0.0,0.0,0.0,0.0,0.0,0.0,0.0,0.0,0.0,0.0,0.0,0.0,1.0,1.0,1.0,1.0,1.0,0.0,1.0,1.0,1.0,1.0,1.0,1.0,1.0,-1.0,1.0,18.0,18.0,150.0,150.0,5.0,5.0,11.0,11.0,18.0,53.0,67.0,53.0,53.0,53.0,42.0,= 2*26.5,= 2*26.5,= 2*26.5,= 2*21,
Fire Hellion,3731013-fire-hellion,BPGotG,140.0,https://www.dndbeyond.com/monsters/3731013-fire-hellion,fiend,huge,generic,N,11.0,4,7200.0,7.0,0.0,6.0,3.0,2.0,5.0,7,0,6,3,6,9,0.0,1.0,0.0,0.0,1.0,0.0,0.0,0.0,0.0,0.0,0.0,0.0,0.0,0.0,0.0,1.0,1.0,1.0,1.0,1.0,0.0,1.0,1.0,1.0,1.0,1.0,1.0,1.0,0.0,1.0,18.0,18.0,175.0,175.0,5.2,9.2,11.0,11.0,17.0,63.0,63.0,63.0,63.0,63.0,0.0,= 2*31.5,= 2*31.5,= 2*31.5,,
Fire Snake,17199-fire-snake,MM (2014),265.0,https://www.dndbeyond.com/monsters/17199-fire-snake,elemental,medium,generic,N,1.0,2,200.0,1.0,2.0,0.0,-2.0,0.0,-1.0,1,2,0,-2,0,-1,0.0,0.0,0.0,0.0,0.0,0.0,0.0,0.0,0.0,0.0,0.0,0.0,0.0,0.0,0.0,0.7,0.7,0.7,1.0,2.0,0.0,1.0,1.0,1.0,1.0,1.0,1.0,1.0,2.0,2.0,14.0,14.0,22.5,45.0,0.0,0.0,3.0,3.0,,15.0,15.0,15.0,15.0,15.0,0.0,= 6 + 6 + 3,= 6 + 6 + 3,= 6 + 6 + 3,,
Firefist,175820-firefist,GGtR,231.0,https://www.dndbeyond.com/monsters/175820-firefist,humanoid,medium,generic,N,7.0,3,2900.0,3.0,0.0,2.0,0.0,3.0,1.0,3,0,5,0,6,1,0.0,0.0,0.0,0.0,0.0,0.0,0.0,0.0,0.0,0.0,0.0,0.0,0.0,0.0,0.0,1.0,1.0,1.0,1.0,1.0,1.0,1.0,1.0,1.0,1.0,1.0,1.0,1.0,0.0,1.0,18.0,18.0,117.0,117.0,2.5,2.5,6.0,6.0,14.0,48.0,48.0,56.0,44.0,44.0,0.0,= 2*28,=2*22,=2*22,,
Firegaunt,3731014-firegaunt,BPGotG,137.0,https://www.dndbeyond.com/monsters/3731014-firegaunt,undead,huge,generic,N,11.0,4,7200.0,7.0,-2.0,6.0,0.0,2.0,1.0,7,2,10,0,2,5,0.0,0.0,0.0,1.0,0.0,0.0,0.0,0.0,0.0,1.0,1.0,0.0,0.0,0.0,0.0,1.0,1.0,1.0,1.0,1.0,0.0,1.0,1.0,0.5,0.0,1.0,1.0,1.0,-2.0,1.0,15.0,15.0,175.0,175.0,4.3,4.3,11.0,11.0,18.0,66.333336,73.666664,63.0,68.0,68.0,22.0,= 2*31.5,= 44.5 +23.5,= 44.5 +23.5,= 2*2*5.5,Assumes +22 damage from Crimson Rays (burning).
Firemane Angel,175256-firemane-angel,GGtR,190.0,https://www.dndbeyond.com/monsters/175256-firemane-angel,celestial,medium,generic,N,12.0,4,8400.0,6.0,2.0,3.0,1.0,2.0,6.0,10,2,3,1,6,10,0.0,1.0,0.0,1.0,1.0,0.0,0.0,0.0,0.0,0.0,0.0,0.0,0.0,0.0,0.0,0.7,0.7,0.7,1.0,1.0,0.5,1.0,1.0,1.0,1.0,1.0,0.5,1.0,2.0,1.25,18.0,18.0,135.0,195.0,5.3,9.3,10.0,10.0,18.0,69.333336,69.333336,76.0,66.0,66.0,0.0,=2*38,= 2*33,= 2*33,,
Firenewt Warlock of Imix,17248-firenewt-warlock-of-imix,VGtM,143.0,https://www.dndbeyond.com/monsters/17248-firenewt-warlock-of-imix,humanoid,medium,legacy,N,1.0,2,200.0,1.0,0.0,1.0,-1.0,0.0,2.0,1,0,1,-1,0,2,0.0,0.0,0.0,0.0,0.0,0.0,0.0,0.0,0.0,0.0,0.0,0.0,0.0,0.0,0.0,1.0,1.0,1.0,1.0,1.0,0.0,1.0,1.0,1.0,1.0,1.0,1.0,1.0,0.0,1.0,13.0,13.0,33.0,38.0,0.5,0.5,4.0,4.0,14.0,20.5,20.5,28.0,28.0,5.5,0.0,= 2*14,= 2*14,= 5.5,,Assumes +5 HP from Imix’s Blessing.
Firenewt Warlock of Imix,2560811-firenewt-warlock-of-imix,MPMotM,125.0,https://www.dndbeyond.com/monsters/2560811-firenewt-warlock-of-imix,elemental,medium,generic,N,1.0,2,200.0,1.0,0.0,1.0,-1.0,0.0,2.0,1,0,1,-1,0,2,0.0,0.0,0.0,0.0,0.0,0.0,0.0,0.0,0.0,0.0,0.0,0.0,0.0,0.0,0.0,1.0,1.0,1.0,1.0,1.0,0.0,1.0,1.0,1.0,1.0,1.0,1.0,1.0,0.0,1.0,13.0,13.0,33.0,38.0,0.5,0.5,4.0,4.0,,16.5,16.5,16.5,16.5,16.5,0.0,= 3*5.5,= 3*5.5,= 3*5.5,,Assumes +5 HP from Imix’s Blessing.
Firenewt Warrior,17246-firenewt-warrior,VGtM,142.0,https://www.dndbeyond.com/monsters/17246-firenewt-warrior,humanoid,medium,legacy,N,0.5,2,100.0,0.0,1.0,1.0,-2.0,0.0,-1.0,0,1,1,-2,0,-1,0.0,0.0,0.0,0.0,0.0,0.0,0.0,0.0,0.0,0.0,0.0,0.0,0.0,0.0,0.0,1.0,1.0,1.0,1.0,1.0,0.0,1.0,1.0,1.0,1.0,1.0,1.0,1.0,1.0,1.0,16.0,16.0,22.0,22.0,-0.2,-0.2,3.0,3.0,11.0,9.0,9.0,9.0,9.0,9.0,0.0,= 2*4.5,= 2*4.5,= 2*4.5,,
Firenewt Warrior,2560812-firenewt-warrior,MPMotM,125.0,https://www.dndbeyond.com/monsters/2560812-firenewt-warrior,elemental,medium,generic,N,0.5,2,100.0,0.0,1.0,1.0,-2.0,0.0,-1.0,0,1,1,-2,0,-1,0.0,0.0,0.0,0.0,0.0,0.0,0.0,0.0,0.0,0.0,0.0,0.0,0.0,0.0,0.0,1.0,1.0,1.0,1.0,1.0,0.0,1.0,1.0,1.0,1.0,1.0,1.0,1.0,1.0,1.0,13.0,13.0,27.5,27.5,-0.2,-0.2,3.0,3.0,,9.0,9.0,9.0,9.0,9.0,0.0,= 2*4.5,= 2*4.5,= 2*4.5,,
First-Year Student,2160303-first-year-student,SACoC,191.0,https://www.dndbeyond.com/monsters/2160303-first-year-student,humanoid,medium,generic,N,0.5,2,100.0,-1.0,1.0,1.0,1.0,0.0,0.0,-1,1,1,1,0,0,0.0,0.0,0.0,0.0,0.0,0.0,0.0,0.0,0.0,0.0,0.0,0.0,0.0,0.0,0.0,1.0,1.0,1.0,1.0,1.0,1.0,1.0,1.0,1.0,1.0,1.0,1.0,1.0,1.0,1.0,11.0,13.0,33.0,33.0,0.3,0.3,3.0,3.0,,7.5,8.166667,7.5,7.5,7.5,2.0,= 7.5,= 7.5,= 7.5,= 2,Assumes +2 AC from Beginner’s Luck. Assumes +2 damage from Excited to Be Here.
Fist of Bane,416945-fist-of-bane,BGDiA,232.0,https://www.dndbeyond.com/monsters/416945-fist-of-bane,humanoid,medium,generic,N,0.5,2,100.0,3.0,0.0,1.0,0.0,1.0,0.0,3,0,1,0,1,0,0.0,0.0,0.0,0.0,1.0,0.0,0.0,0.0,0.0,0.0,0.0,0.0,0.0,0.0,0.0,1.0,1.0,1.0,1.0,1.0,1.0,1.0,1.0,1.0,1.0,1.0,1.0,1.0,0.0,1.0,18.0,20.0,22.0,22.0,0.8,0.8,5.0,5.0,,6.0,6.0,6.0,6.0,6.0,0.0,= 6,= 6,= 6,,Assumes +2 AC from Tactical Discipline.
Five-armed Troll,273355-five-armed-troll,WDotMM,154.0,https://www.dndbeyond.com/monsters/273355-five-armed-troll,giant,large,generic,N,8.0,3,3900.0,4.0,1.0,5.0,-2.0,-1.0,-2.0,4,1,5,-2,-1,-2,0.0,0.0,0.0,0.0,0.0,0.0,0.0,0.0,0.0,0.0,0.0,0.0,0.0,0.0,0.0,1.0,1.0,1.0,1.0,1.0,1.0,1.0,1.0,1.0,1.0,1.0,1.0,1.0,1.0,1.0,15.0,15.0,84.0,114.0,0.8,0.8,7.0,7.0,,62.0,62.0,62.0,62.0,62.0,0.0,= 7 + 5*11,= 7 + 5*11,= 7 + 5*11,,
Flail Snail,17249-flail-snail,VGtM,144.0,https://www.dndbeyond.com/monsters/17249-flail-snail,elemental,large,legacy,N,3.0,2,700.0,3.0,-3.0,5.0,-4.0,0.0,-3.0,3,-3,5,-4,0,-3,0.0,0.0,0.0,0.0,0.0,0.0,0.0,0.0,0.0,0.0,1.0,0.0,0.0,0.0,0.0,1.0,1.0,1.0,1.0,1.0,0.0,1.0,1.0,1.0,0.0,1.0,1.0,1.0,-3.0,1.0,16.0,18.0,52.5,52.5,-0.3,-0.3,5.0,5.0,,16.25,20.916666,16.25,16.25,16.25,14.0,= 5*6.5/2,= 5*6.5/2,= 5*6.5/2,= 2*7,Assumes +2*7 damage from Antimagic Shell.
Flail Snail,2560813-flail-snail,MPMotM,126.0,https://www.dndbeyond.com/monsters/2560813-flail-snail,elemental,large,generic,N,3.0,2,700.0,3.0,-3.0,5.0,-4.0,0.0,-3.0,3,-3,5,-4,0,-3,0.0,0.0,0.0,0.0,0.0,0.0,0.0,0.0,0.0,0.0,1.0,0.0,0.0,0.0,0.0,1.0,1.0,1.0,1.0,1.0,0.0,1.0,1.0,1.0,0.0,1.0,1.0,1.0,-3.0,1.0,16.0,18.0,52.5,52.5,-0.3,-0.3,5.0,5.0,,27.5,32.166668,27.5,27.5,27.5,14.0,= 5*5.5,= 5*5.5,= 5*5.5,= 2*7,Assumes +2*7 damage from Antimagic Shell.
Flameskull,17091-flameskull,MM (2014),134.0,https://www.dndbeyond.com/monsters/17091-flameskull,undead,tiny,generic,N,4.0,2,1100.0,-5.0,3.0,2.0,3.0,0.0,0.0,-5,3,2,3,0,0,0.0,1.0,0.0,0.0,1.0,0.0,0.0,0.0,1.0,0.0,1.0,1.0,0.0,0.0,0.0,1.0,0.5,1.0,1.0,0.0,0.0,1.0,0.5,0.5,0.0,1.0,1.0,1.0,3.0,2.0,13.0,18.0,40.5,81.0,0.5,4.5,5.0,5.0,13.0,32.666668,32.666668,56.0,21.0,21.0,0.0,= 2*28,= 2*10.5,= 2*10.5,,Assumes +5 AC from Shield.
Flamewrath,17438-flamewrath,PotA,201.0,https://www.dndbeyond.com/monsters/17438-flamewrath,humanoid,medium,generic,N,6.0,3,2300.0,0.0,2.0,3.0,0.0,0.0,3.0,0,2,3,0,0,3,0.0,0.0,0.0,0.0,0.0,0.0,0.0,0.0,0.0,0.0,0.0,0.0,0.0,0.0,0.0,1.0,1.0,1.0,1.0,1.0,0.5,1.0,1.0,1.0,1.0,1.0,1.0,1.0,2.0,1.0,15.0,15.0,105.0,105.0,1.3,1.3,6.0,6.0,14.0,65.0,65.0,65.0,65.0,65.0,0.0,= 2*28 + 9,= 2*28 + 9,= 2*28 + 9,,Assumes +9 DPR from fire shield cast prior to combat.
Fleecemane Lion,909482-fleecemane-lion,MOoT,223.0,https://www.dndbeyond.com/monsters/909482-fleecemane-lion,monstrosity,large,legendary,L,3.0,2,700.0,4.0,3.0,2.0,-2.0,2.0,0.0,6,3,4,-2,2,0,0.0,0.0,0.0,0.0,0.0,0.0,0.0,0.0,0.0,0.0,0.0,0.0,0.0,0.0,0.0,1.0,1.0,1.0,1.0,1.0,1.0,1.0,1.0,1.0,1.0,1.0,1.0,1.0,3.0,1.0,15.0,17.0,45.0,67.5,2.2,2.2,6.0,6.0,,31.666666,31.666666,37.0,29.0,29.0,0.0,= 7 + 2*8 + 2*7,= 7 + 8 + 2*7,= 7 + 8 + 2*7,,Assumes 1.5 times HP from Spell Turning. Assumes +2 AC from Spell Turning.
Flesh Colossus,3731015-flesh-colossus,BPGotG,141.0,https://www.dndbeyond.com/monsters/3731015-flesh-colossus,construct,gargantuan,generic,N,20.0,6,25000.0,7.0,-1.0,7.0,-2.0,0.0,-3.0,7,-1,7,-2,0,-3,0.0,1.0,0.0,1.0,1.0,0.0,0.0,0.0,1.0,1.0,1.0,0.0,0.0,0.0,0.0,0.2,0.2,0.2,1.0,1.0,1.0,1.0,0.0,1.0,0.0,0.0,1.0,1.0,-1.0,1.25,14.0,14.0,280.0,350.0,1.3,5.3,13.0,15.0,21.0,78.0,105.0,76.5,76.5,81.0,81.0,= 2*17.5 + 20.5 + 2*10.5,= 2*17.5 + 20.5 + 2*10.5,= 2*40.5,= 2*40.5,Assumes +2 AB from Fist (restrained). Assumes +2*40.5 damage from Elemental Breath on swallowed creatures.
Flesh Golem,16863-flesh-golem,MM (2014),169.0,https://www.dndbeyond.com/monsters/16863-flesh-golem,construct,medium,generic,N,5.0,3,1800.0,4.0,-1.0,4.0,-2.0,0.0,-3.0,4,-1,4,-2,0,-3,0.0,1.0,0.0,1.0,1.0,0.0,0.0,0.0,1.0,1.0,1.0,0.0,0.0,0.0,0.0,0.3,0.3,0.3,1.0,1.0,1.0,1.0,0.0,1.0,0.0,1.0,1.0,1.0,-1.0,2.0,9.0,9.0,93.5,187.0,0.3,4.3,7.0,7.0,,26.0,26.0,26.0,26.0,26.0,0.0,= 2*13,= 2*13,= 2*13,,
Flesh Meld,3805744-flesh-meld,PaBTSO,207.0,https://www.dndbeyond.com/monsters/3805744-flesh-meld,aberration,huge,generic,N,7.0,3,2900.0,5.0,2.0,3.0,-2.0,1.0,-3.0,8,5,3,-2,1,-3,1.0,0.0,0.0,0.0,0.0,0.0,0.0,0.0,0.0,0.0,0.0,1.0,0.0,0.0,0.0,1.0,1.0,1.0,1.0,1.0,1.0,1.0,1.0,1.0,1.0,1.0,1.0,1.0,2.0,1.0,12.0,13.0,95.0,95.0,2.0,6.0,8.0,8.0,15.0,32.0,42.5,32.0,32.0,32.0,31.5,= 2*16,= 2*16,= 2*16,= 3*3.5 + 2*10.5,Assumes +1 AC from Consume Creature and Aura of Death.
Flind,17258-flind,VGtM,153.0,https://www.dndbeyond.com/monsters/17258-flind,humanoid,medium,legacy,N,9.0,4,5000.0,5.0,0.0,4.0,0.0,1.0,1.0,5,0,8,0,5,1,0.0,0.0,0.0,0.0,0.0,0.0,0.0,0.0,0.0,0.0,0.0,0.0,0.0,0.0,0.0,1.0,1.0,1.0,1.0,1.0,1.0,1.0,1.0,1.0,1.0,1.0,1.0,1.0,0.0,1.0,16.0,16.0,127.5,187.5,3.2,3.2,9.0,9.0,,53.5,63.5,53.5,53.5,53.5,30.0,= 10.5 + 32.5 + 10.5,= 10.5 + 32.5 + 10.5,= 10.5 + 32.5 + 10.5,= 3*10,"Assumes +10 HPR from Flail of Paralysis, and +10 HPR from Flail of Chaos. Assumes +10 DPR from Flail of Chaos."
Flind,2560814-flind,MPMotM,127.0,https://www.dndbeyond.com/monsters/2560814-flind,fiend,medium,generic,N,9.0,4,5000.0,5.0,2.0,4.0,0.0,1.0,1.0,5,2,8,0,5,1,0.0,0.0,0.0,0.0,0.0,0.0,0.0,0.0,0.0,0.0,0.0,0.0,0.0,0.0,0.0,1.0,1.0,1.0,1.0,1.0,1.0,1.0,1.0,1.0,1.0,1.0,1.0,1.0,2.0,1.0,16.0,16.0,127.5,157.5,3.5,3.5,9.0,9.0,,48.0,58.0,48.0,48.0,48.0,30.0,= 10.5 + 27 + 10.5,= 10.5 + 27 + 10.5,= 10.5 + 27 + 10.5,= 3*10,Assumes +10 HPR from Flail of Paralysis. Assumes +10 DPR from Flail of Chaos.
Flumph,17145-flumph,MM (2014),135.0,https://www.dndbeyond.com/monsters/17145-flumph,aberration,small,generic,N,0.125,2,25.0,-2.0,2.0,0.0,2.0,2.0,0.0,-2,2,0,2,2,0,0.0,0.0,0.0,0.0,0.0,0.0,0.0,0.0,0.0,0.0,0.0,0.0,0.0,0.0,0.0,1.0,1.0,1.0,1.0,1.0,1.0,1.0,1.0,1.0,1.0,2.0,1.0,1.0,2.0,1.0,12.0,12.0,7.0,7.0,0.7,0.7,4.0,4.0,,8.666667,8.666667,7.0,9.5,9.5,0.0,= 7,= 7 + 2.5,= 7 + 2.5,,
Flux Blastseeker,176745-flux-blastseeker,GGtR,242.0,https://www.dndbeyond.com/monsters/176745-flux-blastseeker,humanoid,medium,generic,N,5.0,3,1800.0,0.0,2.0,1.0,5.0,-1.0,2.0,0,5,1,8,-1,2,0.0,0.0,0.0,0.0,0.0,0.0,0.0,0.0,0.0,0.0,0.0,0.0,0.0,0.0,0.0,1.0,1.0,1.0,1.0,1.0,1.0,1.0,1.0,1.0,1.0,1.0,1.0,1.0,2.0,1.0,15.0,15.0,55.0,55.0,2.5,2.5,8.0,8.0,16.0,63.0,63.0,77.0,61.0,51.0,0.0,= 2*36 + 5,= 2*28 + 5,= 2*23 + 5,,
Fluxcharger,175709-fluxcharger,GGtR,208.0,https://www.dndbeyond.com/monsters/175709-fluxcharger,elemental,large,generic,N,7.0,3,2900.0,2.0,4.0,2.0,-2.0,0.0,-2.0,2,4,2,-2,0,-2,0.0,0.0,0.0,1.0,0.0,1.0,0.0,0.0,1.0,1.0,1.0,1.0,1.0,0.0,1.0,0.7,0.7,0.7,1.0,1.0,1.0,1.0,0.0,1.0,0.0,1.0,1.0,0.5,4.0,1.5,16.0,16.0,60.0,90.0,0.7,0.7,7.0,7.0,,46.0,46.0,46.0,46.0,46.0,0.0,= 2*23,= 2*23,= 2*23,,
Flying Dagger,417110-flying-dagger,BGDiA,30.0,https://www.dndbeyond.com/monsters/417110-flying-dagger,construct,tiny,generic,N,0.125,2,25.0,1.0,2.0,0.0,-5.0,-3.0,-5.0,1,4,0,-5,-3,-5,1.0,1.0,1.0,0.0,1.0,0.0,0.0,0.0,1.0,1.0,1.0,0.0,0.0,0.0,0.0,1.0,1.0,1.0,1.0,1.0,1.0,1.0,1.0,1.0,0.0,0.0,1.0,1.0,2.0,1.0,17.0,17.0,7.5,7.5,-1.3,-1.3,3.0,3.0,,3.0,3.0,3.0,3.0,3.0,0.0,= 3,= 3,= 3,,
Flying Horror,175371-flying-horror,GGtR,203.0,https://www.dndbeyond.com/monsters/175371-flying-horror,aberration,medium,generic,N,3.0,2,700.0,-1.0,5.0,1.0,-4.0,2.0,3.0,-1,5,1,-4,2,3,0.0,0.0,0.0,0.0,1.0,0.0,0.0,0.0,0.0,0.0,0.0,0.0,0.0,0.0,0.0,1.0,1.0,1.0,1.0,1.0,1.0,1.0,1.0,1.0,1.0,1.0,2.0,1.0,5.0,1.0,16.0,16.0,49.5,49.5,1.0,1.0,7.0,7.0,,22.0,22.0,22.0,22.0,22.0,0.0,= 22,= 22,= 22,,
Flying Monkey,33025-flying-monkey,ToA,220.0,https://www.dndbeyond.com/monsters/33025-flying-monkey,beast,small,generic,N,0.0,2,10.0,-1.0,2.0,0.0,-3.0,1.0,-2.0,-1,2,0,-3,1,-2,0.0,0.0,0.0,0.0,0.0,0.0,0.0,0.0,0.0,0.0,0.0,0.0,0.0,0.0,0.0,1.0,1.0,1.0,1.0,1.0,1.0,1.0,1.0,1.0,1.0,1.0,1.0,1.0,2.0,1.0,12.0,12.0,3.5,3.5,-0.5,-0.5,1.0,2.0,,1.5,1.5,1.5,1.5,1.5,0.0,= 1.5,= 1.5,= 1.5,,
Flying Rocking Horse,1979780-flying-rocking-horse,TWBtW,121.0,https://www.dndbeyond.com/monsters/1979780-flying-rocking-horse,construct,medium,generic,N,0.125,2,25.0,0.0,0.0,1.0,-5.0,-4.0,-5.0,0,0,1,-5,-4,-5,1.0,1.0,1.0,1.0,1.0,0.0,0.0,0.0,1.0,1.0,1.0,0.0,0.0,0.0,0.0,1.0,1.0,1.0,1.0,1.0,1.0,1.0,1.0,1.0,0.0,0.0,1.0,1.0,0.0,1.0,15.0,15.0,22.0,22.0,-2.2,-2.2,2.0,2.0,,3.5,3.5,3.5,3.5,3.5,0.0,= 3.5,= 3.5,= 3.5,,
Flying Snake,16864-flying-snake,MM (2014),322.0,https://www.dndbeyond.com/monsters/16864-flying-snake,beast,tiny,generic,N,0.125,2,25.0,-3.0,4.0,0.0,-4.0,1.0,-3.0,-3,4,0,-4,1,-3,0.0,0.0,0.0,0.0,0.0,0.0,0.0,0.0,0.0,0.0,0.0,0.0,0.0,0.0,0.0,1.0,1.0,1.0,1.0,1.0,1.0,1.0,1.0,1.0,1.0,1.0,1.0,1.0,4.0,1.0,14.0,18.0,5.0,5.0,-0.8,-0.8,6.0,6.0,,8.5,8.5,8.5,8.5,8.5,0.0,= 8.5,= 8.5,= 8.5,,Assumes +4 AC from flying with Flyby.
Flying Sword,16865-flying-sword,MM (2014),20.0,https://www.dndbeyond.com/monsters/16865-flying-sword,construct,small,generic,N,0.25,2,50.0,1.0,2.0,0.0,-5.0,-3.0,-5.0,1,4,0,-5,-3,-5,1.0,1.0,1.0,0.0,1.0,0.0,0.0,0.0,1.0,1.0,1.0,0.0,0.0,0.0,0.0,1.0,1.0,1.0,1.0,1.0,1.0,1.0,1.0,1.0,0.0,0.0,1.0,1.0,2.0,1.0,17.0,17.0,17.5,17.5,-1.3,-1.3,3.0,3.0,,5.5,5.5,5.5,5.5,5.5,0.0,= 5.5,= 5.5,= 5.5,,
Fomorian,17146-fomorian,MM (2014),136.0,https://www.dndbeyond.com/monsters/17146-fomorian,giant,huge,generic,N,8.0,3,3900.0,6.0,0.0,5.0,-1.0,2.0,-2.0,6,0,5,-1,2,-2,0.0,0.0,0.0,0.0,0.0,0.0,0.0,0.0,0.0,0.0,0.0,0.0,0.0,0.0,0.0,1.0,1.0,1.0,1.0,1.0,1.0,1.0,1.0,1.0,1.0,1.0,1.0,1.0,0.0,1.0,14.0,14.0,149.5,149.5,1.7,1.7,9.0,9.0,14.0,46.0,46.0,46.0,46.0,46.0,0.0,=19+27,=19+27,=19+27,,
Fomorian Deep Crawler,3731016-fomorian-deep-crawler,BPGotG,142.0,https://www.dndbeyond.com/monsters/3731016-fomorian-deep-crawler,giant,huge,generic,N,10.0,4,5900.0,6.0,2.0,5.0,-1.0,3.0,-2.0,6,2,5,-1,3,-2,0.0,0.0,0.0,0.0,0.0,0.0,0.0,0.0,0.0,0.0,0.0,0.0,0.0,0.0,0.0,1.0,1.0,1.0,1.0,1.0,1.0,1.0,1.0,1.0,1.0,1.0,1.0,1.0,2.0,1.0,14.0,14.0,184.0,184.0,2.2,2.2,10.0,12.0,15.0,66.0,66.0,76.5,45.0,76.5,0.0,= 2* 22.5 + 31.5,= 2*22.5,= 2* 22.5 + 31.5,,Assumes +2 AB from Crawling Hex (prone).
Fomorian Noble,3731017-fomorian-noble,BPGotG,143.0,https://www.dndbeyond.com/monsters/3731017-fomorian-noble,giant,huge,generic,N,15.0,5,13000.0,6.0,4.0,5.0,4.0,2.0,3.0,6,4,5,9,7,8,0.0,1.0,0.0,0.0,0.0,0.0,0.0,0.0,0.0,0.0,0.0,0.0,0.0,0.0,0.0,1.0,1.0,1.0,1.0,1.0,1.0,1.0,1.0,1.0,1.0,1.0,1.0,1.0,4.0,1.0,17.0,17.0,253.0,253.0,6.5,6.5,11.0,11.0,17.0,82.5,110.0,82.5,82.5,82.5,82.5,= 3*27.5,= 3*27.5,= 3*27.5,= 82.5,Assumes +82.5 damage from Beguiling Presence (charmed).
Fomorian Warlock of the Dark,3731018-fomorian-warlock-of-the-dark,BPGotG,144.0,https://www.dndbeyond.com/monsters/3731018-fomorian-warlock-of-the-dark,giant,huge,legendary,L,12.0,4,8400.0,6.0,1.0,5.0,-1.0,2.0,4.0,6,1,5,-1,6,8,0.0,0.0,0.0,0.0,0.0,0.0,0.0,0.0,0.0,0.0,0.0,0.0,0.0,0.0,0.0,1.0,1.0,1.0,1.0,1.0,1.0,1.0,1.0,1.0,1.0,1.0,1.0,1.0,1.0,1.0,15.0,16.0,207.0,297.0,4.2,4.2,10.0,10.0,16.0,87.333336,87.333336,102.0,80.0,80.0,0.0,= 2*26.5 + 27 + 2*11,= 2*26.5 + 27,= 2*26.5 + 27,,Assumes +1 AC from Poisoning Rebuke (poisoned).
Four-Armed Troll,27623-four-armed-troll,HotDQ,65.0,https://www.dndbeyond.com/monsters/27623-four-armed-troll,giant,large,generic,N,6.0,3,2300.0,4.0,1.0,5.0,-2.0,-1.0,-2.0,4,1,5,-2,-1,-2,0.0,0.0,0.0,0.0,0.0,0.0,0.0,0.0,0.0,0.0,0.0,0.0,0.0,0.0,0.0,1.0,1.0,1.0,1.0,1.0,1.0,1.0,1.0,1.0,1.0,1.0,1.0,1.0,1.0,1.0,15.0,15.0,84.0,114.0,0.8,0.8,7.0,7.0,,58.0,58.0,58.0,58.0,58.0,0.0,= 7 + 4*11 + 7,= 7 + 4*11 + 7,= 7 + 4*11 + 7,,
Fox,1123082-fox,IDRotF,288.0,https://www.dndbeyond.com/monsters/1123082-fox,beast,tiny,generic,N,0.0,2,10.0,-4.0,3.0,0.0,-4.0,1.0,-2.0,-4,3,0,-4,1,-2,0.0,0.0,0.0,0.0,0.0,0.0,0.0,0.0,0.0,0.0,0.0,0.0,0.0,0.0,0.0,1.0,1.0,1.0,1.0,1.0,1.0,1.0,1.0,1.0,1.0,1.0,1.0,1.0,3.0,1.0,13.0,13.0,2.5,2.5,-1.0,-1.0,5.0,5.0,,1.0,1.0,1.0,1.0,1.0,0.0,= 1,= 1,= 1,,
Fractal Mascot,2160304-fractal-mascot,SACoC,192.0,https://www.dndbeyond.com/monsters/2160304-fractal-mascot,construct,small,generic,N,0.25,2,50.0,1.0,2.0,1.0,-2.0,0.0,-3.0,1,2,1,-2,0,-3,0.0,0.0,0.0,0.0,0.0,0.0,0.0,0.0,0.0,0.0,1.0,0.0,0.0,0.0,0.0,1.0,1.0,1.0,1.0,1.0,1.0,1.0,1.0,1.0,0.0,1.0,1.0,1.0,2.0,1.0,12.0,12.0,27.0,27.0,-0.2,-0.2,3.0,3.0,,6.0,6.0,6.0,6.0,6.0,0.0,= 6,= 6,= 6,,
Fragment of Krokulmar,3276648-fragment-of-krokulmar,KftGV,53.0,https://www.dndbeyond.com/monsters/3276648-fragment-of-krokulmar,aberration,tiny,generic,N,0.0,2,10.0,-3.0,3.0,1.0,3.0,3.0,3.0,-3,3,1,3,3,3,0.0,0.0,0.0,0.0,0.0,0.0,0.0,0.0,0.0,0.0,0.0,0.0,0.0,0.0,0.0,1.0,1.0,1.0,1.0,1.0,1.0,1.0,1.0,1.0,1.0,0.0,1.0,1.0,3.0,1.0,13.0,13.0,10.5,10.5,1.7,1.7,0.0,0.0,,0.0,0.0,0.0,0.0,0.0,0.0,= 0,= 0,= 0,,
Fraternity of Order Law Bender,3883537-fraternity-of-order-law-bender,PAitM:MPP,57.0,https://www.dndbeyond.com/monsters/3883537-fraternity-of-order-law-bender,humanoid,medium,generic,N,9.0,4,5000.0,-1.0,2.0,1.0,4.0,3.0,2.0,-1,2,5,4,7,2,0.0,0.0,0.0,0.0,0.0,0.0,0.0,0.0,0.0,0.0,0.0,0.0,0.0,0.0,0.0,1.0,1.0,1.0,1.0,1.0,1.0,1.0,1.0,1.0,1.0,1.0,1.0,1.0,2.0,1.0,15.0,17.0,137.5,137.5,3.2,3.2,8.0,8.0,16.0,61.5,82.0,61.5,61.5,61.5,61.5,= 3*17 + 10.5,= 3*17 + 10.5,= 3*17 + 10.5,= 61.5,Assumes +2 AC from Probability Loophole. Assumes +61.5 damage from Power of Authority (incapacitated).
FRAZ-URB’LUU,17412-fraz-urbluu,OotA,238.0,https://www.dndbeyond.com/monsters/17412-fraz-urbluu,fiend,large,legacy,LL,23.0,7,50000.0,9.0,1.0,7.0,8.0,7.0,8.0,9,8,15,15,14,8,0.0,1.0,0.0,1.0,1.0,0.0,0.0,0.0,0.0,0.0,1.0,0.0,0.0,0.0,0.0,0.2,0.2,0.2,1.0,0.5,0.5,1.0,0.5,1.0,0.0,1.0,1.0,1.0,1.0,1.25,18.0,18.0,350.0,550.0,11.5,15.5,16.0,16.0,,269.0,269.0,269.0,269.0,269.0,0.0,= 23 + 2*27 + 3*31 + 3*33,= 23 + 2*27 + 3*31 + 3*33,= 23 + 2*27 + 3*31 + 3*33,,Assumes 3*33 DPR from lair actions.
Fraz-Urb’luu,17412-fraz-urbluu,MToF,146.0,https://www.dndbeyond.com/monsters/17412-fraz-urbluu,fiend,large,legacy,L,23.0,7,50000.0,9.0,1.0,7.0,8.0,7.0,8.0,9,8,14,15,14,8,0.0,1.0,0.0,1.0,1.0,0.0,0.0,0.0,0.0,0.0,1.0,0.0,0.0,0.0,0.0,0.2,0.2,0.2,1.0,0.5,0.5,1.0,0.5,1.0,0.0,1.0,1.0,1.0,1.0,1.25,18.0,18.0,337.5,534.4,11.3,15.3,16.0,16.0,23.0,124.5,124.5,124.5,124.5,124.5,0.0,= 19.5 + 2*22.5 + 3*20,= 19.5 + 2*22.5 + 3*20,= 19.5 + 2*22.5 + 3*20,,
Fraz-Urb’luu,17412-fraz-urbluu,MToF,146.0,https://www.dndbeyond.com/monsters/17412-fraz-urbluu,fiend,large,legacy,LL,24.0,7,62000.0,9.0,1.0,7.0,8.0,7.0,8.0,9,8,14,15,14,8,0.0,1.0,0.0,1.0,1.0,0.0,0.0,0.0,0.0,0.0,1.0,0.0,0.0,0.0,0.0,0.2,0.2,0.2,1.0,0.5,0.5,1.0,0.5,1.0,0.0,1.0,1.0,1.0,1.0,1.25,18.0,18.0,337.5,534.4,11.3,15.3,16.0,16.0,23.0,190.5,190.5,190.5,190.5,190.5,0.0,= 19.5 + 2*22.5 + 3*20 + 2*33,= 19.5 + 2*22.5 + 3*20 + 2*33,= 19.5 + 2*22.5 + 3*20 + 2*33,,
Fraz-Urb’luu,2560815-fraz-urbluu,MPMotM,129.0,https://www.dndbeyond.com/monsters/2560815-fraz-urbluu,fiend,large,unique,L,23.0,7,50000.0,9.0,1.0,7.0,8.0,7.0,8.0,9,8,14,15,14,8,0.0,1.0,0.0,1.0,1.0,0.0,0.0,0.0,0.0,0.0,1.0,0.0,0.0,0.0,0.0,0.2,0.2,0.2,1.0,0.5,0.5,1.0,0.5,1.0,0.0,1.0,1.0,1.0,1.0,1.25,18.0,18.0,337.5,534.4,11.3,15.3,16.0,16.0,23.0,141.0,141.0,141.0,141.0,141.0,0.0,= 19.5 + 2*22.5 + 16.5 + 3*20,= 19.5 + 2*22.5 + 16.5 + 3*20,= 19.5 + 2*22.5 + 16.5 + 3*20,,
Fraz-Urb’luu,2560815-fraz-urbluu,MPMotM,129.0,https://www.dndbeyond.com/monsters/2560815-fraz-urbluu,fiend,large,unique,LL,24.0,7,62000.0,9.0,1.0,7.0,8.0,7.0,8.0,9,8,14,15,14,8,0.0,1.0,0.0,1.0,1.0,0.0,0.0,0.0,0.0,0.0,1.0,0.0,0.0,0.0,0.0,0.2,0.2,0.2,1.0,0.5,0.5,1.0,0.5,1.0,0.0,1.0,1.0,1.0,1.0,1.25,18.0,18.0,337.5,534.4,11.3,15.3,16.0,16.0,23.0,207.0,207.0,207.0,207.0,207.0,0.0,= 19.5 + 2*22.5 + 16.5 + 3*20 + 2*33,= 19.5 + 2*22.5 + 16.5 + 3*20 + 2*33,= 19.5 + 2*22.5 + 16.5 + 3*20 + 2*33,,
Froghemoth,17250-froghemoth,VGtM,145.0,https://www.dndbeyond.com/monsters/17250-froghemoth,monstrosity,huge,legacy,N,10.0,4,5900.0,6.0,1.0,5.0,-4.0,1.0,-3.0,6,1,9,-4,5,-3,0.0,0.0,0.0,0.0,0.0,0.0,0.0,0.0,0.0,0.0,0.0,0.0,0.0,0.0,0.0,1.0,1.0,1.0,1.0,1.0,0.5,1.0,0.5,1.0,1.0,1.0,1.0,1.0,1.0,1.0,14.0,14.0,184.0,184.0,2.3,2.3,10.0,10.0,,61.5,75.5,61.5,61.5,61.5,42.0,= 2*19.5 + 22.5,= 2*19.5 + 22.5,= 2*19.5 + 22.5,= 4*10.5,Assumes +4*10.5 damage from Bite.
Froghemoth,2560816-froghemoth,MPMotM,130.0,https://www.dndbeyond.com/monsters/2560816-froghemoth,monstrosity,huge,generic,N,10.0,4,5900.0,6.0,1.0,5.0,-4.0,1.0,-3.0,6,1,9,-4,5,-3,0.0,0.0,0.0,0.0,0.0,0.0,0.0,0.0,0.0,0.0,0.0,0.0,0.0,0.0,0.0,1.0,1.0,1.0,1.0,1.0,0.5,1.0,0.5,1.0,1.0,1.0,1.0,1.0,1.0,1.0,14.0,14.0,161.0,161.0,2.3,2.3,10.0,10.0,,61.5,75.5,61.5,61.5,61.5,42.0,= 22.5 + 2*19.5,= 22.5 + 2*19.5,= 22.5 + 2*19.5,= 4*10.5,Assumes +4*10.5 damage from Bite.
Froghemoth Elder,4635148-froghemoth-elder,QftIS,198.0,https://www.dndbeyond.com/monsters/4635148-froghemoth-elder,monstrosity,huge,legendary,LL,15.0,5,13000.0,7.0,1.0,5.0,-4.0,2.0,-1.0,12,1,10,-4,7,-1,0.0,0.0,0.0,0.0,0.0,0.0,0.0,0.0,0.0,0.0,0.0,0.0,0.0,0.0,0.0,1.0,1.0,1.0,1.0,1.0,0.5,1.0,0.5,1.0,1.0,1.0,1.0,1.0,1.0,1.0,14.0,14.0,207.0,297.0,4.2,4.2,12.0,12.0,20.0,85.5,92.5,85.5,85.5,85.5,21.0,= 23.5 + 2*20.5 + 3*7,= 23.5 + 2*20.5 + 3*7,= 23.5 + 2*20.5 + 3*7,= 2*10.5,Assumes +21 damage from Bite swallowing one creature.
Frontline Medic,175827-frontline-medic,GGtR,231.0,https://www.dndbeyond.com/monsters/175827-frontline-medic,humanoid,medium,generic,N,0.25,2,50.0,2.0,0.0,2.0,0.0,1.0,1.0,2,0,2,0,1,1,0.0,0.0,0.0,0.0,0.0,0.0,0.0,0.0,0.0,0.0,0.0,0.0,0.0,0.0,0.0,1.0,1.0,1.0,1.0,1.0,1.0,1.0,1.0,1.0,1.0,1.0,1.0,1.0,0.0,1.0,20.0,24.0,19.5,19.5,1.0,1.0,4.0,4.0,,5.5,5.5,5.5,5.5,5.5,0.0,= 5.5,= 5.5,= 5.5,,Assumes + 4 AC from casting sanctuary each round.
Frost Druid,1123083-frost-druid,IDRotF,288.0,https://www.dndbeyond.com/monsters/1123083-frost-druid,humanoid,medium,generic,N,5.0,3,1800.0,1.0,1.0,3.0,0.0,3.0,-1.0,1,1,3,3,6,-1,0.0,0.0,0.0,0.0,0.0,0.0,0.0,0.0,0.0,0.0,0.0,0.0,0.0,0.0,0.0,1.0,1.0,1.0,1.0,0.5,1.0,1.0,1.0,1.0,1.0,1.0,1.0,1.0,1.0,1.0,13.0,13.0,67.5,67.5,2.2,2.2,6.0,6.0,14.0,48.666668,48.666668,54.0,46.0,46.0,0.0,= 2*27,= 2*23,= 2*23,,
Frost Giant,16867-frost-giant,MM (2014),155.0,https://www.dndbeyond.com/monsters/16867-frost-giant,giant,huge,generic,N,8.0,3,3900.0,6.0,-1.0,5.0,-1.0,0.0,1.0,6,-1,8,-1,3,4,0.0,0.0,0.0,0.0,0.0,0.0,0.0,0.0,0.0,0.0,0.0,0.0,0.0,0.0,0.0,1.0,1.0,1.0,1.0,0.0,1.0,1.0,1.0,1.0,1.0,1.0,1.0,1.0,-1.0,1.0,15.0,15.0,138.0,138.0,3.2,3.2,9.0,9.0,,50.0,50.0,50.0,50.0,50.0,0.0,=2*25,=2*25,=2*25,,
Frost Giant Everlasting One,17253-frost-giant-everlasting-one,VGtM,148.0,https://www.dndbeyond.com/monsters/17253-frost-giant-everlasting-one,giant,huge,legacy,N,12.0,4,8400.0,7.0,-1.0,7.0,-1.0,0.0,1.0,11,-1,11,-1,4,1,0.0,0.0,0.0,0.0,0.0,0.0,0.0,0.0,0.0,0.0,0.0,0.0,0.0,0.0,0.0,1.0,1.0,1.0,1.0,0.0,1.0,1.0,1.0,1.0,1.0,1.0,1.0,1.0,-1.0,1.0,15.0,15.0,189.0,273.8,4.2,4.2,11.0,11.0,,61.0,61.0,61.0,61.0,61.0,0.0,= 2*30.5,= 2*30.5,= 2*30.5,,Assumes +25% HP from Vaprak’s Rage.
Frost Giant Everlasting One,2560817-frost-giant-everlasting-one,MPMotM,131.0,https://www.dndbeyond.com/monsters/2560817-frost-giant-everlasting-one,giant,huge,generic,N,12.0,4,8400.0,7.0,-1.0,7.0,-1.0,0.0,1.0,11,-1,11,-1,4,1,0.0,0.0,0.0,0.0,0.0,0.0,0.0,0.0,0.0,0.0,0.0,0.0,0.0,0.0,0.0,1.0,1.0,1.0,1.0,0.0,1.0,1.0,1.0,1.0,1.0,1.0,1.0,1.0,-1.0,1.0,15.0,15.0,189.0,273.8,4.2,4.2,11.0,11.0,,61.0,61.0,61.0,61.0,61.0,0.0,= 2*30.5,= 2*30.5,= 2*30.5,,Assumes +25% HP from Vaprak’s Rage.
Frost Giant Ice Shaper,3731019-frost-giant-ice-shaper,BPGotG,145.0,https://www.dndbeyond.com/monsters/3731019-frost-giant-ice-shaper,giant,huge,legendary,L,17.0,6,18000.0,6.0,0.0,5.0,0.0,4.0,3.0,12,0,11,0,10,9,0.0,0.0,0.0,0.0,0.0,0.0,0.0,0.0,0.0,0.0,0.0,0.0,0.0,0.0,0.0,1.0,1.0,1.0,1.0,0.0,1.0,1.0,1.0,1.0,1.0,1.0,1.0,1.0,0.0,1.0,16.0,19.0,310.5,400.5,7.0,7.0,12.0,12.0,18.0,108.0,108.0,108.0,108.0,108.0,0.0,= 3*31.5 + 13.5,= 3*31.5 + 13.5,= 3*31.5 + 13.5,,Assumes +3 AC from Ice Armor.
Frost Giant of Evil Water,3731020-frost-giant-of-evil-water,BPGotG,146.0,https://www.dndbeyond.com/monsters/3731020-frost-giant-of-evil-water,giant,huge,generic,N,11.0,4,7200.0,6.0,3.0,5.0,-1.0,2.0,1.0,6,7,9,-1,6,1,0.0,0.0,0.0,0.0,0.0,0.0,0.0,0.0,0.0,0.0,0.0,0.0,0.0,0.0,0.0,1.0,1.0,1.0,1.0,0.0,1.0,1.0,1.0,1.0,1.0,1.0,1.0,1.0,3.0,1.0,16.0,16.0,172.5,172.5,4.7,4.7,10.0,10.0,,73.0,78.5,73.0,73.0,73.0,16.5,= 2*29.5 + 14,= 2*29.5 + 14,= 2*29.5 + 14,= 3*5.5,Assumes +5.5 DPR from Harpoon.
Frost Giant Skeleton,1123084-frost-giant-skeleton,IDRotF,288.0,https://www.dndbeyond.com/monsters/1123084-frost-giant-skeleton,undead,huge,generic,N,6.0,3,2300.0,6.0,-1.0,2.0,-2.0,-1.0,-3.0,6,-1,2,-2,-1,-3,0.0,0.0,0.0,1.0,0.0,0.0,0.0,0.0,0.0,0.0,1.0,0.0,0.0,0.0,0.0,2.0,1.0,1.0,1.0,0.0,1.0,1.0,1.0,1.0,0.0,1.0,1.0,1.0,-1.0,1.0,14.0,14.0,102.0,102.0,0.2,0.2,9.0,9.0,13.0,50.0,50.0,50.0,50.0,50.0,0.0,=2*25,=2*25,=2*25,,
Frost Giant Zombie,744311-frost-giant-zombie,EGtW,288.0,https://www.dndbeyond.com/monsters/744311-frost-giant-zombie,undead,huge,generic,N,9.0,4,5000.0,6.0,-2.0,5.0,-4.0,-2.0,-3.0,6,-2,5,-4,2,-3,0.0,0.0,0.0,0.0,0.0,0.0,0.0,0.0,0.0,0.0,1.0,0.0,0.0,0.0,0.0,1.0,1.0,1.0,1.0,0.0,1.0,1.0,1.0,1.0,0.0,1.0,1.0,1.0,-2.0,1.0,15.0,15.0,138.0,176.0,0.7,0.7,10.0,10.0,17.0,56.0,56.0,56.0,56.0,56.0,0.0,= 2*28,= 2*28,= 2*28,,Assumes +3*8 hit points from Numbing Aura.
Frost Salamander,95451-frost-salamander,MToF,223.0,https://www.dndbeyond.com/monsters/95451-frost-salamander,elemental,huge,legacy,N,9.0,4,5000.0,5.0,1.0,4.0,-2.0,0.0,-2.0,5,1,8,-2,4,-2,0.0,0.0,0.0,0.0,0.0,0.0,0.0,0.0,0.0,0.0,0.0,0.0,0.0,0.0,0.0,1.0,1.0,1.0,1.0,0.0,2.0,1.0,1.0,1.0,1.0,1.0,1.0,1.0,1.0,1.0,17.0,17.0,168.0,168.0,2.3,2.3,9.0,9.0,17.0,62.0,62.0,88.0,49.0,49.0,0.0,= 2*44,= 15 + 4*8.5,= 15 + 4*8.5,,
Frost Salamander,2560818-frost-salamander,MPMotM,132.0,https://www.dndbeyond.com/monsters/2560818-frost-salamander,elemental,huge,generic,N,9.0,4,5000.0,5.0,1.0,4.0,-2.0,0.0,-2.0,5,1,8,-2,4,-2,0.0,0.0,0.0,0.0,0.0,0.0,0.0,0.0,0.0,0.0,0.0,0.0,0.0,0.0,0.0,1.0,1.0,1.0,1.0,0.0,2.0,1.0,1.0,1.0,1.0,1.0,1.0,1.0,1.0,1.0,17.0,17.0,168.0,168.0,2.3,2.3,9.0,9.0,17.0,62.0,62.0,88.0,49.0,49.0,0.0,= 2*44,= 15 + 4*8.5,= 15 + 4*8.5,,
Frost Worm,744312-frost-worm,EGtW,289.0,https://www.dndbeyond.com/monsters/744312-frost-worm,monstrosity,gargantuan,generic,N,17.0,6,18000.0,9.0,-1.0,6.0,-5.0,-3.0,-3.0,9,-1,12,-5,3,-3,0.0,0.0,0.0,0.0,0.0,0.0,0.0,0.0,0.0,0.0,0.0,0.0,0.0,0.0,0.0,1.0,1.0,1.0,1.0,0.0,2.0,1.0,1.0,1.0,1.0,1.0,1.0,1.0,-1.0,1.0,18.0,18.0,264.0,264.0,2.5,2.5,15.0,15.0,20.0,84.666664,105.666664,66.0,66.0,122.0,63.0,= 2*33,= 2*33,= 2*33 + 2*28,= 3*21,
Frostmourn,3731021-frostmourn,BPGotG,147.0,https://www.dndbeyond.com/monsters/3731021-frostmourn,undead,huge,generic,N,10.0,4,5900.0,6.0,-1.0,5.0,-1.0,0.0,4.0,6,-1,9,-1,4,4,0.0,1.0,0.0,1.0,1.0,1.0,0.0,0.0,1.0,1.0,1.0,1.0,1.0,0.0,0.0,1.0,1.0,1.0,1.0,0.0,2.0,1.0,1.0,1.0,0.0,1.0,1.0,1.0,-1.0,1.0,13.0,13.0,195.5,225.5,3.5,3.5,10.0,10.0,,62.5,62.5,62.5,62.5,62.5,0.0,= 36 + 26.5,= 36 + 26.5,= 36 + 26.5,,Assumes +10 HP per round from Blizzard Escape.
Frulam Mondath,17472-frulam-mondath,HotDQ,90.0,https://www.dndbeyond.com/monsters/17472-frulam-mondath,humanoid,medium,unique,N,2.0,2,450.0,2.0,0.0,1.0,0.0,4.0,2.0,2,0,1,0,6,4,0.0,0.0,0.0,0.0,0.0,0.0,0.0,0.0,0.0,0.0,0.0,0.0,0.0,0.0,0.0,1.0,1.0,1.0,1.0,1.0,1.0,1.0,1.0,1.0,1.0,1.0,1.0,1.0,0.0,1.0,16.0,16.0,44.0,44.0,2.2,2.2,6.0,6.0,14.0,40.0,40.0,40.0,40.0,40.0,0.0,= 2*7 + 2*13,= 2*7 + 2*13,= 2*7 + 2*13,,
Fury of Kostchtchie,3731022-fury-of-kostchtchie,BPGotG,148.0,https://www.dndbeyond.com/monsters/3731022-fury-of-kostchtchie,fiend,huge,generic,N,14.0,5,11500.0,8.0,0.0,7.0,0.0,1.0,0.0,8,0,12,0,6,0,0.0,1.0,0.0,0.0,1.0,0.0,0.0,0.0,0.0,0.0,1.0,0.0,0.0,0.0,0.0,1.0,1.0,1.0,1.0,0.0,0.5,1.0,0.5,1.0,0.5,1.0,1.0,1.0,0.0,1.25,16.0,16.0,216.0,216.0,4.3,8.3,13.0,13.0,20.0,75.333336,75.333336,66.0,80.0,80.0,0.0,= 2*27.5 + 11,= 2*34.5 + 11,= 2*34.5 + 11,,
Gaj,2821166-gaj,SAiS:BAM,23.0,https://www.dndbeyond.com/monsters/2821166-gaj,aberration,large,generic,N,4.0,2,1100.0,3.0,0.0,2.0,1.0,2.0,-2.0,3,0,2,1,2,-2,0.0,0.0,0.0,0.0,0.0,0.0,0.0,0.0,0.0,0.0,0.0,0.0,0.0,0.0,0.0,1.0,1.0,1.0,1.0,1.0,1.0,1.0,1.0,1.0,1.0,1.0,1.0,1.0,0.0,1.0,16.0,16.0,75.0,75.0,1.0,1.0,5.0,5.0,12.0,33.166668,33.166668,26.5,36.5,36.5,0.0,= 10 + 16.5,= 10 + 16.5 + 10,= 10 + 16.5 + 10,,
Galazeth Prismari,2160305-galazeth-prismari,SACoC,193.0,https://www.dndbeyond.com/monsters/2160305-galazeth-prismari,dragon,gargantuan,unique,L,23.0,7,50000.0,8.0,2.0,7.0,4.0,5.0,8.0,8,9,14,4,12,15,0.0,0.0,0.0,0.0,0.0,0.0,0.0,0.0,0.0,0.0,0.0,0.0,0.0,0.0,0.0,1.0,1.0,1.0,1.0,0.0,0.0,1.0,0.5,1.0,1.0,1.0,1.0,1.0,2.0,1.0,21.0,21.0,402.5,492.5,10.3,10.3,15.0,15.0,22.0,113.833336,113.833336,188.5,76.5,76.5,0.0,= 2*77 + 3*11.5,= 19 + 2*11.5 + 3*11.5,= 19 + 2*11.5 + 3*11.5,,
Galeb Duhr,17148-galeb-duhr,MM (2014),139.0,https://www.dndbeyond.com/monsters/17148-galeb-duhr,elemental,medium,generic,N,6.0,3,2300.0,5.0,2.0,5.0,0.0,1.0,0.0,5,2,5,0,1,0,0.0,0.0,0.0,1.0,0.0,0.0,0.0,0.0,1.0,1.0,1.0,0.0,0.0,0.0,0.0,0.7,0.7,0.7,1.0,1.0,1.0,1.0,1.0,1.0,0.0,1.0,1.0,1.0,2.0,1.5,16.0,16.0,85.5,128.3,2.2,2.2,8.0,8.0,,31.0,31.0,0.0,57.0,36.0,0.0,= 0,= 3*(12 + 7),= 3*12,,
Gallows Speaker,1680923-gallows-speaker,VRGtR,234.0,https://www.dndbeyond.com/monsters/1680923-gallows-speaker,undead,medium,generic,N,6.0,3,2300.0,-1.0,2.0,0.0,0.0,1.0,4.0,-1,2,0,0,4,4,0.0,1.0,0.0,1.0,1.0,1.0,0.0,0.0,1.0,1.0,1.0,1.0,1.0,0.0,0.0,0.7,0.7,0.7,1.0,1.0,1.0,1.0,1.0,0.0,0.0,1.0,1.0,1.0,2.0,1.5,12.0,12.0,85.5,128.3,1.5,1.5,7.0,7.0,15.0,46.5,46.5,46.5,46.5,46.5,0.0,= 19.5 + 2*13.5,= 19.5 + 2*13.5,= 19.5 + 2*13.5,,
Galsariad Ardyth (Tier 1),2407540-galsariad-ardyth-tier-1,CRCotN,188.0,https://www.dndbeyond.com/monsters/2407540-galsariad-ardyth-tier-1,humanoid,medium,unique,N,3.0,2,700.0,-1.0,2.0,-1.0,3.0,2.0,1.0,-1,2,-1,5,4,1,0.0,0.0,0.0,0.0,0.0,0.0,0.0,0.0,0.0,0.0,0.0,0.0,0.0,0.0,0.0,1.0,1.0,1.0,1.0,1.0,1.0,1.0,1.0,1.0,1.0,1.0,1.0,1.0,2.0,1.0,15.0,15.0,49.0,59.0,1.7,1.7,5.0,5.0,13.0,22.666666,23.833334,35.0,16.5,16.5,3.5,= 2*17.5,= 16.5,= 16.5,= 3.5,Assumes +2*5 HP from Drain Potential. Assumes +3.5 damage from Distort Gravity.
Galsariad Ardyth (Tier 2),2407541-galsariad-ardyth-tier-2,CRCotN,190.0,https://www.dndbeyond.com/monsters/2407541-galsariad-ardyth-tier-2,humanoid,medium,unique,N,5.0,3,1800.0,-1.0,2.0,0.0,4.0,2.0,1.0,-1,2,0,7,5,1,0.0,0.0,0.0,0.0,0.0,0.0,0.0,0.0,0.0,0.0,0.0,0.0,0.0,0.0,0.0,1.0,1.0,1.0,1.0,1.0,1.0,1.0,1.0,1.0,1.0,1.0,1.0,1.0,2.0,1.0,15.0,15.0,67.5,77.5,2.3,2.3,7.0,7.0,15.0,38.0,40.333332,70.0,22.0,22.0,7.0,= 2*35,= 22,= 22,= 7,Assumes +2*5 HP from Drain Potential. Assumes +7 damage from Distort Gravity.
Galsariad Ardyth (Tier 3),2407542-galsariad-ardyth-tier-3,CRCotN,193.0,https://www.dndbeyond.com/monsters/2407542-galsariad-ardyth-tier-3,humanoid,medium,unique,N,8.0,3,3900.0,-1.0,2.0,0.0,5.0,2.0,1.0,-1,2,0,8,5,1,0.0,0.0,0.0,0.0,0.0,0.0,0.0,0.0,0.0,0.0,0.0,0.0,0.0,0.0,0.0,1.0,1.0,1.0,1.0,1.0,1.0,1.0,1.0,1.0,1.0,1.0,1.0,1.0,2.0,1.0,17.0,17.0,90.0,110.0,2.5,2.5,8.0,8.0,16.0,50.333332,55.0,84.0,33.5,33.5,14.0,= 2*42,= 22 + 11.5,= 22 + 11.5,= 14,Assumes +2*10 HP from Drain Potential. Assumes +14 damage from Distort Gravity.
Galvan Magen,1123085-galvan-magen,IDRotF,301.0,https://www.dndbeyond.com/monsters/1123085-galvan-magen,construct,medium,generic,N,3.0,2,700.0,0.0,4.0,4.0,1.0,0.0,-2.0,0,4,4,1,0,-2,0.0,1.0,0.0,1.0,1.0,0.0,0.0,0.0,1.0,0.0,1.0,0.0,0.0,0.0,0.0,1.0,1.0,1.0,1.0,1.0,1.0,1.0,0.0,1.0,0.0,1.0,1.0,1.0,4.0,1.0,14.0,14.0,68.0,68.0,1.2,5.2,6.0,7.0,14.0,24.0,24.0,44.0,14.0,14.0,0.0,=2*22,= 2*7,= 2*7,,Assumes +1 AB from advantage against creatures with metal armor.
Galvanic Blastseeker,176754-galvanic-blastseeker,GGtR,243.0,https://www.dndbeyond.com/monsters/176754-galvanic-blastseeker,humanoid,medium,generic,N,5.0,3,1800.0,0.0,3.0,2.0,4.0,0.0,1.0,0,6,2,4,0,1,0.0,0.0,0.0,0.0,0.0,0.0,0.0,0.0,0.0,0.0,0.0,0.0,0.0,0.0,0.0,1.0,1.0,1.0,1.0,1.0,1.0,1.0,1.0,1.0,1.0,1.0,1.0,1.0,3.0,1.0,13.0,13.0,52.0,78.0,2.2,2.2,7.0,7.0,15.0,59.0,59.0,59.0,59.0,59.0,0.0,= 2*28 + 3,= 2*28 + 3,= 2*28 + 3,,Assumes 1.5 multiplier from casting stoneskin before initiative.
Galvanice Weird,175704-galvanice-weird,GGtR,209.0,https://www.dndbeyond.com/monsters/175704-galvanice-weird,elemental,medium,generic,N,1.0,2,200.0,2.0,0.0,3.0,-4.0,0.0,-3.0,2,0,3,-4,0,-3,0.0,0.0,0.0,1.0,0.0,1.0,0.0,0.0,1.0,1.0,1.0,1.0,1.0,0.0,1.0,0.7,0.7,0.7,1.0,0.5,1.0,1.0,0.5,1.0,0.0,1.0,1.0,1.0,0.0,2.0,12.0,12.0,22.5,45.0,-0.3,-0.3,4.0,4.0,13.0,14.666667,14.666667,10.0,10.0,24.0,0.0,= 10,= 10,= 10 + 2*7,,Assumes Death Burst hits two targets.
Gar Shatterkeel,17451-gar-shatterkeel,PotA,208.0,https://www.dndbeyond.com/monsters/17451-gar-shatterkeel,humanoid,medium,unique,N,9.0,4,5000.0,2.0,2.0,3.0,1.0,4.0,1.0,2,2,3,1,4,1,0.0,0.0,0.0,0.0,0.0,0.0,0.0,0.0,0.0,0.0,0.0,0.0,0.0,0.0,0.0,1.0,1.0,1.0,1.0,0.5,1.0,1.0,1.0,1.0,1.0,1.0,1.0,1.0,2.0,1.0,16.0,16.0,112.5,152.5,2.2,2.2,7.0,7.0,16.0,48.666668,48.666668,54.0,46.0,46.0,0.0,= 2*27,= 2*23,= 2*23,,
Gargantua,3731023-gargantua,BPGotG,149.0,https://www.dndbeyond.com/monsters/3731023-gargantua,aberration,gargantuan,generic,N,21.0,7,33000.0,8.0,0.0,8.0,-1.0,3.0,4.0,8,7,8,6,10,4,0.0,0.0,0.0,0.0,1.0,0.0,0.0,0.0,0.0,0.0,0.0,0.0,0.0,0.0,0.0,1.0,1.0,1.0,1.0,1.0,1.0,0.5,1.0,1.0,1.0,0.5,1.0,1.0,0.0,1.0,17.0,17.0,388.5,388.5,7.2,7.2,15.0,15.0,19.0,91.0,109.200005,91.0,91.0,91.0,54.6,= 2*27.5 + 17.5 + 18.5,= 2*27.5 + 17.5 + 18.5,= 2*27.5 + 17.5 + 18.5,= 91*0.6,Assumes +55 damage from Baleful Hex (incapacitated).
Gargoyle,16868-gargoyle,MM (2014),140.0,https://www.dndbeyond.com/monsters/16868-gargoyle,elemental,medium,generic,N,2.0,2,450.0,2.0,0.0,3.0,-2.0,0.0,-2.0,2,0,3,-2,0,-2,0.0,0.0,0.0,1.0,0.0,0.0,0.0,0.0,0.0,1.0,1.0,0.0,0.0,0.0,0.0,0.8,0.8,0.8,1.0,1.0,1.0,1.0,1.0,1.0,0.0,1.0,1.0,1.0,0.0,2.0,15.0,15.0,52.5,52.5,0.2,0.2,4.0,4.0,,11.0,11.0,11.0,11.0,11.0,0.0,= 5.5 + 5.5,= 5.5 + 5.5,= 5.5 + 5.5,,
Gas Spore,17147-gas-spore,MM (2014),138.0,https://www.dndbeyond.com/monsters/17147-gas-spore,plant,large,generic,N,0.5,2,100.0,-3.0,-5.0,-4.0,-5.0,-5.0,-5.0,-3,-5,-4,-5,-5,-5,1.0,0.0,1.0,0.0,1.0,0.0,0.0,0.0,1.0,0.0,1.0,1.0,0.0,0.0,0.0,1.0,1.0,1.0,1.0,1.0,1.0,1.0,1.0,1.0,0.0,1.0,1.0,1.0,-5.0,1.0,5.0,5.0,1.5,1.5,-4.5,-4.5,7.0,7.0,15.0,7.3333335,7.3333335,1.0,1.0,20.0,0.0,= 1,= 1,= 2*10,,
Gauth,17220-gauth,VGtM,125.0,https://www.dndbeyond.com/monsters/17220-gauth,aberration,medium,legacy,N,6.0,3,2300.0,0.0,2.0,3.0,2.0,2.0,1.0,0,2,3,5,5,4,0.0,0.0,0.0,0.0,0.0,0.0,0.0,0.0,0.0,0.0,0.0,1.0,0.0,0.0,0.0,1.0,1.0,1.0,1.0,1.0,1.0,1.0,1.0,1.0,1.0,1.0,1.0,1.0,2.0,1.0,15.0,21.0,67.5,88.5,3.2,3.2,6.0,6.0,14.0,40.0,49.0,40.0,40.0,40.0,27.0,= 18 + 22,= 18 + 22,= 18 + 22,= 2*13.5,Assumes 7 hp each round from Paralyzing Ray. Assumes +4 AC from creatures averting their gaze to avoid Stunning Gaze. Assumes +2*13.5 damage from Death Throes.
Gauth,2560819-gauth,MPMotM,133.0,https://www.dndbeyond.com/monsters/2560819-gauth,aberration,medium,generic,N,6.0,3,2300.0,0.0,2.0,3.0,2.0,2.0,1.0,0,2,3,5,5,4,0.0,0.0,0.0,0.0,0.0,0.0,0.0,0.0,0.0,0.0,0.0,1.0,0.0,0.0,0.0,1.0,1.0,1.0,1.0,1.0,1.0,1.0,1.0,1.0,1.0,1.0,1.0,1.0,2.0,1.0,15.0,21.0,52.5,73.5,3.2,3.2,6.0,6.0,14.0,40.0,49.0,40.0,40.0,40.0,27.0,= 18 + 22,= 18 + 22,= 18 + 22,= 2*13.5,Assumes 7 hp each round from Paralyzing Ray. Assumes +4 AC from Stunning Gaze. Assumes +2*13.5 damage from Death Throes.
Gazer,17221-gazer,VGtM,126.0,https://www.dndbeyond.com/monsters/17221-gazer,aberration,tiny,legacy,N,0.5,2,100.0,-4.0,3.0,2.0,-4.0,0.0,-2.0,-4,3,2,-4,2,-2,0.0,0.0,0.0,0.0,0.0,0.0,0.0,0.0,0.0,0.0,0.0,1.0,0.0,0.0,0.0,1.0,1.0,1.0,1.0,1.0,1.0,1.0,1.0,1.0,1.0,1.0,1.0,1.0,3.0,1.0,13.0,16.0,13.5,13.5,-0.5,-0.5,4.0,4.0,12.0,10.5,10.5,10.5,10.5,10.5,0.0,= 10.5,= 10.5,= 10.5,,Assumes +1 AC from Dazing Ray or Fear Ray
Gazer,2560821-gazer,MPMotM,134.0,https://www.dndbeyond.com/monsters/2560821-gazer,aberration,tiny,generic,N,0.5,2,100.0,-4.0,3.0,2.0,-4.0,0.0,-2.0,-4,3,2,-4,2,-2,0.0,0.0,0.0,0.0,0.0,0.0,0.0,0.0,0.0,0.0,0.0,1.0,0.0,0.0,0.0,1.0,1.0,1.0,1.0,1.0,1.0,1.0,1.0,1.0,1.0,1.0,1.0,1.0,3.0,1.0,13.0,16.0,13.5,13.5,-0.5,-0.5,4.0,4.0,12.0,10.5,10.5,10.5,10.5,10.5,0.0,= 10.5,= 10.5,= 10.5,,Assumes +1 AC from Dazing Ray or Fear Ray
Gearkeeper Construct,744313-gearkeeper-construct,EGtW,290.0,https://www.dndbeyond.com/monsters/744313-gearkeeper-construct,construct,large,generic,N,10.0,4,5900.0,5.0,3.0,4.0,-4.0,0.0,-5.0,5,3,4,-4,0,-5,0.0,1.0,0.0,1.0,1.0,0.0,0.0,0.0,1.0,1.0,1.0,0.0,0.0,0.0,0.0,0.7,0.7,0.7,1.0,1.0,0.0,1.0,1.0,1.0,0.0,0.0,1.0,1.0,3.0,2.0,18.0,18.0,161.5,323.0,0.5,0.5,9.0,9.0,15.0,38.666668,43.166668,42.0,37.0,37.0,13.5,= 2*21,= 2*18.5,= 2*18.5,= 3*4.5,Assumes +4.5 DPR from Whirling Blades.
Gelatinous Cube,16869-gelatinous-cube,MM (2014),242.0,https://www.dndbeyond.com/monsters/16869-gelatinous-cube,ooze,large,generic,N,2.0,2,450.0,2.0,-4.0,5.0,-5.0,-2.0,-5.0,2,-4,5,-5,-2,-5,1.0,1.0,1.0,1.0,1.0,0.0,0.0,0.0,0.0,0.0,0.0,1.0,0.0,0.0,0.0,1.0,1.0,1.0,1.0,1.0,1.0,1.0,1.0,1.0,1.0,1.0,1.0,1.0,-4.0,1.0,6.0,6.0,84.0,84.0,-1.5,-1.5,4.0,4.0,12.0,20.0,20.0,20.0,20.0,20.0,0.0,= 2*10,= 2*10,= 2*10,,
Gem Stalker,2059740-gem-stalker,FToD,202.0,https://www.dndbeyond.com/monsters/2059740-gem-stalker,monstrosity,large,generic,N,5.0,3,1800.0,3.0,2.0,2.0,2.0,0.0,-2.0,3,5,2,5,0,-2,0.0,0.0,0.0,0.0,0.0,0.0,0.0,0.0,0.0,0.0,0.0,0.0,0.0,0.0,0.0,1.0,1.0,1.0,1.0,1.0,1.0,1.0,1.0,1.0,1.0,0.5,1.0,1.0,2.0,1.0,17.0,17.0,67.5,97.5,2.2,2.2,6.0,6.0,,47.5,47.5,47.5,47.5,47.5,0.0,= 4*10 + 7.5,= 4*10 + 7.5,= 4*10 + 7.5,,
Geryon,96076-geryon,MToF,172.0,https://www.dndbeyond.com/monsters/96076-geryon,fiend,huge,legacy,LL,22.0,7,41000.0,9.0,3.0,6.0,4.0,3.0,6.0,9,10,13,4,10,13,0.0,1.0,0.0,1.0,1.0,0.0,0.0,0.0,0.0,0.0,1.0,0.0,0.0,0.0,0.0,0.8,0.8,0.8,1.0,0.0,0.0,1.0,1.0,1.0,0.0,1.0,1.0,1.0,3.0,1.25,19.0,19.0,300.0,600.0,9.8,13.8,16.0,16.0,21.0,122.666664,140.66667,132.0,104.0,132.0,54.0,= 50 + 27 + 27 + 28,= 50 + 27 + 27,= 50 + 27 + 27 + 28,= 2*27,Assumes +30 hp from casting banishment with lair actions. Assumes 2*27 damage from Claws.
Geryon,2560823-geryon,MPMotM,136.0,https://www.dndbeyond.com/monsters/2560823-geryon,fiend,huge,unique,LL,22.0,7,41000.0,9.0,3.0,6.0,4.0,3.0,6.0,9,10,13,4,10,13,0.0,1.0,0.0,1.0,1.0,0.0,0.0,0.0,0.0,0.0,1.0,0.0,0.0,0.0,0.0,0.8,0.8,0.8,1.0,0.0,0.0,1.0,1.0,1.0,0.0,1.0,1.0,1.0,3.0,1.25,19.0,19.0,300.0,637.5,9.8,13.8,16.0,16.0,23.0,114.333336,132.33333,133.0,77.0,133.0,54.0,= 23 + 27 + 27 + 2*28,= 23 + 27 + 27,= 23 + 27 + 27 + 2*28,= 2*27,Assumes +2*30 HP from lair actions. Assumes 2*27 damage from Claws.
Ghald,17453-ghald,PotA,209.0,https://www.dndbeyond.com/monsters/17453-ghald,humanoid,large,unique,N,7.0,3,2900.0,4.0,3.0,3.0,2.0,1.0,3.0,4,6,6,5,4,3,0.0,0.0,0.0,0.0,0.0,0.0,0.0,0.0,0.0,0.0,0.0,0.0,0.0,0.0,0.0,1.0,1.0,1.0,1.0,1.0,1.0,1.0,1.0,1.0,1.0,1.0,1.0,1.0,3.0,1.0,15.0,15.0,102.0,102.0,4.7,4.7,7.0,8.0,,56.333332,56.333332,79.0,45.0,45.0,0.0,= 15 + 2*18 + 28,= 9 + 2*11 + 14,= 9 + 2*11 + 14,,Assumes +1 AB from advantage in first round from Assassinate. Assumes target is surprised during the first round.
Ghast,16870-ghast,MM (2014),148.0,https://www.dndbeyond.com/monsters/16870-ghast,undead,medium,generic,N,2.0,2,450.0,3.0,3.0,0.0,0.0,0.0,-1.0,3,3,0,0,0,-1,0.0,1.0,0.0,1.0,0.0,0.0,0.0,0.0,0.0,0.0,1.0,0.0,0.0,0.0,0.0,1.0,1.0,1.0,1.0,1.0,1.0,1.0,1.0,0.5,0.0,1.0,1.0,1.0,3.0,1.0,13.0,15.0,36.0,36.0,0.8,0.8,5.0,5.0,10.0,10.0,14.0,10.0,10.0,10.0,12.0,= 10,= 10,= 10,= 3*(2/5)*10,Assumes +2 AC from Stench. Assumes +4 DPR from Claw (paralyze).
Ghost,16871-ghost,MM (2014),147.0,https://www.dndbeyond.com/monsters/16871-ghost,undead,medium,generic,N,4.0,2,1100.0,-2.0,1.0,0.0,0.0,1.0,3.0,-2,1,0,0,1,3,0.0,1.0,0.0,1.0,1.0,1.0,0.0,0.0,1.0,1.0,1.0,1.0,1.0,0.0,0.0,0.7,0.7,0.7,0.5,0.0,0.5,1.0,0.5,0.0,0.0,1.0,1.0,0.5,1.0,2.0,11.0,11.0,45.0,180.0,0.5,0.5,5.0,5.0,13.0,17.0,17.0,17.0,17.0,17.0,0.0,= 17,= 17,= 17,,
Ghost Dragon,2059741-ghost-dragon,FToD,203.0,https://www.dndbeyond.com/monsters/2059741-ghost-dragon,undead,huge,generic,N,17.0,6,18000.0,5.0,0.0,7.0,3.0,2.0,4.0,5,0,13,3,8,10,0.0,1.0,0.0,1.0,1.0,1.0,0.0,0.0,1.0,1.0,1.0,1.0,1.0,0.0,0.0,0.5,0.5,0.5,0.0,0.0,1.0,1.0,1.0,0.0,0.0,1.0,1.0,1.0,0.0,1.25,10.0,10.0,324.0,517.5,6.5,6.5,11.0,11.0,21.0,67.0,67.0,81.0,60.0,60.0,0.0,= 2*40.5,= 32 + 2*14,= 32 + 2*14,,
Ghostblade Eidolon,909484-ghostblade-eidolon,MOoT,222.0,https://www.dndbeyond.com/monsters/909484-ghostblade-eidolon,undead,medium,generic,N,5.0,3,1800.0,3.0,2.0,1.0,1.0,1.0,2.0,3,2,1,1,1,2,0.0,1.0,0.0,1.0,1.0,1.0,0.0,0.0,1.0,1.0,1.0,0.0,1.0,0.0,0.0,0.7,0.7,0.7,1.0,1.0,1.0,1.0,1.0,0.5,0.0,1.0,1.0,1.0,2.0,1.5,12.0,16.0,55.0,82.5,1.7,1.7,6.0,6.0,,38.0,38.0,38.0,38.0,38.0,0.0,= 2*19,= 2*19,= 2*19,,Assumes +4 AC from Blurred Form.
Ghoul,16872-ghoul,MM (2014),148.0,https://www.dndbeyond.com/monsters/16872-ghoul,undead,medium,generic,N,1.0,2,200.0,1.0,2.0,0.0,-2.0,0.0,-2.0,1,2,0,-2,0,-2,0.0,1.0,0.0,1.0,0.0,0.0,0.0,0.0,0.0,0.0,1.0,0.0,0.0,0.0,0.0,1.0,1.0,1.0,1.0,1.0,1.0,1.0,1.0,1.0,0.0,1.0,1.0,1.0,2.0,1.0,12.0,12.0,22.5,22.5,-0.2,-0.2,4.0,4.0,,7.0,7.0,7.0,7.0,7.0,0.0,= 7,= 7,= 7,,
Giant Ape,16873-giant-ape,MM (2014),323.0,https://www.dndbeyond.com/monsters/16873-giant-ape,beast,huge,generic,N,7.0,3,2900.0,6.0,2.0,4.0,-2.0,1.0,-2.0,6,2,4,-2,1,-2,0.0,0.0,0.0,0.0,0.0,0.0,0.0,0.0,0.0,0.0,0.0,0.0,0.0,0.0,0.0,1.0,1.0,1.0,1.0,1.0,1.0,1.0,1.0,1.0,1.0,1.0,1.0,1.0,2.0,1.0,12.0,12.0,157.5,157.5,1.5,1.5,9.0,9.0,,44.0,44.0,44.0,44.0,44.0,0.0,=2*22,=2*22,=2*22,,
Giant Badger,16874-giant-badger,MM (2014),323.0,https://www.dndbeyond.com/monsters/16874-giant-badger,beast,medium,generic,N,0.25,2,50.0,1.0,0.0,2.0,-4.0,1.0,-3.0,1,0,2,-4,1,-3,0.0,0.0,0.0,0.0,0.0,0.0,0.0,0.0,0.0,0.0,0.0,0.0,0.0,0.0,0.0,1.0,1.0,1.0,1.0,1.0,1.0,1.0,1.0,1.0,1.0,1.0,1.0,1.0,0.0,1.0,10.0,10.0,13.0,13.0,-0.5,-0.5,3.0,3.0,,11.0,11.0,11.0,11.0,11.0,0.0,= 4.5 + 6.5,= 4.5 + 6.5,= 4.5 + 6.5,,
Giant Bat,16875-giant-bat,MM (2014),323.0,https://www.dndbeyond.com/monsters/16875-giant-bat,beast,large,generic,N,0.25,2,50.0,2.0,3.0,0.0,-4.0,1.0,-2.0,2,3,0,-4,1,-2,0.0,0.0,0.0,0.0,0.0,0.0,0.0,0.0,0.0,0.0,0.0,0.0,0.0,0.0,0.0,1.0,1.0,1.0,1.0,1.0,1.0,1.0,1.0,1.0,1.0,1.0,1.0,1.0,3.0,1.0,13.0,13.0,22.0,22.0,0.0,0.0,4.0,4.0,,5.5,5.5,5.5,5.5,5.5,0.0,= 5.5,= 5.5,= 5.5,,
Giant Boar,16876-giant-boar,MM (2014),323.0,https://www.dndbeyond.com/monsters/16876-giant-boar,beast,large,generic,N,2.0,2,450.0,3.0,0.0,3.0,-4.0,-2.0,-3.0,3,0,3,-4,-2,-3,0.0,0.0,0.0,0.0,0.0,0.0,0.0,0.0,0.0,0.0,0.0,0.0,0.0,0.0,0.0,1.0,1.0,1.0,1.0,1.0,1.0,1.0,1.0,1.0,1.0,1.0,1.0,1.0,0.0,1.0,12.0,12.0,42.5,42.5,-0.5,-0.5,5.0,5.0,13.0,12.333333,12.333333,17.0,10.0,10.0,0.0,= 17,= 10,= 10,,
Giant Canary,2059742-giant-canary,FToD,23.0,https://www.dndbeyond.com/monsters/2059742-giant-canary,beast,large,generic,N,0.5,2,100.0,0.0,2.0,1.0,-4.0,0.0,-2.0,0,2,1,-4,0,-2,0.0,0.0,0.0,0.0,0.0,0.0,0.0,0.0,0.0,0.0,0.0,0.0,0.0,0.0,0.0,1.0,1.0,1.0,1.0,1.0,1.0,1.0,1.0,1.0,1.0,1.0,1.0,1.0,2.0,1.0,12.0,12.0,26.0,26.0,-0.5,-0.5,4.0,4.0,,7.5,7.5,7.5,7.5,7.5,0.0,= 7.5,= 7.5,= 7.5,,
Giant Centipede,16877-giant-centipede,MM (2014),323.0,https://www.dndbeyond.com/monsters/16877-giant-centipede,beast,small,generic,N,0.25,2,50.0,-3.0,2.0,1.0,-5.0,-2.0,-4.0,-3,2,1,-5,-2,-4,0.0,0.0,0.0,0.0,0.0,0.0,0.0,0.0,0.0,0.0,0.0,0.0,0.0,0.0,0.0,1.0,1.0,1.0,1.0,1.0,1.0,1.0,1.0,1.0,1.0,1.0,1.0,1.0,2.0,1.0,13.0,13.0,4.5,4.5,-1.8,-1.8,4.0,4.0,11.0,15.0,15.0,15.0,15.0,15.0,0.0,= 15,= 15,= 15,,
Giant Constrictor Snake,16878-giant-constrictor-snake,MM (2014),324.0,https://www.dndbeyond.com/monsters/16878-giant-constrictor-snake,beast,huge,generic,N,2.0,2,450.0,4.0,2.0,1.0,-5.0,0.0,-4.0,4,2,1,-5,0,-4,0.0,0.0,0.0,0.0,0.0,0.0,0.0,0.0,0.0,0.0,0.0,0.0,0.0,0.0,0.0,1.0,1.0,1.0,1.0,1.0,1.0,1.0,1.0,1.0,1.0,1.0,1.0,1.0,2.0,1.0,12.0,12.0,60.0,60.0,-0.3,-0.3,6.0,6.0,,13.0,13.0,13.0,13.0,13.0,0.0,= 13,= 13,= 13,,
Giant Coral Snake,310351-giant-coral-snake,GoS,236.0,https://www.dndbeyond.com/monsters/310351-giant-coral-snake,beast,large,generic,N,4.0,2,1100.0,1.0,3.0,2.0,-4.0,0.0,-4.0,1,3,2,-4,0,-4,0.0,0.0,0.0,0.0,0.0,0.0,0.0,0.0,0.0,0.0,0.0,0.0,0.0,0.0,0.0,1.0,1.0,1.0,1.0,1.0,1.0,1.0,1.0,1.0,1.0,1.0,1.0,1.0,3.0,1.0,13.0,13.0,90.0,120.0,-0.3,-0.3,5.0,5.0,12.0,8.0,8.0,8.0,8.0,8.0,0.0,= 8,= 8,= 8,,Assumes +3*10 hp from stunning effect from Bite.
Giant Crab,16879-giant-crab,MM (2014),324.0,https://www.dndbeyond.com/monsters/16879-giant-crab,beast,medium,generic,N,0.125,2,25.0,1.0,2.0,0.0,-5.0,-1.0,-4.0,1,2,0,-5,-1,-4,0.0,0.0,0.0,0.0,0.0,0.0,0.0,0.0,0.0,0.0,0.0,0.0,0.0,0.0,0.0,1.0,1.0,1.0,1.0,1.0,1.0,1.0,1.0,1.0,1.0,1.0,1.0,1.0,2.0,1.0,15.0,15.0,13.5,13.5,-1.2,-1.2,3.0,3.0,,4.5,4.5,4.5,4.5,4.5,0.0,= 4.5,= 4.5,= 4.5,,
Giant Crayfish,22553-giant-crayfish,TftYP,235.0,https://www.dndbeyond.com/monsters/22553-giant-crayfish,beast,large,generic,N,2.0,2,450.0,2.0,1.0,1.0,-5.0,-1.0,-4.0,2,1,1,-5,-1,-4,0.0,0.0,0.0,0.0,0.0,0.0,0.0,0.0,0.0,0.0,0.0,0.0,0.0,0.0,0.0,1.0,1.0,1.0,1.0,1.0,1.0,1.0,1.0,1.0,1.0,1.0,1.0,1.0,1.0,1.0,15.0,15.0,45.5,45.5,-1.0,-1.0,4.0,4.0,,7.0,7.0,7.0,7.0,7.0,0.0,= 7,= 7,= 7,,
Giant Crocodile,16880-giant-crocodile,MM (2014),132.0,https://www.dndbeyond.com/monsters/16880-giant-crocodile,beast,huge,generic,N,5.0,3,1800.0,5.0,-1.0,3.0,-4.0,0.0,-2.0,5,-1,3,-4,0,-2,0.0,0.0,0.0,0.0,0.0,0.0,0.0,0.0,0.0,0.0,0.0,0.0,0.0,0.0,0.0,1.0,1.0,1.0,1.0,1.0,1.0,1.0,1.0,1.0,1.0,1.0,1.0,1.0,-1.0,1.0,14.0,14.0,85.5,85.5,0.2,0.2,8.0,8.0,,39.0,39.0,39.0,39.0,39.0,0.0,= 21 + 18,= 21 + 18,= 21 + 18,,
Giant Dragonfly,1979781-giant-dragonfly,TWBtW,234.0,https://www.dndbeyond.com/monsters/1979781-giant-dragonfly,beast,large,generic,N,0.5,2,100.0,2.0,4.0,0.0,-4.0,0.0,-4.0,2,4,0,-4,0,-4,0.0,0.0,0.0,0.0,0.0,0.0,0.0,0.0,0.0,0.0,0.0,0.0,0.0,0.0,0.0,1.0,1.0,1.0,1.0,1.0,1.0,1.0,1.0,1.0,1.0,1.0,1.0,1.0,4.0,1.0,16.0,16.0,22.0,31.0,-0.3,-0.3,6.0,6.0,,6.5,6.5,6.5,6.5,6.5,0.0,= 6.5,= 6.5,= 6.5,,Assumes +3*3 hp from Uncanny Dodge.
Giant Eagle,16881-giant-eagle,MM (2014),324.0,https://www.dndbeyond.com/monsters/16881-giant-eagle,beast,large,generic,N,1.0,2,200.0,3.0,3.0,1.0,-1.0,2.0,0.0,3,3,1,-1,2,0,0.0,0.0,0.0,0.0,0.0,0.0,0.0,0.0,0.0,0.0,0.0,0.0,0.0,0.0,0.0,1.0,1.0,1.0,1.0,1.0,1.0,1.0,1.0,1.0,1.0,1.0,1.0,1.0,3.0,1.0,13.0,13.0,26.0,26.0,1.3,1.3,5.0,5.0,,16.5,16.5,16.5,16.5,16.5,0.0,= 6.5 + 10,= 6.5 + 10,= 6.5 + 10,,
Giant Elk,16882-giant-elk,MM (2014),325.0,https://www.dndbeyond.com/monsters/16882-giant-elk,beast,huge,generic,N,2.0,2,450.0,4.0,3.0,2.0,-2.0,2.0,0.0,4,3,2,-2,2,0,0.0,0.0,0.0,0.0,0.0,0.0,0.0,0.0,0.0,0.0,0.0,0.0,0.0,0.0,0.0,1.0,1.0,1.0,1.0,1.0,1.0,1.0,1.0,1.0,1.0,1.0,1.0,1.0,3.0,1.0,14.0,14.0,42.5,42.5,1.5,1.5,6.0,6.0,,22.0,22.0,22.0,22.0,22.0,0.0,= 22,= 22,= 22,,
Giant Four-Armed Gargoyle,33028-giant-four-armed-gargoyle,ToA,221.0,https://www.dndbeyond.com/monsters/33028-giant-four-armed-gargoyle,elemental,large,generic,N,10.0,4,5900.0,4.0,0.0,5.0,-2.0,0.0,-1.0,4,0,5,-2,4,-1,0.0,0.0,0.0,1.0,0.0,0.0,0.0,0.0,0.0,1.0,1.0,0.0,0.0,0.0,0.0,0.8,0.8,0.8,1.0,1.0,1.0,1.0,1.0,1.0,0.0,1.0,1.0,1.0,0.0,1.5,17.0,17.0,147.0,220.5,1.7,1.7,8.0,8.0,,47.0,47.0,47.0,47.0,47.0,0.0,= 11 + 4*9,= 11 + 4*9,= 11 + 4*9,,
Giant Frog,16884-giant-frog,MM (2014),325.0,https://www.dndbeyond.com/monsters/16884-giant-frog,beast,medium,generic,N,0.25,2,50.0,1.0,1.0,0.0,-4.0,0.0,-4.0,1,1,0,-4,0,-4,0.0,0.0,0.0,0.0,0.0,0.0,0.0,0.0,0.0,0.0,0.0,0.0,0.0,0.0,0.0,1.0,1.0,1.0,1.0,1.0,1.0,1.0,1.0,1.0,1.0,1.0,1.0,1.0,1.0,1.0,11.0,11.0,18.0,18.0,-1.0,-1.0,3.0,3.0,,6.1666665,6.1666665,4.5,4.5,9.5,0.0,= 4.5,= 4.5,= 4.5 + 5,,
Giant Goat,16885-giant-goat,MM (2014),326.0,https://www.dndbeyond.com/monsters/16885-giant-goat,beast,large,generic,N,0.5,2,100.0,3.0,0.0,1.0,-4.0,1.0,-2.0,3,0,1,-4,1,-2,0.0,0.0,0.0,0.0,0.0,0.0,0.0,0.0,0.0,0.0,0.0,0.0,0.0,0.0,0.0,1.0,1.0,1.0,1.0,1.0,1.0,1.0,1.0,1.0,1.0,1.0,1.0,1.0,0.0,1.0,11.0,11.0,19.5,19.5,-0.2,-0.2,5.0,5.0,,9.666667,9.666667,13.0,8.0,8.0,0.0,= 8 + 5,= 8,= 8,,
Giant Goose,3731025-giant-goose,BPGotG,150.0,https://www.dndbeyond.com/monsters/3731025-giant-goose,fey,large,generic,N,3.0,2,700.0,2.0,3.0,2.0,-2.0,2.0,0.0,2,3,2,-2,2,0,0.0,0.0,0.0,0.0,0.0,0.0,0.0,0.0,0.0,0.0,0.0,0.0,0.0,0.0,0.0,1.0,1.0,1.0,1.0,1.0,1.0,1.0,1.0,1.0,1.0,1.0,1.0,1.0,3.0,1.0,13.0,13.0,60.0,60.0,1.2,1.2,4.0,4.0,12.0,27.0,27.0,33.0,24.0,24.0,0.0,= 2*16.5,= 9 + 2*7.5,= 9 + 2*7.5,,
Giant Hyena,16886-giant-hyena,MM (2014),326.0,https://www.dndbeyond.com/monsters/16886-giant-hyena,beast,large,generic,N,1.0,2,200.0,3.0,2.0,2.0,-4.0,1.0,-2.0,3,2,2,-4,1,-2,0.0,0.0,0.0,0.0,0.0,0.0,0.0,0.0,0.0,0.0,0.0,0.0,0.0,0.0,0.0,1.0,1.0,1.0,1.0,1.0,1.0,1.0,1.0,1.0,1.0,1.0,1.0,1.0,2.0,1.0,12.0,12.0,45.0,45.0,0.3,0.3,5.0,5.0,,12.0,12.0,12.0,12.0,12.0,0.0,= 10 + 2,= 10 + 2,= 10 + 2,,
Giant Ice Toad,22560-giant-ice-toad,TftYP,235.0,https://www.dndbeyond.com/monsters/22560-giant-ice-toad,monstrosity,large,generic,N,3.0,2,700.0,3.0,1.0,2.0,-1.0,0.0,-2.0,3,1,2,-1,0,-2,0.0,0.0,0.0,0.0,0.0,0.0,0.0,0.0,0.0,0.0,0.0,0.0,0.0,0.0,0.0,1.0,1.0,1.0,1.0,0.0,1.0,1.0,1.0,1.0,1.0,1.0,1.0,1.0,1.0,1.0,14.0,14.0,52.5,52.5,0.5,0.5,5.0,5.0,,29.0,29.0,15.0,36.0,36.0,0.0,= 10 + 5,= 10 + 5 + 21,= 10 + 5 + 21,,
Giant Lightning Eel,22564-giant-lightning-eel,TftYP,236.0,https://www.dndbeyond.com/monsters/22564-giant-lightning-eel,beast,large,generic,N,3.0,2,700.0,0.0,3.0,3.0,-4.0,1.0,-4.0,0,3,3,-4,1,-4,0.0,0.0,0.0,0.0,0.0,0.0,0.0,0.0,0.0,0.0,0.0,0.0,0.0,0.0,0.0,1.0,1.0,1.0,1.0,1.0,1.0,1.0,0.5,1.0,1.0,1.0,1.0,1.0,3.0,1.0,13.0,13.0,42.5,42.5,-0.2,-0.2,5.0,5.0,12.0,28.0,28.0,28.0,28.0,28.0,0.0,= 2*14,= 2*14,= 2*14,,
Giant Lizard,16887-giant-lizard,MM (2014),326.0,https://www.dndbeyond.com/monsters/16887-giant-lizard,beast,large,generic,N,0.25,2,50.0,2.0,1.0,1.0,-4.0,0.0,-3.0,2,1,1,-4,0,-3,0.0,0.0,0.0,0.0,0.0,0.0,0.0,0.0,0.0,0.0,0.0,0.0,0.0,0.0,0.0,1.0,1.0,1.0,1.0,1.0,1.0,1.0,1.0,1.0,1.0,1.0,1.0,1.0,1.0,1.0,12.0,12.0,19.5,19.5,-0.5,-0.5,4.0,4.0,,6.5,6.5,6.5,6.5,6.5,0.0,= 6.5,= 6.5,= 6.5,,
Giant Lynx,3731026-giant-lynx,BPGotG,151.0,https://www.dndbeyond.com/monsters/3731026-giant-lynx,fey,medium,generic,N,0.5,2,100.0,2.0,4.0,1.0,1.0,2.0,0.0,2,4,1,1,2,0,0.0,0.0,0.0,0.0,0.0,0.0,0.0,0.0,0.0,0.0,0.0,0.0,0.0,0.0,0.0,1.0,1.0,1.0,1.0,0.5,1.0,1.0,1.0,1.0,1.0,1.0,1.0,1.0,4.0,1.0,14.0,14.0,22.0,22.0,1.7,1.7,6.0,6.0,,11.333333,11.333333,17.0,8.5,8.5,0.0,= 2*8.5,= 8.5,= 8.5,,
Giant Mimic,285320-giant-mimic,WDH,122.0,https://www.dndbeyond.com/monsters/285320-giant-mimic,monstrosity,large,generic,N,3.0,2,700.0,3.0,1.0,2.0,-3.0,1.0,-1.0,3,1,2,-3,1,-1,0.0,0.0,0.0,0.0,0.0,0.0,0.0,0.0,0.0,0.0,0.0,1.0,0.0,0.0,0.0,1.0,1.0,1.0,0.0,1.0,1.0,1.0,1.0,1.0,1.0,1.0,1.0,1.0,1.0,1.0,12.0,12.0,75.0,75.0,0.5,0.5,5.0,9.0,,26.0,26.0,26.0,26.0,26.0,0.0,= 2*7 + 12,= 2*7 + 12,= 2*7 + 12,,Assumes +4 AB from Adhesive.
Giant Octopus,16888-giant-octopus,MM (2014),326.0,https://www.dndbeyond.com/monsters/16888-giant-octopus,beast,large,generic,N,1.0,2,200.0,3.0,1.0,1.0,-3.0,0.0,-3.0,3,1,1,-3,0,-3,0.0,0.0,0.0,0.0,0.0,0.0,0.0,0.0,0.0,0.0,0.0,0.0,0.0,0.0,0.0,1.0,1.0,1.0,1.0,1.0,1.0,1.0,1.0,1.0,1.0,1.0,1.0,1.0,1.0,1.0,11.0,11.0,52.0,52.0,-0.2,-0.2,5.0,5.0,,10.0,10.0,10.0,10.0,10.0,0.0,= 10,= 10,= 10,,
Giant Owl,16889-giant-owl,MM (2014),327.0,https://www.dndbeyond.com/monsters/16889-giant-owl,beast,large,generic,N,0.25,2,50.0,1.0,2.0,1.0,-1.0,1.0,0.0,1,2,1,-1,1,0,0.0,0.0,0.0,0.0,0.0,0.0,0.0,0.0,0.0,0.0,0.0,0.0,0.0,0.0,0.0,1.0,1.0,1.0,1.0,1.0,1.0,1.0,1.0,1.0,1.0,1.0,1.0,1.0,2.0,1.0,12.0,16.0,19.5,19.5,0.7,0.7,3.0,3.0,,8.0,8.0,8.0,8.0,8.0,0.0,= 8,= 8,= 8,,Assumes +4 AC from flying with Flyby.
Giant Ox,3731027-giant-ox,BPGotG,152.0,https://www.dndbeyond.com/monsters/3731027-giant-ox,fey,huge,generic,N,3.0,2,700.0,6.0,0.0,4.0,-3.0,0.0,-1.0,6,0,4,-3,0,-1,0.0,0.0,0.0,0.0,0.0,0.0,0.0,0.0,0.0,0.0,0.0,0.0,0.0,0.0,0.0,1.0,1.0,1.0,1.0,1.0,1.0,1.0,1.0,1.0,1.0,1.0,1.0,1.0,0.0,1.0,12.0,12.0,105.0,105.0,1.0,1.0,8.0,8.0,,15.333333,15.333333,20.0,13.0,13.0,0.0,= 20,= 13,= 13,,
Giant Poisonous Snake,16890-giant-poisonous-snake,MM (2014),327.0,https://www.dndbeyond.com/monsters/16890-giant-poisonous-snake,beast,medium,generic,N,0.25,2,50.0,0.0,4.0,1.0,-4.0,0.0,-4.0,0,4,1,-4,0,-4,0.0,0.0,0.0,0.0,0.0,0.0,0.0,0.0,0.0,0.0,0.0,0.0,0.0,0.0,0.0,1.0,1.0,1.0,1.0,1.0,1.0,1.0,1.0,1.0,1.0,1.0,1.0,1.0,4.0,1.0,14.0,14.0,11.0,11.0,-0.5,-0.5,6.0,6.0,10.0,17.0,17.0,17.0,17.0,17.0,0.0,= 17,= 17,= 17,,
Giant Ram,3731028-giant-ram,BPGotG,153.0,https://www.dndbeyond.com/monsters/3731028-giant-ram,fey,large,generic,N,1.0,2,200.0,4.0,1.0,4.0,-4.0,2.0,0.0,4,1,4,-4,2,0,0.0,0.0,0.0,0.0,0.0,0.0,0.0,0.0,0.0,0.0,0.0,0.0,0.0,0.0,0.0,1.0,1.0,1.0,1.0,0.5,0.5,1.0,0.5,1.0,1.0,1.0,1.0,1.0,1.0,2.0,13.0,13.0,28.5,28.5,1.2,5.2,6.0,6.0,,12.5,14.833333,12.5,12.5,12.5,7.0,= 12.5,= 12.5,= 12.5,= 7,Assumes +7 damage from Absorbent Fleece.
Giant Rat,16891-giant-rat,MM (2014),327.0,https://www.dndbeyond.com/monsters/16891-giant-rat,beast,small,generic,N,0.125,2,25.0,-2.0,2.0,0.0,-4.0,0.0,-3.0,-2,2,0,-4,0,-3,0.0,0.0,0.0,0.0,0.0,0.0,0.0,0.0,0.0,0.0,0.0,0.0,0.0,0.0,0.0,1.0,1.0,1.0,1.0,1.0,1.0,1.0,1.0,1.0,1.0,1.0,1.0,1.0,2.0,1.0,12.0,12.0,7.0,7.0,-1.2,-1.2,4.0,5.0,,4.5,4.5,4.5,4.5,4.5,0.0,= 4.5,= 4.5,= 4.5,,
Giant Scorpion,16892-giant-scorpion,MM (2014),327.0,https://www.dndbeyond.com/monsters/16892-giant-scorpion,beast,large,generic,N,3.0,2,700.0,2.0,1.0,2.0,-5.0,-1.0,-4.0,2,1,2,-5,-1,-4,0.0,0.0,0.0,0.0,0.0,0.0,0.0,0.0,0.0,0.0,0.0,0.0,0.0,0.0,0.0,1.0,1.0,1.0,1.0,1.0,1.0,1.0,1.0,1.0,1.0,1.0,1.0,1.0,1.0,1.0,15.0,15.0,52.5,52.5,-0.8,-0.8,4.0,4.0,12.0,41.0,41.0,41.0,41.0,41.0,0.0,= 2*6 + 29,= 2*6 + 29,= 2*6 + 29,,
Giant Sea Eel,310356-giant-sea-eel,GoS,237.0,https://www.dndbeyond.com/monsters/310356-giant-sea-eel,beast,large,generic,N,0.5,2,100.0,0.0,2.0,1.0,-2.0,0.0,-2.0,0,4,1,-2,0,-2,0.0,0.0,0.0,0.0,0.0,0.0,0.0,0.0,0.0,0.0,0.0,0.0,0.0,0.0,0.0,1.0,1.0,1.0,1.0,1.0,1.0,1.0,1.0,1.0,1.0,1.0,1.0,1.0,2.0,1.0,14.0,14.0,19.5,19.5,0.2,0.2,4.0,4.0,,13.0,13.0,13.0,13.0,13.0,0.0,= 13,= 13,= 13,,
Giant Sea Horse,16893-giant-sea-horse,MM (2014),328.0,https://www.dndbeyond.com/monsters/16893-giant-sea-horse,beast,large,generic,N,0.5,2,100.0,1.0,2.0,0.0,-4.0,1.0,-3.0,1,2,0,-4,1,-3,0.0,0.0,0.0,0.0,0.0,0.0,0.0,0.0,0.0,0.0,0.0,0.0,0.0,0.0,0.0,1.0,1.0,1.0,1.0,1.0,1.0,1.0,1.0,1.0,1.0,1.0,1.0,1.0,2.0,1.0,13.0,13.0,16.5,16.5,-0.5,-0.5,3.0,3.0,,6.3333335,6.3333335,11.0,4.0,4.0,0.0,= 4 + 7,= 4,= 4,,
Giant Shark,16894-giant-shark,MM (2014),135.0,https://www.dndbeyond.com/monsters/16894-giant-shark,beast,huge,generic,N,5.0,3,1800.0,6.0,0.0,5.0,-5.0,0.0,-3.0,6,0,5,-5,0,-3,0.0,0.0,0.0,0.0,0.0,0.0,0.0,0.0,0.0,0.0,0.0,0.0,0.0,0.0,0.0,1.0,1.0,1.0,1.0,1.0,1.0,1.0,1.0,1.0,1.0,1.0,1.0,1.0,0.0,1.0,13.0,13.0,126.5,126.5,0.5,0.5,9.0,13.0,,22.0,22.0,22.0,22.0,22.0,0.0,= 22,= 22,= 22,,
Giant Skeleton,22565-giant-skeleton,TftYP,236.0,https://www.dndbeyond.com/monsters/22565-giant-skeleton,undead,huge,generic,N,7.0,3,2900.0,5.0,0.0,5.0,-3.0,-2.0,-2.0,5,0,5,-3,-2,-2,0.0,0.0,0.0,1.0,0.0,0.0,0.0,0.0,0.0,0.0,1.0,0.0,0.0,0.0,0.0,2.0,1.0,1.0,1.0,1.0,1.0,1.0,1.0,1.0,0.0,1.0,1.0,1.0,0.0,1.0,17.0,18.0,115.0,115.0,0.5,4.5,8.0,8.0,,45.0,45.0,45.0,45.0,45.0,0.0,= 3*15,= 3*15,= 3*15,,
Giant Snail,1979782-giant-snail,TWBtW,234.0,https://www.dndbeyond.com/monsters/1979782-giant-snail,beast,large,generic,N,0.25,2,50.0,2.0,-4.0,0.0,-4.0,0.0,-4.0,2,-4,0,-4,0,-4,0.0,0.0,0.0,0.0,0.0,0.0,0.0,0.0,0.0,0.0,0.0,0.0,0.0,0.0,0.0,1.0,1.0,1.0,1.0,1.0,1.0,1.0,1.0,1.0,1.0,1.0,1.0,1.0,-4.0,1.0,11.0,11.0,22.0,22.0,-1.7,-1.7,4.0,4.0,,5.5,5.5,5.5,5.5,5.5,0.0,= 5.5,= 5.5,= 5.5,,
Giant Snapping Turtle,33030-giant-snapping-turtle,ToA,222.0,https://www.dndbeyond.com/monsters/33030-giant-snapping-turtle,beast,large,generic,N,3.0,2,700.0,4.0,0.0,2.0,-4.0,1.0,-3.0,4,0,2,-4,1,-3,0.0,0.0,0.0,0.0,0.0,0.0,0.0,0.0,0.0,0.0,0.0,0.0,0.0,0.0,0.0,1.0,1.0,1.0,1.0,1.0,1.0,1.0,1.0,1.0,1.0,1.0,1.0,1.0,0.0,1.0,17.0,17.0,75.0,75.0,0.0,0.0,6.0,6.0,,18.0,18.0,18.0,18.0,18.0,0.0,= 18,= 18,= 18,,
Giant Space Hamster,2821167-giant-space-hamster,SAiS:BAM,56.0,https://www.dndbeyond.com/monsters/2821167-giant-space-hamster,beast,large,generic,N,0.25,2,50.0,2.0,1.0,0.0,-4.0,1.0,-3.0,2,1,0,-4,1,-3,0.0,0.0,0.0,0.0,0.0,0.0,0.0,0.0,0.0,0.0,0.0,0.0,0.0,0.0,0.0,1.0,1.0,1.0,1.0,1.0,1.0,1.0,1.0,1.0,1.0,1.0,1.0,1.0,1.0,1.0,11.0,11.0,22.0,22.0,-0.5,-0.5,5.0,5.0,,7.0,7.0,7.0,7.0,7.0,0.0,= 7,= 7,= 7,,
Giant Spider,16895-giant-spider,MM (2014),328.0,https://www.dndbeyond.com/monsters/16895-giant-spider,beast,large,generic,N,1.0,2,200.0,2.0,3.0,1.0,-4.0,0.0,-3.0,2,3,1,-4,0,-3,0.0,0.0,0.0,0.0,0.0,0.0,0.0,0.0,0.0,0.0,0.0,0.0,0.0,0.0,0.0,1.0,1.0,1.0,1.0,1.0,1.0,1.0,1.0,1.0,1.0,1.0,1.0,1.0,3.0,1.0,14.0,14.0,26.0,26.0,-0.2,-0.2,5.0,5.0,11.0,16.5,16.5,16.5,16.5,16.5,0.0,= 16.5,= 16.5,= 16.5,,
Giant Strider,17247-giant-strider,VGtM,143.0,https://www.dndbeyond.com/monsters/17247-giant-strider,monstrosity,large,legacy,N,1.0,2,200.0,4.0,1.0,2.0,-3.0,1.0,-2.0,4,1,2,-3,1,-2,0.0,0.0,0.0,0.0,0.0,0.0,0.0,0.0,0.0,0.0,0.0,0.0,0.0,0.0,0.0,1.0,1.0,1.0,1.0,1.0,0.0,1.0,1.0,1.0,1.0,1.0,1.0,1.0,1.0,1.0,14.0,14.0,22.5,29.5,0.5,0.5,6.0,6.0,12.0,15.0,15.0,28.0,8.5,8.5,0.0,= 2*14,= 8.5,= 8.5,,Assumes +7 HP from Fire Burst.
Giant Strider,2560824-giant-strider,MPMotM,137.0,https://www.dndbeyond.com/monsters/2560824-giant-strider,elemental,large,generic,N,1.0,2,200.0,4.0,1.0,2.0,-3.0,1.0,-2.0,4,1,2,-3,1,-2,0.0,0.0,0.0,0.0,0.0,0.0,0.0,0.0,0.0,0.0,0.0,0.0,0.0,0.0,0.0,1.0,1.0,1.0,1.0,1.0,0.0,1.0,1.0,1.0,1.0,1.0,1.0,1.0,1.0,1.0,14.0,14.0,22.5,29.5,0.5,0.5,6.0,6.0,12.0,15.0,15.0,28.0,8.5,8.5,0.0,= 2*14,= 8.5,= 8.5,,Assumes +7 HP from Fire Burst.
Giant Subterranean Lizard,22568-giant-subterranean-lizard,TftYP,236.0,https://www.dndbeyond.com/monsters/22568-giant-subterranean-lizard,beast,huge,generic,N,4.0,2,1100.0,5.0,-1.0,3.0,-4.0,0.0,-2.0,5,-1,3,-4,0,-2,0.0,0.0,0.0,0.0,0.0,0.0,0.0,0.0,0.0,0.0,0.0,0.0,0.0,0.0,0.0,1.0,1.0,1.0,1.0,1.0,1.0,1.0,1.0,1.0,1.0,1.0,1.0,1.0,-1.0,1.0,14.0,14.0,66.5,66.5,0.2,0.2,7.0,7.0,,39.333332,39.333332,42.0,38.0,38.0,0.0,= 16 + 16 + 10,= 16 + 12 + 10,= 16 + 12 + 10,,
Giant Tick,3731029-giant-tick,BPGotG,153.0,https://www.dndbeyond.com/monsters/3731029-giant-tick,monstrosity,medium,generic,N,2.0,2,450.0,3.0,0.0,3.0,-4.0,0.0,-4.0,3,0,3,-4,0,-4,0.0,0.0,0.0,0.0,0.0,0.0,0.0,0.0,0.0,0.0,0.0,0.0,0.0,0.0,0.0,1.0,1.0,1.0,1.0,1.0,1.0,1.0,1.0,1.0,1.0,1.0,1.0,1.0,0.0,1.0,14.0,14.0,52.5,73.5,-0.3,-0.3,5.0,8.0,,10.5,10.5,10.5,10.5,10.5,0.0,= 10.5,= 10.5,= 10.5,,Assumes +21 HP from Blood Drain. Assumes +3 AB from Blood Drain.
Giant Toad,16896-giant-toad,MM (2014),329.0,https://www.dndbeyond.com/monsters/16896-giant-toad,beast,large,generic,N,1.0,2,200.0,2.0,1.0,1.0,-4.0,0.0,-4.0,2,1,1,-4,0,-4,0.0,0.0,0.0,0.0,0.0,0.0,0.0,0.0,0.0,0.0,0.0,0.0,0.0,0.0,0.0,1.0,1.0,1.0,1.0,1.0,1.0,1.0,1.0,1.0,1.0,1.0,1.0,1.0,1.0,1.0,11.0,11.0,39.0,39.0,-0.7,-0.7,4.0,4.0,,16.5,16.5,13.0,13.0,23.5,0.0,= 13,= 13,= 13 + 10.5,,
Giant Vulture,16897-giant-vulture,MM (2014),329.0,https://www.dndbeyond.com/monsters/16897-giant-vulture,beast,large,generic,N,1.0,2,200.0,2.0,0.0,2.0,-2.0,1.0,-2.0,2,0,2,-2,1,-2,0.0,0.0,0.0,0.0,0.0,0.0,0.0,0.0,0.0,0.0,0.0,0.0,0.0,0.0,0.0,1.0,1.0,1.0,1.0,1.0,1.0,1.0,1.0,1.0,1.0,1.0,1.0,1.0,0.0,1.0,10.0,10.0,22.5,22.5,0.2,0.2,4.0,5.0,,16.0,16.0,16.0,16.0,16.0,0.0,= 7 + 9,= 7 + 9,= 7 + 9,,
Giant Walrus,1123086-giant-walrus,IDRotF,312.0,https://www.dndbeyond.com/monsters/1123086-giant-walrus,beast,huge,generic,N,4.0,2,1100.0,6.0,-1.0,3.0,-4.0,0.0,-3.0,6,-1,3,-4,0,-3,0.0,0.0,0.0,0.0,0.0,0.0,0.0,0.0,0.0,0.0,0.0,0.0,0.0,0.0,0.0,1.0,1.0,1.0,1.0,1.0,1.0,1.0,1.0,1.0,1.0,1.0,1.0,1.0,-1.0,1.0,9.0,9.0,85.5,85.5,0.2,0.2,8.0,8.0,,31.0,31.0,31.0,31.0,31.0,0.0,= 15 + 16,= 15 + 16,= 15 + 16,,
Giant Wasp,16898-giant-wasp,MM (2014),329.0,https://www.dndbeyond.com/monsters/16898-giant-wasp,beast,medium,generic,N,0.5,2,100.0,0.0,2.0,0.0,-5.0,0.0,-4.0,0,2,0,-5,0,-4,0.0,0.0,0.0,0.0,0.0,0.0,0.0,0.0,0.0,0.0,0.0,0.0,0.0,0.0,0.0,1.0,1.0,1.0,1.0,1.0,1.0,1.0,1.0,1.0,1.0,1.0,1.0,1.0,2.0,1.0,12.0,12.0,13.5,13.5,-1.2,-1.2,4.0,4.0,11.0,15.0,15.0,15.0,15.0,15.0,0.0,= 15,= 15,= 15,,
Giant Weasel,16899-giant-weasel,MM (2014),329.0,https://www.dndbeyond.com/monsters/16899-giant-weasel,beast,medium,generic,N,0.125,2,25.0,0.0,3.0,0.0,-3.0,1.0,-3.0,0,3,0,-3,1,-3,0.0,0.0,0.0,0.0,0.0,0.0,0.0,0.0,0.0,0.0,0.0,0.0,0.0,0.0,0.0,1.0,1.0,1.0,1.0,1.0,1.0,1.0,1.0,1.0,1.0,1.0,1.0,1.0,3.0,1.0,13.0,13.0,9.0,9.0,-0.3,-0.3,5.0,5.0,,5.5,5.5,5.5,5.5,5.5,0.0,= 5.5,= 5.5,= 5.5,,
Giant Wolf Spider,16900-giant-wolf-spider,MM (2014),330.0,https://www.dndbeyond.com/monsters/16900-giant-wolf-spider,beast,medium,generic,N,0.25,2,50.0,1.0,3.0,1.0,-4.0,1.0,-3.0,1,3,1,-4,1,-3,0.0,0.0,0.0,0.0,0.0,0.0,0.0,0.0,0.0,0.0,0.0,0.0,0.0,0.0,0.0,1.0,1.0,1.0,1.0,1.0,1.0,1.0,1.0,1.0,1.0,1.0,1.0,1.0,3.0,1.0,13.0,13.0,11.0,11.0,-0.2,-0.2,3.0,3.0,11.0,12.0,12.0,12.0,12.0,12.0,0.0,= 12,= 12,= 12,,
Gibbering Mouther,16901-gibbering-mouther,MM (2014),157.0,https://www.dndbeyond.com/monsters/16901-gibbering-mouther,aberration,medium,generic,N,2.0,2,450.0,0.0,-1.0,3.0,-4.0,0.0,-2.0,0,-1,3,-4,0,-2,0.0,0.0,0.0,0.0,0.0,0.0,0.0,0.0,0.0,0.0,0.0,1.0,0.0,0.0,0.0,1.0,1.0,1.0,1.0,1.0,1.0,1.0,1.0,1.0,1.0,1.0,1.0,1.0,-1.0,1.0,9.0,9.0,67.5,67.5,-0.7,-0.7,2.0,2.0,10.0,17.5,17.5,17.5,17.5,17.5,0.0,= 17.5,= 17.5,= 17.5,,
Gibberling,4635149-gibberling,QftIS,202.0,https://www.dndbeyond.com/monsters/4635149-gibberling,fiend,small,generic,N,0.0,2,10.0,1.0,2.0,0.0,-3.0,-2.0,-3.0,1,2,0,-3,-2,-3,0.0,1.0,0.0,0.0,0.0,0.0,0.0,0.0,0.0,0.0,0.0,0.0,0.0,0.0,0.0,1.0,1.0,1.0,1.0,1.0,1.0,1.0,1.0,1.0,1.0,1.0,1.0,1.0,2.0,1.0,12.0,12.0,7.0,7.0,-0.8,-0.8,3.0,3.0,,3.5,3.5,3.5,3.5,3.5,0.0,= 3.5,= 3.5,= 3.5,,
Gideon Lightward,421337-gideon-lightward,BGDiA,65.0,https://www.dndbeyond.com/monsters/421337-gideon-lightward,undead,medium,unique,N,6.0,3,2300.0,4.0,1.0,4.0,0.0,4.0,1.0,4,4,7,0,7,1,0.0,0.0,0.0,1.0,0.0,0.0,0.0,0.0,1.0,0.0,1.0,0.0,0.0,0.0,0.0,0.7,0.7,0.7,1.0,1.0,1.0,1.0,1.0,0.0,0.0,1.0,2.0,1.0,1.0,1.5,11.0,11.0,136.0,249.0,3.8,3.8,7.0,7.0,15.0,22.0,22.0,22.0,22.0,22.0,0.0,= 2*11,= 2*11,= 2*11,,
Giff,97378-giff,MToF,204.0,https://www.dndbeyond.com/monsters/97378-giff,humanoid,medium,legacy,N,3.0,2,700.0,4.0,2.0,3.0,0.0,1.0,1.0,4,2,3,0,1,1,0.0,0.0,0.0,0.0,0.0,0.0,0.0,0.0,0.0,0.0,0.0,0.0,0.0,0.0,0.0,1.0,1.0,1.0,1.0,1.0,1.0,1.0,1.0,1.0,1.0,1.0,1.0,1.0,2.0,1.0,16.0,16.0,60.0,60.0,1.8,1.8,4.0,4.0,15.0,22.666666,25.0,40.0,14.0,14.0,7.0,= 2*20,= 2*7,= 2*7,= 7,Assumes 20 damage per hit because of higher DC.
Giff,2560826-giff,MPMotM,138.0,https://www.dndbeyond.com/monsters/2560826-giff,humanoid,medium,generic,N,3.0,2,700.0,4.0,2.0,3.0,0.0,1.0,1.0,4,2,3,0,1,1,0.0,0.0,0.0,0.0,0.0,0.0,0.0,0.0,0.0,0.0,0.0,0.0,0.0,0.0,0.0,1.0,1.0,1.0,1.0,1.0,1.0,1.0,1.0,1.0,1.0,1.0,1.0,1.0,2.0,1.0,16.0,16.0,60.0,60.0,1.8,1.8,6.0,6.0,15.0,24.333334,26.666666,35.0,19.0,19.0,7.0,= 2*17.5,= 2*9.5,= 2*9.5,= 7,
Giff Shipmate,2771399-giff-shipmate,SAiS:BAM,24.0,https://www.dndbeyond.com/monsters/2771399-giff-shipmate,humanoid,medium,generic,N,3.0,2,700.0,4.0,2.0,3.0,0.0,1.0,1.0,4,2,3,0,1,1,0.0,0.0,0.0,0.0,0.0,0.0,0.0,0.0,0.0,0.0,0.0,0.0,0.0,0.0,0.0,1.0,1.0,1.0,1.0,1.0,1.0,1.0,1.0,1.0,1.0,1.0,1.0,1.0,2.0,1.0,12.0,12.0,75.0,75.0,1.8,1.8,6.0,6.0,15.0,24.333334,24.333334,35.0,19.0,19.0,0.0,= 2*17.5,= 2*9.5,= 2*9.5,,
Giff Shock Trooper,2821168-giff-shock-trooper,SAiS:BAM,25.0,https://www.dndbeyond.com/monsters/2821168-giff-shock-trooper,humanoid,medium,generic,N,6.0,3,2300.0,5.0,2.0,4.0,0.0,1.0,1.0,8,2,7,0,4,1,0.0,0.0,0.0,0.0,0.0,0.0,0.0,0.0,0.0,0.0,0.0,0.0,0.0,0.0,0.0,1.0,1.0,1.0,1.0,1.0,1.0,1.0,1.0,1.0,1.0,1.0,1.0,1.0,2.0,1.0,18.0,18.0,93.5,93.5,3.7,3.7,8.0,8.0,15.0,35.0,35.0,36.0,38.0,31.0,0.0,= 2*18,= 7 + 2*15.5,= 2*15.5,,
Giff Warlord,2821169-giff-warlord,SAiS:BAM,25.0,https://www.dndbeyond.com/monsters/2821169-giff-warlord,humanoid,medium,legendary,L,10.0,4,5900.0,6.0,2.0,4.0,2.0,2.0,4.0,10,6,8,2,6,4,0.0,0.0,0.0,0.0,0.0,0.0,0.0,0.0,0.0,0.0,0.0,0.0,0.0,0.0,0.0,1.0,1.0,1.0,1.0,1.0,1.0,1.0,1.0,1.0,1.0,1.0,1.0,1.0,2.0,1.0,17.0,17.0,178.5,218.5,6.0,6.0,10.0,10.0,,56.0,56.0,56.0,56.0,56.0,0.0,= 2*14 + 2*14,= 2*14 + 2*14,= 2*14 + 2*14,,
Gigant,3731030-gigant,BPGotG,154.0,https://www.dndbeyond.com/monsters/3731030-gigant,monstrosity,gargantuan,generic,N,20.0,6,25000.0,7.0,2.0,5.0,-4.0,2.0,0.0,7,8,5,-4,8,0,0.0,0.0,0.0,0.0,0.0,0.0,0.0,0.0,0.0,0.0,0.0,0.0,0.0,0.0,0.0,1.0,1.0,1.0,1.0,1.0,1.0,1.0,1.0,1.0,1.0,1.0,1.0,1.0,2.0,1.0,17.0,19.0,325.5,325.5,4.0,4.0,13.0,17.0,19.0,77.833336,98.13333,100.5,66.5,66.5,60.9,= 2*45 + 10.5,= 21 + 2*17.5 + 10.5,= 21 + 2*17.5 + 10.5,= 1*21 + 0.6*66.5,"Assumes +2 AC from Scale Dust (poisoned). Assumes +4 AB from Drone (incapacitated). Assumes +21 damage from Mandibles, and +39.9 damage from Drone (incapacitated)."
Gingwatzim,1528964-gingwatzim,CM,27.0,https://www.dndbeyond.com/monsters/1528964-gingwatzim,aberration,small,generic,N,2.0,2,450.0,-4.0,2.0,3.0,-3.0,0.0,-2.0,-4,2,3,-3,0,-2,0.0,0.0,0.0,0.0,0.0,0.0,0.0,0.0,0.0,0.0,1.0,0.0,0.0,0.0,0.0,1.0,1.0,1.0,1.0,1.0,1.0,1.0,1.0,1.0,0.0,1.0,1.0,1.0,2.0,1.0,12.0,12.0,39.0,39.0,-0.7,-0.7,4.0,4.0,,16.0,16.0,16.0,16.0,16.0,0.0,= 16,= 16,= 16,,
Girallon,17257-girallon,VGtM,152.0,https://www.dndbeyond.com/monsters/17257-girallon,monstrosity,large,legacy,N,4.0,2,1100.0,4.0,3.0,3.0,-3.0,1.0,-2.0,4,3,3,-3,1,-2,0.0,0.0,0.0,0.0,0.0,0.0,0.0,0.0,0.0,0.0,0.0,0.0,0.0,0.0,0.0,1.0,1.0,1.0,1.0,1.0,1.0,1.0,1.0,1.0,1.0,1.0,1.0,1.0,3.0,1.0,13.0,13.0,59.5,59.5,1.0,1.0,6.0,6.0,,37.5,45.0,37.5,37.5,37.5,22.5,= 7.5 + 4*7.5,= 7.5 + 4*7.5,= 7.5 + 4*7.5,= 3*7.5,Assumes +7.5 DPR from Aggressive.
Girallon,2560827-girallon,MPMotM,139.0,https://www.dndbeyond.com/monsters/2560827-girallon,monstrosity,large,generic,N,4.0,2,1100.0,4.0,3.0,3.0,-3.0,1.0,-2.0,4,3,3,-3,1,-2,0.0,0.0,0.0,0.0,0.0,0.0,0.0,0.0,0.0,0.0,0.0,0.0,0.0,0.0,0.0,1.0,1.0,1.0,1.0,1.0,1.0,1.0,1.0,1.0,1.0,1.0,1.0,1.0,3.0,1.0,13.0,13.0,59.5,59.5,1.0,1.0,6.0,6.0,,37.5,45.0,37.5,37.5,37.5,22.5,= 7.5 + 4*7.5,= 7.5 + 4*7.5,= 7.5 + 4*7.5,= 3*7.5,Assumes +7.5 DPR from Aggressive.
Girallon Zombie,33284-girallon-zombie,ToA,240.0,https://www.dndbeyond.com/monsters/33284-girallon-zombie,undead,large,generic,N,3.0,2,700.0,4.0,1.0,3.0,-4.0,-2.0,-3.0,4,1,3,-4,-2,-3,0.0,0.0,0.0,0.0,0.0,0.0,0.0,0.0,0.0,0.0,1.0,0.0,0.0,0.0,0.0,1.0,1.0,1.0,1.0,1.0,1.0,1.0,1.0,1.0,0.0,1.0,1.0,1.0,1.0,1.0,11.0,11.0,59.5,66.5,-0.2,-0.2,6.0,6.0,,37.0,37.0,37.0,37.0,37.0,0.0,= 7 + 4*6 + 6,= 7 + 4*6 + 6,= 7 + 4*6 + 6,,Assumes +6 DPR from Aggressive.
Githyanki Buccaneer,2821170-githyanki-buccaneer,SAiS:BAM,27.0,https://www.dndbeyond.com/monsters/2821170-githyanki-buccaneer,humanoid,medium,generic,N,3.0,2,700.0,3.0,2.0,2.0,3.0,1.0,1.0,3,2,4,5,3,1,0.0,0.0,0.0,0.0,0.0,0.0,0.0,0.0,0.0,0.0,0.0,0.0,0.0,0.0,0.0,1.0,1.0,1.0,1.0,1.0,1.0,1.0,1.0,1.0,1.0,1.0,1.0,1.0,2.0,1.0,16.0,16.0,58.5,58.5,3.0,3.0,5.0,5.0,,27.0,27.0,27.0,27.0,27.0,0.0,= 2*13.5,= 2*13.5,= 2*13.5,,
Githyanki Gish,97386-githyanki-gish,MToF,204.0,https://www.dndbeyond.com/monsters/97386-githyanki-gish,humanoid,medium,legacy,N,10.0,4,5900.0,3.0,2.0,2.0,3.0,2.0,3.0,3,2,6,7,6,3,0.0,0.0,0.0,0.0,0.0,0.0,0.0,0.0,0.0,0.0,0.0,0.0,0.0,0.0,0.0,1.0,1.0,1.0,1.0,1.0,1.0,1.0,1.0,1.0,1.0,1.0,1.0,1.0,2.0,1.0,17.0,22.0,123.5,171.5,4.5,4.5,7.0,7.0,15.0,96.333336,96.333336,53.0,118.0,118.0,0.0,= 26.5 + 26.5,= 2*32.5 + 26.5 + 26.5,= 2*32.5 + 26.5 + 26.5,,Assumes +16 HPR from Counterspell. Assumes +2 AC from Haste.
Githyanki Gish,2560828-githyanki-gish,MPMotM,140.0,https://www.dndbeyond.com/monsters/2560828-githyanki-gish,humanoid,medium,generic,N,10.0,4,5900.0,3.0,2.0,2.0,3.0,2.0,3.0,3,2,6,7,6,3,0.0,0.0,0.0,0.0,0.0,0.0,0.0,0.0,0.0,0.0,0.0,0.0,0.0,0.0,0.0,1.0,1.0,1.0,1.0,1.0,1.0,1.0,1.0,1.0,1.0,1.0,1.0,1.0,2.0,1.0,17.0,17.0,130.0,130.0,4.5,4.5,7.0,7.0,15.0,91.5,91.5,91.5,91.5,91.5,0.0,= 3*30.5,= 3*30.5,= 3*30.5,,
Githyanki Kith’rak,97397-githyanki-kithrak,MToF,205.0,https://www.dndbeyond.com/monsters/97397-githyanki-kithrak,humanoid,medium,legacy,N,12.0,4,8400.0,4.0,3.0,3.0,3.0,2.0,3.0,4,3,7,7,6,3,0.0,0.0,0.0,0.0,0.0,0.0,0.0,0.0,0.0,0.0,0.0,0.0,0.0,0.0,0.0,1.0,1.0,1.0,1.0,1.0,1.0,1.0,1.0,1.0,1.0,1.0,1.0,1.0,3.0,1.0,18.0,21.0,180.0,180.0,5.0,5.0,8.0,8.0,,85.5,85.5,85.5,85.5,85.5,0.0,= 3*28.5,= 3*28.5,= 3*28.5,,Assumes +3 AC from Parry.
Githyanki Kith’rak,2560829-githyanki-kithrak,MPMotM,140.0,https://www.dndbeyond.com/monsters/2560829-githyanki-kithrak,humanoid,medium,generic,N,12.0,4,8400.0,4.0,3.0,3.0,3.0,2.0,3.0,4,3,7,7,6,3,0.0,0.0,0.0,0.0,0.0,0.0,0.0,0.0,0.0,0.0,0.0,0.0,0.0,0.0,0.0,1.0,1.0,1.0,1.0,1.0,1.0,1.0,1.0,1.0,1.0,1.0,1.0,1.0,3.0,1.0,18.0,21.0,180.0,180.0,5.0,5.0,8.0,8.0,,85.5,85.5,85.5,85.5,85.5,0.0,= 3*28.5,= 3*28.5,= 3*28.5,,Assumes +3 AC from Parry.
Githyanki Knight,17150-githyanki-knight,MM (2014),160.0,https://www.dndbeyond.com/monsters/17150-githyanki-knight,humanoid,medium,generic,N,8.0,3,3900.0,3.0,2.0,2.0,2.0,2.0,2.0,3,2,5,5,5,2,0.0,0.0,0.0,0.0,0.0,0.0,0.0,0.0,0.0,0.0,0.0,0.0,0.0,0.0,0.0,1.0,1.0,1.0,1.0,1.0,1.0,1.0,1.0,1.0,1.0,1.0,1.0,1.0,2.0,1.0,18.0,18.0,91.0,91.0,3.7,3.7,9.0,9.0,,46.0,46.0,46.0,46.0,46.0,0.0,= 2*23,= 2*23,= 2*23,,
Githyanki Star Seer,2821171-githyanki-star-seer,SAiS:BAM,27.0,https://www.dndbeyond.com/monsters/2821171-githyanki-star-seer,humanoid,medium,generic,N,7.0,3,2900.0,0.0,0.0,2.0,4.0,3.0,2.0,0,0,5,7,6,2,0.0,0.0,0.0,0.0,0.0,0.0,0.0,0.0,0.0,0.0,0.0,0.0,0.0,0.0,0.0,1.0,1.0,1.0,1.0,1.0,1.0,1.0,1.0,1.0,1.0,1.0,0.5,1.0,0.0,1.0,13.0,13.0,110.5,110.5,3.3,3.3,7.0,7.0,,61.5,61.5,61.5,61.5,61.5,0.0,= 3*20.5,= 3*20.5,= 3*20.5,,
Githyanki Supreme Commander,97406-githyanki-supreme-commander,MToF,206.0,https://www.dndbeyond.com/monsters/97406-githyanki-supreme-commander,humanoid,medium,legacy,L,14.0,5,11500.0,4.0,3.0,4.0,3.0,3.0,4.0,4,3,9,8,8,4,0.0,0.0,0.0,0.0,0.0,0.0,0.0,0.0,0.0,0.0,0.0,0.0,0.0,0.0,0.0,1.0,1.0,1.0,1.0,1.0,1.0,1.0,1.0,1.0,1.0,1.0,1.0,1.0,3.0,1.0,18.0,21.0,187.0,187.0,6.0,6.0,12.0,12.0,,94.5,104.5,94.5,94.5,94.5,30.0,= 2*31.5 + 31.5,= 2*31.5 + 31.5,= 2*31.5 + 31.5,= 3*10,Assumes +3 AC from Parry. Assumes +10 DPR from Command Ally.
Githyanki Supreme Commander,2560830-githyanki-supreme-commander,MPMotM,141.0,https://www.dndbeyond.com/monsters/2560830-githyanki-supreme-commander,humanoid,medium,legendary,L,14.0,5,11500.0,4.0,3.0,4.0,3.0,3.0,4.0,4,3,9,8,8,4,0.0,0.0,0.0,0.0,0.0,0.0,0.0,0.0,0.0,0.0,0.0,0.0,0.0,0.0,0.0,1.0,1.0,1.0,1.0,1.0,1.0,1.0,1.0,1.0,1.0,1.0,1.0,1.0,3.0,1.0,18.0,21.0,187.0,277.0,6.0,6.0,12.0,12.0,,94.5,104.5,94.5,94.5,94.5,30.0,= 2*31.5 + 31.5,= 2*31.5 + 31.5,= 2*31.5 + 31.5,= 3*10,Assumes +3 AC from Parry. Assumes +10 DPR from Command Ally.
Githyanki Warrior,17149-githyanki-warrior,MM (2014),160.0,https://www.dndbeyond.com/monsters/17149-githyanki-warrior,humanoid,medium,generic,N,3.0,2,700.0,2.0,2.0,1.0,1.0,1.0,0.0,2,2,3,3,3,0,0.0,0.0,0.0,0.0,0.0,0.0,0.0,0.0,0.0,0.0,0.0,0.0,0.0,0.0,0.0,1.0,1.0,1.0,1.0,1.0,1.0,1.0,1.0,1.0,1.0,1.0,1.0,1.0,2.0,1.0,17.0,17.0,49.5,49.5,2.2,2.2,4.0,4.0,,32.0,32.0,32.0,32.0,32.0,0.0,= 2*16,= 2*16,= 2*16,,
Githyanki Xenomancer,2821172-githyanki-xenomancer,SAiS:BAM,27.0,https://www.dndbeyond.com/monsters/2821172-githyanki-xenomancer,humanoid,medium,generic,N,9.0,4,5000.0,2.0,4.0,3.0,2.0,4.0,1.0,2,8,7,2,8,1,0.0,0.0,0.0,0.0,0.0,0.0,0.0,0.0,0.0,0.0,0.0,0.0,0.0,0.0,0.0,1.0,1.0,1.0,1.0,1.0,1.0,1.0,1.0,1.0,1.0,1.0,1.0,1.0,4.0,1.0,14.0,14.0,157.5,157.5,4.7,4.7,8.0,8.0,,61.5,61.5,61.5,61.5,61.5,0.0,= 3*20.5,= 3*20.5,= 3*20.5,,
Githzerai Anarch,97419-githzerai-anarch,MToF,207.0,https://www.dndbeyond.com/monsters/97419-githzerai-anarch,humanoid,medium,legacy,LL,16.0,5,15000.0,3.0,5.0,4.0,4.0,5.0,2.0,8,10,4,9,10,2,0.0,0.0,0.0,0.0,0.0,0.0,0.0,0.0,0.0,0.0,0.0,0.0,0.0,0.0,0.0,1.0,1.0,1.0,1.0,1.0,1.0,1.0,1.0,1.0,1.0,1.0,1.0,1.0,5.0,1.0,20.0,25.0,144.5,144.5,7.2,7.2,10.0,10.0,,238.66667,238.66667,262.0,192.0,262.0,0.0,= 3*32 + 3*32 + 2*35,= 3*32 + 3*32,= 3*32 + 3*32 + 2*35,,Assumes +5 AC from Shield.
Githzerai Anarch,2560831-githzerai-anarch,MPMotM,142.0,https://www.dndbeyond.com/monsters/2560831-githzerai-anarch,humanoid,medium,legendary,LL,16.0,5,15000.0,3.0,5.0,4.0,4.0,5.0,2.0,8,10,4,9,10,2,0.0,0.0,0.0,0.0,0.0,0.0,0.0,0.0,0.0,0.0,0.0,0.0,0.0,0.0,0.0,1.0,1.0,1.0,1.0,1.0,1.0,1.0,1.0,1.0,1.0,1.0,1.0,1.0,5.0,1.0,20.0,20.0,144.5,234.5,7.2,7.2,10.0,10.0,,211.66667,211.66667,235.0,165.0,235.0,0.0,= 3*27.5 + 3*27.5 + 2*35,= 3*27.5 + 3*27.5,= 3*27.5 + 3*27.5 + 2*35,,
Githzerai Enlightened,97437-githzerai-enlightened,MToF,208.0,https://www.dndbeyond.com/monsters/97437-githzerai-enlightened,humanoid,medium,legacy,N,10.0,4,5900.0,2.0,4.0,3.0,3.0,4.0,1.0,6,8,3,7,8,1,0.0,0.0,0.0,0.0,0.0,0.0,0.0,0.0,0.0,0.0,0.0,0.0,0.0,0.0,0.0,1.0,1.0,1.0,1.0,1.0,1.0,1.0,1.0,1.0,1.0,1.0,1.0,1.0,4.0,1.0,18.0,23.0,112.5,127.5,5.5,5.5,8.0,8.0,16.0,74.666664,74.666664,65.0,79.5,79.5,0.0,=65,= 3*26.5,= 3*26.5,,Assumes 15 hp from moving one enemy forward in time one turn. Assumes +5 AC from Shield.
Githzerai Enlightened,2560832-githzerai-enlightened,MPMotM,143.0,https://www.dndbeyond.com/monsters/2560832-githzerai-enlightened,humanoid,medium,generic,N,10.0,4,5900.0,2.0,4.0,3.0,3.0,4.0,1.0,6,8,3,7,8,1,0.0,0.0,0.0,0.0,0.0,0.0,0.0,0.0,0.0,0.0,0.0,0.0,0.0,0.0,0.0,1.0,1.0,1.0,1.0,1.0,1.0,1.0,1.0,1.0,1.0,1.0,1.0,1.0,4.0,1.0,18.0,18.0,112.5,127.5,5.5,5.5,8.0,8.0,16.0,83.666664,83.666664,65.0,93.0,93.0,0.0,=65,= 3*31,= 3*31,,Assumes 15 hp from moving one enemy forward in time one turn.
Githzerai Futurist,3883538-githzerai-futurist,PAitM:MPP,30.0,https://www.dndbeyond.com/monsters/3883538-githzerai-futurist,aberration,medium,generic,N,9.0,4,5000.0,2.0,3.0,2.0,3.0,3.0,1.0,6,7,2,7,7,1,0.0,0.0,0.0,0.0,0.0,0.0,0.0,0.0,0.0,0.0,0.0,0.0,0.0,0.0,0.0,1.0,1.0,1.0,1.0,1.0,1.0,1.0,1.0,1.0,1.0,1.0,1.0,1.0,3.0,1.0,16.0,18.0,149.5,149.5,5.0,5.0,7.0,7.0,,69.0,69.0,69.0,69.0,69.0,0.0,= 3*23,= 3*23,= 3*23,,Assumes +2 AC from Future Insight.
Githzerai Monk,17151-githzerai-monk,MM (2014),161.0,https://www.dndbeyond.com/monsters/17151-githzerai-monk,humanoid,medium,generic,N,2.0,2,450.0,1.0,2.0,1.0,1.0,2.0,0.0,3,4,1,3,4,0,0.0,0.0,0.0,0.0,0.0,0.0,0.0,0.0,0.0,0.0,0.0,0.0,0.0,0.0,0.0,1.0,1.0,1.0,1.0,1.0,1.0,1.0,1.0,1.0,1.0,1.0,1.0,1.0,2.0,1.0,14.0,19.0,38.5,38.5,2.5,2.5,4.0,4.0,,31.0,31.0,31.0,31.0,31.0,0.0,= 2*15.5,= 2*15.5,= 2*15.5,,Assumes +5 AC from Shield.
Githzerai Traveler,3883539-githzerai-traveler,PAitM:MPP,31.0,https://www.dndbeyond.com/monsters/3883539-githzerai-traveler,aberration,medium,generic,N,3.0,2,700.0,1.0,2.0,1.0,2.0,3.0,0.0,3,4,1,4,5,0,0.0,0.0,0.0,0.0,0.0,0.0,0.0,0.0,0.0,0.0,0.0,0.0,0.0,0.0,0.0,1.0,1.0,1.0,1.0,1.0,1.0,1.0,1.0,1.0,1.0,1.0,1.0,1.0,2.0,1.0,15.0,15.0,44.0,44.0,2.8,2.8,4.0,4.0,,33.0,35.333332,33.0,33.0,33.0,7.0,= 3*11,= 3*11,= 3*11,= 2*3.5,Assumes +2*3.5 damage from Retaliating Light.
Githzerai Uniter,3883540-githzerai-uniter,PAitM:MPP,31.0,https://www.dndbeyond.com/monsters/3883540-githzerai-uniter,aberration,medium,generic,N,7.0,3,2900.0,1.0,3.0,2.0,2.0,3.0,3.0,4,6,2,5,6,3,0.0,0.0,0.0,0.0,0.0,0.0,0.0,0.0,0.0,0.0,0.0,0.0,0.0,0.0,0.0,1.0,1.0,1.0,1.0,1.0,1.0,1.0,1.0,1.0,1.0,1.0,1.0,1.0,3.0,1.0,16.0,16.0,123.5,123.5,4.3,4.3,6.0,6.0,,54.0,54.0,54.0,54.0,54.0,0.0,= 3*18,= 3*18,= 3*18,,
Githzerai Zerth,17152-githzerai-zerth,MM (2014),161.0,https://www.dndbeyond.com/monsters/17152-githzerai-zerth,humanoid,medium,generic,N,6.0,3,2300.0,1.0,4.0,2.0,3.0,3.0,1.0,4,7,2,6,6,1,0.0,0.0,0.0,0.0,0.0,0.0,0.0,0.0,0.0,0.0,0.0,0.0,0.0,0.0,0.0,1.0,1.0,1.0,1.0,1.0,1.0,1.0,1.0,1.0,1.0,1.0,1.0,1.0,4.0,1.0,17.0,22.0,84.5,84.5,4.3,4.3,7.0,7.0,14.0,48.0,48.0,48.0,48.0,48.0,0.0,= 2*24,= 2*24,= 2*24,,Assumes +5 AC from Shield.
Glabrezu,16902-glabrezu,MM (2014),58.0,https://www.dndbeyond.com/monsters/16902-glabrezu,fiend,large,generic,N,9.0,4,5000.0,5.0,2.0,5.0,4.0,3.0,3.0,9,2,9,4,7,7,0.0,0.0,0.0,0.0,0.0,0.0,0.0,0.0,0.0,0.0,1.0,0.0,0.0,0.0,0.0,0.7,0.7,0.7,1.0,0.5,0.5,1.0,0.5,1.0,0.0,1.0,1.0,1.0,2.0,1.5,17.0,17.0,157.5,236.3,6.3,10.3,9.0,9.0,16.0,46.0,46.0,46.0,46.0,46.0,0.0,= 2*16 + 2*7,= 2*16 + 2*7,= 2*16 + 2*7,,
Gladiator,16903-gladiator,MM (2014),399.0,https://www.dndbeyond.com/monsters/16903-gladiator,humanoid,medium,generic,N,5.0,3,1800.0,4.0,2.0,3.0,0.0,1.0,2.0,7,5,6,0,1,2,0.0,0.0,0.0,0.0,0.0,0.0,0.0,0.0,0.0,0.0,0.0,0.0,0.0,0.0,0.0,1.0,1.0,1.0,1.0,1.0,1.0,1.0,1.0,1.0,1.0,1.0,1.0,1.0,2.0,1.0,16.0,18.0,112.5,112.5,3.5,3.5,7.0,7.0,15.0,33.0,33.0,33.0,33.0,33.0,0.0,= 3*11,= 3*11,= 3*11,,Assumes +2 AC from Parry.
Glaive,4468325-glaive,VEoR,215.0,https://www.dndbeyond.com/monsters/4468325-glaive,construct,medium,unique,N,11.0,4,7200.0,5.0,3.0,4.0,0.0,3.0,-1.0,9,7,4,0,7,-1,0.0,1.0,0.0,1.0,1.0,0.0,0.0,0.0,0.0,0.0,1.0,0.0,0.0,0.0,0.0,1.0,1.0,1.0,1.0,1.0,1.0,1.0,1.0,1.0,0.5,1.0,1.0,1.0,3.0,1.0,16.0,16.0,187.0,220.0,4.3,4.3,8.0,9.0,,66.0,66.0,66.0,66.0,66.0,0.0,= 2*14.5 + 2*13.5 + 2*5,= 2*14.5 + 2*13.5 + 2*5,= 2*14.5 + 2*13.5 + 2*5,,Assumes +11 HPR from Self-Preservation. Assumes +1 AB from Pack Tactics.
Glasswork Golem,1979785-glasswork-golem,TWBtW,193.0,https://www.dndbeyond.com/monsters/1979785-glasswork-golem,construct,medium,generic,N,2.0,2,450.0,1.0,0.0,0.0,-5.0,0.0,-5.0,1,2,2,-5,2,-5,1.0,1.0,1.0,1.0,1.0,0.0,0.0,0.0,1.0,1.0,1.0,0.0,0.0,0.0,0.0,1.0,1.0,1.0,1.0,1.0,1.0,1.0,1.0,1.0,0.0,0.0,1.0,1.0,0.0,1.0,13.0,14.0,36.0,66.0,-0.5,-0.5,3.0,4.0,10.0,11.0,11.0,11.0,11.0,11.0,0.0,= 2*5.5,= 2*5.5,= 2*5.5,,Assumes +1 AC from Dazzling Light. Assumes +1 AB from Dazzling Light.
Gloamwing,175397-gloamwing,GGtR,215.0,https://www.dndbeyond.com/monsters/175397-gloamwing,undead,large,generic,N,8.0,3,3900.0,5.0,3.0,3.0,-4.0,0.0,-2.0,8,6,3,-4,0,-2,0.0,1.0,0.0,1.0,1.0,0.0,0.0,0.0,0.0,0.0,1.0,0.0,0.0,0.0,0.0,0.7,0.7,0.7,1.0,1.0,1.0,1.0,1.0,0.5,0.0,1.0,1.0,1.0,3.0,1.5,16.0,16.0,136.0,204.0,1.8,1.8,8.0,8.0,,33.0,33.0,33.0,33.0,33.0,0.0,= 18 + 15,= 18 + 15,= 18 + 15,,
Gloom Weaver,95448-gloom-weaver,MToF,224.0,https://www.dndbeyond.com/monsters/95448-gloom-weaver,humanoid,medium,legacy,N,9.0,4,5000.0,0.0,4.0,2.0,2.0,1.0,4.0,0,8,6,2,1,4,0.0,1.0,0.0,1.0,0.0,0.0,0.0,0.0,0.0,0.0,0.0,0.0,0.0,0.0,0.0,1.0,1.0,1.0,1.0,1.0,1.0,1.0,1.0,0.0,1.0,1.0,1.0,1.0,4.0,1.0,17.0,17.0,104.0,179.0,3.5,3.5,8.0,8.0,16.0,94.0,94.0,94.0,94.0,94.0,0.0,= 2*34.5 + 25,= 2*34.5 + 25,= 2*34.5 + 25,,Assumes armor of Agathys is cast each round.
Gloomstalker,744314-gloomstalker,EGtW,291.0,https://www.dndbeyond.com/monsters/744314-gloomstalker,monstrosity,large,generic,N,6.0,3,2300.0,6.0,3.0,2.0,-3.0,3.0,2.0,9,6,2,-3,3,2,0.0,0.0,0.0,0.0,0.0,0.0,0.0,0.0,0.0,0.0,0.0,0.0,0.0,0.0,0.0,1.0,1.0,1.0,1.0,1.0,1.0,1.0,1.0,1.0,1.0,1.0,2.0,1.0,3.0,1.0,15.0,17.0,90.0,90.0,3.2,3.2,9.0,9.0,,42.0,50.0,42.0,42.0,42.0,24.0,= 22 + 20,= 22 + 20,= 22 + 20,= 3*8,Assumes +8 DPR from Shadowstep.
Gnoll,16904-gnoll,MM (2014),163.0,https://www.dndbeyond.com/monsters/16904-gnoll,humanoid,medium,generic,N,0.5,2,100.0,2.0,1.0,0.0,-2.0,0.0,-2.0,2,1,0,-2,0,-2,0.0,0.0,0.0,0.0,0.0,0.0,0.0,0.0,0.0,0.0,0.0,0.0,0.0,0.0,0.0,1.0,1.0,1.0,1.0,1.0,1.0,1.0,1.0,1.0,1.0,1.0,1.0,1.0,1.0,1.0,15.0,15.0,22.5,22.5,-0.2,-0.2,4.0,4.0,,7.0,7.0,7.0,7.0,7.0,0.0,= 5 + 2,= 5 + 2,= 5 + 2,,
Gnoll Fang of Yeenoghu,17154-gnoll-fang-of-yeenoghu,MM (2014),163.0,https://www.dndbeyond.com/monsters/17154-gnoll-fang-of-yeenoghu,fiend,medium,generic,N,4.0,2,1100.0,3.0,2.0,2.0,0.0,0.0,1.0,3,2,4,0,2,3,0.0,0.0,0.0,0.0,0.0,0.0,0.0,0.0,0.0,0.0,0.0,0.0,0.0,0.0,0.0,1.0,1.0,1.0,1.0,1.0,1.0,1.0,1.0,1.0,1.0,1.0,1.0,1.0,2.0,1.0,14.0,14.0,65.0,65.0,2.3,2.3,5.0,5.0,,29.0,29.0,29.0,29.0,29.0,0.0,= 13 + 2*7 + 2,= 13 + 2*7 + 2,= 13 + 2*7 + 2,,
Gnoll Flesh Gnawer,17259-gnoll-flesh-gnawer,VGtM,154.0,https://www.dndbeyond.com/monsters/17259-gnoll-flesh-gnawer,humanoid,medium,legacy,N,1.0,2,200.0,1.0,2.0,1.0,-1.0,0.0,-1.0,1,4,1,-1,0,-1,0.0,0.0,0.0,0.0,0.0,0.0,0.0,0.0,0.0,0.0,0.0,0.0,0.0,0.0,0.0,1.0,1.0,1.0,1.0,1.0,1.0,1.0,1.0,1.0,1.0,1.0,1.0,1.0,2.0,1.0,14.0,14.0,22.0,22.0,0.7,0.7,4.0,4.0,,15.5,17.5,15.5,15.5,15.5,6.0,= 4.5 + 2*5.5,= 4.5 + 2*5.5,= 4.5 + 2*5.5,= 3*2,Assumes +2 DPR from Rampage.
Gnoll Flesh Gnawer,2560833-gnoll-flesh-gnawer,MPMotM,144.0,https://www.dndbeyond.com/monsters/2560833-gnoll-flesh-gnawer,monstrosity,medium,generic,N,1.0,2,200.0,1.0,2.0,1.0,-1.0,0.0,-1.0,1,4,1,-1,0,-1,0.0,0.0,0.0,0.0,0.0,0.0,0.0,0.0,0.0,0.0,0.0,0.0,0.0,0.0,0.0,1.0,1.0,1.0,1.0,1.0,1.0,1.0,1.0,1.0,1.0,1.0,1.0,1.0,2.0,1.0,14.0,14.0,22.0,22.0,0.7,0.7,4.0,4.0,,15.5,17.5,15.5,15.5,15.5,6.0,= 4.5 + 2*5.5,= 4.5 + 2*5.5,= 4.5 + 2*5.5,= 3*2,Assumes +2 DPR from Rampage.
Gnoll Hunter,17260-gnoll-hunter,VGtM,154.0,https://www.dndbeyond.com/monsters/17260-gnoll-hunter,humanoid,medium,legacy,N,0.5,2,100.0,2.0,2.0,1.0,-1.0,1.0,-1.0,2,2,1,-1,1,-1,0.0,0.0,0.0,0.0,0.0,0.0,0.0,0.0,0.0,0.0,0.0,0.0,0.0,0.0,0.0,1.0,1.0,1.0,1.0,1.0,1.0,1.0,1.0,1.0,1.0,1.0,1.0,1.0,2.0,1.0,13.0,13.0,22.0,22.0,0.7,0.7,4.0,4.0,,13.0,15.0,13.0,13.0,13.0,6.0,= 2*6.5,= 2*6.5,= 2*6.5,= 3*2,Assumes +2 DPR from Rampage.
Gnoll Hunter,2560834-gnoll-hunter,MPMotM,144.0,https://www.dndbeyond.com/monsters/2560834-gnoll-hunter,monstrosity,medium,generic,N,0.5,2,100.0,2.0,2.0,1.0,-1.0,1.0,-1.0,2,2,1,-1,1,-1,0.0,0.0,0.0,0.0,0.0,0.0,0.0,0.0,0.0,0.0,0.0,0.0,0.0,0.0,0.0,1.0,1.0,1.0,1.0,1.0,1.0,1.0,1.0,1.0,1.0,1.0,1.0,1.0,2.0,1.0,13.0,13.0,22.0,22.0,0.7,0.7,4.0,4.0,,13.0,15.0,13.0,13.0,13.0,6.0,= 2*6.5,= 2*6.5,= 2*6.5,= 3*2,Assumes +2 DPR from Rampage.
Gnoll Pack Lord,17153-gnoll-pack-lord,MM (2014),163.0,https://www.dndbeyond.com/monsters/17153-gnoll-pack-lord,humanoid,medium,generic,N,2.0,2,450.0,3.0,2.0,1.0,-1.0,0.0,-1.0,3,2,1,-1,0,-1,0.0,0.0,0.0,0.0,0.0,0.0,0.0,0.0,0.0,0.0,0.0,0.0,0.0,0.0,0.0,1.0,1.0,1.0,1.0,1.0,1.0,1.0,1.0,1.0,1.0,1.0,1.0,1.0,2.0,1.0,15.0,15.0,49.5,49.5,0.7,0.7,5.0,5.0,,17.0,19.0,17.0,17.0,17.0,6.0,= 2*8.5,= 2*8.5,= 2*8.5,= 3*2,
Gnoll Vampire,1123087-gnoll-vampire,IDRotF,290.0,https://www.dndbeyond.com/monsters/1123087-gnoll-vampire,undead,medium,generic,N,8.0,3,3900.0,5.0,4.0,4.0,-2.0,1.0,-1.0,5,7,7,-2,1,-1,0.0,0.0,0.0,0.0,0.0,0.0,0.0,0.0,0.0,0.0,0.0,0.0,0.0,0.0,0.0,0.7,0.7,0.7,1.0,1.0,1.0,1.0,1.0,0.5,1.0,1.0,1.0,1.0,4.0,1.5,17.0,17.0,93.5,225.8,2.8,2.8,8.0,8.0,,41.0,41.0,41.0,41.0,41.0,0.0,= 21 + 10 + 10,= 21 + 10 + 10,= 21 + 10 + 10,,Assumes +3*9 hp from Bite. Assumes +10 DPR from Rampage.
Gnoll Witherling,17261-gnoll-witherling,VGtM,155.0,https://www.dndbeyond.com/monsters/17261-gnoll-witherling,undead,medium,legacy,N,0.25,2,50.0,2.0,-1.0,1.0,-3.0,-3.0,-3.0,2,-1,1,-3,-3,-3,0.0,0.0,0.0,1.0,0.0,0.0,0.0,0.0,0.0,0.0,1.0,0.0,0.0,0.0,0.0,1.0,1.0,1.0,1.0,1.0,1.0,1.0,1.0,1.0,0.0,1.0,1.0,1.0,-1.0,1.0,12.0,12.0,11.0,11.0,-1.2,-1.2,4.0,4.0,,9.0,12.0,9.0,9.0,9.0,9.0,= 2*4.5,= 2*4.5,= 2*4.5,= 4.5 + 4.5,"Assumes +4.5 damage from Rampage, and +4.5 damage from Vengeful Strike."
Gnoll Witherling,2560835-gnoll-witherling,MPMotM,145.0,https://www.dndbeyond.com/monsters/2560835-gnoll-witherling,undead,medium,generic,N,0.25,2,50.0,2.0,-1.0,1.0,-3.0,-3.0,-3.0,2,-1,1,-3,-3,-3,0.0,0.0,0.0,1.0,0.0,0.0,0.0,0.0,0.0,0.0,1.0,0.0,0.0,0.0,0.0,1.0,1.0,1.0,1.0,1.0,1.0,1.0,1.0,1.0,0.0,1.0,1.0,1.0,-1.0,1.0,12.0,12.0,11.0,11.0,-1.2,-1.2,4.0,4.0,,9.0,12.0,9.0,9.0,9.0,9.0,= 2*4.5,= 2*4.5,= 2*4.5,= 4.5 + 4.5,"Assumes +4.5 damage from Rampage, and +4.5 damage from Vengeful Strike."
Gnome Ceremorph,1123088-gnome-ceremorph,IDRotF,304.0,https://www.dndbeyond.com/monsters/1123088-gnome-ceremorph,aberration,small,generic,N,5.0,3,1800.0,-2.0,2.0,1.0,4.0,3.0,3.0,-2,2,1,7,6,6,0.0,0.0,0.0,0.0,0.0,0.0,0.0,0.0,0.0,0.0,0.0,0.0,0.0,0.0,0.0,1.0,1.0,1.0,1.0,1.0,1.0,1.0,1.0,1.0,1.0,1.0,1.0,1.0,2.0,1.0,16.0,16.0,58.5,88.5,3.3,7.3,7.0,7.0,15.0,45.333332,45.333332,66.0,15.0,55.0,0.0,=3*22,= 15,= 55,,Assumes +3*10 hp from Mind Blast.
Gnome Squidling,1123089-gnome-squidling,IDRotF,303.0,https://www.dndbeyond.com/monsters/1123089-gnome-squidling,aberration,small,generic,N,0.5,2,100.0,-3.0,-2.0,0.0,-3.0,0.0,-4.0,-3,-2,0,-3,0,-4,0.0,0.0,0.0,0.0,0.0,0.0,0.0,0.0,0.0,0.0,0.0,0.0,0.0,0.0,0.0,1.0,1.0,1.0,1.0,1.0,1.0,1.0,1.0,1.0,1.0,1.0,1.0,1.0,-2.0,1.0,8.0,8.0,10.5,14.5,-2.0,2.0,0.0,0.0,7.0,12.333333,12.333333,5.0,5.0,27.0,0.0,= 5,= 5,= 27,,Assumes +2*2 hp from Tentacles stunning effect.
Goblin,16907-goblin,MM (2014),166.0,https://www.dndbeyond.com/monsters/16907-goblin,humanoid,small,generic,N,0.25,2,50.0,-1.0,2.0,0.0,0.0,-1.0,-1.0,-1,2,0,0,-1,-1,0.0,0.0,0.0,0.0,0.0,0.0,0.0,0.0,0.0,0.0,0.0,0.0,0.0,0.0,0.0,1.0,1.0,1.0,1.0,1.0,1.0,1.0,1.0,1.0,1.0,1.0,1.0,1.0,2.0,1.0,15.0,19.0,7.0,7.0,-0.2,3.8,4.0,8.0,,5.5,5.5,5.5,5.5,5.5,0.0,= 5.5,= 5.5,= 5.5,,Assumes +4 AC from Nimble Escape. Assumes +4 SB from Nimble Escape. Assumes +4 AB from Nimble Escape.
Goblin Boss,17155-goblin-boss,MM (2014),166.0,https://www.dndbeyond.com/monsters/17155-goblin-boss,humanoid,small,generic,N,1.0,2,200.0,0.0,2.0,0.0,0.0,-1.0,0.0,0,2,0,0,-1,0,0.0,0.0,0.0,0.0,0.0,0.0,0.0,0.0,0.0,0.0,0.0,0.0,0.0,0.0,0.0,1.0,1.0,1.0,1.0,1.0,1.0,1.0,1.0,1.0,1.0,1.0,1.0,1.0,2.0,1.0,17.0,21.0,21.0,36.0,0.2,4.2,4.0,8.0,,10.0,10.0,10.0,10.0,10.0,0.0,= 2*5,= 2*5,= 2*5,,"Assumes 5 hp for 3 rounds from Redirect Attack.
 Assumes +4 AC from Nimble Escape. Assumes +4 SB from Nimble Escape. Assumes +4 AB from Nimble Escape."
Goblin Gang Member,177241-goblin-gang-member,GGtR,167.0,https://www.dndbeyond.com/monsters/177241-goblin-gang-member,humanoid,small,generic,N,0.25,2,50.0,-1.0,3.0,0.0,0.0,0.0,-1.0,-1,3,0,0,0,-1,0.0,0.0,0.0,0.0,0.0,0.0,0.0,0.0,0.0,0.0,0.0,0.0,0.0,0.0,0.0,1.0,1.0,1.0,1.0,1.0,1.0,1.0,1.0,1.0,1.0,1.0,1.0,1.0,3.0,1.0,14.0,18.0,10.5,10.5,0.2,4.2,5.0,9.0,,7.5,7.5,7.5,7.5,7.5,0.0,= 7.5,= 7.5,= 7.5,,Assumes +4 AC from Nimble Escape. Assumes +4 SB from Nimble Escape. Assumes +4 AB from Nimble Escape.
Goblin Psi Brawler,3805746-goblin-psi-brawler,PaBTSO,215.0,https://www.dndbeyond.com/monsters/3805746-goblin-psi-brawler,aberration,small,generic,N,2.0,2,450.0,-1.0,3.0,1.0,3.0,2.0,0.0,-1,3,1,5,4,0,0.0,0.0,0.0,0.0,0.0,0.0,0.0,0.0,0.0,0.0,0.0,0.0,0.0,0.0,0.0,1.0,1.0,1.0,1.0,1.0,1.0,1.0,1.0,1.0,1.0,0.5,1.0,1.0,3.0,1.0,15.0,19.0,31.5,31.5,2.0,2.0,5.0,9.0,13.0,18.0,19.666666,18.0,18.0,18.0,5.0,= 2*9,= 2*9,= 2*9,= 5,
Goblin Psi Commander,3805747-goblin-psi-commander,PaBTSO,216.0,https://www.dndbeyond.com/monsters/3805747-goblin-psi-commander,aberration,small,generic,N,4.0,2,1100.0,1.0,4.0,1.0,3.0,2.0,0.0,1,4,1,5,4,0,0.0,0.0,0.0,0.0,0.0,0.0,0.0,0.0,0.0,0.0,0.0,0.0,0.0,0.0,0.0,1.0,1.0,1.0,1.0,1.0,1.0,1.0,1.0,1.0,1.0,0.5,1.0,1.0,4.0,1.0,16.0,20.0,58.5,58.5,2.5,2.5,6.0,10.0,13.0,33.0,36.333332,33.0,33.0,33.0,10.0,= 3*11,= 3*11,= 3*11,= 10,
Gold Dragon Wyrmling,17098-gold-dragon-wyrmling,MM (2014),115.0,https://www.dndbeyond.com/monsters/17098-gold-dragon-wyrmling,dragon,medium,generic,N,3.0,2,700.0,4.0,2.0,3.0,2.0,0.0,3.0,4,4,5,2,2,5,0.0,0.0,0.0,0.0,0.0,0.0,0.0,0.0,0.0,0.0,0.0,0.0,0.0,0.0,0.0,1.0,1.0,1.0,1.0,1.0,0.0,1.0,1.0,1.0,1.0,1.0,1.0,1.0,2.0,1.0,17.0,17.0,60.0,60.0,3.7,3.7,6.0,6.0,13.0,20.666666,20.666666,44.0,9.0,9.0,0.0,=2*22,= 9,= 9,,
Gold Greatwyrm,2059743-gold-greatwyrm,FToD,208.0,https://www.dndbeyond.com/monsters/2059743-gold-greatwyrm,dragon,gargantuan,legendary,L,28.0,8,120000.0,10.0,3.0,9.0,5.0,6.0,10.0,10,11,17,13,14,18,0.0,1.0,0.0,0.0,1.0,0.0,0.0,0.0,0.0,0.0,1.0,0.0,0.0,0.0,0.0,1.0,1.0,1.0,1.0,1.0,0.0,1.0,1.0,1.0,1.0,1.0,1.0,1.0,3.0,1.0,22.0,22.0,565.5,685.5,13.8,13.8,18.0,18.0,25.0,195.0,195.0,315.0,135.0,135.0,0.0,= 3*84 + 3*21,= 34 + 2*19 + 3*21,= 34 + 2*19 + 3*21,,
Gold-Forged Sentinel,909485-gold-forged-sentinel,MOoT,221.0,https://www.dndbeyond.com/monsters/909485-gold-forged-sentinel,construct,large,generic,N,5.0,3,1800.0,4.0,1.0,4.0,-4.0,3.0,0.0,4,1,4,-4,3,0,0.0,1.0,0.0,1.0,0.0,0.0,0.0,0.0,1.0,1.0,1.0,0.0,0.0,0.0,0.0,1.0,1.0,1.0,1.0,1.0,0.0,1.0,1.0,1.0,0.0,1.0,1.0,1.0,1.0,1.0,16.0,18.0,76.0,114.0,1.3,1.3,7.0,7.0,15.0,38.666668,38.666668,36.0,54.0,26.0,0.0,= 2*13 + 10,= 2*27,= 2*13,,Assumes 1.5 times HP from Spell Turning. Assumes +2 AC from Spell Turning.
Golgari Shaman,175881-golgari-shaman,GGtR,236.0,https://www.dndbeyond.com/monsters/175881-golgari-shaman,humanoid,medium,generic,N,5.0,3,1800.0,0.0,2.0,1.0,1.0,3.0,3.0,0,2,4,1,6,3,0.0,0.0,0.0,0.0,0.0,0.0,0.0,0.0,0.0,0.0,0.0,0.0,0.0,0.0,0.0,1.0,1.0,1.0,1.0,1.0,1.0,1.0,1.0,1.0,1.0,1.0,1.0,1.0,2.0,1.0,14.0,14.0,88.0,93.0,2.7,2.7,6.0,6.0,14.0,37.333332,37.333332,40.0,36.0,36.0,0.0,= 2*20,= 36,= 36,,Assumes +5 hp from Feed on Death.
Goliath Giant-Kin,3731031-goliath-giant-kin,BPGotG,155.0,https://www.dndbeyond.com/monsters/3731031-goliath-giant-kin,humanoid,medium,generic,N,3.0,2,700.0,4.0,1.0,3.0,0.0,1.0,1.0,4,1,3,0,1,1,0.0,0.0,0.0,0.0,0.0,0.0,0.0,0.0,0.0,0.0,0.0,0.0,0.0,0.0,0.0,1.0,1.0,1.0,1.0,0.5,1.0,1.0,1.0,1.0,1.0,1.0,1.0,1.0,1.0,1.0,18.0,18.0,67.5,67.5,1.7,1.7,6.0,6.0,,19.666666,19.666666,29.0,15.0,15.0,0.0,= 2*14.5,= 2*7.5,= 2*7.5,,
Goliath Warrior,1123090-goliath-warrior,IDRotF,292.0,https://www.dndbeyond.com/monsters/1123090-goliath-warrior,humanoid,medium,generic,N,3.0,2,700.0,4.0,0.0,3.0,0.0,2.0,0.0,4,0,3,0,2,0,0.0,0.0,0.0,0.0,0.0,0.0,0.0,0.0,0.0,0.0,0.0,0.0,0.0,0.0,0.0,1.0,1.0,1.0,1.0,0.5,1.0,1.0,1.0,1.0,1.0,1.0,1.0,1.0,0.0,1.0,12.0,12.0,67.5,76.5,1.5,1.5,6.0,6.0,,20.0,20.0,20.0,20.0,20.0,0.0,= 2*10,= 2*10,= 2*10,,
Goliath Werebear,1123091-goliath-werebear,IDRotF,293.0,https://www.dndbeyond.com/monsters/1123091-goliath-werebear,humanoid,medium,generic,N,8.0,3,3900.0,5.0,0.0,4.0,0.0,2.0,0.0,5,0,4,0,2,0,0.0,0.0,0.0,0.0,0.0,0.0,0.0,0.0,0.0,0.0,0.0,0.0,0.0,0.0,0.0,0.3,0.3,0.3,1.0,0.5,2.0,1.0,1.0,1.0,1.0,1.0,1.0,1.0,0.0,2.0,12.0,12.0,161.5,343.0,1.8,1.8,8.0,8.0,,32.0,32.0,32.0,32.0,32.0,0.0,= 2*16,= 2*16,= 2*16,,
Gorgon,16908-gorgon,MM (2014),171.0,https://www.dndbeyond.com/monsters/16908-gorgon,monstrosity,large,generic,N,5.0,3,1800.0,5.0,0.0,4.0,-4.0,1.0,-2.0,5,0,4,-4,1,-2,0.0,0.0,0.0,0.0,0.0,0.0,0.0,0.0,0.0,1.0,0.0,0.0,0.0,0.0,0.0,1.0,1.0,1.0,1.0,1.0,1.0,1.0,1.0,1.0,1.0,1.0,1.0,1.0,0.0,1.0,19.0,19.0,114.0,114.0,0.7,0.7,8.0,8.0,16.0,23.333334,23.333334,34.0,18.0,18.0,0.0,=16 + 18,= 18,= 18,,
Goristro,17156-goristro,MM (2014),59.0,https://www.dndbeyond.com/monsters/17156-goristro,fiend,huge,generic,N,17.0,6,18000.0,7.0,0.0,7.0,-2.0,1.0,2.0,13,6,13,-2,7,2,0.0,0.0,0.0,0.0,0.0,0.0,0.0,0.0,0.0,0.0,1.0,0.0,0.0,0.0,0.0,0.7,0.7,0.7,1.0,0.5,0.5,1.0,0.5,1.0,0.0,1.0,1.0,1.0,0.0,1.0,19.0,19.0,310.5,310.5,6.5,10.5,13.0,13.0,,83.0,83.0,83.0,83.0,83.0,0.0,= 83,= 83,= 83,,
Grandolpha Muzgardt,1123092-grandolpha-muzgardt,IDRotF,176.0,https://www.dndbeyond.com/monsters/1123092-grandolpha-muzgardt,humanoid,medium,unique,N,2.0,2,450.0,2.0,-1.0,4.0,1.0,3.0,3.0,2,-1,4,1,3,3,0.0,0.0,0.0,0.0,0.0,0.0,0.0,0.0,0.0,0.0,0.0,0.0,0.0,0.0,0.0,1.0,1.0,1.0,1.0,1.0,1.0,1.0,1.0,1.0,0.5,1.0,1.0,1.0,-1.0,1.0,9.0,9.0,59.5,119.0,2.0,2.0,5.0,5.0,13.0,13.0,13.0,13.0,13.0,13.0,0.0,= 13,= 13,= 13,,Assumes 2x hp from casting stoneskin prior to combat.
Granite Juggernaut,4468326-granite-juggernaut,VEoR,221.0,https://www.dndbeyond.com/monsters/4468326-granite-juggernaut,construct,large,generic,N,12.0,4,8400.0,6.0,-5.0,5.0,-4.0,0.0,-4.0,6,-5,5,-4,0,-4,0.0,1.0,0.0,1.0,1.0,0.0,0.0,0.0,1.0,1.0,1.0,1.0,0.0,0.0,0.0,0.3,0.3,0.3,1.0,1.0,1.0,1.0,1.0,1.0,0.0,0.0,1.0,1.0,-5.0,1.5,14.0,14.0,157.5,236.3,-0.3,3.7,10.0,10.0,18.0,66.0,66.0,66.0,66.0,66.0,0.0,= 11 + 55,= 11 + 55,= 11 + 55,,
Gray Ooze,16909-gray-ooze,MM (2014),243.0,https://www.dndbeyond.com/monsters/16909-gray-ooze,ooze,medium,generic,N,0.5,2,100.0,1.0,-2.0,3.0,-5.0,-2.0,-4.0,1,-2,3,-5,-2,-4,1.0,1.0,1.0,1.0,1.0,0.0,0.0,0.0,0.0,0.0,0.0,1.0,0.0,0.0,0.0,1.0,1.0,1.0,0.5,0.5,0.5,1.0,1.0,1.0,1.0,1.0,1.0,1.0,-2.0,2.0,8.0,8.0,22.5,22.5,-1.5,-1.5,3.0,3.0,,11.5,11.5,11.5,11.5,11.5,0.0,= 11.5,= 11.5,= 11.5,,
Gray Render,98864-gray-render,MToF,209.0,https://www.dndbeyond.com/monsters/98864-gray-render,monstrosity,large,legacy,N,12.0,4,8400.0,4.0,1.0,5.0,-4.0,-2.0,-1.0,8,1,9,-4,-2,-1,0.0,0.0,0.0,0.0,0.0,0.0,0.0,0.0,0.0,0.0,0.0,0.0,0.0,0.0,0.0,1.0,1.0,1.0,1.0,1.0,1.0,1.0,1.0,1.0,1.0,1.0,1.0,1.0,1.0,1.0,19.0,19.0,189.0,189.0,1.8,1.8,8.0,10.0,16.0,57.0,77.0,57.0,57.0,57.0,60.0,= 17 + 2*20,= 17 + 2*20,= 17 + 2*20,= 3*20,Assumes +20 DPR from Bloody Rampage.
Gray Render,2560836-gray-render,MPMotM,146.0,https://www.dndbeyond.com/monsters/2560836-gray-render,monstrosity,large,generic,N,12.0,4,8400.0,4.0,1.0,5.0,-4.0,-2.0,-1.0,8,1,9,-4,-2,-1,0.0,0.0,0.0,0.0,0.0,0.0,0.0,0.0,0.0,0.0,0.0,0.0,0.0,0.0,0.0,1.0,1.0,1.0,1.0,1.0,1.0,1.0,1.0,1.0,1.0,1.0,1.0,1.0,1.0,1.0,19.0,19.0,189.0,189.0,1.8,1.8,8.0,10.0,16.0,64.0,87.5,64.0,64.0,64.0,70.5,= 17 + 2*23.5,= 17 + 2*23.5,= 17 + 2*23.5,= 3*23.5,Assumes +2 AB from knocking target prone. Assumes +23.5 DPR from Bloody Rampage.
Gray Scavver,2821173-gray-scavver,SAiS:BAM,49.0,https://www.dndbeyond.com/monsters/2821173-gray-scavver,monstrosity,medium,generic,N,0.25,2,50.0,3.0,1.0,2.0,-5.0,0.0,-5.0,3,1,2,-5,0,-5,0.0,0.0,0.0,0.0,0.0,0.0,0.0,0.0,0.0,0.0,0.0,0.0,0.0,0.0,0.0,1.0,1.0,1.0,1.0,1.0,1.0,1.0,1.0,1.0,1.0,1.0,1.0,1.0,1.0,1.0,12.0,12.0,19.5,19.5,-0.7,-0.7,5.0,9.0,,7.5,7.5,7.5,7.5,7.5,0.0,= 7.5,= 7.5,= 7.5,,Assumes +4 AB from Bite (advantage).
Gray Slaad,17114-gray-slaad,MM (2014),277.0,https://www.dndbeyond.com/monsters/17114-gray-slaad,aberration,medium,generic,N,9.0,4,5000.0,3.0,3.0,3.0,1.0,-1.0,2.0,3,3,3,1,-1,2,0.0,0.0,0.0,0.0,0.0,0.0,0.0,0.0,0.0,0.0,0.0,0.0,0.0,0.0,0.0,1.0,1.0,1.0,0.5,0.5,0.5,1.0,0.5,1.0,1.0,1.0,1.0,0.5,3.0,1.5,18.0,18.0,127.5,236.3,1.8,5.8,7.0,7.0,14.0,46.0,46.0,56.0,56.0,26.0,0.0,= 2*28,= 2*28,= 6 + 2*10,,
GRAZ’ZT,17415-grazzt,OotA,248.0,https://www.dndbeyond.com/monsters/17415-grazzt,fiend,large,legacy,LL,24.0,7,62000.0,6.0,2.0,5.0,6.0,5.0,8.0,6,9,12,6,12,8,0.0,1.0,0.0,1.0,1.0,0.0,0.0,0.0,0.0,0.0,1.0,0.0,0.0,0.0,0.0,0.2,0.2,0.2,1.0,0.5,0.5,1.0,0.5,1.0,0.0,1.0,1.0,1.0,2.0,1.25,20.0,22.0,378.0,678.8,8.8,12.8,13.0,16.0,,170.0,170.0,170.0,170.0,170.0,0.0,= 2*34 + 3*34,= 2*34 + 3*34,= 2*34 + 3*34,,Assumes +25 HPR from Counterspell. Assumes +2 AC from lair actions. Assumes +2 AB from lair actions.
Graz’zt,17415-grazzt,MToF,149.0,https://www.dndbeyond.com/monsters/17415-grazzt,fiend,large,legacy,LL,24.0,7,62000.0,6.0,2.0,5.0,6.0,5.0,8.0,6,9,12,6,12,8,0.0,1.0,0.0,1.0,1.0,0.0,0.0,0.0,0.0,0.0,1.0,0.0,0.0,0.0,0.0,0.2,0.2,0.2,1.0,0.5,0.5,1.0,0.5,1.0,0.0,1.0,1.0,1.0,2.0,1.25,20.0,22.0,346.5,714.4,8.8,12.8,13.0,13.0,,152.5,152.5,152.5,152.5,152.5,0.0,= 2*30.5 + 3*30.5,= 2*30.5 + 3*30.5,= 2*30.5 + 3*30.5,,"Assumes +25 HPR from Counterspell, +2*30 HP from lair actions. Assumes +2 AC from lair actions."
Graz’zt,2560837-grazzt,MPMotM,148.0,https://www.dndbeyond.com/monsters/2560837-grazzt,fiend,large,unique,LL,24.0,7,62000.0,6.0,2.0,5.0,6.0,5.0,8.0,6,9,12,6,12,8,0.0,1.0,0.0,1.0,1.0,0.0,0.0,0.0,0.0,0.0,1.0,0.0,0.0,0.0,0.0,0.2,0.2,0.2,1.0,0.5,0.5,1.0,0.5,1.0,0.0,1.0,1.0,1.0,2.0,1.25,20.0,20.0,346.5,651.9,8.8,12.8,13.0,13.0,,170.0,170.0,170.0,170.0,170.0,0.0,= 2*34 + 3*34,= 2*34 + 3*34,= 2*34 + 3*34,,"Assumes +25 HP from Negate Spell, and +2*30 HP from lair actions."
Greater Death Dragon,3081108-greater-death-dragon,DSotDQ,195.0,https://www.dndbeyond.com/monsters/3081108-greater-death-dragon,undead,huge,legendary,L,14.0,5,11500.0,6.0,0.0,5.0,0.0,2.0,0.0,6,5,5,0,7,0,0.0,0.0,0.0,1.0,0.0,0.0,0.0,0.0,0.0,0.0,1.0,0.0,0.0,0.0,0.0,1.0,0.5,1.0,1.0,1.0,1.0,1.0,1.0,0.0,0.0,1.0,1.0,1.0,0.0,1.0,16.0,16.0,230.0,320.0,3.8,3.8,11.0,11.0,16.0,89.833336,89.833336,121.5,74.0,74.0,0.0,= 2*45 + 3*10.5,= 21.5 + 2*10.5 + 3*10.5,= 21.5 + 2*10.5 + 3*10.5,,
Greater Star Spawn Emissary,1680924-greater-star-spawn-emissary,VRGtR,245.0,https://www.dndbeyond.com/monsters/1680924-greater-star-spawn-emissary,aberration,huge,legendary,L,21.0,7,33000.0,7.0,1.0,8.0,8.0,6.0,7.0,7,1,15,15,13,14,0.0,1.0,0.0,0.0,1.0,0.0,0.0,0.0,0.0,0.0,0.0,0.0,0.0,0.0,0.0,1.0,1.0,1.0,0.5,1.0,1.0,0.5,1.0,0.5,1.0,0.5,1.0,1.0,1.0,1.0,15.0,15.0,290.0,410.0,10.8,10.8,14.0,14.0,23.0,220.5,220.5,235.0,225.5,201.0,0.0,= 2*55 + 24.5 + 3*33.5,= 3*33.5 + 24.5 + 3*33.5,= 3*33.5 + 3*33.5,,
Greater Zombie,22571-greater-zombie,TftYP,237.0,https://www.dndbeyond.com/monsters/22571-greater-zombie,undead,medium,generic,N,5.0,3,1800.0,4.0,0.0,3.0,-3.0,-2.0,-2.0,4,0,3,-3,1,-2,0.0,1.0,0.0,1.0,1.0,0.0,0.0,0.0,0.0,0.0,0.0,0.0,0.0,0.0,0.0,1.0,1.0,1.0,1.0,0.5,1.0,1.0,1.0,0.5,0.0,1.0,1.0,1.0,0.0,1.0,15.0,15.0,97.5,111.5,0.5,0.5,7.0,7.0,,28.0,28.0,28.0,28.0,28.0,0.0,= 2*14,= 2*14,= 2*14,,
Green Abishai,94566-green-abishai,MToF,162.0,https://www.dndbeyond.com/monsters/94566-green-abishai,fiend,medium,legacy,N,15.0,5,13000.0,1.0,3.0,3.0,3.0,1.0,4.0,1,3,3,8,1,9,0.0,0.0,0.0,0.0,0.0,0.0,0.0,0.0,0.0,0.0,1.0,0.0,0.0,0.0,0.0,0.8,0.8,0.8,1.0,0.5,0.0,1.0,1.0,1.0,0.0,1.0,1.0,1.0,3.0,1.25,18.0,18.0,187.5,234.4,4.2,8.2,8.0,8.0,,29.5,29.5,29.5,29.5,29.5,0.0,= 23 + 6.5,= 23 + 6.5,= 23 + 6.5,,
Green Abishai,2560838-green-abishai,MPMotM,40.0,https://www.dndbeyond.com/monsters/2560838-green-abishai,fiend,medium,generic,N,15.0,5,13000.0,1.0,3.0,3.0,3.0,1.0,4.0,1,3,3,8,1,9,0.0,0.0,0.0,0.0,0.0,0.0,0.0,0.0,0.0,0.0,1.0,0.0,0.0,0.0,0.0,0.8,0.8,0.8,1.0,0.5,0.0,1.0,1.0,1.0,0.0,1.0,1.0,1.0,3.0,1.25,18.0,18.0,195.0,243.8,4.2,8.2,8.0,8.0,16.0,57.0,57.0,57.0,57.0,57.0,0.0,= 2*28.5,= 2*28.5,= 2*28.5,,"Hard to value spells, but they are probably the better option."
Green Dragon Wyrmling,16910-green-dragon-wyrmling,MM (2014),95.0,https://www.dndbeyond.com/monsters/16910-green-dragon-wyrmling,dragon,medium,generic,N,2.0,2,450.0,2.0,1.0,1.0,2.0,0.0,1.0,2,3,3,2,2,3,0.0,0.0,0.0,0.0,0.0,0.0,0.0,0.0,0.0,0.0,1.0,0.0,0.0,0.0,0.0,1.0,1.0,1.0,1.0,1.0,1.0,1.0,1.0,1.0,0.0,1.0,1.0,1.0,1.0,1.0,17.0,17.0,38.5,38.5,2.5,2.5,4.0,4.0,11.0,21.333334,21.333334,42.0,11.0,11.0,0.0,= 2*21,= 11,= 11,,
Green Greatwyrm,2059744-green-greatwyrm,FToD,168.0,https://www.dndbeyond.com/monsters/2059744-green-greatwyrm,dragon,gargantuan,legendary,L,27.0,8,105000.0,10.0,2.0,10.0,5.0,5.0,8.0,10,10,18,5,13,16,0.0,1.0,0.0,0.0,1.0,0.0,0.0,0.0,0.0,0.0,1.0,0.0,0.0,0.0,0.0,1.0,1.0,1.0,1.0,1.0,1.0,1.0,1.0,1.0,0.0,1.0,1.0,1.0,2.0,1.0,22.0,22.0,533.0,653.0,12.0,12.0,18.0,18.0,26.0,183.0,183.0,291.0,129.0,129.0,0.0,= 3*78 + 3*19,= 34 + 2*19 + 3*19,= 34 + 2*19 + 3*19,,
Green Guard Drake,17268-green-guard-drake,VGtM,158.0,https://www.dndbeyond.com/monsters/17268-green-guard-drake,dragon,medium,legacy,N,2.0,2,450.0,3.0,0.0,3.0,-3.0,0.0,-2.0,3,0,3,-3,0,-2,0.0,0.0,0.0,0.0,0.0,0.0,0.0,0.0,0.0,0.0,0.0,0.0,0.0,0.0,0.0,1.0,1.0,1.0,1.0,1.0,1.0,1.0,1.0,1.0,0.5,1.0,1.0,1.0,0.0,1.0,14.0,14.0,52.5,52.5,0.2,0.2,5.0,5.0,,14.0,14.0,14.0,14.0,14.0,0.0,= 7.5 + 6.5,= 7.5 + 6.5,= 7.5 + 6.5,,
Green Guard Drake,2560839-green-guard-drake,MPMotM,151.0,https://www.dndbeyond.com/monsters/2560839-green-guard-drake,dragon,medium,generic,N,2.0,2,450.0,3.0,0.0,3.0,-3.0,0.0,-2.0,3,0,3,-3,0,-2,0.0,0.0,0.0,0.0,0.0,0.0,0.0,0.0,0.0,0.0,0.0,0.0,0.0,0.0,0.0,1.0,1.0,1.0,1.0,1.0,1.0,1.0,1.0,1.0,0.5,1.0,1.0,1.0,0.0,1.0,14.0,14.0,52.5,52.5,0.2,0.2,5.0,5.0,,14.0,14.0,14.0,14.0,14.0,0.0,= 7.5 + 6.5,= 7.5 + 6.5,= 7.5 + 6.5,,
Green Hag,16911-green-hag,MM (2014),177.0,https://www.dndbeyond.com/monsters/16911-green-hag,fey,medium,generic,N,3.0,2,700.0,4.0,1.0,3.0,1.0,2.0,2.0,4,1,3,1,2,2,0.0,0.0,0.0,0.0,0.0,0.0,0.0,0.0,0.0,0.0,0.0,0.0,0.0,0.0,0.0,1.0,1.0,1.0,1.0,1.0,1.0,1.0,1.0,1.0,1.0,1.0,1.0,1.0,1.0,1.0,17.0,17.0,82.5,82.5,2.2,2.2,6.0,6.0,12.0,13.0,13.0,13.0,13.0,13.0,0.0,= 13,= 13,= 13,,
Green Slaad,17115-green-slaad,MM (2014),277.0,https://www.dndbeyond.com/monsters/17115-green-slaad,aberration,large,generic,N,8.0,3,3900.0,4.0,2.0,3.0,0.0,-1.0,1.0,4,2,3,0,-1,1,0.0,0.0,0.0,0.0,0.0,0.0,0.0,0.0,0.0,0.0,0.0,0.0,0.0,0.0,0.0,1.0,1.0,1.0,0.5,0.5,0.5,1.0,0.5,1.0,1.0,1.0,1.0,0.5,2.0,1.5,16.0,16.0,127.5,236.3,1.5,5.5,7.0,7.0,12.0,50.0,50.0,84.0,33.0,33.0,0.0,= 3*28,= 3*11,= 3*11,,
Grell,17157-grell,MM (2014),172.0,https://www.dndbeyond.com/monsters/17157-grell,aberration,medium,generic,N,3.0,2,700.0,2.0,2.0,1.0,1.0,0.0,-1.0,2,2,1,1,0,-1,1.0,0.0,0.0,0.0,0.0,0.0,0.0,0.0,0.0,0.0,0.0,1.0,0.0,0.0,0.0,1.0,1.0,1.0,1.0,1.0,1.0,1.0,0.0,1.0,1.0,1.0,1.0,1.0,2.0,1.0,12.0,12.0,55.0,55.0,0.8,0.8,4.0,4.0,,14.0,14.0,14.0,14.0,14.0,0.0,= 2*7,= 2*7,= 2*7,,
Grell Psychic,3805748-grell-psychic,PaBTSO,145.0,https://www.dndbeyond.com/monsters/3805748-grell-psychic,aberration,medium,generic,N,4.0,2,1100.0,3.0,2.0,1.0,1.0,0.0,2.0,3,2,1,1,0,2,1.0,0.0,0.0,0.0,0.0,0.0,0.0,0.0,0.0,0.0,0.0,1.0,0.0,0.0,0.0,1.0,1.0,1.0,1.0,1.0,1.0,1.0,0.0,1.0,1.0,1.0,1.0,1.0,2.0,1.0,15.0,15.0,66.0,66.0,1.5,1.5,5.0,9.0,,19.0,22.800001,19.0,19.0,19.0,11.4,= 8.5 + 10.5,= 8.5 + 10.5,= 8.5 + 10.5,= SUM(BL1111:BN1111)*(1/5),Assumes +4 AB from Tentacle (Paralyzed). Assumes +20% DPR from Tentacle (Paralyzed).
Gremishka,1680925-gremishka,VRGtR,235.0,https://www.dndbeyond.com/monsters/1680925-gremishka,monstrosity,tiny,generic,N,0.125,2,25.0,-2.0,2.0,0.0,1.0,0.0,-3.0,-2,2,0,1,0,-3,0.0,0.0,0.0,0.0,0.0,0.0,0.0,0.0,0.0,0.0,0.0,0.0,0.0,0.0,0.0,1.0,1.0,1.0,1.0,1.0,1.0,1.0,1.0,1.0,1.0,1.0,1.0,1.0,2.0,1.0,12.0,12.0,10.0,10.0,-0.3,-0.3,4.0,4.0,10.0,10.5,10.5,17.5,7.0,7.0,0.0,= 7 + 3*3.5,= 7,= 7,,
Gremorly’s Ghost,3960609-gremorlys-ghost,TBoMT,122.0,https://www.dndbeyond.com/monsters/3960609-gremorlys-ghost,undead,medium,unique,L,9.0,4,5000.0,-2.0,2.0,1.0,4.0,1.0,3.0,-2,2,1,8,5,3,0.0,1.0,0.0,1.0,1.0,1.0,0.0,0.0,1.0,1.0,1.0,1.0,1.0,0.0,0.0,0.7,0.7,0.7,0.5,0.0,0.5,1.0,0.5,0.0,0.0,1.0,1.0,0.5,2.0,2.0,12.0,12.0,82.5,339.0,2.8,2.8,8.0,8.0,16.0,61.5,61.5,61.5,61.5,61.5,0.0,= 61.5,= 61.5,= 61.5,,
Grenl,288139-grenl,TftYP,25.0,https://www.dndbeyond.com/monsters/288139-grenl,humanoid,small,unique,N,0.25,2,50.0,-1.0,2.0,0.0,0.0,1.0,-1.0,-1,2,0,0,1,-1,0.0,0.0,0.0,0.0,0.0,0.0,0.0,0.0,0.0,0.0,0.0,0.0,0.0,0.0,0.0,1.0,1.0,1.0,1.0,1.0,1.0,1.0,1.0,1.0,1.0,1.0,1.0,1.0,2.0,1.0,15.0,19.0,10.5,10.5,0.2,4.2,3.0,7.0,,12.333333,12.333333,16.0,16.0,5.0,0.0,= 16,= 16,= 5,,Assumes +4 AC from Nimble Escape. Assumes +4 SB from Nimble Escape. Assumes +4 AB from Nimble Escape.
Grick,16912-grick,MM (2014),173.0,https://www.dndbeyond.com/monsters/16912-grick,monstrosity,medium,generic,N,2.0,2,450.0,2.0,2.0,0.0,-4.0,2.0,-3.0,2,2,0,-4,2,-3,0.0,0.0,0.0,0.0,0.0,0.0,0.0,0.0,0.0,0.0,0.0,0.0,0.0,0.0,0.0,0.7,0.7,0.7,1.0,1.0,1.0,1.0,1.0,1.0,1.0,1.0,1.0,1.0,2.0,2.0,14.0,14.0,27.0,27.0,-0.2,-0.2,4.0,4.0,,14.5,14.5,14.5,14.5,14.5,0.0,= 9 + 5.5,= 9 + 5.5,= 9 + 5.5,,
Grick Alpha,17158-grick-alpha,MM (2014),173.0,https://www.dndbeyond.com/monsters/17158-grick-alpha,monstrosity,large,generic,N,7.0,3,2900.0,4.0,3.0,2.0,-3.0,2.0,-1.0,4,3,2,-3,2,-1,0.0,0.0,0.0,0.0,0.0,0.0,0.0,0.0,0.0,0.0,0.0,0.0,0.0,0.0,0.0,0.7,0.7,0.7,1.0,1.0,1.0,1.0,1.0,1.0,1.0,1.0,1.0,1.0,3.0,1.5,18.0,18.0,75.0,112.5,1.2,1.2,7.0,7.0,,46.0,46.0,46.0,46.0,46.0,0.0,= 11 + 22 + 13,= 11 + 22 + 13,= 11 + 22 + 13,,
Griffon,16913-griffon,MM (2014),174.0,https://www.dndbeyond.com/monsters/16913-griffon,monstrosity,large,generic,N,2.0,2,450.0,4.0,2.0,3.0,-4.0,1.0,-1.0,4,2,3,-4,1,-1,0.0,0.0,0.0,0.0,0.0,0.0,0.0,0.0,0.0,0.0,0.0,0.0,0.0,0.0,0.0,1.0,1.0,1.0,1.0,1.0,1.0,1.0,1.0,1.0,1.0,1.0,1.0,1.0,2.0,1.0,12.0,12.0,59.5,59.5,0.8,0.8,6.0,6.0,,19.5,19.5,19.5,19.5,19.5,0.0,= 8.5 + 11,= 8.5 + 11,= 8.5 + 11,,
Griffon Cavalry Rider,149838-griffon-cavalry-rider,WDH,197.0,https://www.dndbeyond.com/monsters/149838-griffon-cavalry-rider,humanoid,medium,generic,N,2.0,2,450.0,2.0,2.0,2.0,0.0,1.0,0.0,2,2,2,0,1,0,0.0,0.0,0.0,0.0,0.0,0.0,0.0,0.0,0.0,0.0,0.0,0.0,0.0,0.0,0.0,1.0,1.0,1.0,1.0,1.0,1.0,1.0,1.0,1.0,1.0,1.0,1.0,1.0,2.0,1.0,17.0,17.0,58.5,58.5,1.2,1.2,4.0,4.0,,11.0,11.0,11.0,11.0,11.0,0.0,= 11,= 11,= 11,,
Grim Champion of Bloodshed,3960610-grim-champion-of-bloodshed,TBoMT,161.0,https://www.dndbeyond.com/monsters/3960610-grim-champion-of-bloodshed,undead,medium,unique,L,20.0,6,25000.0,6.0,1.0,4.0,0.0,3.0,5.0,12,7,10,0,3,5,1.0,1.0,1.0,1.0,1.0,0.0,0.0,0.0,0.0,0.0,1.0,0.0,0.0,1.0,1.0,0.7,0.7,0.7,1.0,0.5,1.0,1.0,1.0,0.5,0.0,1.0,1.0,1.0,1.0,1.0,18.0,18.0,280.5,370.5,6.2,6.2,12.0,12.0,19.0,140.83333,140.83333,160.5,131.0,131.0,0.0,= 3*24.5 + 2*27 + 3*11,= 4*24.5 + 3*11,= 4*24.5 + 3*11,,
Grim Champion of Desolation,3960611-grim-champion-of-desolation,TBoMT,162.0,https://www.dndbeyond.com/monsters/3960611-grim-champion-of-desolation,undead,medium,unique,L,25.0,8,75000.0,6.0,6.0,4.0,1.0,5.0,4.0,6,14,12,1,13,4,1.0,1.0,1.0,1.0,1.0,0.0,0.0,0.0,0.0,0.0,1.0,0.0,0.0,1.0,1.0,0.7,0.7,0.7,1.0,0.5,1.0,1.0,1.0,0.5,0.0,1.0,1.0,1.0,6.0,1.0,18.0,18.0,416.5,566.5,8.3,8.3,14.0,14.0,22.0,183.0,219.66667,183.0,183.0,183.0,110.0,= 2*46 + 49 + 3*14,= 2*46 + 49 + 3*14,= 2*46 + 49 + 3*14,= 110,Assumes +110 damage from Hollow Void.
Grim Champion of Pestilence,3960612-grim-champion-of-pestilence,TBoMT,163.0,https://www.dndbeyond.com/monsters/3960612-grim-champion-of-pestilence,undead,medium,unique,L,15.0,5,13000.0,0.0,4.0,3.0,3.0,2.0,5.0,0,9,3,3,2,10,1.0,1.0,1.0,1.0,1.0,0.0,0.0,0.0,0.0,0.0,1.0,0.0,0.0,1.0,1.0,0.7,0.7,0.7,1.0,0.5,1.0,1.0,1.0,0.5,0.0,1.0,1.0,1.0,4.0,1.25,17.0,17.0,120.0,262.5,4.5,4.5,9.0,9.0,18.0,147.5,176.83333,147.5,147.5,147.5,88.0,= 2*29.5 + 3*29.5,= 2*29.5 + 3*29.5,= 2*29.5 + 3*29.5,= 88,Assumes +88 damage from Halo of Pestilence.
Grimlock,16914-grimlock,MM (2014),175.0,https://www.dndbeyond.com/monsters/16914-grimlock,humanoid,medium,generic,N,0.25,2,50.0,3.0,1.0,1.0,-1.0,-1.0,-2.0,3,1,1,-1,-1,-2,1.0,0.0,0.0,0.0,0.0,0.0,0.0,0.0,0.0,0.0,0.0,0.0,0.0,0.0,0.0,1.0,1.0,1.0,1.0,1.0,1.0,1.0,1.0,1.0,1.0,1.0,1.0,1.0,1.0,1.0,11.0,11.0,11.0,11.0,0.2,0.2,5.0,5.0,,8.0,8.0,8.0,8.0,8.0,0.0,= 8,= 8,= 8,,
Grinning Cat,3731032-grinning-cat,BPGotG,156.0,https://www.dndbeyond.com/monsters/3731032-grinning-cat,fey,large,generic,N,1.0,2,200.0,2.0,2.0,1.0,2.0,2.0,3.0,2,2,1,2,2,3,0.0,0.0,0.0,0.0,0.0,0.0,0.0,0.0,0.0,0.0,0.0,0.0,0.0,0.0,0.0,1.0,1.0,1.0,1.0,1.0,1.0,1.0,1.0,1.0,1.0,1.0,1.0,1.0,2.0,1.0,12.0,16.0,45.5,45.5,2.0,10.0,4.0,8.0,12.0,9.0,11.5,9.0,9.0,9.0,7.5,= 9,= 9,= 9,= 7.5,Assumes +4 AC from Fade Away. Assumes +4 SB from Fade Away. Assumes +4 AB from Fade Away. Assumes +7.5 damage from Claws (prone).
Grippli Warrior,1528965-grippli-warrior,CM,99.0,https://www.dndbeyond.com/monsters/1528965-grippli-warrior,humanoid,small,generic,N,0.25,2,50.0,0.0,2.0,1.0,0.0,2.0,0.0,0,2,1,0,2,0,0.0,0.0,0.0,0.0,0.0,0.0,0.0,0.0,0.0,0.0,0.0,0.0,0.0,0.0,0.0,1.0,1.0,1.0,1.0,1.0,1.0,1.0,1.0,1.0,1.0,1.0,1.0,1.0,2.0,1.0,12.0,12.0,13.5,13.5,0.8,0.8,4.0,4.0,,9.0,9.0,9.0,9.0,9.0,0.0,= 9,= 9,= 9,,
Grisha,17404-grisha,OotA,232.0,https://www.dndbeyond.com/monsters/17404-grisha,humanoid,medium,unique,N,2.0,2,450.0,2.0,1.0,1.0,0.0,2.0,3.0,2,1,1,0,4,5,0.0,0.0,0.0,0.0,0.0,0.0,0.0,0.0,0.0,0.0,0.0,0.0,0.0,0.0,0.0,1.0,1.0,1.0,1.0,1.0,1.0,1.0,1.0,1.0,1.0,1.0,1.0,1.0,1.0,1.0,18.0,18.0,33.0,33.0,2.2,2.2,4.0,4.0,12.0,44.0,44.0,26.0,53.0,53.0,0.0,= 2*13,= 27 + 2*13,= 27 + 2*13,,
Groff,2160306-groff,SACoC,194.0,https://www.dndbeyond.com/monsters/2160306-groff,plant,large,generic,N,4.0,2,1100.0,5.0,0.0,3.0,-3.0,1.0,-2.0,5,0,3,-3,1,-2,0.0,0.0,0.0,0.0,0.0,0.0,0.0,0.0,0.0,0.0,0.0,0.0,0.0,0.0,0.0,1.0,1.0,1.0,1.0,1.0,1.0,1.0,1.0,1.0,1.0,1.0,1.0,1.0,0.0,1.0,13.0,13.0,68.0,68.0,0.7,0.7,7.0,7.0,15.0,18.0,25.0,18.0,18.0,18.0,21.0,= 9.5 + 8.5,= 9.5 + 8.5,= 9.5 + 8.5,= 2*10.5,Should have more hit points from False Appearance. Assumes +2*10.5 damage from Engulf.
Grung,17262-grung,VGtM,156.0,https://www.dndbeyond.com/monsters/17262-grung,humanoid,small,legacy,N,0.25,2,50.0,-2.0,2.0,2.0,0.0,0.0,0.0,-2,4,2,0,0,0,0.0,0.0,0.0,0.0,0.0,0.0,0.0,0.0,0.0,0.0,1.0,0.0,0.0,0.0,0.0,1.0,1.0,1.0,1.0,1.0,1.0,1.0,1.0,1.0,0.0,1.0,1.0,1.0,2.0,1.0,12.0,13.0,11.0,11.0,0.7,0.7,4.0,4.0,12.0,9.5,9.5,9.5,9.5,9.5,0.0,= 9.5,= 9.5,= 9.5,,Assumes +1 AC from Poisonous Skin.
Grung,2560842-grung,MPMotM,149.0,https://www.dndbeyond.com/monsters/2560842-grung,humanoid,small,generic,N,0.25,2,50.0,-2.0,2.0,2.0,0.0,0.0,0.0,-2,4,2,0,0,0,0.0,0.0,0.0,0.0,0.0,0.0,0.0,0.0,0.0,0.0,1.0,0.0,0.0,0.0,0.0,1.0,1.0,1.0,1.0,1.0,1.0,1.0,1.0,1.0,0.0,1.0,1.0,1.0,2.0,1.0,12.0,13.0,11.0,11.0,0.7,0.7,4.0,4.0,12.0,9.5,9.5,9.5,9.5,9.5,0.0,= 9.5,= 9.5,= 9.5,,Assumes +1 AC from Poisonous Skin.
Grung Elite Warrior,17263-grung-elite-warrior,VGtM,157.0,https://www.dndbeyond.com/monsters/17263-grung-elite-warrior,humanoid,small,legacy,N,2.0,2,450.0,-2.0,3.0,2.0,0.0,0.0,1.0,-2,5,2,0,0,1,0.0,0.0,0.0,0.0,0.0,0.0,0.0,0.0,0.0,0.0,1.0,0.0,0.0,0.0,0.0,1.0,1.0,1.0,1.0,1.0,1.0,1.0,1.0,1.0,0.0,1.0,1.0,1.0,3.0,1.0,13.0,14.0,49.5,49.5,1.0,1.0,5.0,5.0,12.0,11.5,11.5,11.5,11.5,11.5,0.0,= 11.5,= 11.5,= 11.5,,Assumes +1 AC from Poisonous Skin.
Grung Elite Warrior,2560840-grung-elite-warrior,MPMotM,150.0,https://www.dndbeyond.com/monsters/2560840-grung-elite-warrior,humanoid,small,generic,N,2.0,2,450.0,-2.0,3.0,2.0,0.0,0.0,1.0,-2,5,2,0,0,1,0.0,0.0,0.0,0.0,0.0,0.0,0.0,0.0,0.0,0.0,1.0,0.0,0.0,0.0,0.0,1.0,1.0,1.0,1.0,1.0,1.0,1.0,1.0,1.0,0.0,1.0,1.0,1.0,3.0,1.0,13.0,14.0,49.5,49.5,1.0,1.0,5.0,5.0,12.0,11.5,11.5,11.5,11.5,11.5,0.0,= 11.5,= 11.5,= 11.5,,Assumes +1 AC from Poisonous Skin.
Grung Wildling,17264-grung-wildling,VGtM,157.0,https://www.dndbeyond.com/monsters/17264-grung-wildling,humanoid,small,legacy,N,1.0,2,200.0,-2.0,3.0,2.0,0.0,2.0,0.0,-2,5,2,0,2,0,0.0,0.0,0.0,0.0,0.0,0.0,0.0,0.0,0.0,0.0,1.0,0.0,0.0,0.0,0.0,1.0,1.0,1.0,1.0,1.0,1.0,1.0,1.0,1.0,0.0,1.0,1.0,1.0,3.0,1.0,16.0,17.0,27.5,27.5,1.2,1.2,5.0,5.0,12.0,17.666666,17.666666,30.0,11.5,11.5,0.0,= 2*15,= 11.5,= 11.5,,Assumes +1 AC from Poisonous Skin. Assumes +2*15 damage from spike growth.
Grung Wildling,2560841-grung-wildling,MPMotM,150.0,https://www.dndbeyond.com/monsters/2560841-grung-wildling,humanoid,small,generic,N,1.0,2,200.0,-2.0,3.0,2.0,0.0,2.0,0.0,-2,5,2,0,2,0,0.0,0.0,0.0,0.0,0.0,0.0,0.0,0.0,0.0,0.0,1.0,0.0,0.0,0.0,0.0,1.0,1.0,1.0,1.0,1.0,1.0,1.0,1.0,1.0,0.0,1.0,1.0,1.0,3.0,1.0,16.0,17.0,27.5,27.5,1.2,1.2,5.0,5.0,12.0,17.666666,17.666666,30.0,11.5,11.5,0.0,= 2*15,= 11.5,= 11.5,,Assumes +1 AC from Poisonous Skin. Assumes +2*15 damage from spike growth.
Guard,16915-guard,MM (2014),347.0,https://www.dndbeyond.com/monsters/16915-guard,humanoid,medium,generic,N,0.125,2,25.0,1.0,1.0,1.0,0.0,0.0,0.0,1,1,1,0,0,0,0.0,0.0,0.0,0.0,0.0,0.0,0.0,0.0,0.0,0.0,0.0,0.0,0.0,0.0,0.0,1.0,1.0,1.0,1.0,1.0,1.0,1.0,1.0,1.0,1.0,1.0,1.0,1.0,1.0,1.0,16.0,16.0,11.0,11.0,0.5,0.5,3.0,3.0,,4.5,4.5,4.5,4.5,4.5,0.0,= 4.5,= 4.5,= 4.5,,
Guard Drake,17265-guard-drake,VGtM,158.0,https://www.dndbeyond.com/monsters/17265-guard-drake,dragon,medium,legacy,N,2.0,2,450.0,3.0,0.0,3.0,-3.0,0.0,-2.0,3,0,3,-3,0,-2,0.0,0.0,0.0,0.0,0.0,0.0,0.0,0.0,0.0,0.0,0.0,0.0,0.0,0.0,0.0,1.0,1.0,1.0,1.0,1.0,1.0,1.0,1.0,1.0,1.0,1.0,1.0,1.0,0.0,1.0,14.0,14.0,52.5,52.5,0.2,0.2,5.0,5.0,,14.0,14.0,14.0,14.0,14.0,0.0,= 7.5 + 6.5,= 7.5 + 6.5,= 7.5 + 6.5,,
Guard Drake,2560843-guard-drake,MPMotM,151.0,https://www.dndbeyond.com/monsters/2560843-guard-drake,dragon,medium,generic,N,2.0,2,450.0,3.0,0.0,3.0,-3.0,0.0,-2.0,3,0,3,-3,0,-2,0.0,0.0,0.0,0.0,0.0,0.0,0.0,0.0,0.0,0.0,0.0,0.0,0.0,0.0,0.0,1.0,1.0,1.0,1.0,1.0,1.0,1.0,1.0,1.0,1.0,1.0,1.0,1.0,0.0,1.0,14.0,14.0,52.5,52.5,0.2,0.2,5.0,5.0,,14.0,14.0,14.0,14.0,14.0,0.0,= 7.5 + 6.5,= 7.5 + 6.5,= 7.5 + 6.5,,
Guardian Giant,175359-guardian-giant,GGtR,201.0,https://www.dndbeyond.com/monsters/175359-guardian-giant,giant,huge,generic,N,8.0,3,3900.0,7.0,3.0,6.0,0.0,4.0,1.0,7,6,6,0,7,1,0.0,0.0,0.0,0.0,0.0,0.0,0.0,0.0,0.0,0.0,0.0,0.0,0.0,0.0,0.0,1.0,1.0,1.0,1.0,1.0,1.0,1.0,1.0,1.0,1.0,1.0,1.0,1.0,3.0,1.0,19.0,19.0,137.5,137.5,4.5,4.5,10.0,10.0,,51.0,51.0,51.0,51.0,51.0,0.0,= 3*17,= 3*17,= 3*17,,
Guardian Naga,16916-guardian-naga,MM (2014),234.0,https://www.dndbeyond.com/monsters/16916-guardian-naga,monstrosity,large,generic,N,10.0,4,5900.0,4.0,4.0,3.0,3.0,4.0,4.0,4,8,7,7,8,8,0.0,1.0,0.0,0.0,0.0,0.0,0.0,0.0,0.0,0.0,1.0,0.0,0.0,0.0,0.0,1.0,1.0,1.0,1.0,1.0,1.0,1.0,1.0,1.0,0.0,1.0,1.0,1.0,4.0,1.0,18.0,18.0,127.5,127.5,7.0,7.0,8.0,8.0,16.0,58.333332,58.333332,63.0,56.0,56.0,0.0,= 2*31.5,= 2*28,= 2*28,,
Guardian of Gorm,4635150-guardian-of-gorm,QftIS,203.0,https://www.dndbeyond.com/monsters/4635150-guardian-of-gorm,humanoid,medium,generic,N,0.125,2,25.0,2.0,0.0,0.0,0.0,1.0,1.0,2,0,0,0,1,1,0.0,0.0,0.0,0.0,0.0,0.0,0.0,0.0,0.0,0.0,0.0,0.0,0.0,0.0,0.0,1.0,1.0,1.0,1.0,1.0,1.0,1.0,1.0,1.0,1.0,1.0,1.0,1.0,0.0,1.0,16.0,16.0,9.0,9.0,0.7,0.7,4.0,4.0,,8.0,8.0,8.0,8.0,8.0,0.0,= 8,= 8,= 8,,
Guardian Portrait,17359-guardian-portrait,CoS,227.0,https://www.dndbeyond.com/monsters/17359-guardian-portrait,construct,medium,unique,N,1.0,2,200.0,-5.0,-5.0,0.0,2.0,0.0,0.0,-5,-5,0,2,0,0,0.0,1.0,0.0,1.0,1.0,1.0,0.0,0.0,1.0,1.0,1.0,1.0,1.0,0.0,0.0,1.0,1.0,1.0,1.0,1.0,1.0,1.0,1.0,1.0,0.0,1.0,1.0,1.0,-5.0,1.0,5.0,5.0,22.5,22.5,-1.3,-1.3,4.0,4.0,12.0,10.5,10.5,10.5,10.5,10.5,0.0,= 10.5,= 10.5,= 10.5,,
Guardian Wolf,745189-guardian-wolf,EGtW,271.0,https://www.dndbeyond.com/monsters/745189-guardian-wolf,monstrosity,huge,generic,N,4.0,2,1100.0,6.0,2.0,3.0,-3.0,1.0,-1.0,6,2,3,-3,1,-1,0.0,0.0,0.0,0.0,0.0,0.0,0.0,0.0,0.0,0.0,0.0,0.0,0.0,0.0,0.0,1.0,1.0,1.0,1.0,1.0,1.0,1.0,1.0,1.0,1.0,1.0,1.0,1.0,2.0,1.0,14.0,14.0,66.5,66.5,1.3,1.3,8.0,8.0,,26.0,26.0,26.0,26.0,26.0,0.0,= 11 + 15,= 11 + 15,= 11 + 15,,
Gunvald Halraggson,1123093-gunvald-halraggson,IDRotF,305.0,https://www.dndbeyond.com/monsters/1123093-gunvald-halraggson,humanoid,medium,unique,N,5.0,3,1800.0,5.0,-1.0,4.0,-1.0,0.0,3.0,5,-1,4,-1,0,3,0.0,0.0,0.0,0.0,0.0,0.0,0.0,0.0,0.0,0.0,0.0,0.0,0.0,0.0,0.0,1.0,1.0,1.0,1.0,1.0,1.0,1.0,1.0,1.0,1.0,1.0,1.0,1.0,-1.0,1.0,13.0,13.0,76.5,106.5,1.7,1.7,8.0,8.0,,33.0,33.0,33.0,33.0,33.0,0.0,= 3*9 + 6,= 3*9 + 6,= 3*9 + 6,,
Guthash,288117-guthash,TftYP,21.0,https://www.dndbeyond.com/monsters/288117-guthash,beast,medium,unique,N,0.25,2,50.0,-2.0,2.0,0.0,-4.0,0.0,-3.0,-2,2,0,-4,0,-3,0.0,0.0,0.0,0.0,0.0,0.0,0.0,0.0,0.0,0.0,0.0,0.0,0.0,0.0,0.0,1.0,1.0,1.0,1.0,1.0,1.0,1.0,1.0,1.0,1.0,1.0,1.0,1.0,2.0,1.0,12.0,12.0,9.0,16.0,-1.2,-1.2,5.0,6.0,,4.0,4.0,4.0,4.0,4.0,0.0,= 4,= 4,= 4,,
Gynosphinx,16917-gynosphinx,MM (2014),282.0,https://www.dndbeyond.com/monsters/16917-gynosphinx,monstrosity,large,legendary,LL,11.0,4,7200.0,4.0,2.0,3.0,4.0,4.0,4.0,4,2,3,4,4,4,0.0,1.0,0.0,0.0,1.0,0.0,0.0,0.0,0.0,0.0,0.0,0.0,0.0,0.0,0.0,0.7,0.7,0.7,1.0,1.0,1.0,1.0,1.0,1.0,1.0,0.0,1.0,1.0,2.0,1.25,17.0,22.0,136.0,170.0,3.5,3.5,8.0,8.0,,65.0,65.0,65.0,65.0,65.0,0.0,= 2*13 + 3*13,= 2*13 + 3*13,= 2*13 + 3*13,,Assumes +5 AC from Shield.
Hadozee Explorer,2821174-hadozee-explorer,SAiS:BAM,28.0,https://www.dndbeyond.com/monsters/2821174-hadozee-explorer,humanoid,medium,generic,N,2.0,2,450.0,0.0,3.0,1.0,1.0,3.0,2.0,0,3,3,1,5,2,0.0,0.0,0.0,0.0,0.0,0.0,0.0,0.0,0.0,0.0,0.0,0.0,0.0,0.0,0.0,1.0,1.0,1.0,1.0,1.0,1.0,1.0,1.0,1.0,1.0,1.0,1.0,1.0,3.0,1.0,15.0,19.0,49.5,49.5,2.3,2.3,5.0,9.0,,16.0,16.0,16.0,16.0,16.0,0.0,= 16,= 16,= 16,,
Hadozee Shipmate,2821175-hadozee-shipmate,SAiS:BAM,29.0,https://www.dndbeyond.com/monsters/2821175-hadozee-shipmate,humanoid,medium,generic,N,0.125,2,25.0,0.0,2.0,0.0,0.0,2.0,1.0,0,4,2,0,2,1,0.0,0.0,0.0,0.0,0.0,0.0,0.0,0.0,0.0,0.0,0.0,0.0,0.0,0.0,0.0,1.0,1.0,1.0,1.0,1.0,1.0,1.0,1.0,1.0,1.0,1.0,1.0,1.0,2.0,1.0,12.0,12.0,9.0,9.0,1.5,1.5,4.0,4.0,,4.5,4.5,4.5,4.5,4.5,0.0,= 4.5,= 4.5,= 4.5,,
Hadozee Warrior,2821176-hadozee-warrior,SAiS:BAM,29.0,https://www.dndbeyond.com/monsters/2821176-hadozee-warrior,humanoid,medium,generic,N,0.5,2,100.0,0.0,3.0,1.0,0.0,1.0,1.0,0,5,3,0,1,1,0.0,0.0,0.0,0.0,0.0,0.0,0.0,0.0,0.0,0.0,0.0,0.0,0.0,0.0,0.0,1.0,1.0,1.0,1.0,1.0,1.0,1.0,1.0,1.0,1.0,1.0,1.0,1.0,3.0,1.0,16.0,16.0,16.5,25.5,1.7,1.7,5.0,5.0,,13.0,13.0,13.0,13.0,13.0,0.0,= 2*6.5,= 2*6.5,= 2*6.5,,Assumes +3 HP per round from Uncanny Dodge.
Hadrosaurus,17241-hadrosaurus,VGtM,140.0,https://www.dndbeyond.com/monsters/17241-hadrosaurus,beast,large,legacy,N,0.25,2,50.0,2.0,0.0,1.0,-4.0,0.0,-3.0,2,0,1,-4,0,-3,0.0,0.0,0.0,0.0,0.0,0.0,0.0,0.0,0.0,0.0,0.0,0.0,0.0,0.0,0.0,1.0,1.0,1.0,1.0,1.0,1.0,1.0,1.0,1.0,1.0,1.0,1.0,1.0,0.0,1.0,11.0,11.0,19.5,19.5,-0.7,-0.7,4.0,4.0,,7.5,7.5,7.5,7.5,7.5,0.0,= 7.5,= 7.5,= 7.5,,
Hadrosaurus,2560844-hadrosaurus,MPMotM,96.0,https://www.dndbeyond.com/monsters/2560844-hadrosaurus,beast,large,generic,N,0.25,2,50.0,2.0,0.0,1.0,-4.0,0.0,-3.0,2,0,1,-4,0,-3,0.0,0.0,0.0,0.0,0.0,0.0,0.0,0.0,0.0,0.0,0.0,0.0,0.0,0.0,0.0,1.0,1.0,1.0,1.0,1.0,1.0,1.0,1.0,1.0,1.0,1.0,1.0,1.0,0.0,1.0,11.0,11.0,19.5,19.5,-0.7,-0.7,4.0,4.0,,7.5,7.5,7.5,7.5,7.5,0.0,= 7.5,= 7.5,= 7.5,,
Haint,2739097-haint,JttRC,185.0,https://www.dndbeyond.com/monsters/2739097-haint,undead,medium,generic,N,7.0,3,2900.0,-2.0,2.0,3.0,0.0,1.0,3.0,-2,2,3,0,1,3,0.0,1.0,0.0,1.0,1.0,1.0,0.0,0.0,1.0,1.0,1.0,1.0,1.0,0.0,0.0,0.7,0.7,0.7,0.5,0.0,0.5,1.0,1.0,0.0,0.0,1.0,1.0,0.5,2.0,2.0,12.0,12.0,75.0,150.0,1.2,1.2,6.0,6.0,14.0,42.0,50.0,42.0,42.0,42.0,24.0,= 2*21,= 2*21,= 2*21,= 3*8,Assumes +8 DPR from Shared Sorrow.
Halaster Blackcloak,183818-halaster-blackcloak,WDotMM,310.0,https://www.dndbeyond.com/monsters/183818-halaster-blackcloak,humanoid,medium,unique,LL,23.0,7,50000.0,0.0,4.0,4.0,7.0,4.0,4.0,0,4,4,14,11,4,0.0,0.0,0.0,0.0,0.0,0.0,0.0,0.0,0.0,0.0,0.0,0.0,0.0,0.0,0.0,1.0,1.0,1.0,1.0,1.0,0.5,1.0,0.5,1.0,1.0,1.0,1.0,1.0,4.0,1.0,17.0,22.0,246.5,336.5,6.2,6.2,14.0,14.0,22.0,250.0,250.0,440.0,155.0,155.0,0.0,= 3*(70 + 70) + 20,= 3*45 + 20,= 3*45 + 20,,Assumes +5 AC from Shield.
Half-Ogre,17185-half-ogre,MM (2014),238.0,https://www.dndbeyond.com/monsters/17185-half-ogre,giant,large,generic,N,1.0,2,200.0,3.0,0.0,2.0,-2.0,-1.0,0.0,3,0,2,-2,-1,0,0.0,0.0,0.0,0.0,0.0,0.0,0.0,0.0,0.0,0.0,0.0,0.0,0.0,0.0,0.0,1.0,1.0,1.0,1.0,1.0,1.0,1.0,1.0,1.0,1.0,1.0,1.0,1.0,0.0,1.0,12.0,12.0,30.0,30.0,0.3,0.3,5.0,5.0,,14.0,14.0,14.0,14.0,14.0,0.0,= 14,= 14,= 14,,
Half-Red Dragon Gladiator,27709-half-red-dragon-gladiator,RoT,56.0,https://www.dndbeyond.com/monsters/27709-half-red-dragon-gladiator,humanoid,medium,generic,N,6.0,3,2300.0,4.0,2.0,3.0,0.0,1.0,2.0,7,5,6,0,1,2,0.0,0.0,0.0,0.0,0.0,0.0,0.0,0.0,0.0,0.0,0.0,0.0,0.0,0.0,0.0,1.0,1.0,1.0,1.0,1.0,0.5,1.0,1.0,1.0,1.0,1.0,1.0,1.0,2.0,1.0,16.0,18.0,112.5,112.5,3.5,3.5,7.0,7.0,15.0,38.333332,38.333332,49.0,33.0,33.0,0.0,= 2*24.5,= 3*11,= 3*11,,Assumes +2 AC from Parry.
Half-Red Dragon Veteran,16918-half-red-dragon-veteran,MM (2014),180.0,https://www.dndbeyond.com/monsters/16918-half-red-dragon-veteran,humanoid,medium,generic,N,5.0,3,1800.0,3.0,1.0,2.0,0.0,0.0,0.0,3,1,2,0,0,0,0.0,0.0,0.0,0.0,0.0,0.0,0.0,0.0,0.0,0.0,0.0,0.0,0.0,0.0,0.0,1.0,1.0,1.0,1.0,1.0,0.5,1.0,1.0,1.0,1.0,1.0,1.0,1.0,1.0,1.0,18.0,18.0,65.0,65.0,1.0,1.0,5.0,5.0,,30.666666,30.666666,49.0,21.5,21.5,0.0,= 2*24.5,= 2*7.5 + 6.5,= 2*7.5 + 6.5,,
Hands of Havoc Fire Starter,3883541-hands-of-havoc-fire-starter,PAitM:MPP,58.0,https://www.dndbeyond.com/monsters/3883541-hands-of-havoc-fire-starter,humanoid,medium,generic,N,4.0,2,1100.0,3.0,2.0,2.0,0.0,3.0,0.0,5,2,4,0,3,0,0.0,0.0,0.0,0.0,0.0,0.0,0.0,0.0,0.0,0.0,0.0,0.0,0.0,0.0,0.0,1.0,1.0,1.0,1.0,1.0,0.5,1.0,1.0,1.0,1.0,1.0,1.0,1.0,2.0,1.0,16.0,16.0,65.0,65.0,2.3,2.3,5.0,5.0,13.0,47.0,47.0,47.0,47.0,47.0,0.0,= 2*16.5 + 4*3.5,= 2*16.5 + 4*3.5,= 2*16.5 + 4*3.5,,
Hare,1123094-hare,IDRotF,294.0,https://www.dndbeyond.com/monsters/1123094-hare,beast,tiny,generic,N,0.0,2,10.0,-5.0,3.0,-1.0,-4.0,0.0,-3.0,-5,3,-1,-4,0,-3,0.0,0.0,0.0,0.0,0.0,0.0,0.0,0.0,0.0,0.0,0.0,0.0,0.0,0.0,0.0,1.0,1.0,1.0,1.0,1.0,1.0,1.0,1.0,1.0,1.0,1.0,1.0,1.0,3.0,1.0,13.0,13.0,1.5,1.5,-1.7,-1.7,0.0,0.0,,0.0,0.0,0.0,0.0,0.0,0.0,= 0,= 0,= 0,,
Harengon Brigand,1979787-harengon-brigand,TWBtW,235.0,https://www.dndbeyond.com/monsters/1979787-harengon-brigand,humanoid,medium,generic,N,0.125,2,25.0,2.0,3.0,0.0,0.0,0.0,0.0,2,5,0,0,0,0,0.0,0.0,0.0,0.0,0.0,0.0,0.0,0.0,0.0,0.0,0.0,0.0,0.0,0.0,0.0,1.0,1.0,1.0,1.0,1.0,1.0,1.0,1.0,1.0,1.0,1.0,1.0,1.0,3.0,1.0,14.0,14.0,9.0,9.0,1.2,1.2,5.0,6.0,,5.5,5.5,5.5,5.5,5.5,0.0,= 5.5,= 5.5,= 5.5,,
Harengon Sniper,1979788-harengon-sniper,TWBtW,235.0,https://www.dndbeyond.com/monsters/1979788-harengon-sniper,humanoid,medium,generic,N,0.25,2,50.0,0.0,3.0,0.0,0.0,1.0,0.0,0,5,0,0,1,0,0.0,0.0,0.0,0.0,0.0,0.0,0.0,0.0,0.0,0.0,0.0,0.0,0.0,0.0,0.0,1.0,1.0,1.0,1.0,1.0,1.0,1.0,1.0,1.0,1.0,1.0,1.0,1.0,3.0,1.0,14.0,18.0,9.0,9.0,1.0,1.0,5.0,9.0,,7.5,7.5,7.5,7.5,7.5,0.0,= 7.5,= 7.5,= 7.5,,Assumes +4 AC from Hide action. Assumes +4 AB from Hide action.
Harmonium Captain,3883542-harmonium-captain,PAitM:MPP,58.0,https://www.dndbeyond.com/monsters/3883542-harmonium-captain,humanoid,medium,generic,N,8.0,3,3900.0,4.0,0.0,2.0,1.0,3.0,3.0,7,0,2,1,6,3,0.0,1.0,0.0,0.0,1.0,0.0,0.0,0.0,0.0,0.0,0.0,0.0,0.0,0.0,0.0,1.0,1.0,1.0,1.0,1.0,1.0,1.0,1.0,1.0,1.0,1.0,1.0,1.0,0.0,1.0,20.0,20.0,110.5,110.5,3.2,3.2,7.0,7.0,14.0,60.0,70.0,60.0,60.0,60.0,30.0,= 3*20,= 3*20,= 3*20,= 30,Assumes +30 damage from Dictate (charmed).
Harmonium Peacekeeper,3883543-harmonium-peacekeeper,PAitM:MPP,59.0,https://www.dndbeyond.com/monsters/3883543-harmonium-peacekeeper,humanoid,medium,generic,N,3.0,2,700.0,3.0,0.0,2.0,1.0,2.0,0.0,3,0,2,1,2,0,0.0,0.0,0.0,0.0,0.0,0.0,0.0,0.0,0.0,0.0,0.0,0.0,0.0,0.0,0.0,1.0,1.0,1.0,1.0,1.0,1.0,1.0,1.0,1.0,1.0,1.0,1.0,1.0,0.0,1.0,18.0,18.0,45.5,45.5,1.3,1.3,5.0,8.0,,13.0,13.0,13.0,13.0,13.0,0.0,= 13,= 13,= 13,,Assumes +2 AB from Electrified Mancatcher (restrained).
Harpy,16919-harpy,MM (2014),181.0,https://www.dndbeyond.com/monsters/16919-harpy,monstrosity,medium,generic,N,1.0,2,200.0,1.0,1.0,1.0,-2.0,0.0,1.0,1,1,1,-2,0,1,0.0,0.0,0.0,0.0,0.0,0.0,0.0,0.0,0.0,0.0,0.0,0.0,0.0,0.0,0.0,1.0,1.0,1.0,1.0,1.0,1.0,1.0,1.0,1.0,1.0,1.0,1.0,1.0,1.0,1.0,11.0,11.0,38.5,38.5,0.3,0.3,3.0,3.0,,9.0,9.0,9.0,9.0,9.0,0.0,= 3 + 6,= 3 + 6,= 3 + 6,,
Harpy Matriarch,310360-harpy-matriarch,GoS,237.0,https://www.dndbeyond.com/monsters/310360-harpy-matriarch,monstrosity,medium,generic,N,5.0,3,1800.0,1.0,3.0,1.0,-1.0,0.0,3.0,1,6,1,-1,0,6,0.0,0.0,0.0,0.0,0.0,0.0,0.0,0.0,0.0,0.0,0.0,0.0,0.0,0.0,0.0,1.0,1.0,1.0,1.0,1.0,1.0,1.0,1.0,1.0,1.0,1.0,1.0,1.0,3.0,1.0,14.0,14.0,88.0,148.0,2.2,6.2,6.0,6.0,,26.0,26.0,26.0,26.0,26.0,0.0,= 2*13,= 2*13,= 2*13,,Assumes +3*20 hp from Luring Song used prior to combat.
Harrow Hawk,3960613-harrow-hawk,TBoMT,177.0,https://www.dndbeyond.com/monsters/3960613-harrow-hawk,undead,tiny,generic,N,1.0,2,200.0,-3.0,3.0,0.0,-4.0,2.0,-2.0,-3,3,0,-4,2,-2,0.0,0.0,0.0,1.0,0.0,0.0,0.0,0.0,0.0,0.0,1.0,0.0,0.0,0.0,0.0,1.0,1.0,1.0,1.0,1.0,1.0,1.0,1.0,1.0,0.0,1.0,1.0,1.0,3.0,1.0,13.0,15.0,25.0,25.0,-0.7,-0.7,5.0,9.0,,11.5,11.5,11.5,11.5,11.5,0.0,= 11.5,= 11.5,= 11.5,,Assumes +2 AC from Shadow Dash (flying). Assumes +4 AB from Shadow Dash.
Harrow Hound,3960614-harrow-hound,TBoMT,164.0,https://www.dndbeyond.com/monsters/3960614-harrow-hound,undead,medium,generic,N,3.0,2,700.0,3.0,4.0,3.0,-1.0,2.0,1.0,3,4,3,-1,2,1,0.0,0.0,0.0,1.0,0.0,0.0,0.0,0.0,0.0,0.0,1.0,0.0,0.0,0.0,0.0,0.7,0.7,0.7,1.0,1.0,1.0,1.0,1.0,0.5,0.0,0.5,1.0,1.0,4.0,2.0,15.0,15.0,45.0,90.0,2.0,2.0,5.0,6.0,13.0,13.5,13.5,13.5,13.5,13.5,0.0,= 13.5,= 13.5,= 13.5,,
Harshnag the Grim,299155-harshnag-the-grim,SKT,120.0,https://www.dndbeyond.com/monsters/299155-harshnag-the-grim,giant,huge,unique,N,9.0,4,5000.0,6.0,-1.0,5.0,-1.0,0.0,1.0,6,-1,9,-1,4,5,0.0,0.0,0.0,0.0,0.0,0.0,0.0,0.0,0.0,0.0,0.0,0.0,0.0,0.0,0.0,1.0,1.0,1.0,1.0,0.0,1.0,1.0,1.0,1.0,1.0,1.0,1.0,1.0,-1.0,1.0,21.0,21.0,207.0,227.0,3.7,3.7,11.0,11.0,,79.0,79.0,79.0,79.0,79.0,0.0,= 2*39.5,= 2*39.5,= 2*39.5,,
Haungharassk,276637-haungharassk,WDotMM,258.0,https://www.dndbeyond.com/monsters/276637-haungharassk,beast,huge,unique,N,0.0,2,10.0,5.0,-4.0,1.0,-4.0,0.0,-4.0,5,-4,1,-4,0,-4,0.0,0.0,0.0,0.0,0.0,0.0,0.0,0.0,0.0,0.0,0.0,0.0,0.0,0.0,0.0,1.0,1.0,1.0,1.0,1.0,1.0,1.0,1.0,1.0,1.0,1.0,1.0,1.0,-4.0,1.0,6.0,6.0,52.5,52.5,-1.0,-1.0,0.0,0.0,,0.0,0.0,0.0,0.0,0.0,0.0,= 0,= 0,= 0,,
Hazvongel,4468327-hazvongel,VEoR,222.0,https://www.dndbeyond.com/monsters/4468327-hazvongel,fiend,huge,generic,N,14.0,5,11500.0,5.0,5.0,3.0,1.0,2.0,0.0,5,5,8,1,7,0,0.0,0.0,0.0,1.0,0.0,0.0,0.0,0.0,0.0,0.0,1.0,0.0,0.0,0.0,0.0,0.7,0.7,0.7,1.0,0.5,0.5,1.0,0.5,1.0,0.0,1.0,1.0,1.0,5.0,1.25,17.0,17.0,237.5,296.9,4.3,8.3,10.0,10.0,18.0,55.5,55.5,55.5,55.5,55.5,0.0,= 3*18.5,= 3*18.5,= 3*18.5,,
Headless Iron Golem,1123095-headless-iron-golem,IDRotF,244.0,https://www.dndbeyond.com/monsters/1123095-headless-iron-golem,construct,large,generic,N,10.0,4,5900.0,7.0,-1.0,5.0,-4.0,0.0,-5.0,7,-1,5,-4,0,-5,0.0,1.0,0.0,1.0,1.0,0.0,0.0,0.0,1.0,1.0,1.0,0.0,0.0,0.0,0.0,0.3,0.3,0.3,1.0,1.0,0.0,1.0,1.0,1.0,0.0,0.0,1.0,1.0,-1.0,2.0,20.0,16.0,105.0,157.5,0.3,4.3,13.0,9.0,19.0,46.0,46.0,46.0,46.0,46.0,0.0,= 2*23,= 2*23,= 2*23,,Assumes -4 AC from Blindness. Assumes -4 AB from Blindness.
Hell Hound,16921-hell-hound,MM (2014),182.0,https://www.dndbeyond.com/monsters/16921-hell-hound,fiend,medium,generic,N,3.0,2,700.0,3.0,1.0,2.0,-2.0,1.0,-2.0,3,1,2,-2,1,-2,0.0,0.0,0.0,0.0,0.0,0.0,0.0,0.0,0.0,0.0,0.0,0.0,0.0,0.0,0.0,1.0,1.0,1.0,1.0,1.0,0.0,1.0,1.0,1.0,1.0,1.0,1.0,1.0,1.0,1.0,15.0,15.0,45.5,45.5,0.5,0.5,5.0,6.0,12.0,23.333334,23.333334,42.0,14.0,14.0,0.0,= 2*21,= 14,= 14,,
Hellenrae,17433-hellenrae,PotA,198.0,https://www.dndbeyond.com/monsters/17433-hellenrae,humanoid,medium,unique,N,5.0,3,1800.0,1.0,4.0,2.0,0.0,2.0,1.0,1,4,2,0,2,1,1.0,0.0,0.0,0.0,0.0,0.0,0.0,0.0,0.0,0.0,1.0,0.0,0.0,0.0,0.0,1.0,1.0,1.0,1.0,1.0,1.0,1.0,1.0,1.0,0.0,1.0,1.0,1.0,4.0,1.0,16.0,18.0,78.0,88.0,1.7,1.7,7.0,7.0,13.0,36.0,36.0,36.0,36.0,36.0,0.0,= 3*9 + 9,= 3*9 + 9,= 3*9 + 9,,Assumes +10 hp from Stunning Strike.
Hellfire Engine,94967-hellfire-engine,MToF,165.0,https://www.dndbeyond.com/monsters/94967-hellfire-engine,construct,huge,legacy,N,16.0,5,15000.0,5.0,3.0,7.0,-4.0,0.0,-5.0,5,8,7,-4,5,0,0.0,1.0,1.0,1.0,1.0,0.0,0.0,0.0,1.0,0.0,1.0,0.0,0.0,0.0,1.0,0.8,0.8,0.8,1.0,0.5,0.0,1.0,1.0,1.0,0.0,0.5,1.0,1.0,3.0,1.25,18.0,18.0,216.0,270.0,3.5,7.5,12.0,12.0,20.0,92.19999,92.19999,92.2,92.2,92.2,0.0,= (2*43.5 + 108.5 + 2*40.5)/3,= (2*43.5 + 108.5 + 2*40.5)/3,= (2*43.5 + 108.5 + 2*40.5)/3,,Average between Hellfire Weapon options.
Hellfire Engine,2560845-hellfire-engine,MPMotM,152.0,https://www.dndbeyond.com/monsters/2560845-hellfire-engine,construct,huge,generic,N,16.0,5,15000.0,5.0,3.0,7.0,-4.0,0.0,-5.0,5,8,7,-4,5,0,0.0,1.0,1.0,1.0,1.0,0.0,0.0,0.0,1.0,0.0,1.0,0.0,0.0,0.0,1.0,0.8,0.8,0.8,1.0,0.5,0.0,1.0,1.0,1.0,0.0,0.5,1.0,1.0,3.0,1.25,18.0,18.0,216.0,270.0,3.5,7.5,12.0,12.0,20.0,98.80001,98.80001,98.8,98.8,98.8,0.0,= (2*47 + 108.5 + 2*47)/3,= (2*47 + 108.5 + 2*47)/3,= (2*47 + 108.5 + 2*47)/3,,Average between Hellfire Weapon options.
Hellwasp,417402-hellwasp,BGDiA,236.0,https://www.dndbeyond.com/monsters/417402-hellwasp,fiend,large,generic,N,5.0,3,1800.0,4.0,2.0,1.0,0.0,0.0,-2.0,4,5,1,0,3,-2,0.0,0.0,0.0,0.0,0.0,0.0,0.0,0.0,0.0,0.0,0.0,0.0,0.0,0.0,0.0,1.0,1.0,1.0,1.0,2.0,0.0,1.0,1.0,1.0,1.0,1.0,1.0,1.0,2.0,1.0,19.0,19.0,52.0,82.0,1.8,1.8,7.0,7.0,,26.0,26.0,26.0,26.0,26.0,0.0,= 15 + 11,= 15 + 11,= 15 + 11,,Assumes +3*10 hp from Sting paralyzing effect.
Helmed Horror,17159-helmed-horror,MM (2014),183.0,https://www.dndbeyond.com/monsters/17159-helmed-horror,construct,medium,generic,N,4.0,2,1100.0,4.0,1.0,3.0,0.0,0.0,0.0,4,1,3,0,0,0,1.0,1.0,1.0,0.0,1.0,0.0,0.0,0.0,1.0,1.0,1.0,0.0,0.0,1.0,0.0,0.8,0.8,0.8,1.0,1.0,1.0,0.0,1.0,0.0,0.0,1.0,1.0,1.0,1.0,2.0,20.0,20.0,60.0,120.0,1.3,5.3,6.0,6.0,,16.0,16.0,16.0,16.0,16.0,0.0,= 2*8,= 2*8,= 2*8,,
Heralds of Dust Remnant,3883544-heralds-of-dust-remnant,PAitM:MPP,59.0,https://www.dndbeyond.com/monsters/3883544-heralds-of-dust-remnant,humanoid,medium,generic,N,4.0,2,1100.0,-1.0,2.0,2.0,3.0,2.0,0.0,-1,2,2,3,2,0,0.0,0.0,0.0,0.0,0.0,0.0,0.0,0.0,0.0,0.0,0.0,0.0,0.0,0.0,0.0,1.0,1.0,1.0,1.0,1.0,1.0,1.0,1.0,0.5,1.0,1.0,1.0,1.0,2.0,1.0,15.0,15.0,45.5,91.0,1.3,1.3,5.0,5.0,,28.0,28.0,28.0,28.0,28.0,0.0,= 2*14,= 2*14,= 2*14,,Assumes +100% HP from Phase (resistances).
Hertilod,4468328-hertilod,VEoR,223.0,https://www.dndbeyond.com/monsters/4468328-hertilod,monstrosity,huge,legendary,L,17.0,6,18000.0,6.0,4.0,5.0,-4.0,2.0,0.0,12,10,5,-4,2,0,0.0,0.0,0.0,0.0,0.0,0.0,0.0,0.0,0.0,0.0,1.0,0.0,0.0,0.0,0.0,0.7,0.7,0.7,1.0,1.0,1.0,1.0,1.0,0.5,0.0,1.0,1.0,1.0,4.0,1.0,14.0,14.0,241.5,331.5,4.2,8.2,12.0,12.0,,76.0,93.333336,72.5,83.0,72.5,52.0,= 28 + 2*17 + 1*10.5,= 28 + 2*17 + 2*10.5,= 28 + 2*17 + 1*10.5,= 4*13,Assumes +4*13 damage from Bite (swallow).
Hexton Modron,3883545-hexton-modron,PAitM:MPP,37.0,https://www.dndbeyond.com/monsters/3883545-hexton-modron,construct,huge,legendary,L,13.0,5,10000.0,4.0,3.0,3.0,4.0,3.0,2.0,4,3,3,9,8,2,0.0,1.0,0.0,0.0,1.0,0.0,0.0,0.0,0.0,0.0,0.0,0.0,0.0,0.0,0.0,1.0,1.0,1.0,1.0,1.0,1.0,1.0,0.5,1.0,1.0,0.5,1.0,1.0,3.0,1.0,17.0,17.0,209.0,329.0,4.8,4.8,9.0,9.0,17.0,86.5,103.833336,86.5,86.5,86.5,52.0,= 23.5 + 2*15 + 3*11,= 23.5 + 2*15 + 3*11,= 23.5 + 2*15 + 3*11,= 52,Assumes +52 damage from Pincer (incapacitated).
Hezrou,16922-hezrou,MM (2014),60.0,https://www.dndbeyond.com/monsters/16922-hezrou,fiend,large,generic,N,8.0,3,3900.0,4.0,3.0,5.0,-3.0,1.0,1.0,7,3,8,-3,4,1,0.0,0.0,0.0,0.0,0.0,0.0,0.0,0.0,0.0,0.0,1.0,0.0,0.0,0.0,0.0,0.7,0.7,0.7,1.0,0.5,0.5,1.0,0.5,1.0,0.0,1.0,1.0,1.0,3.0,1.5,16.0,18.0,136.5,204.8,3.3,7.3,7.0,7.0,14.0,37.0,37.0,37.0,37.0,37.0,0.0,=15+2*11,=15+2*11,=15+2*11,,Assumes +2 AC from Stench.
Hierophant Medusa,3960616-hierophant-medusa,TBoMT,179.0,https://www.dndbeyond.com/monsters/3960616-hierophant-medusa,monstrosity,large,legendary,LL,17.0,6,18000.0,6.0,5.0,4.0,2.0,6.0,6.0,6,5,10,2,12,6,0.0,1.0,0.0,0.0,1.0,0.0,0.0,0.0,0.0,1.0,1.0,0.0,0.0,0.0,0.0,1.0,1.0,1.0,1.0,1.0,1.0,1.0,1.0,1.0,0.0,1.0,1.0,1.0,5.0,1.0,17.0,17.0,237.5,357.5,6.8,6.8,12.0,12.0,18.0,115.5,115.5,122.5,101.5,122.5,0.0,= 16.5 + 34 + 17 + 2*10.5 + 34,= 16.5 + 34 + 17 + 34,= 16.5 + 34 + 17 + 2*10.5 + 34,,
Hierophant of the Comet,3960617-hierophant-of-the-comet,TBoMT,92.0,https://www.dndbeyond.com/monsters/3960617-hierophant-of-the-comet,humanoid,medium,generic,N,11.0,4,7200.0,1.0,1.0,4.0,2.0,3.0,5.0,1,1,4,2,7,9,0.0,0.0,0.0,0.0,0.0,0.0,0.0,0.0,0.0,0.0,0.0,0.0,0.0,0.0,0.0,1.0,1.0,1.0,1.0,1.0,1.0,1.0,1.0,1.0,1.0,0.5,1.0,1.0,1.0,1.0,15.0,15.0,153.0,153.0,4.0,8.0,9.0,9.0,17.0,77.0,104.0,81.0,75.0,75.0,81.0,= 2*27 + 27,= 3*16 + 27,= 3*16 + 27,= 3*27,Assumes +27 DPR from All-Consuming Star (incapacitated).
Hill Giant,16923-hill-giant,MM (2014),155.0,https://www.dndbeyond.com/monsters/16923-hill-giant,giant,huge,generic,N,5.0,3,1800.0,5.0,-1.0,4.0,-3.0,-1.0,-2.0,5,-1,4,-3,-1,-2,0.0,0.0,0.0,0.0,0.0,0.0,0.0,0.0,0.0,0.0,0.0,0.0,0.0,0.0,0.0,1.0,1.0,1.0,1.0,1.0,1.0,1.0,1.0,1.0,1.0,1.0,1.0,1.0,-1.0,1.0,13.0,13.0,105.0,105.0,0.3,0.3,8.0,8.0,,36.0,36.0,36.0,36.0,36.0,0.0,= 2*18,= 2*18,= 2*18,,
Hill Giant Avalancher,3731033-hill-giant-avalancher,BPGotG,157.0,https://www.dndbeyond.com/monsters/3731033-hill-giant-avalancher,giant,huge,legendary,L,12.0,4,8400.0,5.0,-1.0,4.0,-1.0,4.0,0.0,9,-1,8,-1,8,0,0.0,0.0,0.0,0.0,0.0,0.0,0.0,0.0,0.0,0.0,0.0,0.0,0.0,0.0,0.0,1.0,1.0,1.0,1.0,1.0,1.0,1.0,1.0,1.0,1.0,1.0,1.0,1.0,-1.0,1.0,15.0,15.0,220.5,310.5,3.8,3.8,9.0,9.0,16.0,66.0,66.0,66.0,66.0,66.0,0.0,= 27.5 + 2*14 + 10.5,= 27.5 + 2*14 + 10.5,= 27.5 + 2*14 + 10.5,,
Hippocamp,909486-hippocamp,MOoT,227.0,https://www.dndbeyond.com/monsters/909486-hippocamp,monstrosity,large,generic,N,0.5,2,100.0,2.0,2.0,0.0,-3.0,0.0,-2.0,2,2,0,-3,0,-2,0.0,0.0,0.0,0.0,0.0,0.0,0.0,0.0,0.0,0.0,0.0,0.0,0.0,0.0,0.0,1.0,1.0,1.0,1.0,0.5,1.0,1.0,1.0,1.0,1.0,1.0,1.0,1.0,2.0,1.0,13.0,13.0,22.0,22.0,-0.2,-0.2,4.0,4.0,,10.166667,10.166667,12.5,9.0,9.0,0.0,= 12.5,= 9,= 9,,
Hippogriff,16924-hippogriff,MM (2014),184.0,https://www.dndbeyond.com/monsters/16924-hippogriff,monstrosity,large,generic,N,1.0,2,200.0,3.0,1.0,1.0,-4.0,1.0,-1.0,3,1,1,-4,1,-1,0.0,0.0,0.0,0.0,0.0,0.0,0.0,0.0,0.0,0.0,0.0,0.0,0.0,0.0,0.0,1.0,1.0,1.0,1.0,1.0,1.0,1.0,1.0,1.0,1.0,1.0,1.0,1.0,1.0,1.0,11.0,11.0,19.5,19.5,0.2,0.2,5.0,5.0,,18.0,18.0,18.0,18.0,18.0,0.0,= 8 + 10,= 8 + 10,= 8 + 10,,
Hlam,149786-hlam,WDH,204.0,https://www.dndbeyond.com/monsters/149786-hlam,humanoid,medium,unique,L,16.0,5,15000.0,0.0,7.0,1.0,2.0,5.0,2.0,5,12,1,2,5,2,0.0,1.0,0.0,0.0,1.0,0.0,0.0,0.0,0.0,0.0,1.0,0.0,0.0,0.0,0.0,1.0,1.0,1.0,1.0,1.0,1.0,1.0,1.0,1.0,0.0,1.0,1.0,1.0,7.0,1.0,22.0,24.0,137.5,249.5,4.5,6.5,12.0,12.0,18.0,72.666664,72.666664,122.0,48.0,48.0,0.0,= 2*55 + 12,= 3*12 + 12,= 3*12 + 12,,"Assumes +2*10 hp from healing word, +3*20 hp from Unarmed Strike stunning effect, and +32 hp from Deflect Missile. Assumes +2 AC from shield of faith. Assumes +2 SB from Evasion. Assumes 110 damage for Quivery Palm."
Hoard Mimic,2059745-hoard-mimic,FToD,204.0,https://www.dndbeyond.com/monsters/2059745-hoard-mimic,monstrosity,huge,generic,N,8.0,3,3900.0,5.0,1.0,3.0,0.0,3.0,0.0,5,1,6,0,6,0,0.0,0.0,0.0,0.0,0.0,0.0,0.0,0.0,0.0,0.0,0.0,1.0,0.0,0.0,0.0,1.0,1.0,1.0,1.0,1.0,1.0,1.0,1.0,1.0,1.0,1.0,1.0,1.0,1.0,1.0,14.0,15.0,123.5,123.5,3.0,3.0,8.0,9.0,14.0,49.333332,49.333332,54.0,47.0,47.0,0.0,= 2*27,= 23 + 2*12,= 23 + 2*12,,Assumes +1 AC from Pseudopod. Assumes +1 AB from Pseudopod.
Hoard Scarab,2059746-hoard-scarab,FToD,204.0,https://www.dndbeyond.com/monsters/2059746-hoard-scarab,monstrosity,tiny,generic,N,0.125,2,25.0,-3.0,3.0,0.0,-4.0,-1.0,-2.0,-3,3,0,-4,-1,-2,0.0,0.0,0.0,0.0,0.0,0.0,0.0,0.0,0.0,0.0,0.0,0.0,0.0,0.0,0.0,1.0,1.0,1.0,1.0,1.0,1.0,1.0,1.0,1.0,1.0,1.0,1.0,1.0,3.0,1.0,14.0,15.0,7.5,7.5,-1.2,-1.2,5.0,5.0,,5.5,5.5,5.5,5.5,5.5,0.0,= 5.5,= 5.5,= 5.5,,Assumes +1 AC from Bite.
Hobgoblin,16925-hobgoblin,MM (2014),186.0,https://www.dndbeyond.com/monsters/16925-hobgoblin,humanoid,medium,generic,N,0.5,2,100.0,1.0,1.0,1.0,0.0,0.0,-1.0,1,1,1,0,0,-1,0.0,0.0,0.0,0.0,0.0,0.0,0.0,0.0,0.0,0.0,0.0,0.0,0.0,0.0,0.0,1.0,1.0,1.0,1.0,1.0,1.0,1.0,1.0,1.0,1.0,1.0,1.0,1.0,1.0,1.0,18.0,18.0,11.0,11.0,0.3,0.3,3.0,3.0,,12.0,12.0,12.0,12.0,12.0,0.0,= 5 + 7,= 5 + 7,= 5 + 7,,
Hobgoblin Captain,17160-hobgoblin-captain,MM (2014),186.0,https://www.dndbeyond.com/monsters/17160-hobgoblin-captain,humanoid,medium,generic,N,3.0,2,700.0,2.0,2.0,2.0,1.0,0.0,1.0,2,2,2,1,0,1,0.0,0.0,0.0,0.0,0.0,0.0,0.0,0.0,0.0,0.0,0.0,0.0,0.0,0.0,0.0,1.0,1.0,1.0,1.0,1.0,1.0,1.0,1.0,1.0,1.0,1.0,1.0,1.0,2.0,1.0,17.0,17.0,39.0,39.0,1.3,1.3,4.0,4.0,,28.0,28.0,28.0,28.0,28.0,0.0,= 2 * 9 + 10,= 2 * 9 + 10,= 2 * 9 + 10,,
Hobgoblin Devastator,17273-hobgoblin-devastator,VGtM,161.0,https://www.dndbeyond.com/monsters/17273-hobgoblin-devastator,humanoid,medium,legacy,N,4.0,2,1100.0,1.0,1.0,2.0,3.0,1.0,0.0,1,1,2,3,1,0,0.0,0.0,0.0,0.0,0.0,0.0,0.0,0.0,0.0,0.0,0.0,0.0,0.0,0.0,0.0,1.0,1.0,1.0,1.0,1.0,1.0,1.0,1.0,1.0,1.0,1.0,1.0,1.0,1.0,1.0,13.0,13.0,45.5,45.5,1.3,1.3,5.0,5.0,13.0,58.333332,58.333332,63.0,56.0,56.0,0.0,= 2*31.5,= 2*28,= 2*28,,
Hobgoblin Devastator,2560846-hobgoblin-devastator,MPMotM,153.0,https://www.dndbeyond.com/monsters/2560846-hobgoblin-devastator,fey,medium,generic,N,4.0,2,1100.0,1.0,1.0,2.0,3.0,1.0,0.0,1,1,2,3,1,0,0.0,0.0,0.0,0.0,0.0,0.0,0.0,0.0,0.0,0.0,0.0,0.0,0.0,0.0,0.0,1.0,1.0,1.0,1.0,1.0,1.0,1.0,1.0,1.0,1.0,1.0,1.0,1.0,1.0,1.0,13.0,13.0,45.5,45.5,1.3,1.3,5.0,5.0,13.0,56.0,56.0,56.0,56.0,56.0,0.0,= 2*28,= 2*28,= 2*28,,
Hobgoblin Iron Shadow,17274-hobgoblin-iron-shadow,VGtM,162.0,https://www.dndbeyond.com/monsters/17274-hobgoblin-iron-shadow,humanoid,medium,legacy,N,2.0,2,450.0,2.0,3.0,2.0,2.0,2.0,0.0,2,3,2,2,2,0,0.0,0.0,0.0,0.0,0.0,0.0,0.0,0.0,0.0,0.0,0.0,0.0,0.0,0.0,0.0,1.0,1.0,1.0,1.0,1.0,1.0,1.0,1.0,1.0,1.0,1.0,1.0,1.0,3.0,1.0,15.0,15.0,32.5,32.5,1.8,1.8,5.0,5.0,,22.0,22.0,22.0,22.0,22.0,0.0,= 4*5.5,= 4*5.5,= 4*5.5,,
Hobgoblin Iron Shadow,2560847-hobgoblin-iron-shadow,MPMotM,154.0,https://www.dndbeyond.com/monsters/2560847-hobgoblin-iron-shadow,fey,medium,generic,N,2.0,2,450.0,2.0,3.0,2.0,2.0,2.0,0.0,2,3,2,2,2,0,0.0,0.0,0.0,0.0,0.0,0.0,0.0,0.0,0.0,0.0,0.0,0.0,0.0,0.0,0.0,1.0,1.0,1.0,1.0,1.0,1.0,1.0,1.0,1.0,1.0,1.0,1.0,1.0,3.0,1.0,15.0,15.0,32.5,32.5,1.8,1.8,5.0,5.0,,22.0,22.0,22.0,22.0,22.0,0.0,= 4*5.5,= 4*5.5,= 4*5.5,,
Hobgoblin Warlord,17161-hobgoblin-warlord,MM (2014),187.0,https://www.dndbeyond.com/monsters/17161-hobgoblin-warlord,humanoid,medium,generic,N,6.0,3,2300.0,3.0,2.0,3.0,2.0,0.0,2.0,3,2,3,5,3,5,0.0,0.0,0.0,0.0,0.0,0.0,0.0,0.0,0.0,0.0,0.0,0.0,0.0,0.0,0.0,1.0,1.0,1.0,1.0,1.0,1.0,1.0,1.0,1.0,1.0,1.0,1.0,1.0,2.0,1.0,20.0,22.0,97.5,97.5,3.5,3.5,9.0,9.0,,36.5,36.5,36.5,36.5,36.5,0.0,= 3*7.5 + 14,= 3*7.5 + 14,= 3*7.5 + 14,,Assumes +2 AC from Parry.
Hollow Dragon,2059747-hollow-dragon,FToD,206.0,https://www.dndbeyond.com/monsters/2059747-hollow-dragon,undead,huge,legendary,L,18.0,6,20000.0,6.0,1.0,5.0,3.0,1.0,5.0,6,1,11,9,7,11,0.0,1.0,1.0,1.0,1.0,0.0,0.0,0.0,1.0,0.0,1.0,0.0,0.0,0.0,0.0,1.0,1.0,1.0,1.0,1.0,1.0,1.0,1.0,0.5,0.0,1.0,0.0,1.0,1.0,1.0,19.0,19.0,241.5,331.5,7.5,7.5,12.0,12.0,19.0,109.666664,109.666664,147.0,91.0,91.0,0.0,= 2*54 + 3*13,= 26 + 2*13 + 3*13,= 26 + 2*13 + 3*13,,
Hollyphant,417848-hollyphant,BGDiA,237.0,https://www.dndbeyond.com/monsters/417848-hollyphant,celestial,small,generic,N,5.0,3,1800.0,0.0,0.0,1.0,3.0,4.0,3.0,0,3,4,3,4,6,0.0,0.0,0.0,0.0,0.0,0.0,0.0,0.0,0.0,0.0,1.0,0.0,0.0,0.0,0.0,0.7,0.7,0.7,1.0,1.0,1.0,1.0,1.0,1.0,0.0,1.0,1.0,1.0,0.0,1.5,18.0,20.0,36.0,108.0,3.3,3.3,6.0,6.0,14.0,34.0,34.0,34.0,34.0,34.0,0.0,= 2*17,= 2*17,= 2*17,,Assumes +36 hp from Aura of Invulnerability.
Homunculus,16926-homunculus,MM (2014),188.0,https://www.dndbeyond.com/monsters/16926-homunculus,construct,tiny,generic,N,0.0,2,10.0,-3.0,2.0,0.0,0.0,0.0,-2.0,-3,2,0,0,0,-2,0.0,1.0,0.0,0.0,0.0,0.0,0.0,0.0,0.0,0.0,1.0,0.0,0.0,0.0,0.0,1.0,1.0,1.0,1.0,1.0,1.0,1.0,1.0,1.0,0.0,1.0,1.0,1.0,2.0,1.0,13.0,13.0,5.0,5.0,-0.5,-0.5,4.0,4.0,,1.0,1.0,1.0,1.0,1.0,0.0,= 1,= 1,= 1,,
Hook Horror,17162-hook-horror,MM (2014),189.0,https://www.dndbeyond.com/monsters/17162-hook-horror,monstrosity,large,generic,N,3.0,2,700.0,4.0,0.0,2.0,-2.0,1.0,-2.0,4,0,2,-2,1,-2,0.0,0.0,0.0,0.0,0.0,0.0,0.0,0.0,0.0,0.0,0.0,0.0,0.0,0.0,0.0,1.0,1.0,1.0,1.0,1.0,1.0,1.0,1.0,1.0,1.0,1.0,1.0,1.0,0.0,1.0,15.0,15.0,75.0,75.0,0.5,0.5,6.0,6.0,,22.0,22.0,22.0,22.0,22.0,0.0,= 2*11,= 2*11,= 2*11,,
Hook Horror Spore Servant,17396-hook-horror-spore-servant,OotA,229.0,https://www.dndbeyond.com/monsters/17396-hook-horror-spore-servant,plant,medium,generic,N,3.0,2,700.0,4.0,0.0,2.0,-4.0,-2.0,-5.0,4,0,2,-4,-2,-5,1.0,1.0,0.0,0.0,1.0,0.0,0.0,0.0,1.0,0.0,0.0,0.0,0.0,0.0,0.0,1.0,1.0,1.0,1.0,1.0,1.0,1.0,1.0,1.0,1.0,1.0,1.0,1.0,0.0,1.0,15.0,15.0,65.0,75.0,-0.8,-0.8,6.0,6.0,,22.0,22.0,22.0,22.0,22.0,0.0,= 2*11,= 2*11,= 2*11,,
Horizonback Tortoise,744315-horizonback-tortoise,EGtW,292.0,https://www.dndbeyond.com/monsters/744315-horizonback-tortoise,monstrosity,gargantuan,generic,N,8.0,3,3900.0,9.0,-4.0,7.0,-3.0,0.0,-3.0,12,-4,10,-3,0,-3,0.0,0.0,0.0,0.0,0.0,0.0,0.0,0.0,0.0,0.0,1.0,0.0,0.0,0.0,0.0,1.0,1.0,1.0,1.0,1.0,1.0,1.0,1.0,1.0,0.0,1.0,1.0,1.0,-4.0,1.0,22.0,22.0,227.5,227.5,2.0,2.0,12.0,12.0,,28.5,28.5,28.5,28.5,28.5,0.0,= 28.5,= 28.5,= 28.5,,
Horncaller,176264-horncaller,GGtR,253.0,https://www.dndbeyond.com/monsters/176264-horncaller,humanoid,medium,generic,N,1.0,2,200.0,1.0,1.0,2.0,0.0,2.0,1.0,1,1,2,0,2,1,0.0,0.0,0.0,0.0,0.0,0.0,0.0,0.0,0.0,0.0,0.0,0.0,0.0,0.0,0.0,1.0,1.0,1.0,1.0,1.0,1.0,1.0,1.0,1.0,1.0,1.0,1.0,1.0,1.0,1.0,13.0,13.0,39.0,39.0,1.2,1.2,3.0,3.0,,15.0,15.0,15.0,15.0,15.0,0.0,= 2*5 + 5,= 2*5 + 5,= 2*5 + 5,,Assumes +5 DPR from One with the Worldsoul.
Horned Devil,16927-horned-devil,MM (2014),74.0,https://www.dndbeyond.com/monsters/16927-horned-devil,fiend,large,generic,N,11.0,4,7200.0,6.0,3.0,5.0,1.0,3.0,3.0,10,7,5,1,7,7,0.0,0.0,0.0,0.0,0.0,0.0,0.0,0.0,0.0,0.0,1.0,0.0,0.0,0.0,0.0,0.8,0.8,0.8,1.0,0.5,0.0,1.0,1.0,1.0,0.0,1.0,1.0,1.0,3.0,1.25,18.0,18.0,178.5,223.1,6.2,10.2,10.0,10.0,17.0,61.5,61.5,51.0,61.5,72.0,0.0,= 2*15 + 10.5 + 1*10.5,= 2*15 + 10.5 + 2*10.5,= 2*15 + 10.5 + 3*10.5,,
Horrid Plant,4635151-horrid-plant,QftIS,204.0,https://www.dndbeyond.com/monsters/4635151-horrid-plant,plant,large,generic,N,4.0,2,1100.0,4.0,-4.0,3.0,-5.0,0.0,-5.0,4,-4,3,-5,0,-5,1.0,0.0,1.0,0.0,0.0,0.0,0.0,0.0,0.0,0.0,0.0,0.0,0.0,0.0,0.0,1.0,1.0,1.0,1.0,1.0,1.0,1.0,1.0,1.0,1.0,1.0,1.0,1.0,-4.0,1.0,6.0,6.0,42.5,42.5,-1.2,-1.2,6.0,6.0,14.0,56.0,56.0,56.0,56.0,56.0,0.0,= 2*7 + 2*21,= 2*7 + 2*21,= 2*7 + 2*21,,
Hound Archon,3883546-hound-archon,PAitM:MPP,16.0,https://www.dndbeyond.com/monsters/3883546-hound-archon,celestial,medium,generic,N,4.0,2,1100.0,4.0,1.0,2.0,0.0,2.0,2.0,4,1,2,2,4,2,0.0,0.0,0.0,1.0,0.0,0.0,0.0,0.0,1.0,0.0,0.0,0.0,0.0,0.0,0.0,1.0,1.0,1.0,1.0,1.0,1.0,1.0,0.0,1.0,1.0,1.0,1.0,1.0,1.0,1.0,15.0,16.0,65.0,65.0,2.5,2.5,6.0,6.0,12.0,18.5,18.5,18.5,18.5,18.5,0.0,= 7.5 + 11,= 7.5 + 11,= 7.5 + 11,,Assumes +1 AC from Aura of Menace.
Howler,97467-howler,MToF,210.0,https://www.dndbeyond.com/monsters/97467-howler,fiend,large,legacy,N,8.0,3,3900.0,3.0,3.0,2.0,-3.0,5.0,-2.0,3,3,2,-3,5,-2,0.0,0.0,0.0,0.0,1.0,0.0,0.0,0.0,0.0,0.0,0.0,0.0,0.0,0.0,0.0,0.7,0.7,0.7,1.0,0.5,0.5,1.0,0.5,1.0,1.0,1.0,1.0,1.0,3.0,1.5,16.0,16.0,90.0,165.0,1.3,1.3,6.0,7.0,13.0,13.333333,42.666668,0.0,20.0,20.0,88.0,= 0,= 2*10,= 2*10,= 2*2*22,Assumes +2*10 HP from Mind-Breaking Howl.
Howler,2560848-howler,MPMotM,155.0,https://www.dndbeyond.com/monsters/2560848-howler,fiend,large,generic,N,8.0,3,3900.0,3.0,3.0,2.0,-3.0,2.0,-2.0,3,3,2,-3,2,-2,0.0,0.0,0.0,0.0,1.0,0.0,0.0,0.0,0.0,0.0,0.0,0.0,0.0,0.0,0.0,0.7,0.7,0.7,1.0,0.5,0.5,1.0,0.5,1.0,1.0,1.0,1.0,1.0,3.0,1.5,16.0,16.0,90.0,165.0,0.8,0.8,6.0,7.0,13.0,24.333334,53.666668,33.0,20.0,20.0,88.0,= 2*16.5,= 2*10,= 2*10,= 2*2*22,Assumes +2*10 HP from Mind-Breaking Howl.
Howling Hatred Initiate,17421-howling-hatred-initiate,PotA,190.0,https://www.dndbeyond.com/monsters/17421-howling-hatred-initiate,humanoid,medium,generic,N,0.125,2,25.0,0.0,2.0,0.0,0.0,-1.0,0.0,0,2,0,0,-1,0,0.0,0.0,0.0,0.0,0.0,0.0,0.0,0.0,0.0,0.0,0.0,0.0,0.0,0.0,0.0,1.0,1.0,1.0,1.0,1.0,1.0,1.0,1.0,1.0,1.0,1.0,1.0,1.0,2.0,1.0,13.0,13.0,9.0,9.0,0.2,0.2,4.0,5.0,,4.0,4.0,4.0,4.0,4.0,0.0,= 4,= 4,= 4,,Assumes +1 AB from Guiding Wind.
Howling Hatred Priest,17422-howling-hatred-priest,PotA,190.0,https://www.dndbeyond.com/monsters/17422-howling-hatred-priest,humanoid,medium,generic,N,2.0,2,450.0,1.0,3.0,0.0,2.0,0.0,2.0,1,3,0,2,0,2,0.0,0.0,0.0,0.0,0.0,0.0,0.0,0.0,0.0,0.0,0.0,0.0,0.0,0.0,0.0,1.0,1.0,1.0,1.0,1.0,1.0,1.0,1.0,1.0,1.0,1.0,1.0,1.0,3.0,1.0,15.0,20.0,45.0,45.0,1.3,1.3,5.0,5.0,,17.0,17.0,19.0,19.0,13.0,0.0,= 19,= 19,= 13,,
Hrabbaz,149774-hrabbaz,WDH,205.0,https://www.dndbeyond.com/monsters/149774-hrabbaz,humanoid,medium,unique,N,5.0,3,1800.0,5.0,2.0,3.0,0.0,2.0,1.0,8,2,6,0,2,1,0.0,0.0,0.0,0.0,0.0,0.0,0.0,0.0,0.0,0.0,0.0,0.0,0.0,0.0,0.0,1.0,1.0,1.0,1.0,1.0,1.0,1.0,1.0,1.0,1.0,1.0,1.0,1.0,2.0,1.0,12.0,12.0,112.5,140.5,3.2,3.2,8.0,8.0,,35.0,35.0,39.0,39.0,27.0,0.0,= 3*13,= 3*13,= 3*9,,Assumes +2*7 hp from Indomitable.
Huge Giant Crab,294086-huge-giant-crab,TftYP,103.0,https://www.dndbeyond.com/monsters/294086-huge-giant-crab,beast,huge,unique,N,8.0,3,3900.0,5.0,2.0,5.0,-5.0,-1.0,-4.0,5,2,5,-5,-1,-4,0.0,1.0,0.0,0.0,1.0,0.0,0.0,0.0,1.0,0.0,0.0,0.0,0.0,0.0,0.0,1.0,1.0,1.0,1.0,1.0,1.0,1.0,1.0,1.0,1.0,1.0,1.0,1.0,2.0,1.0,15.0,15.0,161.0,161.0,0.3,0.3,9.0,9.0,,27.0,27.0,27.0,27.0,27.0,0.0,= 27,= 27,= 27,,
Huge Gray Ooze,276567-huge-gray-ooze,WDotMM,244.0,https://www.dndbeyond.com/monsters/276567-huge-gray-ooze,ooze,huge,unique,N,8.0,3,3900.0,4.0,-2.0,3.0,-5.0,-2.0,-4.0,4,-2,3,-5,-2,-4,1.0,1.0,1.0,1.0,1.0,0.0,0.0,0.0,0.0,0.0,0.0,1.0,0.0,0.0,0.0,1.0,1.0,1.0,0.5,0.5,0.5,1.0,1.0,1.0,1.0,1.0,1.0,1.0,-2.0,1.5,8.0,8.0,152.0,152.0,-1.0,-1.0,7.0,7.0,,84.0,84.0,84.0,84.0,84.0,0.0,= 2*42,= 2*42,= 2*42,,
Hulgaz,3960618-hulgaz,TBoMT,169.0,https://www.dndbeyond.com/monsters/3960618-hulgaz,fiend,large,unique,L,14.0,5,11500.0,3.0,0.0,4.0,2.0,2.0,5.0,3,0,4,2,7,10,0.0,1.0,0.0,0.0,0.0,0.0,0.0,0.0,0.0,0.0,1.0,0.0,0.0,0.0,0.0,0.8,0.8,0.8,0.5,0.5,0.0,1.0,1.0,1.0,0.0,1.0,1.0,1.0,0.0,1.25,17.0,17.0,190.0,350.0,4.3,8.3,8.0,8.0,17.0,106.0,106.0,160.0,79.0,79.0,0.0,= 4*31 + 3*12,= 2*12 + 19 + 3*12,= 2*12 + 19 + 3*12,,
Hulking Crab,17349-hulking-crab,SKT,240.0,https://www.dndbeyond.com/monsters/17349-hulking-crab,beast,huge,generic,N,5.0,3,1800.0,4.0,-1.0,3.0,-4.0,0.0,-4.0,4,-1,3,-4,0,-4,0.0,0.0,0.0,0.0,0.0,0.0,0.0,0.0,0.0,0.0,0.0,0.0,0.0,0.0,0.0,1.0,1.0,1.0,1.0,1.0,1.0,1.0,1.0,1.0,1.0,1.0,1.0,1.0,-1.0,1.0,17.0,17.0,76.0,76.0,-0.3,-0.3,7.0,7.0,,40.0,40.0,40.0,40.0,40.0,0.0,= 2*20,= 2*20,= 2*20,,
Humanoid Mutate,3805749-humanoid-mutate,PaBTSO,212.0,https://www.dndbeyond.com/monsters/3805749-humanoid-mutate,aberration,medium,generic,N,4.0,2,1100.0,1.0,4.0,2.0,0.0,1.0,2.0,1,4,2,0,1,2,0.0,1.0,0.0,0.0,1.0,0.0,0.0,0.0,0.0,0.0,0.0,0.0,0.0,0.0,0.0,1.0,1.0,1.0,1.0,1.0,1.0,1.0,1.0,1.0,1.0,0.5,1.0,1.0,4.0,1.0,14.0,15.0,65.0,65.0,1.7,1.7,6.0,6.0,,36.0,36.0,36.0,36.0,36.0,0.0,= 2*18,= 2*18,= 2*18,,Assumes +1 AC from Defensive Flight.
Hundred-Handed One,909487-hundred-handed-one,MOoT,225.0,https://www.dndbeyond.com/monsters/909487-hundred-handed-one,giant,huge,generic,N,15.0,5,13000.0,8.0,2.0,7.0,2.0,3.0,3.0,8,2,12,2,8,3,0.0,0.0,0.0,0.0,1.0,0.0,0.0,0.0,0.0,0.0,0.0,0.0,0.0,0.0,0.0,1.0,1.0,1.0,1.0,1.0,1.0,1.0,1.0,1.0,1.0,1.0,1.0,1.0,2.0,1.0,15.0,20.0,243.0,243.0,5.8,5.8,13.0,13.0,,84.0,84.0,84.0,84.0,84.0,0.0,= 4*21,= 4*21,= 4*21,,Assumes +5 AC from Deflect Attack.
Hungry Sorrowsworn,2560849-hungry-sorrowsworn,MPMotM,223.0,https://www.dndbeyond.com/monsters/2560849-hungry-sorrowsworn,monstrosity,medium,generic,N,11.0,4,7200.0,4.0,0.0,3.0,-2.0,0.0,-2.0,4,0,3,-2,0,-2,0.0,0.0,0.0,0.0,0.0,0.0,0.0,0.0,0.0,0.0,0.0,0.0,0.0,0.0,0.0,0.6,0.6,0.6,1.0,1.0,1.0,1.0,1.0,1.0,1.0,1.0,1.0,1.0,0.0,1.25,17.0,17.0,225.0,281.3,0.5,0.5,8.0,10.0,,40.0,54.666668,40.0,40.0,40.0,44.0,= 22 + 18,= 22 + 18,= 22 + 18,=2*22,Assumes +2 AB from Life Hunger Assumes +2*22 damage from Life Hunger.
Hunter Shark,16928-hunter-shark,MM (2014),330.0,https://www.dndbeyond.com/monsters/16928-hunter-shark,beast,large,generic,N,2.0,2,450.0,4.0,1.0,2.0,-5.0,0.0,-3.0,4,1,2,-5,0,-3,0.0,0.0,0.0,0.0,0.0,0.0,0.0,0.0,0.0,0.0,0.0,0.0,0.0,0.0,0.0,1.0,1.0,1.0,1.0,1.0,1.0,1.0,1.0,1.0,1.0,1.0,1.0,1.0,1.0,1.0,12.0,12.0,45.0,45.0,-0.2,-0.2,6.0,10.0,,13.0,13.0,13.0,13.0,13.0,0.0,= 13,= 13,= 13,,
Hurricane,17423-hurricane,PotA,191.0,https://www.dndbeyond.com/monsters/17423-hurricane,humanoid,medium,generic,N,2.0,2,450.0,1.0,3.0,1.0,0.0,1.0,0.0,1,3,1,0,1,0,0.0,0.0,0.0,0.0,0.0,0.0,0.0,0.0,0.0,0.0,0.0,0.0,0.0,0.0,0.0,1.0,1.0,1.0,1.0,1.0,1.0,1.0,1.0,1.0,1.0,1.0,1.0,1.0,3.0,1.0,14.0,14.0,33.0,43.0,1.0,1.0,3.0,3.0,11.0,23.333334,23.333334,26.0,26.0,18.0,0.0,= 2*13,= 2*13,= 2*9,,Assumes +10 hp from Deflect Missile.
Husk Zombie,744318-husk-zombie,EGtW,293.0,https://www.dndbeyond.com/monsters/744318-husk-zombie,undead,medium,generic,N,1.0,2,200.0,3.0,0.0,3.0,-4.0,-2.0,-3.0,3,0,5,-4,0,-3,0.0,0.0,0.0,0.0,0.0,0.0,0.0,0.0,0.0,0.0,1.0,0.0,0.0,0.0,0.0,1.0,1.0,1.0,1.0,1.0,1.0,1.0,1.0,1.0,0.0,1.0,1.0,1.0,0.0,1.0,10.0,10.0,37.5,44.5,0.2,0.2,5.0,5.0,,13.0,13.0,13.0,13.0,13.0,0.0,= 2*6.5,= 2*6.5,= 2*6.5,,
Husk Zombie Burster,744317-husk-zombie-burster,EGtW,293.0,https://www.dndbeyond.com/monsters/744317-husk-zombie-burster,undead,medium,generic,N,1.0,2,200.0,3.0,0.0,3.0,-4.0,-2.0,-3.0,3,0,5,-4,0,-3,0.0,0.0,0.0,0.0,0.0,0.0,0.0,0.0,0.0,0.0,1.0,0.0,0.0,0.0,0.0,1.0,1.0,1.0,1.0,1.0,1.0,1.0,1.0,1.0,0.0,1.0,1.0,1.0,0.0,1.0,10.0,10.0,37.5,44.5,0.2,0.2,5.0,5.0,12.0,18.0,18.0,13.0,13.0,28.0,0.0,= 2*6.5,= 2*6.5,= 2*14,,
Hutijin,96080-hutijin,MToF,174.0,https://www.dndbeyond.com/monsters/96080-hutijin,fiend,large,legacy,L,21.0,7,33000.0,8.0,2.0,7.0,6.0,4.0,7.0,8,9,14,6,11,7,0.0,1.0,0.0,1.0,1.0,0.0,0.0,0.0,0.0,0.0,1.0,0.0,0.0,0.0,0.0,0.8,0.8,0.8,1.0,0.5,0.0,1.0,1.0,1.0,0.0,1.0,1.0,1.0,2.0,1.0,19.0,19.0,200.0,350.0,9.2,13.2,15.0,15.0,22.0,117.0,127.5,117.0,117.0,117.0,31.5,= 15 + 17 + 15 + 19 + 2*18 + 15,= 15 + 17 + 15 + 19 + 2*18 + 15,= 15 + 17 + 15 + 19 + 2*18 + 15,= 3*10.5,Assumes +10.5 DPR from Bite.
Hutijin,2560850-hutijin,MPMotM,157.0,https://www.dndbeyond.com/monsters/2560850-hutijin,fiend,large,unique,L,21.0,7,33000.0,8.0,2.0,7.0,6.0,4.0,7.0,8,9,14,6,11,7,0.0,1.0,0.0,1.0,1.0,0.0,0.0,0.0,0.0,0.0,1.0,0.0,0.0,0.0,0.0,0.8,0.8,0.8,1.0,0.5,0.0,1.0,1.0,1.0,0.0,1.0,1.0,1.0,2.0,1.0,19.0,19.0,200.0,350.0,9.2,13.2,15.0,15.0,22.0,123.0,133.5,123.0,123.0,123.0,31.5,= 15 + 17 + 15 + 19 + 3*19,= 15 + 17 + 15 + 19 + 3*19,= 15 + 17 + 15 + 19 + 3*19,= 3*10.5,Assumes +10.5 DPR from Bite.
Hybrid Brute,175386-hybrid-brute,GGtR,217.0,https://www.dndbeyond.com/monsters/175386-hybrid-brute,humanoid,medium,generic,N,2.0,2,450.0,4.0,0.0,2.0,-1.0,0.0,-1.0,4,0,2,-1,0,-1,0.0,0.0,0.0,0.0,0.0,0.0,0.0,0.0,0.0,0.0,0.0,0.0,0.0,0.0,0.0,1.0,1.0,1.0,1.0,1.0,1.0,1.0,1.0,1.0,1.0,1.0,1.0,1.0,0.0,1.0,18.0,18.0,52.0,52.0,0.7,0.7,6.0,6.0,,14.0,14.0,14.0,14.0,14.0,0.0,= 2*7,= 2*7,= 2*7,,
Hybrid Flier,175388-hybrid-flier,GGtR,217.0,https://www.dndbeyond.com/monsters/175388-hybrid-flier,humanoid,medium,generic,N,2.0,2,450.0,1.0,3.0,2.0,0.0,0.0,0.0,1,3,2,0,0,0,0.0,0.0,0.0,0.0,0.0,0.0,0.0,0.0,0.0,0.0,0.0,0.0,0.0,0.0,0.0,1.0,1.0,1.0,0.5,1.0,1.0,1.0,1.0,1.0,1.0,1.0,1.0,1.0,3.0,1.0,13.0,15.0,39.0,39.0,1.0,1.0,5.0,5.0,,16.0,16.0,16.0,16.0,16.0,0.0,= 6 + 10,= 6 + 10,= 6 + 10,,Assumes +2 AC from flying.
Hybrid Poisoner,175384-hybrid-poisoner,GGtR,217.0,https://www.dndbeyond.com/monsters/175384-hybrid-poisoner,humanoid,medium,generic,N,1.0,2,200.0,1.0,4.0,2.0,1.0,1.0,1.0,1,6,4,1,1,1,0.0,0.0,0.0,0.0,0.0,0.0,0.0,0.0,0.0,0.0,1.0,0.0,0.0,0.0,0.0,1.0,1.0,1.0,1.0,1.0,1.0,1.0,1.0,1.0,0.0,1.0,1.0,1.0,4.0,1.0,14.0,14.0,26.0,26.0,2.3,2.3,6.0,6.0,12.0,16.0,16.0,16.0,16.0,16.0,0.0,= 7 + 2*3 + 3,= 7 + 2*3 + 3,= 7 + 2*3 + 3,,Assumes +6 damage from Toxic Touch poison.
Hybrid Shocker,175380-hybrid-shocker,GGtR,218.0,https://www.dndbeyond.com/monsters/175380-hybrid-shocker,humanoid,medium,generic,N,1.0,2,200.0,1.0,2.0,2.0,0.0,1.0,-1.0,1,2,2,0,1,-1,0.0,0.0,0.0,0.0,0.0,0.0,0.0,0.0,0.0,0.0,0.0,0.0,0.0,0.0,0.0,1.0,1.0,1.0,1.0,1.0,1.0,1.0,0.0,1.0,1.0,1.0,1.0,1.0,2.0,1.0,12.0,12.0,39.0,39.0,0.8,0.8,4.0,4.0,,19.0,19.0,19.0,19.0,19.0,0.0,= 9 + 5 + 5,= 9 + 5 + 5,= 9 + 5 + 5,,
Hybrid Spy,175374-hybrid-spy,GGtR,218.0,https://www.dndbeyond.com/monsters/175374-hybrid-spy,humanoid,medium,generic,N,0.5,2,100.0,0.0,3.0,1.0,1.0,2.0,-1.0,0,3,1,1,2,-1,0.0,0.0,0.0,0.0,0.0,0.0,0.0,0.0,0.0,0.0,0.0,0.0,0.0,0.0,0.0,1.0,1.0,1.0,1.0,1.0,1.0,1.0,1.0,1.0,1.0,1.0,1.0,1.0,3.0,1.0,13.0,13.0,22.0,22.0,1.0,1.0,5.0,5.0,,13.0,13.0,13.0,13.0,13.0,0.0,= 2*6.5,= 2*6.5,= 2*6.5,,
Hydra,16929-hydra,MM (2014),190.0,https://www.dndbeyond.com/monsters/16929-hydra,monstrosity,huge,generic,N,8.0,3,3900.0,5.0,1.0,5.0,-4.0,0.0,-2.0,5,1,5,-4,0,-2,0.0,0.0,0.0,0.0,0.0,0.0,0.0,0.0,0.0,0.0,0.0,0.0,0.0,0.0,0.0,1.0,1.0,1.0,1.0,1.0,1.0,1.0,1.0,1.0,1.0,1.0,1.0,1.0,1.0,1.0,15.0,15.0,172.5,172.5,0.8,0.8,8.0,8.0,,50.0,50.0,50.0,50.0,50.0,0.0,=5*10,=5*10,=5*10,,
Hydroloth,93837-hydroloth,MToF,249.0,https://www.dndbeyond.com/monsters/93837-hydroloth,fiend,medium,legacy,N,9.0,4,5000.0,1.0,5.0,3.0,4.0,0.0,2.0,1,5,3,4,0,2,0.0,0.0,0.0,0.0,0.0,0.0,0.0,0.0,0.0,0.0,1.0,0.0,0.0,0.0,0.0,0.7,0.7,0.7,0.0,0.5,2.0,1.0,0.5,1.0,0.0,1.0,1.0,1.0,5.0,1.5,15.0,15.0,135.0,202.5,2.5,6.5,9.0,11.0,16.0,38.0,38.0,38.0,38.0,38.0,0.0,= 16 + 22,= 16 + 22,= 16 + 22,,
Hydroloth,2560851-hydroloth,MPMotM,158.0,https://www.dndbeyond.com/monsters/2560851-hydroloth,fiend,medium,generic,N,9.0,4,5000.0,1.0,5.0,3.0,4.0,0.0,2.0,1,5,3,4,0,2,0.0,0.0,0.0,0.0,0.0,0.0,0.0,0.0,0.0,0.0,1.0,0.0,0.0,0.0,0.0,0.7,0.7,0.7,0.0,0.5,2.0,1.0,0.5,1.0,0.0,1.0,1.0,1.0,5.0,1.5,15.0,15.0,135.0,202.5,2.5,6.5,9.0,11.0,16.0,50.0,50.0,50.0,50.0,50.0,0.0,=2*25,=2*25,=2*25,,Assumes advantage from being in water.
Hypnos Magen,1123097-hypnos-magen,IDRotF,301.0,https://www.dndbeyond.com/monsters/1123097-hypnos-magen,construct,medium,generic,N,1.0,2,200.0,0.0,2.0,4.0,2.0,0.0,-2.0,0,2,4,2,0,-2,0.0,1.0,0.0,1.0,1.0,0.0,0.0,0.0,1.0,0.0,1.0,0.0,0.0,0.0,0.0,1.0,1.0,1.0,1.0,1.0,1.0,1.0,1.0,1.0,0.0,1.0,1.0,1.0,2.0,1.0,12.0,12.0,34.0,34.0,1.0,5.0,4.0,4.0,12.0,11.0,11.0,11.0,11.0,11.0,0.0,= 11,= 11,= 11,,
Hythonia,909488-hythonia,MOoT,252.0,https://www.dndbeyond.com/monsters/909488-hythonia,monstrosity,large,unique,LL,17.0,6,18000.0,5.0,3.0,4.0,2.0,3.0,4.0,11,3,10,2,3,10,0.0,1.0,0.0,0.0,1.0,0.0,0.0,0.0,0.0,0.0,1.0,0.0,0.0,0.0,0.0,1.0,1.0,1.0,1.0,1.0,1.0,1.0,1.0,1.0,0.0,1.0,1.0,1.0,3.0,1.0,17.0,20.0,199.5,289.5,6.5,6.5,11.0,11.0,18.0,194.66667,194.66667,208.0,168.0,208.0,0.0,= 13 + 16 + 15 + 31 + 3*31 + 4*10,= 13 + 16 + 15 + 31 + 3*31,= 13 + 16 + 15 + 31 + 3*31 + 4*10,,Assume PCs will avert their gaze when attacking giving them disadvantage and thus +3 AC.
Iarno “Glasstaff” Albrek,3805750-iarno-glasstaff-albrek,PaBTSO,43.0,https://www.dndbeyond.com/monsters/3805750-iarno-glasstaff-albrek,humanoid,medium,unique,N,1.0,2,200.0,-1.0,2.0,0.0,3.0,1.0,0.0,-1,2,0,5,3,0,0.0,0.0,0.0,0.0,0.0,0.0,0.0,0.0,0.0,0.0,0.0,0.0,0.0,0.0,0.0,1.0,1.0,1.0,1.0,1.0,1.0,1.0,1.0,1.0,1.0,1.0,1.0,1.0,2.0,1.0,16.0,21.0,22.5,22.5,1.5,1.5,5.0,5.0,,13.0,13.0,13.0,13.0,13.0,0.0,= 2*6.5,= 2*6.5,= 2*6.5,,Assumes +5 AC from Staff of Defense (Shield).
Ice Devil,16931-ice-devil,MM (2014),75.0,https://www.dndbeyond.com/monsters/16931-ice-devil,fiend,large,generic,N,14.0,5,11500.0,5.0,2.0,4.0,4.0,2.0,4.0,5,7,9,4,7,9,0.0,0.0,0.0,0.0,0.0,0.0,0.0,0.0,0.0,0.0,1.0,0.0,0.0,0.0,0.0,0.8,0.8,0.8,1.0,0.0,0.0,1.0,1.0,1.0,0.0,1.0,1.0,1.0,2.0,1.5,18.0,18.0,180.5,270.8,6.8,10.8,10.0,10.0,17.0,77.666664,77.666664,105.0,64.0,64.0,0.0,= 3*35,=22 + 20 + 22,=22 + 20 + 22,,
Ice Mephit,16932-ice-mephit,MM (2014),215.0,https://www.dndbeyond.com/monsters/16932-ice-mephit,elemental,small,generic,N,0.5,2,100.0,-2.0,1.0,0.0,-1.0,0.0,1.0,-2,1,0,-1,0,1,0.0,0.0,0.0,0.0,0.0,0.0,0.0,0.0,0.0,0.0,1.0,0.0,0.0,0.0,0.0,2.0,1.0,1.0,1.0,0.0,2.0,1.0,1.0,1.0,0.0,1.0,1.0,1.0,1.0,1.0,11.0,11.0,21.0,21.0,-0.2,-0.2,3.0,3.0,10.0,8.0,8.0,10.0,5.0,9.0,0.0,= 2*5,= 5,= 5 + 4,,
Ice Spider Queen,299571-ice-spider-queen,SKT,128.0,https://www.dndbeyond.com/monsters/299571-ice-spider-queen,beast,large,unique,N,2.0,2,450.0,2.0,3.0,1.0,-4.0,0.0,-3.0,2,3,1,-4,0,-3,0.0,0.0,0.0,0.0,0.0,0.0,0.0,0.0,0.0,0.0,0.0,0.0,0.0,0.0,0.0,1.0,1.0,1.0,1.0,0.5,1.0,1.0,1.0,1.0,1.0,1.0,1.0,1.0,3.0,1.0,14.0,14.0,45.5,45.5,-0.2,-0.2,5.0,5.0,11.0,16.5,21.5,16.5,16.5,16.5,15.0,= 16.5,= 16.5,= 16.5,= 3*5,Assumes +5 DPR from Cold Aura.
Ice Toad,21903-ice-toad,RoT,90.0,https://www.dndbeyond.com/monsters/21903-ice-toad,monstrosity,medium,generic,N,1.0,2,200.0,1.0,0.0,2.0,-1.0,0.0,-2.0,1,0,2,-1,0,-2,0.0,0.0,0.0,0.0,0.0,0.0,0.0,0.0,0.0,0.0,0.0,0.0,0.0,0.0,0.0,1.0,1.0,1.0,1.0,0.0,1.0,1.0,1.0,1.0,1.0,1.0,1.0,1.0,0.0,1.0,12.0,12.0,32.5,32.5,0.0,0.0,3.0,3.0,,12.0,12.0,12.0,12.0,12.0,0.0,= 9 + 3,= 9 + 3,= 9 + 3,,
Ice Troll,1123099-ice-troll,IDRotF,295.0,https://www.dndbeyond.com/monsters/1123099-ice-troll,giant,large,generic,N,8.0,3,3900.0,4.0,-1.0,6.0,-2.0,-1.0,-2.0,4,-1,6,-2,-1,-2,0.0,0.0,0.0,0.0,0.0,0.0,0.0,0.0,0.0,0.0,0.0,0.0,0.0,0.0,0.0,1.0,1.0,1.0,1.0,0.0,1.0,1.0,1.0,1.0,1.0,1.0,1.0,1.0,-1.0,1.0,16.0,16.0,115.0,145.0,0.7,0.7,7.0,7.0,,66.0,66.0,66.0,66.0,66.0,0.0,= 16 + 2*20 + 10,= 16 + 2*20 + 10,= 16 + 2*20 + 10,,
Icewind Kobold,1123101-icewind-kobold,IDRotF,296.0,https://www.dndbeyond.com/monsters/1123101-icewind-kobold,humanoid,small,generic,N,0.125,2,25.0,-2.0,2.0,1.0,-1.0,-1.0,-1.0,-2,4,3,-1,-1,-1,0.0,0.0,0.0,0.0,0.0,0.0,0.0,0.0,0.0,0.0,0.0,0.0,0.0,0.0,0.0,1.0,1.0,1.0,1.0,1.0,1.0,1.0,1.0,1.0,1.0,1.0,1.0,1.0,2.0,1.0,14.0,14.0,9.0,9.0,0.3,0.3,4.0,4.0,,4.5,4.5,4.5,4.5,4.5,0.0,= 4.5,= 4.5,= 4.5,,
Icewind Kobold Zombie,1123100-icewind-kobold-zombie,IDRotF,297.0,https://www.dndbeyond.com/monsters/1123100-icewind-kobold-zombie,undead,small,generic,N,0.125,2,25.0,-1.0,-2.0,3.0,-4.0,-2.0,-4.0,-1,-2,3,-4,0,-4,0.0,0.0,0.0,0.0,0.0,0.0,0.0,0.0,0.0,0.0,1.0,0.0,0.0,0.0,0.0,1.0,1.0,1.0,1.0,1.0,1.0,1.0,1.0,1.0,0.0,1.0,1.0,1.0,-2.0,1.0,9.0,9.0,19.5,26.5,-1.3,-1.3,1.0,1.0,,2.5,2.5,2.5,2.5,2.5,0.0,= 2.5,= 2.5,= 2.5,,
Iggwilv the Witch Queen,1979789-iggwilv-the-witch-queen,TWBtW,205.0,https://www.dndbeyond.com/monsters/1979789-iggwilv-the-witch-queen,fey,medium,unique,L,20.0,6,25000.0,0.0,4.0,4.0,8.0,1.0,6.0,0,4,4,14,7,12,0.0,1.0,0.0,0.0,1.0,0.0,0.0,0.0,0.0,0.0,0.0,0.0,0.0,0.0,0.0,1.0,1.0,1.0,1.0,1.0,1.0,1.0,1.0,1.0,1.0,1.0,1.0,1.0,4.0,1.0,19.0,19.0,255.0,586.5,6.8,10.8,16.0,16.0,22.0,61.0,61.0,81.0,51.0,51.0,0.0,= 2*40.5,= 2*25.5,= 2*25.5,,"Assumes +2*23 HP from Negate 
Spell, +50% HP from Fey Beguilement."
Illusionist,17335-illusionist,VGtM,214.0,https://www.dndbeyond.com/monsters/17335-illusionist,humanoid,medium,legacy,N,3.0,2,700.0,-1.0,2.0,1.0,3.0,0.0,1.0,-1,2,1,5,2,1,0.0,0.0,0.0,0.0,0.0,0.0,0.0,0.0,0.0,0.0,0.0,0.0,0.0,0.0,0.0,1.0,1.0,1.0,1.0,1.0,1.0,1.0,1.0,1.0,1.0,1.0,1.0,1.0,2.0,1.0,15.0,17.0,38.5,38.5,1.7,1.7,5.0,5.0,13.0,31.0,31.0,21.0,36.0,36.0,0.0,= 21,= 21 + 3*5,= 21 + 3*5,,Assumes +2 AC from Displacement.
Illusionist Wizard,2560852-illusionist-wizard,MPMotM,263.0,https://www.dndbeyond.com/monsters/2560852-illusionist-wizard,humanoid,medium,generic,N,3.0,2,700.0,-1.0,2.0,1.0,3.0,0.0,1.0,-1,2,1,5,2,1,0.0,0.0,0.0,0.0,0.0,0.0,0.0,0.0,0.0,0.0,0.0,0.0,0.0,0.0,0.0,1.0,1.0,1.0,1.0,1.0,1.0,1.0,1.0,1.0,1.0,1.0,1.0,1.0,2.0,1.0,15.0,19.0,44.0,44.0,1.7,1.7,5.0,5.0,,28.0,28.0,28.0,28.0,28.0,0.0,= 2*14,= 2*14,= 2*14,,Assumes +4 AC from Displacement.
Imix,17461-imix,PotA,214.0,https://www.dndbeyond.com/monsters/17461-imix,elemental,huge,unique,LL,19.0,6,22000.0,4.0,7.0,6.0,2.0,3.0,6.0,4,13,12,2,3,12,0.0,1.0,0.0,0.0,1.0,0.0,0.0,0.0,1.0,1.0,1.0,1.0,1.0,0.0,0.0,0.7,0.7,0.7,1.0,1.0,0.0,1.0,1.0,1.0,0.0,1.0,1.0,1.0,7.0,1.0,17.0,17.0,325.0,415.0,7.7,11.7,12.0,12.0,20.0,216.0,216.0,216.0,216.0,216.0,0.0,=2*36 + 2*17 + 80 + 3*10,=2*36 + 2*17 + 80 + 3*10,=2*36 + 2*17 + 80 + 3*10,,
Immortal Lotus Monk,1528967-immortal-lotus-monk,CM,165.0,https://www.dndbeyond.com/monsters/1528967-immortal-lotus-monk,humanoid,medium,generic,N,5.0,3,1800.0,1.0,3.0,2.0,0.0,2.0,0.0,1,3,2,0,2,0,0.0,0.0,0.0,0.0,0.0,0.0,0.0,0.0,0.0,0.0,0.0,0.0,0.0,0.0,0.0,1.0,1.0,1.0,1.0,1.0,1.0,1.0,1.0,1.0,1.0,1.0,1.0,1.0,3.0,1.0,15.0,15.0,65.0,65.0,1.3,1.3,6.0,10.0,,15.0,15.0,15.0,15.0,15.0,0.0,= 2*7.5,= 2*7.5,= 2*7.5,,Assumes +4 AB from knocking target prone for advantage.
Imp,16933-imp,MM (2014),76.0,https://www.dndbeyond.com/monsters/16933-imp,fiend,tiny,generic,N,1.0,2,200.0,-2.0,3.0,1.0,0.0,1.0,2.0,-2,3,1,0,1,2,0.0,0.0,0.0,0.0,0.0,0.0,0.0,0.0,0.0,0.0,1.0,0.0,0.0,0.0,0.0,0.8,0.8,0.8,1.0,0.5,0.0,1.0,1.0,1.0,0.0,1.0,1.0,1.0,3.0,2.0,13.0,13.0,10.5,21.0,0.8,4.8,5.0,5.0,,15.0,15.0,15.0,15.0,15.0,0.0,= 15,= 15,= 15,,
Incubus,257235-incubus,MM (2014),285.0,https://www.dndbeyond.com/monsters/257235-incubus,fiend,medium,generic,N,4.0,2,1100.0,-1.0,3.0,1.0,2.0,1.0,5.0,-1,3,1,2,1,5,0.0,0.0,0.0,0.0,0.0,0.0,0.0,0.0,0.0,0.0,0.0,0.0,0.0,0.0,0.0,0.7,0.7,0.7,1.0,0.5,0.5,1.0,0.5,1.0,0.5,1.0,1.0,1.0,3.0,2.0,15.0,15.0,66.0,132.0,1.8,1.8,7.0,7.0,15.0,21.333334,21.333334,0.0,32.0,32.0,0.0,= 0,= 32,= 32,,
Indentured Spirit,175561-indentured-spirit,GGtR,206.0,https://www.dndbeyond.com/monsters/175561-indentured-spirit,undead,medium,generic,N,1.0,2,200.0,-2.0,1.0,0.0,0.0,1.0,0.0,-2,1,0,0,1,0,0.0,1.0,0.0,1.0,1.0,1.0,0.0,0.0,1.0,1.0,1.0,1.0,1.0,0.0,0.0,0.7,0.7,0.7,0.5,0.0,0.5,1.0,0.5,0.0,0.0,1.0,1.0,0.5,1.0,2.0,11.0,11.0,13.5,27.0,0.0,0.0,3.0,3.0,,10.0,10.0,10.0,10.0,10.0,0.0,= 10,= 10,= 10,,
Infected Elder Brain,3805751-infected-elder-brain,PaBTSO,159.0,https://www.dndbeyond.com/monsters/3805751-infected-elder-brain,aberration,large,generic,N,11.0,4,7200.0,2.0,0.0,5.0,5.0,4.0,5.0,2,0,5,9,8,9,0.0,0.0,0.0,0.0,0.0,0.0,0.0,0.0,0.0,0.0,0.0,0.0,0.0,0.0,0.0,1.0,1.0,1.0,1.0,1.0,1.0,1.0,1.0,1.0,1.0,1.0,1.0,1.0,0.0,1.0,10.0,10.0,189.0,189.0,5.5,9.5,6.0,10.0,17.0,65.833336,92.166664,97.5,50.0,50.0,79.0,= 3*32.5,=2*25,=2*25,= SUM(BL1268:BN1268)*(2/5),Assumes +4 AB from Mind Blast (Stunned). Assumes +40% DPR from Mind Blast (Stunned).
Initiate of the Comet,3960619-initiate-of-the-comet,TBoMT,93.0,https://www.dndbeyond.com/monsters/3960619-initiate-of-the-comet,humanoid,medium,generic,N,4.0,2,1100.0,1.0,2.0,3.0,0.0,1.0,3.0,1,2,3,0,3,5,0.0,0.0,0.0,0.0,0.0,0.0,0.0,0.0,0.0,0.0,0.0,0.0,0.0,0.0,0.0,1.0,1.0,1.0,1.0,1.0,1.0,1.0,1.0,1.0,1.0,1.0,1.0,1.0,2.0,1.0,12.0,13.0,75.0,75.0,2.3,6.3,5.0,5.0,,28.0,28.0,28.0,28.0,28.0,0.0,= 2*14,= 2*14,= 2*14,,Assumes +1 AC from Foresight.
Inkling Mascot,2160307-inkling-mascot,SACoC,195.0,https://www.dndbeyond.com/monsters/2160307-inkling-mascot,ooze,tiny,generic,N,0.25,2,50.0,0.0,3.0,2.0,-2.0,-2.0,0.0,0,3,2,-2,-2,0,1.0,1.0,1.0,1.0,0.0,0.0,0.0,0.0,0.0,0.0,0.0,1.0,0.0,0.0,0.0,1.0,1.0,1.0,1.0,1.0,1.0,1.0,1.0,1.0,1.0,0.0,1.0,1.0,3.0,1.0,13.0,17.0,18.0,18.0,0.2,4.2,5.0,9.0,,5.5,5.5,5.5,5.5,5.5,0.0,= 5.5,= 5.5,= 5.5,,Assumes +4 AC from Shadow Stealth. Assumes +4 SB from Shadow Stealth. Assumes +4 AB from Shadow Stealth.
Inquisitor of the Mind Fire,1680926-inquisitor-of-the-mind-fire,VRGtR,248.0,https://www.dndbeyond.com/monsters/1680926-inquisitor-of-the-mind-fire,humanoid,medium,generic,N,8.0,3,3900.0,0.0,2.0,1.0,3.0,3.0,4.0,0,2,1,6,6,7,0.0,1.0,0.0,0.0,1.0,0.0,0.0,0.0,0.0,0.0,0.0,0.0,0.0,0.0,0.0,1.0,1.0,1.0,1.0,1.0,1.0,1.0,1.0,1.0,1.0,1.0,1.0,1.0,2.0,1.0,16.0,16.0,77.0,115.5,3.7,3.7,7.0,7.0,,55.0,55.0,55.0,55.0,55.0,0.0,= 2*27.5,= 2*27.5,= 2*27.5,,Assumes 50% more hit points from Inquisitor's Command.
Inquisitor of the Sword,1680927-inquisitor-of-the-sword,VRGtR,249.0,https://www.dndbeyond.com/monsters/1680927-inquisitor-of-the-sword,humanoid,medium,generic,N,8.0,3,3900.0,1.0,2.0,2.0,2.0,4.0,3.0,1,2,2,5,7,6,0.0,1.0,0.0,0.0,1.0,0.0,0.0,0.0,0.0,0.0,0.0,0.0,0.0,0.0,0.0,1.0,1.0,1.0,1.0,1.0,1.0,1.0,1.0,1.0,1.0,1.0,1.0,1.0,2.0,1.0,16.0,16.0,91.0,121.0,3.8,3.8,7.0,7.0,,55.0,55.0,55.0,55.0,55.0,0.0,= 2*27.5,= 2*27.5,= 2*27.5,,
Inquisitor of the Tome,1680928-inquisitor-of-the-tome,VRGtR,249.0,https://www.dndbeyond.com/monsters/1680928-inquisitor-of-the-tome,humanoid,medium,generic,N,8.0,3,3900.0,0.0,1.0,1.0,4.0,3.0,2.0,0,1,1,7,6,5,0.0,1.0,0.0,0.0,1.0,0.0,0.0,0.0,0.0,0.0,0.0,0.0,0.0,0.0,0.0,1.0,1.0,1.0,1.0,1.0,1.0,1.0,1.0,1.0,1.0,1.0,1.0,1.0,1.0,1.0,14.0,16.0,77.0,77.0,3.3,3.3,7.0,7.0,15.0,59.666668,64.666664,62.0,62.0,55.0,15.0,= 2*31,= 2*31,= 2*27.5,= 15,Assumes +2 AC from Telekinetic Deflection. Assumes Implode refreshes once. Assumes +15 damage from Telekinetic Deflection.
Inspired,489058-inspired,ERftLW,294.0,https://www.dndbeyond.com/monsters/489058-inspired,humanoid,medium,generic,N,2.0,2,450.0,0.0,2.0,0.0,3.0,0.0,3.0,0,2,0,5,2,3,0.0,1.0,0.0,0.0,1.0,0.0,0.0,0.0,0.0,0.0,0.0,0.0,0.0,0.0,0.0,1.0,1.0,1.0,1.0,1.0,1.0,1.0,1.0,1.0,1.0,0.5,1.0,1.0,2.0,1.0,15.0,15.0,40.5,40.5,2.0,2.0,4.0,4.0,13.0,34.0,34.0,34.0,34.0,34.0,0.0,= 2*17,= 2*17,= 2*17,,Assumes +3 damage per attack from hex.
Intellect Devourer,17163-intellect-devourer,MM (2014),191.0,https://www.dndbeyond.com/monsters/17163-intellect-devourer,aberration,tiny,generic,N,2.0,2,450.0,-2.0,2.0,1.0,1.0,0.0,0.0,-2,2,1,1,0,0,1.0,0.0,0.0,0.0,0.0,0.0,0.0,0.0,0.0,0.0,0.0,0.0,0.0,0.0,0.0,0.7,0.7,0.7,1.0,1.0,1.0,1.0,1.0,1.0,1.0,1.0,1.0,1.0,2.0,2.0,12.0,12.0,21.0,21.0,0.3,0.3,4.0,4.0,12.0,18.0,18.0,18.0,18.0,18.0,0.0,= 7 + 11,= 7 + 11,= 7 + 11,,
Intellect Snare,3805753-intellect-snare,PaBTSO,208.0,https://www.dndbeyond.com/monsters/3805753-intellect-snare,aberration,small,generic,N,8.0,3,3900.0,1.0,4.0,2.0,6.0,3.0,0.0,1,4,2,9,6,3,1.0,1.0,0.0,0.0,1.0,0.0,0.0,0.0,0.0,0.0,0.0,1.0,0.0,0.0,0.0,1.0,1.0,1.0,1.0,1.0,1.0,1.0,1.0,1.0,1.0,0.0,1.0,1.0,4.0,1.0,14.0,14.0,99.0,207.0,4.2,8.2,9.0,9.0,17.0,42.0,42.0,42.0,42.0,42.0,0.0,= 2*10.5 + 21,= 2*10.5 + 21,= 2*10.5 + 21,,Assumes +15 HP per round from Cacophony of Minds.
Invisible Stalker,16934-invisible-stalker,MM (2014),192.0,https://www.dndbeyond.com/monsters/16934-invisible-stalker,elemental,medium,generic,N,6.0,3,2300.0,3.0,4.0,2.0,0.0,2.0,0.0,3,4,2,0,2,0,0.0,0.0,0.0,1.0,0.0,1.0,0.0,0.0,1.0,1.0,1.0,1.0,1.0,0.0,1.0,0.7,0.7,0.7,1.0,1.0,1.0,1.0,1.0,1.0,0.0,1.0,1.0,1.0,4.0,1.5,14.0,18.0,104.0,156.0,1.8,5.8,6.0,10.0,,20.0,20.0,20.0,20.0,20.0,0.0,= 2*10,= 2*10,= 2*10,,Assumes +4 AC from Invisible. Assumes +4 SB from Invisible. Assumes +4 AB from Invisible.
Iron Cobra,93842-iron-cobra,MToF,125.0,https://www.dndbeyond.com/monsters/93842-iron-cobra,construct,medium,legacy,N,4.0,2,1100.0,1.0,3.0,2.0,-4.0,0.0,-5.0,1,3,2,-4,0,-5,0.0,1.0,0.0,1.0,1.0,0.0,0.0,0.0,1.0,1.0,1.0,0.0,0.0,0.0,0.0,0.3,0.3,0.3,1.0,1.0,1.0,1.0,1.0,1.0,0.0,1.0,1.0,1.0,3.0,2.0,13.0,13.0,45.5,111.0,-0.5,3.5,5.0,5.0,13.0,6.5,20.0,6.5,6.5,6.5,40.5,= 6.5,= 6.5,= 6.5,= 3*13.5,Assumes +2*5 hp from Bite. Assumes +13.5 DPR from Bite.
Iron Consul,417125-iron-consul,BGDiA,232.0,https://www.dndbeyond.com/monsters/417125-iron-consul,humanoid,medium,generic,N,2.0,2,450.0,3.0,0.0,3.0,1.0,2.0,3.0,3,0,3,1,4,3,0.0,0.0,0.0,0.0,1.0,0.0,0.0,0.0,0.0,0.0,0.0,0.0,0.0,0.0,0.0,1.0,1.0,1.0,1.0,1.0,1.0,1.0,1.0,1.0,1.0,1.0,1.0,1.0,0.0,1.0,16.0,18.0,45.0,45.0,2.3,2.3,5.0,5.0,,14.0,14.0,14.0,14.0,14.0,0.0,= 7 + 7,= 7 + 7,= 7 + 7,,Assumes +2 AC from Tactical Discipline. Assumes +7 DPR from Voice of Command.
Iron Defender,561453-iron-defender,ERftLW,293.0,https://www.dndbeyond.com/monsters/561453-iron-defender,construct,medium,generic,N,1.0,2,200.0,3.0,2.0,3.0,-1.0,0.0,-2.0,3,2,3,-1,0,-2,0.0,0.0,0.0,1.0,0.0,0.0,0.0,0.0,0.0,0.0,1.0,0.0,0.0,0.0,0.0,1.0,1.0,1.0,1.0,1.0,1.0,1.0,1.0,1.0,0.0,1.0,1.0,1.0,2.0,1.0,17.0,17.0,30.0,30.0,0.8,0.8,5.0,5.0,13.0,9.0,9.0,9.0,9.0,9.0,0.0,= 9,= 9,= 9,,
Iron Golem,16935-iron-golem,MM (2014),170.0,https://www.dndbeyond.com/monsters/16935-iron-golem,construct,large,generic,N,16.0,5,15000.0,7.0,-1.0,5.0,-4.0,0.0,-5.0,7,-1,5,-4,0,-5,0.0,1.0,0.0,1.0,1.0,0.0,0.0,0.0,1.0,1.0,1.0,0.0,0.0,0.0,0.0,0.3,0.3,0.3,1.0,1.0,0.0,1.0,1.0,1.0,0.0,0.0,1.0,1.0,-1.0,1.5,20.0,20.0,210.0,315.0,0.3,4.3,13.0,13.0,19.0,60.666668,60.666668,90.0,46.0,46.0,0.0,= 2*45,= 2*23,= 2*23,,
Ironscale Hydra,909489-ironscale-hydra,MOoT,231.0,https://www.dndbeyond.com/monsters/909489-ironscale-hydra,monstrosity,gargantuan,generic,N,12.0,4,8400.0,6.0,0.0,6.0,-4.0,0.0,-2.0,6,0,6,-4,0,-2,0.0,0.0,0.0,0.0,0.0,0.0,0.0,0.0,0.0,0.0,0.0,0.0,0.0,0.0,0.0,1.0,1.0,1.0,0.0,1.0,1.0,1.0,1.0,1.0,1.0,1.0,1.0,1.0,0.0,1.0,17.0,17.0,181.5,181.5,1.0,1.0,10.0,10.0,,103.0,103.0,103.0,103.0,103.0,0.0,= 5*17 + 2*9,= 5*17 + 2*9,= 5*17 + 2*9,,
Irvan Wastewalker (Tier 1),2407544-irvan-wastewalker-tier-1,CRCotN,189.0,https://www.dndbeyond.com/monsters/2407544-irvan-wastewalker-tier-1,humanoid,medium,unique,N,3.0,2,700.0,-1.0,2.0,1.0,1.0,1.0,1.0,-1,4,3,1,1,1,0.0,0.0,0.0,0.0,0.0,0.0,0.0,0.0,0.0,0.0,0.0,0.0,0.0,0.0,0.0,1.0,1.0,1.0,1.0,1.0,1.0,1.0,1.0,1.0,1.0,1.0,1.0,1.0,2.0,1.0,13.0,13.0,66.0,71.0,1.5,1.5,4.0,4.0,,23.0,23.0,23.0,23.0,23.0,0.0,= 2*11.5,= 2*11.5,= 2*11.5,,Assumes +5 HP from Fortitude.
Irvan Wastewalker (Tier 2),2407545-irvan-wastewalker-tier-2,CRCotN,191.0,https://www.dndbeyond.com/monsters/2407545-irvan-wastewalker-tier-2,humanoid,medium,unique,N,5.0,3,1800.0,0.0,3.0,1.0,2.0,2.0,2.0,0,6,4,2,2,2,0.0,0.0,0.0,0.0,0.0,0.0,0.0,0.0,0.0,0.0,0.0,0.0,0.0,0.0,0.0,1.0,1.0,1.0,1.0,1.0,1.0,1.0,1.0,1.0,1.0,1.0,1.0,1.0,3.0,1.0,15.0,15.0,99.0,109.0,2.7,2.7,6.0,6.0,,39.0,39.0,39.0,39.0,39.0,0.0,= 2*19.5,= 2*19.5,= 2*19.5,,Assumes +10 HP from Fortitude.
Irvan Wastewalker (Tier 3),2407546-irvan-wastewalker-tier-3,CRCotN,194.0,https://www.dndbeyond.com/monsters/2407546-irvan-wastewalker-tier-3,humanoid,medium,unique,N,8.0,3,3900.0,0.0,5.0,2.0,3.0,3.0,3.0,0,8,5,3,3,3,0.0,0.0,0.0,0.0,0.0,0.0,0.0,0.0,0.0,0.0,0.0,0.0,0.0,0.0,0.0,1.0,1.0,1.0,1.0,1.0,1.0,1.0,1.0,1.0,1.0,1.0,1.0,1.0,5.0,1.0,17.0,17.0,123.5,133.5,3.7,3.7,8.0,8.0,,56.0,56.0,56.0,56.0,56.0,0.0,= 25 + 2*15.5,= 25 + 2*15.5,= 25 + 2*15.5,,Assumes +10 HP from Fortitude.
Isarr Kronenstrom,1123102-isarr-kronenstrom,IDRotF,307.0,https://www.dndbeyond.com/monsters/1123102-isarr-kronenstrom,humanoid,medium,unique,N,8.0,3,3900.0,3.0,3.0,2.0,2.0,2.0,3.0,3,3,2,2,2,3,0.0,0.0,0.0,0.0,0.0,0.0,0.0,0.0,0.0,0.0,0.0,0.0,0.0,0.0,0.0,1.0,1.0,1.0,1.0,1.0,1.0,1.0,1.0,1.0,1.0,1.0,1.0,1.0,3.0,1.0,15.0,15.0,117.0,147.0,2.5,2.5,6.0,10.0,,54.0,54.0,54.0,54.0,54.0,0.0,= 3*18,= 3*18,= 3*18,,Assumes +3*10 hp from Indomitable.
Ishel,744319-ishel,EGtW,231.0,https://www.dndbeyond.com/monsters/744319-ishel,humanoid,medium,unique,N,0.5,2,100.0,0.0,2.0,0.0,0.0,0.0,1.0,0,2,0,0,0,1,0.0,0.0,0.0,0.0,0.0,0.0,0.0,0.0,0.0,0.0,0.0,0.0,0.0,0.0,0.0,1.0,1.0,1.0,1.0,1.0,1.0,1.0,1.0,1.0,1.0,1.0,1.0,1.0,2.0,1.0,15.0,17.0,24.0,24.0,0.5,0.5,4.0,4.0,,5.5,5.5,5.5,5.5,5.5,0.0,= 5.5,= 5.5,= 5.5,,Assumes +2 AC from Hand Crossbow poison.
Isperia,175777-isperia,GGtR,227.0,https://www.dndbeyond.com/monsters/175777-isperia,monstrosity,gargantuan,unique,L,21.0,7,33000.0,5.0,2.0,4.0,6.0,8.0,5.0,5,9,11,13,15,5,0.0,1.0,0.0,0.0,1.0,0.0,0.0,0.0,0.0,0.0,0.0,0.0,0.0,0.0,0.0,0.2,0.2,0.2,1.0,1.0,1.0,1.0,1.0,1.0,1.0,0.0,1.0,1.0,2.0,1.25,17.0,17.0,261.0,517.5,9.7,13.7,12.0,12.0,23.0,119.0,119.0,119.0,119.0,119.0,0.0,= 2*21 + 3*21 + 14,= 2*21 + 3*21 + 14,= 2*21 + 3*21 + 14,,Assumes +21 HPR from Counterspell.
Istarian Drone,3081110-istarian-drone,DSotDQ,202.0,https://www.dndbeyond.com/monsters/3081110-istarian-drone,construct,medium,generic,N,6.0,3,2300.0,5.0,0.0,4.0,-3.0,0.0,-3.0,5,0,4,-3,0,-3,0.0,1.0,0.0,1.0,1.0,0.0,0.0,0.0,1.0,0.0,1.0,0.0,0.0,0.0,0.0,1.0,1.0,1.0,1.0,1.0,1.0,1.0,0.0,1.0,0.0,1.0,1.0,1.0,0.0,1.0,17.0,18.0,127.5,127.5,0.5,0.5,8.0,9.0,15.0,28.0,28.0,28.0,28.0,28.0,0.0,= 2*14,= 2*14,= 2*14,,Assumes +1 AC from Crystalline Spit. Assumes +1 AB from Crystalline Spit.
Istrid Horn,149851-istrid-horn,WDH,199.0,https://www.dndbeyond.com/monsters/149851-istrid-horn,humanoid,medium,unique,N,8.0,3,3900.0,1.0,0.0,2.0,0.0,3.0,1.0,1,0,5,0,6,1,0.0,0.0,0.0,0.0,0.0,0.0,0.0,0.0,0.0,0.0,0.0,0.0,0.0,0.0,0.0,1.0,1.0,1.0,1.0,1.0,1.0,1.0,1.0,1.0,0.5,1.0,1.0,1.0,0.0,1.0,18.0,18.0,117.0,117.0,2.2,2.2,6.0,6.0,14.0,62.666668,62.666668,36.0,92.0,60.0,0.0,= 2*18,= 2*18 + 2*28,= 2*18 + 24,,
Ixitxachitl,17380-ixitxachitl,OotA,225.0,https://www.dndbeyond.com/monsters/17380-ixitxachitl,aberration,small,generic,N,0.25,2,50.0,1.0,3.0,1.0,1.0,1.0,-2.0,1,3,1,1,1,-2,0.0,0.0,0.0,0.0,0.0,0.0,0.0,0.0,0.0,0.0,0.0,0.0,0.0,0.0,0.0,1.0,1.0,1.0,1.0,1.0,1.0,1.0,1.0,1.0,1.0,1.0,1.0,1.0,3.0,1.0,15.0,15.0,18.0,18.0,0.8,0.8,3.0,3.0,,4.5,7.0,4.5,4.5,4.5,7.5,= 4.5,= 4.5,= 4.5,= 7.5,
Izek Strazni,17365-izek-strazni,CoS,232.0,https://www.dndbeyond.com/monsters/17365-izek-strazni,humanoid,medium,unique,N,5.0,3,1800.0,4.0,2.0,3.0,0.0,-1.0,2.0,4,2,3,0,-1,2,0.0,0.0,0.0,0.0,0.0,0.0,0.0,0.0,0.0,0.0,0.0,0.0,0.0,0.0,0.0,1.0,1.0,1.0,1.0,1.0,1.0,1.0,1.0,1.0,1.0,1.0,1.0,1.0,2.0,1.0,14.0,14.0,112.5,112.5,1.7,1.7,7.0,7.0,,30.0,30.0,30.0,30.0,30.0,0.0,= 2*15,= 2*15,= 2*15,,
Jabberwock,1979790-jabberwock,TWBtW,236.0,https://www.dndbeyond.com/monsters/1979790-jabberwock,dragon,huge,legendary,L,13.0,5,10000.0,5.0,1.0,5.0,-3.0,-2.0,0.0,10,6,10,2,3,5,0.0,1.0,0.0,0.0,1.0,0.0,0.0,0.0,0.0,0.0,1.0,0.0,0.0,0.0,0.0,1.0,1.0,1.0,1.0,1.0,1.0,1.0,1.0,1.0,0.0,1.0,1.0,1.0,1.0,1.0,18.0,18.0,115.0,293.8,6.0,6.0,10.0,10.0,18.0,81.166664,81.166664,94.5,74.5,74.5,0.0,= 2*31.5 + 3*10.5,= 2*21.5 + 3*10.5,= 2*21.5 + 3*10.5,,Assumes 25% more HP from Confusing Burble.
Jackalwere,17164-jackalwere,MM (2014),193.0,https://www.dndbeyond.com/monsters/17164-jackalwere,humanoid,medium,generic,N,0.5,2,100.0,0.0,2.0,0.0,1.0,0.0,0.0,0,2,0,1,0,0,0.0,0.0,0.0,0.0,0.0,0.0,0.0,0.0,0.0,0.0,0.0,0.0,0.0,0.0,0.0,0.3,0.3,0.3,1.0,1.0,1.0,1.0,1.0,1.0,1.0,1.0,1.0,1.0,2.0,2.0,12.0,12.0,18.0,36.0,0.5,0.5,4.0,5.0,,5.0,5.0,5.0,5.0,5.0,0.0,= 5,= 5,= 5,,
Jaculi,33039-jaculi,ToA,225.0,https://www.dndbeyond.com/monsters/33039-jaculi,beast,large,generic,N,0.5,2,100.0,2.0,2.0,0.0,-4.0,-1.0,-4.0,2,2,0,-4,-1,-4,0.0,0.0,0.0,0.0,0.0,0.0,0.0,0.0,0.0,0.0,0.0,0.0,0.0,0.0,0.0,1.0,1.0,1.0,1.0,1.0,1.0,1.0,1.0,1.0,1.0,1.0,1.0,1.0,2.0,1.0,14.0,14.0,16.5,16.5,-0.8,-0.8,4.0,4.0,,11.333333,11.333333,16.0,9.0,9.0,0.0,= 9 + 7,= 9,= 9,,
Jade Tigress,1528968-jade-tigress,CM,166.0,https://www.dndbeyond.com/monsters/1528968-jade-tigress,humanoid,medium,unique,N,8.0,3,3900.0,4.0,2.0,2.0,0.0,3.0,0.0,7,2,5,0,3,0,0.0,1.0,0.0,0.0,1.0,0.0,0.0,0.0,0.0,0.0,0.0,0.0,0.0,0.0,0.0,1.0,1.0,1.0,1.0,1.0,1.0,1.0,1.0,1.0,0.5,1.0,1.0,1.0,2.0,1.0,15.0,15.0,70.5,174.0,2.8,2.8,7.0,7.0,15.0,39.0,39.0,39.0,39.0,39.0,0.0,= 3*13,= 3*13,= 3*13,,"Assumes +60 HP from stunning attack, and +43.5 HP from deflect missiles."
Jalester Silvermane,149770-jalester-silvermane,WDH,205.0,https://www.dndbeyond.com/monsters/149770-jalester-silvermane,humanoid,medium,unique,N,4.0,2,1100.0,2.0,2.0,1.0,1.0,2.0,1.0,4,2,3,1,2,1,0.0,0.0,0.0,0.0,0.0,0.0,0.0,0.0,0.0,0.0,0.0,0.0,0.0,0.0,0.0,1.0,1.0,1.0,1.0,1.0,1.0,1.0,1.0,1.0,1.0,1.0,1.0,1.0,2.0,1.0,18.0,18.0,71.5,87.5,2.2,2.2,4.0,4.0,,25.0,25.0,25.0,25.0,25.0,0.0,= 2*7 + 11,= 2*7 + 11,= 2*7 + 11,,Assumes +11 DPR from Riposte.
Jammer Leech,2821177-jammer-leech,SAiS:BAM,30.0,https://www.dndbeyond.com/monsters/2821177-jammer-leech,plant,tiny,generic,N,1.0,2,200.0,0.0,-5.0,3.0,-5.0,0.0,-5.0,0,-5,3,-5,0,-5,0.0,1.0,0.0,0.0,1.0,0.0,0.0,0.0,0.0,0.0,0.0,1.0,0.0,0.0,0.0,1.0,1.0,1.0,1.0,1.0,1.0,1.0,1.0,1.0,1.0,1.0,1.0,1.0,-5.0,1.0,12.0,12.0,27.5,27.5,-2.0,-2.0,2.0,2.0,13.0,6.0,9.333333,13.0,2.5,2.5,10.0,= 2.5 + 10.5,= 2.5,= 2.5,= 10,
Jamna Gleamsilver,17473-jamna-gleamsilver,HotDQ,91.0,https://www.dndbeyond.com/monsters/17473-jamna-gleamsilver,humanoid,small,unique,N,1.0,2,200.0,-1.0,3.0,2.0,2.0,0.0,1.0,-1,5,2,4,0,1,0.0,0.0,0.0,0.0,0.0,0.0,0.0,0.0,0.0,0.0,0.0,0.0,0.0,0.0,0.0,1.0,1.0,1.0,1.0,1.0,1.0,1.0,1.0,1.0,1.0,1.0,1.0,1.0,3.0,1.0,15.0,19.0,22.0,22.0,1.8,1.8,5.0,9.0,,18.0,18.0,18.0,18.0,18.0,0.0,= 2*9,= 2*9,= 2*9,,Assumes +4 AC from Cunning Action hide.
Jarad Vod Savo,175871-jarad-vod-savo,GGtR,235.0,https://www.dndbeyond.com/monsters/175871-jarad-vod-savo,undead,medium,unique,L,22.0,7,41000.0,2.0,3.0,3.0,5.0,3.0,2.0,2,3,10,12,10,2,0.0,1.0,0.0,1.0,1.0,0.0,0.0,0.0,1.0,0.0,1.0,0.0,0.0,0.0,0.0,0.7,0.7,0.7,1.0,1.0,1.0,1.0,1.0,0.5,0.0,1.0,1.0,1.0,3.0,1.0,17.0,17.0,180.0,373.0,6.5,10.5,12.0,12.0,20.0,147.0,147.0,147.0,147.0,147.0,0.0,= 28 + 38 + 11 + 2*35,= 28 + 38 + 11 + 2*35,= 28 + 38 + 11 + 2*35,,
Jarlaxle Baenre,149550-jarlaxle-baenre,WDH,206.0,https://www.dndbeyond.com/monsters/149550-jarlaxle-baenre,humanoid,medium,unique,L,15.0,5,13000.0,1.0,6.0,2.0,5.0,3.0,4.0,1,11,2,5,8,4,0.0,0.0,0.0,0.0,0.0,0.0,0.0,0.0,0.0,0.0,0.0,0.0,0.0,0.0,0.0,1.0,1.0,1.0,1.0,1.0,1.0,1.0,1.0,1.0,1.0,1.0,1.0,1.0,6.0,1.0,24.0,24.0,123.5,153.5,5.2,5.2,14.0,14.0,,100.0,100.0,100.0,100.0,100.0,0.0,=3*13 + 24 + 37,=3*13 + 24 + 37,=3*13 + 24 + 37,,
Jarund Elkhardt,1123103-jarund-elkhardt,IDRotF,305.0,https://www.dndbeyond.com/monsters/1123103-jarund-elkhardt,humanoid,medium,unique,N,5.0,3,1800.0,4.0,0.0,2.0,1.0,2.0,4.0,4,0,5,1,5,4,0.0,0.0,0.0,0.0,0.0,0.0,0.0,0.0,0.0,0.0,0.0,0.0,0.0,0.0,0.0,1.0,1.0,1.0,1.0,1.0,1.0,1.0,1.0,1.0,1.0,1.0,1.0,1.0,0.0,1.0,14.0,14.0,104.0,104.0,3.2,3.2,7.0,7.0,,39.0,39.0,39.0,39.0,39.0,0.0,= 3*13,= 3*13,= 3*13,,
Jiangshi,1680930-jiangshi,VRGtR,236.0,https://www.dndbeyond.com/monsters/1680930-jiangshi,undead,medium,generic,N,9.0,4,5000.0,4.0,-4.0,4.0,3.0,2.0,1.0,4,-4,8,7,6,5,0.0,1.0,0.0,1.0,1.0,0.0,0.0,0.0,1.0,0.0,1.0,0.0,0.0,0.0,0.0,1.0,1.0,1.0,1.0,1.0,1.0,1.0,1.0,1.0,1.0,1.0,1.0,1.0,-4.0,1.0,16.0,16.0,119.0,173.0,4.3,4.3,8.0,8.0,16.0,57.0,57.0,57.0,57.0,57.0,0.0,= 3*13 + 18,= 3*13 + 18,= 3*13 + 18,,
Jijibisha Manivarshi,2739098-jijibisha-manivarshi,JttRC,128.0,https://www.dndbeyond.com/monsters/2739098-jijibisha-manivarshi,fiend,medium,unique,N,13.0,5,10000.0,3.0,3.0,4.0,4.0,2.0,4.0,3,3,4,4,2,4,0.0,1.0,0.0,0.0,1.0,0.0,0.0,0.0,0.0,0.0,1.0,0.0,0.0,0.0,0.0,0.7,0.7,0.7,0.0,0.5,0.5,1.0,0.5,1.0,0.0,1.0,1.0,1.0,3.0,1.25,19.0,19.0,153.0,191.3,3.3,7.3,9.0,9.0,17.0,62.0,70.26667,45.0,70.5,70.5,24.8,= 2*22.5,= 3*8.5 + 2*22.5,= 3*8.5 + 2*22.5,= 2*(1/5)*AVERAGE(BL1310:BN1310),Assumes +20% DPR for two rounds from Hypnotic Gaze (stunned).
Juiblex,17416-juiblex,MToF,151.0,https://www.dndbeyond.com/monsters/17416-juiblex,fiend,huge,legacy,LL,23.0,7,50000.0,7.0,0.0,6.0,5.0,5.0,3.0,7,7,13,5,12,3,1.0,1.0,1.0,1.0,1.0,1.0,0.0,0.0,1.0,1.0,1.0,1.0,1.0,1.0,1.0,0.2,0.2,0.2,1.0,0.5,0.5,1.0,0.5,1.0,0.0,1.0,1.0,1.0,0.0,1.25,18.0,20.0,350.0,625.0,7.8,11.8,14.0,14.0,21.0,126.0,126.0,126.0,126.0,126.0,0.0,=3*21 + 3*21,=3*21 + 3*21,=3*21 + 3*21,,Assumes +2 AC from lair actions (restrained).
JUIBLEX,17416-juiblex,OotA,243.0,https://www.dndbeyond.com/monsters/17416-juiblex,fiend,huge,legacy,LL,23.0,7,50000.0,7.0,0.0,6.0,5.0,5.0,3.0,7,7,13,5,12,3,1.0,1.0,1.0,1.0,1.0,1.0,0.0,0.0,1.0,1.0,1.0,1.0,1.0,1.0,1.0,0.2,0.2,0.2,1.0,0.5,0.5,1.0,0.5,1.0,0.0,1.0,1.0,1.0,0.0,1.25,18.0,20.0,350.0,625.0,7.8,11.8,14.0,14.0,,126.0,126.0,126.0,126.0,126.0,0.0,=3*21 + 3*21,=3*21 + 3*21,=3*21 + 3*21,,Assumes +2 AC from lair actions (restrained).
Juiblex,2560853-juiblex,MPMotM,160.0,https://www.dndbeyond.com/monsters/2560853-juiblex,fiend,huge,unique,L,23.0,7,50000.0,7.0,0.0,6.0,5.0,5.0,3.0,7,7,13,5,12,3,1.0,1.0,1.0,1.0,1.0,1.0,0.0,0.0,1.0,1.0,1.0,1.0,1.0,1.0,1.0,0.2,0.2,0.2,0.0,0.5,0.5,1.0,0.5,1.0,0.0,1.0,1.0,1.0,0.0,1.25,18.0,18.0,350.0,625.0,7.8,11.8,14.0,14.0,21.0,126.0,126.0,126.0,126.0,126.0,0.0,=3*21 + 3*21,=3*21 + 3*21,=3*21 + 3*21,,
Juiblex,2560853-juiblex,MPMotM,160.0,https://www.dndbeyond.com/monsters/2560853-juiblex,fiend,huge,unique,LL,24.0,7,62000.0,7.0,0.0,6.0,5.0,5.0,3.0,7,7,13,5,12,3,1.0,1.0,1.0,1.0,1.0,1.0,0.0,0.0,1.0,1.0,1.0,1.0,1.0,1.0,1.0,0.2,0.2,0.2,0.0,0.5,0.5,1.0,0.5,1.0,0.0,1.0,1.0,1.0,0.0,1.25,18.0,20.0,350.0,625.0,7.8,11.8,14.0,14.0,21.0,126.0,126.0,126.0,126.0,126.0,0.0,=3*21 + 3*21,=3*21 + 3*21,=3*21 + 3*21,,Assumes +2 AC from Sticky Slime (restrained).
Juvenile Kraken,310365-juvenile-kraken,GoS,238.0,https://www.dndbeyond.com/monsters/310365-juvenile-kraken,monstrosity,huge,legendary,L,14.0,5,11500.0,7.0,0.0,5.0,4.0,2.0,3.0,12,5,10,9,7,3,0.0,0.0,0.0,0.0,1.0,0.0,0.0,0.0,1.0,0.0,0.0,0.0,0.0,0.0,0.0,0.2,0.2,0.2,1.0,1.0,1.0,1.0,0.0,1.0,1.0,1.0,1.0,1.0,0.0,1.5,16.0,16.0,207.0,310.5,7.7,7.7,12.0,12.0,18.0,65.0,65.0,65.0,65.0,65.0,0.0,= 2*17 + 17 + 14,= 2*17 + 17 + 14,= 2*17 + 17 + 14,,
Juvenile Mimic,1233283-juvenile-mimic,TCoE,167.0,https://www.dndbeyond.com/monsters/1233283-juvenile-mimic,monstrosity,tiny,generic,N,0.0,2,10.0,-5.0,1.0,1.0,0.0,1.0,0.0,-5,1,1,0,1,0,0.0,0.0,0.0,0.0,0.0,0.0,0.0,0.0,0.0,0.0,0.0,1.0,0.0,0.0,0.0,1.0,1.0,1.0,0.0,1.0,1.0,1.0,1.0,1.0,1.0,1.0,1.0,1.0,1.0,1.0,11.0,11.0,7.0,7.0,-0.3,-0.3,3.0,3.0,,2.5,2.5,2.5,2.5,2.5,0.0,= 2.5,= 2.5,= 2.5,,
Kaarghaz,293869-kaarghaz,TftYP,45.0,https://www.dndbeyond.com/monsters/293869-kaarghaz,humanoid,medium,unique,N,2.0,2,450.0,2.0,0.0,2.0,-2.0,0.0,2.0,2,0,2,-2,0,2,0.0,0.0,0.0,0.0,0.0,0.0,0.0,0.0,0.0,0.0,0.0,0.0,0.0,0.0,0.0,1.0,1.0,1.0,1.0,1.0,1.0,1.0,1.0,1.0,1.0,1.0,1.0,1.0,0.0,1.0,13.0,19.0,39.0,39.0,0.7,0.7,4.0,4.0,12.0,28.0,28.0,28.0,28.0,28.0,0.0,= 2*14,= 2*14,= 2*14,,
Kakkuu Spyder-Fiend,4468329-kakkuu-spyder-fiend,VEoR,234.0,https://www.dndbeyond.com/monsters/4468329-kakkuu-spyder-fiend,fiend,medium,generic,N,5.0,3,1800.0,3.0,2.0,2.0,-2.0,0.0,0.0,3,5,5,-2,3,0,0.0,0.0,0.0,0.0,0.0,0.0,0.0,0.0,0.0,0.0,1.0,0.0,0.0,0.0,0.0,1.0,1.0,1.0,1.0,0.5,0.5,1.0,0.5,1.0,0.0,1.0,1.0,1.0,2.0,1.5,15.0,15.0,91.0,91.0,2.3,6.3,6.0,10.0,,24.5,24.5,24.5,24.5,24.5,0.0,= 24.5,= 24.5,= 24.5,,Assumes +4 AB from Web Snare.
Kalaman Soldier,3081111-kalaman-soldier,DSotDQ,202.0,https://www.dndbeyond.com/monsters/3081111-kalaman-soldier,humanoid,medium,generic,N,0.5,2,100.0,1.0,1.0,1.0,0.0,0.0,0.0,1,1,1,0,0,0,0.0,0.0,0.0,0.0,0.0,0.0,0.0,0.0,0.0,0.0,0.0,0.0,0.0,0.0,0.0,1.0,1.0,1.0,1.0,1.0,1.0,1.0,1.0,1.0,1.0,1.0,1.0,1.0,1.0,1.0,18.0,18.0,16.5,16.5,0.5,0.5,3.0,3.0,,13.0,13.0,13.0,13.0,13.0,0.0,= 2*6.5,= 2*6.5,= 2*6.5,,
Kalaraq Quori,493174-kalaraq-quori,ERftLW,306.0,https://www.dndbeyond.com/monsters/493174-kalaraq-quori,aberration,medium,generic,N,19.0,6,22000.0,1.0,5.0,4.0,6.0,7.0,7.0,1,5,4,12,13,13,1.0,1.0,0.0,1.0,1.0,1.0,0.0,0.0,1.0,1.0,0.0,1.0,1.0,0.0,0.0,0.7,0.7,0.7,1.0,0.5,1.0,1.0,1.0,0.5,0.5,0.5,1.0,1.0,5.0,1.0,18.0,18.0,161.5,323.0,8.0,12.0,13.0,13.0,,68.666664,68.666664,90.0,58.0,58.0,0.0,= 2*45,= 2*29,= 2*29,,Assumes +100% HP from posession.
Kalashtar,487557-kalashtar,ERftLW,317.0,https://www.dndbeyond.com/monsters/487557-kalashtar,humanoid,medium,generic,N,0.25,2,50.0,1.0,2.0,1.0,1.0,2.0,2.0,1,2,1,1,2,2,0.0,0.0,0.0,0.0,0.0,0.0,0.0,0.0,0.0,0.0,0.0,0.0,0.0,0.0,0.0,1.0,1.0,1.0,1.0,1.0,1.0,1.0,1.0,1.0,1.0,0.5,1.0,1.0,2.0,1.0,12.0,12.0,16.5,16.5,1.5,1.5,4.0,4.0,12.0,11.0,11.0,11.0,11.0,11.0,0.0,= 11,= 11,= 11,,
Kalka-Kylla,22582-kalka-kylla,TftYP,238.0,https://www.dndbeyond.com/monsters/22582-kalka-kylla,monstrosity,large,unique,N,3.0,2,700.0,3.0,1.0,3.0,2.0,3.0,1.0,3,1,3,2,3,1,0.0,0.0,0.0,0.0,0.0,0.0,0.0,0.0,0.0,0.0,0.0,0.0,0.0,0.0,0.0,1.0,1.0,1.0,1.0,1.0,1.0,1.0,1.0,1.0,1.0,1.0,1.0,1.0,1.0,1.0,15.0,17.0,85.0,85.0,2.2,2.2,5.0,5.0,,20.0,20.0,20.0,20.0,20.0,0.0,= 2*10,= 2*10,= 2*10,,Assumes +2 AC from Shell.
Kamadan,33044-kamadan,ToA,225.0,https://www.dndbeyond.com/monsters/33044-kamadan,monstrosity,large,generic,N,4.0,2,1100.0,3.0,3.0,2.0,-4.0,2.0,0.0,3,3,2,-4,2,0,0.0,0.0,0.0,0.0,0.0,0.0,0.0,0.0,0.0,0.0,0.0,0.0,0.0,0.0,0.0,1.0,1.0,1.0,1.0,1.0,1.0,1.0,1.0,1.0,1.0,1.0,1.0,1.0,3.0,1.0,13.0,13.0,67.5,67.5,1.0,1.0,5.0,5.0,12.0,44.0,44.0,66.0,33.0,33.0,0.0,= 6 + 27 + 6 + 27,= 6 + 27,= 6 + 27,,
Kansaldi Fire-Eyes,3081112-kansaldi-fire-eyes,DSotDQ,203.0,https://www.dndbeyond.com/monsters/3081112-kansaldi-fire-eyes,humanoid,medium,unique,N,11.0,4,7200.0,4.0,0.0,3.0,3.0,4.0,3.0,4,0,3,3,8,7,0.0,0.0,0.0,0.0,0.0,0.0,0.0,0.0,0.0,0.0,0.0,0.0,0.0,0.0,0.0,1.0,1.0,1.0,1.0,1.0,0.0,1.0,1.0,1.0,1.0,1.0,1.0,1.0,0.0,1.0,18.0,18.0,172.5,223.5,4.2,4.2,8.0,8.0,16.0,64.333336,71.0,67.0,63.0,63.0,20.0,= 2*28 + 11,= 2*26 + 11,= 2*26 + 11,= 4*5,Assumes +20 damage from Flame Burst.
Kapak Draconian,3081113-kapak-draconian,DSotDQ,198.0,https://www.dndbeyond.com/monsters/3081113-kapak-draconian,monstrosity,medium,generic,N,3.0,2,700.0,0.0,3.0,2.0,1.0,1.0,0.0,0,5,2,1,1,0,0.0,0.0,0.0,0.0,0.0,0.0,0.0,0.0,0.0,0.0,1.0,0.0,0.0,0.0,0.0,1.0,1.0,1.0,1.0,1.0,1.0,1.0,1.0,1.0,0.0,1.0,1.0,1.0,3.0,1.0,15.0,15.0,39.0,39.0,1.5,1.5,5.0,5.0,12.0,25.0,27.333334,25.0,25.0,25.0,7.0,= 2*12.5,= 2*12.5,= 2*12.5,= 7,
Karrnathi Undead Soldier,487601-karrnathi-undead-soldier,ERftLW,295.0,https://www.dndbeyond.com/monsters/487601-karrnathi-undead-soldier,undead,medium,generic,N,3.0,2,700.0,3.0,2.0,3.0,1.0,1.0,-3.0,3,2,3,1,1,-3,0.0,1.0,0.0,0.0,1.0,0.0,0.0,0.0,0.0,0.0,1.0,0.0,0.0,0.0,0.0,1.0,1.0,1.0,1.0,0.5,1.0,1.0,1.0,1.0,0.5,1.0,1.0,1.0,2.0,1.0,17.0,17.0,52.5,59.5,1.2,1.2,5.0,6.0,,24.0,24.0,24.0,24.0,24.0,0.0,= 3*8,= 3*8,= 3*8,,
Kas the Betrayer,4468330-kas-the-betrayer,VEoR,244.0,https://www.dndbeyond.com/monsters/4468330-kas-the-betrayer,undead,medium,unique,L,23.0,7,50000.0,8.0,5.0,6.0,7.0,4.0,8.0,8,5,13,7,11,15,0.0,1.0,0.0,1.0,1.0,0.0,0.0,0.0,1.0,0.0,1.0,0.0,0.0,0.0,0.0,0.2,0.2,0.2,1.0,1.0,1.0,1.0,1.0,0.0,0.0,1.0,1.0,1.0,10.5,1.25,18.0,21.0,315.0,620.6,9.8,9.8,15.0,15.0,,82.0,111.0,82.0,82.0,82.0,87.0,= 2*20 + 22 + 20,= 2*20 + 22 + 20,= 2*20 + 22 + 20,= 3*29,"Assumes +10.5 HPR from Bite. Assumes +2 AC from Parrying Riposte, and +1 AC from Menacing Glare (Frightened). Assumes +29 DPR from Parrying Riposte."
Kelek,1979792-kelek,TWBtW,219.0,https://www.dndbeyond.com/monsters/1979792-kelek,humanoid,medium,unique,N,5.0,3,1800.0,2.0,0.0,2.0,2.0,1.0,3.0,2,0,5,2,1,6,0.0,0.0,0.0,0.0,0.0,0.0,0.0,0.0,0.0,0.0,0.0,0.0,0.0,0.0,0.0,1.0,1.0,1.0,1.0,1.0,1.0,1.0,1.0,1.0,1.0,1.0,1.0,1.0,0.0,1.0,12.0,19.0,45.5,69.5,2.7,2.7,6.0,6.0,14.0,59.666668,59.666668,70.0,70.0,39.0,0.0,= 2*35,= 2*35,= 3*13,,Assumes +3*8 HP from casting mirror image.
Kelpie,22586-kelpie,TftYP,238.0,https://www.dndbeyond.com/monsters/22586-kelpie,plant,medium,generic,N,4.0,2,1100.0,2.0,2.0,3.0,-2.0,1.0,0.0,2,2,3,-2,1,0,1.0,0.0,1.0,1.0,0.0,0.0,0.0,0.0,0.0,0.0,0.0,0.0,0.0,0.0,0.0,0.5,0.5,1.0,1.0,1.0,0.5,1.0,1.0,1.0,1.0,1.0,1.0,1.0,2.0,2.0,14.0,14.0,67.5,135.0,1.0,1.0,4.0,4.0,,22.0,22.0,22.0,22.0,22.0,0.0,= 2*11,= 2*11,= 2*11,,
Kelubar Demodand,3883547-kelubar-demodand,PAitM:MPP,27.0,https://www.dndbeyond.com/monsters/3883547-kelubar-demodand,fiend,medium,generic,N,13.0,5,10000.0,6.0,1.0,4.0,2.0,2.0,4.0,6,6,4,2,7,4,0.0,0.0,0.0,0.0,0.0,0.0,0.0,0.0,1.0,0.0,1.0,0.0,1.0,0.0,0.0,1.0,1.0,1.0,0.0,0.5,0.5,1.0,1.0,1.0,0.0,1.0,1.0,1.0,1.0,1.0,18.0,18.0,187.0,187.0,4.8,8.8,11.0,11.0,17.0,57.333332,62.333332,54.0,59.0,59.0,15.0,= 2*27,= 2*29.5,= 2*29.5,= 3*5,Assumes +5 DPR from Acidic Secretions.
Kender Skirmisher,3081114-kender-skirmisher,DSotDQ,204.0,https://www.dndbeyond.com/monsters/3081114-kender-skirmisher,humanoid,small,generic,N,0.25,2,50.0,-1.0,3.0,0.0,1.0,-1.0,2.0,-1,3,0,1,-1,2,0.0,0.0,0.0,0.0,1.0,0.0,0.0,0.0,0.0,0.0,0.0,0.0,0.0,0.0,0.0,1.0,1.0,1.0,1.0,1.0,1.0,1.0,1.0,1.0,1.0,1.0,1.0,1.0,3.0,1.0,14.0,18.0,14.0,14.0,0.7,0.7,5.0,9.0,,6.5,6.5,6.5,6.5,6.5,0.0,= 6.5,= 6.5,= 6.5,,
Kenku,17165-kenku,MM (2014),194.0,https://www.dndbeyond.com/monsters/17165-kenku,humanoid,medium,generic,N,0.25,2,50.0,0.0,3.0,0.0,0.0,0.0,0.0,0,3,0,0,0,0,0.0,0.0,0.0,0.0,0.0,0.0,0.0,0.0,0.0,0.0,0.0,0.0,0.0,0.0,0.0,1.0,1.0,1.0,1.0,1.0,1.0,1.0,1.0,1.0,1.0,1.0,1.0,1.0,3.0,1.0,13.0,13.0,13.5,13.5,0.5,0.5,5.0,6.0,,6.5,6.5,6.5,6.5,6.5,0.0,= 6.5,= 6.5,= 6.5,,
Kettlesteam the Kenku,1979793-kettlesteam-the-kenku,TWBtW,52.0,https://www.dndbeyond.com/monsters/1979793-kettlesteam-the-kenku,humanoid,medium,unique,N,1.0,2,200.0,0.0,3.0,0.0,0.0,0.0,3.0,0,3,0,0,2,5,0.0,0.0,0.0,0.0,0.0,0.0,0.0,0.0,0.0,0.0,0.0,0.0,0.0,0.0,0.0,1.0,1.0,1.0,1.0,1.0,1.0,1.0,1.0,1.0,1.0,1.0,1.0,1.0,3.0,1.0,13.0,13.0,22.5,22.5,1.7,1.7,5.0,5.0,,11.0,11.0,11.0,11.0,11.0,0.0,= 2*5.5,= 2*5.5,= 2*5.5,,
Ki-rin,17275-ki-rin,VGtM,163.0,https://www.dndbeyond.com/monsters/17275-ki-rin,celestial,huge,legacy,L,12.0,4,8400.0,5.0,3.0,3.0,4.0,5.0,5.0,5,3,3,4,5,5,0.0,0.0,0.0,0.0,0.0,0.0,0.0,0.0,0.0,0.0,1.0,0.0,0.0,0.0,0.0,1.0,1.0,1.0,1.0,1.0,1.0,1.0,1.0,1.0,0.0,1.0,1.0,1.0,3.0,1.0,20.0,20.0,152.0,242.0,4.2,8.2,9.0,9.0,17.0,76.0,76.0,76.0,76.0,76.0,0.0,= 2*10 + 14 + 3*14,= 2*10 + 14 + 3*14,= 2*10 + 14 + 3*14,,
Ki-rin,2560854-ki-rin,MPMotM,162.0,https://www.dndbeyond.com/monsters/2560854-ki-rin,celestial,large,legendary,LL,12.0,4,8400.0,5.0,3.0,3.0,4.0,5.0,5.0,5,3,3,4,5,5,0.0,0.0,0.0,0.0,0.0,0.0,0.0,0.0,0.0,0.0,1.0,0.0,0.0,0.0,0.0,1.0,1.0,1.0,1.0,1.0,1.0,1.0,1.0,1.0,0.0,1.0,1.0,1.0,3.0,1.0,20.0,20.0,153.0,243.0,4.2,8.2,9.0,9.0,17.0,94.0,94.0,94.0,94.0,94.0,0.0,= 2*10 + 18.5 + 3*18.5,= 2*10 + 18.5 + 3*18.5,= 2*10 + 18.5 + 3*18.5,,
Kiddywidget,1528969-kiddywidget,CM,136.0,https://www.dndbeyond.com/monsters/1528969-kiddywidget,construct,small,generic,N,0.5,2,100.0,-2.0,2.0,4.0,-5.0,0.0,-5.0,-2,2,4,-5,0,-5,1.0,0.0,1.0,1.0,0.0,0.0,0.0,0.0,1.0,1.0,1.0,0.0,0.0,0.0,0.0,1.0,1.0,1.0,1.0,1.0,1.0,1.0,0.0,1.0,0.0,1.0,1.0,1.0,2.0,1.0,16.0,16.0,15.0,15.0,-1.0,-1.0,4.0,4.0,,11.5,11.5,11.5,11.5,11.5,0.0,= 4.5 + 7,= 4.5 + 7,= 4.5 + 7,,
Killer Whale,16937-killer-whale,MM (2014),331.0,https://www.dndbeyond.com/monsters/16937-killer-whale,beast,huge,generic,N,3.0,2,700.0,4.0,0.0,1.0,-4.0,1.0,-2.0,4,0,1,-4,1,-2,0.0,0.0,0.0,0.0,0.0,0.0,0.0,0.0,0.0,0.0,0.0,0.0,0.0,0.0,0.0,1.0,1.0,1.0,1.0,1.0,1.0,1.0,1.0,1.0,1.0,1.0,1.0,1.0,0.0,1.0,12.0,12.0,90.0,90.0,0.0,0.0,6.0,6.0,,21.0,21.0,21.0,21.0,21.0,0.0,= 21,= 21,= 21,,
Kindori,2821178-kindori,SAiS:BAM,31.0,https://www.dndbeyond.com/monsters/2821178-kindori,celestial,gargantuan,generic,N,7.0,3,2900.0,7.0,-2.0,3.0,-2.0,2.0,-2.0,7,-2,3,-2,2,-2,0.0,0.0,0.0,0.0,0.0,0.0,0.0,0.0,0.0,0.0,0.0,0.0,0.0,0.0,0.0,1.0,1.0,1.0,1.0,1.0,1.0,1.0,1.0,1.0,1.0,1.0,1.0,1.0,-2.0,1.0,11.0,13.0,202.5,202.5,1.0,1.0,10.0,12.0,,23.5,23.5,23.5,23.5,23.5,0.0,= 23.5,= 23.5,= 23.5,,Assumes +2 AC from Flashing Eyes (blinded). Assumes +2 AB from Flashing Eyes (blinded).
King of Feathers,285906-king-of-feathers,ToA,106.0,https://www.dndbeyond.com/monsters/285906-king-of-feathers,monstrosity,huge,unique,N,8.0,3,3900.0,7.0,0.0,4.0,-4.0,1.0,-1.0,7,0,4,-4,1,-1,0.0,0.0,0.0,0.0,0.0,0.0,0.0,0.0,0.0,0.0,0.0,0.0,0.0,0.0,0.0,1.0,1.0,1.0,1.0,1.0,1.0,1.0,1.0,1.0,1.0,1.0,1.0,1.0,0.0,1.0,13.0,19.0,136.5,260.0,1.2,1.2,10.0,10.0,,53.0,53.0,53.0,53.0,53.0,0.0,=33+20,=33+20,=33+20,,
King Snurre,295894-king-snurre,TftYP,193.0,https://www.dndbeyond.com/monsters/295894-king-snurre,giant,huge,unique,N,11.0,4,7200.0,7.0,-1.0,6.0,0.0,2.0,1.0,7,3,10,0,2,5,0.0,0.0,0.0,0.0,0.0,0.0,0.0,0.0,0.0,0.0,0.0,0.0,0.0,0.0,0.0,1.0,1.0,1.0,1.0,0.5,0.0,1.0,1.0,1.0,1.0,1.0,1.0,1.0,-1.0,1.0,18.0,18.0,187.5,187.5,4.5,4.5,11.0,11.0,,70.0,70.0,70.0,70.0,70.0,0.0,= 2*35,= 2*35,= 2*35,,
Kingsport,1123105-kingsport,IDRotF,243.0,https://www.dndbeyond.com/monsters/1123105-kingsport,beast,medium,unique,N,0.0,2,10.0,-2.0,1.0,1.0,0.0,0.0,-3.0,-2,1,1,0,0,-3,0.0,0.0,0.0,0.0,0.0,0.0,0.0,0.0,0.0,0.0,0.0,0.0,0.0,0.0,0.0,1.0,1.0,1.0,1.0,1.0,1.0,1.0,1.0,1.0,1.0,1.0,1.0,1.0,1.0,1.0,11.0,11.0,5.5,5.5,-0.5,-0.5,3.0,3.0,,3.5,3.5,3.5,3.5,3.5,0.0,= 3.5,= 3.5,= 3.5,,
Klauth,297832-klauth,SKT,95.0,https://www.dndbeyond.com/monsters/297832-klauth,dragon,gargantuan,unique,LL,25.0,8,75000.0,10.0,0.0,9.0,4.0,2.0,6.0,10,8,17,4,10,14,0.0,0.0,0.0,0.0,0.0,0.0,0.0,0.0,0.0,0.0,0.0,0.0,0.0,0.0,0.0,1.0,1.0,1.0,1.0,0.5,0.0,1.0,1.0,1.0,1.0,1.0,1.0,1.0,0.0,1.0,22.0,22.0,546.0,636.0,10.5,10.5,17.0,17.0,24.0,209.66667,209.66667,270.0,169.0,190.0,0.0,= 2*96 + 3*19 + 21,= 2*28 + 2*28 + 3*19,= 2*28 + 2*28 + 3*19 + 21,,
Knight,16938-knight,MM (2014),347.0,https://www.dndbeyond.com/monsters/16938-knight,humanoid,medium,generic,N,3.0,2,700.0,3.0,0.0,2.0,0.0,0.0,2.0,3,0,4,0,2,2,0.0,0.0,0.0,0.0,0.0,0.0,0.0,0.0,0.0,0.0,0.0,0.0,0.0,0.0,0.0,1.0,1.0,1.0,1.0,1.0,1.0,1.0,1.0,1.0,1.0,1.0,1.0,1.0,0.0,1.0,18.0,19.0,52.0,52.0,1.8,1.8,5.0,5.0,,20.0,20.0,20.0,20.0,20.0,0.0,= 2*10,= 2*10,= 2*10,,Assumes +1 AC from Parry.
Knucklehead Trout,1123107-knucklehead-trout,IDRotF,295.0,https://www.dndbeyond.com/monsters/1123107-knucklehead-trout,beast,small,generic,N,0.0,2,10.0,2.0,2.0,0.0,-5.0,-2.0,-5.0,2,2,0,-5,-2,-5,0.0,0.0,0.0,0.0,0.0,0.0,0.0,0.0,0.0,0.0,0.0,0.0,0.0,0.0,0.0,1.0,1.0,1.0,1.0,1.0,1.0,1.0,1.0,1.0,1.0,1.0,1.0,1.0,2.0,1.0,12.0,12.0,7.0,7.0,-1.3,-1.3,4.0,4.0,,4.5,4.5,4.5,4.5,4.5,0.0,= 4.5,= 4.5,= 4.5,,
Koalinth,310386-koalinth,GoS,238.0,https://www.dndbeyond.com/monsters/310386-koalinth,humanoid,medium,generic,N,0.5,2,100.0,1.0,0.0,1.0,0.0,0.0,0.0,1,2,1,0,0,0,0.0,0.0,0.0,0.0,0.0,0.0,0.0,0.0,0.0,0.0,0.0,0.0,0.0,0.0,0.0,1.0,1.0,1.0,1.0,1.0,1.0,1.0,1.0,1.0,1.0,1.0,1.0,1.0,0.0,1.0,14.0,14.0,16.5,16.5,0.7,0.7,3.0,3.0,,12.0,12.0,12.0,12.0,12.0,0.0,= 5 + 7,= 5 + 7,= 5 + 7,,
Koalinth Sergeant,310397-koalinth-sergeant,GoS,239.0,https://www.dndbeyond.com/monsters/310397-koalinth-sergeant,humanoid,medium,generic,N,2.0,2,450.0,2.0,0.0,1.0,0.0,0.0,1.0,2,2,1,0,2,1,0.0,0.0,0.0,0.0,0.0,0.0,0.0,0.0,0.0,0.0,0.0,0.0,0.0,0.0,0.0,1.0,1.0,1.0,1.0,1.0,1.0,1.0,1.0,1.0,1.0,1.0,1.0,1.0,0.0,1.0,14.0,14.0,33.0,33.0,1.3,1.3,4.0,4.0,,23.0,23.0,25.0,25.0,19.0,0.0,= 2*6 + 7 + 6,= 2*6 + 7 + 6,= 2*6 + 7,,Assumes Spear the Helpless is used twice for +6 damage on two rounds.
Kobold,16939-kobold,MM (2014),195.0,https://www.dndbeyond.com/monsters/16939-kobold,humanoid,small,generic,N,0.125,2,25.0,-2.0,2.0,-1.0,-1.0,-2.0,-1.0,-2,2,-1,-1,-2,-1,0.0,0.0,0.0,0.0,0.0,0.0,0.0,0.0,0.0,0.0,0.0,0.0,0.0,0.0,0.0,1.0,1.0,1.0,1.0,1.0,1.0,1.0,1.0,1.0,1.0,1.0,1.0,1.0,2.0,1.0,12.0,12.0,5.0,5.0,-0.8,-0.8,4.0,5.0,,4.5,4.5,4.5,4.5,4.5,0.0,= 4.5,= 4.5,= 4.5,,
Kobold Dragonshield,17276-kobold-dragonshield,VGtM,165.0,https://www.dndbeyond.com/monsters/17276-kobold-dragonshield,humanoid,small,legacy,N,1.0,2,200.0,1.0,2.0,2.0,-1.0,-1.0,0.0,1,2,2,-1,-1,0,0.0,0.0,0.0,0.0,0.0,0.0,0.0,0.0,0.0,0.0,0.0,0.0,0.0,0.0,0.0,1.0,1.0,1.0,1.0,1.0,1.0,1.0,1.0,1.0,1.0,1.0,1.0,1.0,2.0,1.0,15.0,15.0,44.0,44.0,0.5,0.5,3.0,4.0,,9.0,9.0,9.0,9.0,9.0,0.0,= 2*4.5,= 2*4.5,= 2*4.5,,
Kobold Dragonshield,2560855-kobold-dragonshield,MPMotM,163.0,https://www.dndbeyond.com/monsters/2560855-kobold-dragonshield,dragon,small,generic,N,1.0,2,200.0,1.0,2.0,2.0,-1.0,-1.0,0.0,1,2,2,-1,-1,0,0.0,0.0,0.0,0.0,0.0,0.0,0.0,0.0,0.0,0.0,0.0,0.0,0.0,0.0,0.0,1.0,1.0,1.0,1.0,1.0,1.0,1.0,1.0,1.0,1.0,1.0,1.0,1.0,2.0,1.0,15.0,15.0,44.0,44.0,0.5,0.5,3.0,4.0,,9.0,9.0,9.0,9.0,9.0,0.0,= 2*4.5,= 2*4.5,= 2*4.5,,
Kobold Inventor,17277-kobold-inventor,VGtM,166.0,https://www.dndbeyond.com/monsters/17277-kobold-inventor,humanoid,small,legacy,N,0.25,2,50.0,-2.0,2.0,1.0,-1.0,-2.0,-1.0,-2,2,1,-1,-2,-1,0.0,0.0,0.0,0.0,0.0,0.0,0.0,0.0,0.0,0.0,0.0,0.0,0.0,0.0,0.0,1.0,1.0,1.0,1.0,1.0,1.0,1.0,1.0,1.0,1.0,1.0,1.0,1.0,2.0,1.0,12.0,12.0,13.5,13.5,-0.5,-0.5,4.0,5.0,,7.0,7.0,7.0,7.0,7.0,0.0,= 7,= 7,= 7,,
Kobold Inventor,2560856-kobold-inventor,MPMotM,164.0,https://www.dndbeyond.com/monsters/2560856-kobold-inventor,humanoid,small,generic,N,0.25,2,50.0,-2.0,2.0,1.0,2.0,0.0,-1.0,-2,2,1,2,0,-1,0.0,0.0,0.0,0.0,0.0,0.0,0.0,0.0,0.0,0.0,0.0,0.0,0.0,0.0,0.0,1.0,1.0,1.0,1.0,1.0,1.0,1.0,1.0,1.0,1.0,1.0,1.0,1.0,2.0,1.0,12.0,12.0,13.5,13.5,0.3,0.3,4.0,5.0,,7.0,7.0,7.0,7.0,7.0,0.0,= 7,= 7,= 7,,
Kobold Scale Sorcerer,17278-kobold-scale-sorcerer,VGtM,167.0,https://www.dndbeyond.com/monsters/17278-kobold-scale-sorcerer,humanoid,small,legacy,N,1.0,2,200.0,-2.0,2.0,2.0,0.0,-1.0,2.0,-2,2,2,0,-1,2,0.0,0.0,0.0,0.0,0.0,0.0,0.0,0.0,0.0,0.0,0.0,0.0,0.0,0.0,0.0,1.0,1.0,1.0,1.0,1.0,1.0,1.0,1.0,1.0,1.0,1.0,1.0,1.0,2.0,1.0,15.0,15.0,27.5,27.5,0.5,0.5,4.0,5.0,12.0,18.5,18.5,21.0,21.0,13.5,0.0,= 3*7,= 3*7,= 13.5,,
Kobold Scale Sorcerer,2560857-kobold-scale-sorcerer,MPMotM,165.0,https://www.dndbeyond.com/monsters/2560857-kobold-scale-sorcerer,humanoid,small,generic,N,1.0,2,200.0,-2.0,2.0,2.0,0.0,-1.0,2.0,-2,2,2,0,-1,2,0.0,0.0,0.0,0.0,0.0,0.0,0.0,0.0,0.0,0.0,0.0,0.0,0.0,0.0,0.0,1.0,1.0,1.0,1.0,1.0,1.0,1.0,1.0,1.0,1.0,1.0,1.0,1.0,2.0,1.0,15.0,15.0,27.5,27.5,0.5,0.5,4.0,5.0,,18.0,18.0,18.0,18.0,18.0,0.0,= 2*9,= 2*9,= 2*9,,
Kobold Underling,744321-kobold-underling,EGtW,221.0,https://www.dndbeyond.com/monsters/744321-kobold-underling,humanoid,small,generic,N,0.125,2,25.0,-2.0,3.0,-1.0,-1.0,-1.0,-1.0,-2,3,-1,-1,-1,-1,0.0,0.0,0.0,0.0,0.0,0.0,0.0,0.0,0.0,0.0,0.0,0.0,0.0,0.0,0.0,1.0,1.0,1.0,1.0,1.0,1.0,1.0,1.0,1.0,1.0,1.0,1.0,1.0,3.0,1.0,13.0,13.0,7.5,7.5,-0.5,-0.5,5.0,6.0,,6.5,6.5,6.5,6.5,6.5,0.0,= 6.5,= 6.5,= 6.5,,
Kobold Vampire Spawn,1123108-kobold-vampire-spawn,IDRotF,297.0,https://www.dndbeyond.com/monsters/1123108-kobold-vampire-spawn,undead,small,generic,N,3.0,2,700.0,0.0,4.0,3.0,-1.0,-1.0,-1.0,0,6,3,-1,1,-1,0.0,0.0,0.0,0.0,0.0,0.0,0.0,0.0,0.0,0.0,0.0,0.0,0.0,0.0,0.0,0.7,0.7,0.7,1.0,1.0,1.0,1.0,1.0,0.5,1.0,1.0,1.0,1.0,4.0,2.0,14.0,14.0,39.0,168.0,1.3,1.3,6.0,6.0,,11.0,11.0,11.0,11.0,11.0,0.0,= 11,= 11,= 11,,
Kolyarut,3883548-kolyarut,PAitM:MPP,34.0,https://www.dndbeyond.com/monsters/3883548-kolyarut,construct,medium,legendary,L,20.0,6,25000.0,7.0,1.0,4.0,7.0,6.0,4.0,7,1,4,13,12,10,0.0,1.0,0.0,1.0,1.0,0.0,0.0,0.0,1.0,0.0,1.0,0.0,0.0,0.0,1.0,0.7,0.7,0.7,1.0,1.0,1.0,1.0,1.0,1.0,0.0,1.0,1.0,0.5,1.0,1.0,18.0,21.0,297.5,417.5,7.8,11.8,14.0,20.0,,96.0,96.0,96.0,96.0,96.0,0.0,= 4*24,= 4*24,= 4*24,,Assumes +3 AC from Parry. Assumes AB 14 + 6 to represent automatic hit.
Korred,17279-korred,MPMotM,166.0,https://www.dndbeyond.com/monsters/17279-korred,fey,small,generic,N,7.0,3,2900.0,6.0,2.0,5.0,0.0,2.0,-1.0,6,2,5,0,2,-1,0.0,0.0,0.0,0.0,0.0,0.0,0.0,0.0,0.0,0.0,0.0,0.0,0.0,0.0,0.0,0.7,0.7,0.7,1.0,1.0,1.0,1.0,1.0,1.0,1.0,1.0,1.0,1.0,2.0,1.5,17.0,17.0,93.5,160.3,2.3,2.3,9.0,11.0,,39.0,39.0,39.0,39.0,39.0,0.0,= 2*19.5,= 2*19.5,= 2*19.5,,Assumes +20 HP from Command Hair. Assumes +2 AB from Command Hair.
Korred,2556204-korred,VGtM,168.0,https://www.dndbeyond.com/monsters/2556204-korred,fey,small,legacy,N,7.0,3,2900.0,6.0,2.0,5.0,0.0,2.0,-1.0,6,2,5,0,2,-1,0.0,0.0,0.0,0.0,0.0,0.0,0.0,0.0,0.0,0.0,0.0,0.0,0.0,0.0,0.0,0.7,0.7,0.7,1.0,1.0,1.0,1.0,1.0,1.0,1.0,1.0,1.0,1.0,2.0,1.5,17.0,17.0,102.0,173.0,2.3,2.3,9.0,11.0,,48.0,48.0,48.0,48.0,48.0,0.0,= 2*24,= 2*24,= 2*24,,Assumes +20 HP from Command Hair. Assumes +2 AB from Command Hair.
Kostchtchie,417094-kostchtchie,BGDiA,105.0,https://www.dndbeyond.com/monsters/417094-kostchtchie,fiend,large,unique,L,25.0,8,75000.0,10.0,1.0,8.0,4.0,6.0,4.0,10,9,16,4,14,4,0.0,1.0,0.0,0.0,1.0,0.0,0.0,0.0,0.0,0.0,1.0,0.0,0.0,0.0,0.0,0.2,0.2,0.2,1.0,0.0,0.5,1.0,0.5,1.0,0.0,1.0,1.0,1.0,1.0,1.25,16.0,16.0,243.0,416.3,9.5,13.5,18.0,18.0,,216.0,216.0,216.0,216.0,216.0,0.0,= 2*(2*31 + 1*31) + 2*10 + 10,= 2*(2*31 + 1*31) + 2*10 + 10,= 2*(2*31 + 1*31) + 2*10 + 10,,
Kraken,16940-kraken,MM (2014),197.0,https://www.dndbeyond.com/monsters/16940-kraken,monstrosity,gargantuan,legendary,LL,23.0,7,50000.0,10.0,0.0,7.0,6.0,4.0,5.0,17,7,14,13,11,5,0.0,0.0,0.0,0.0,1.0,0.0,0.0,0.0,1.0,0.0,0.0,0.0,0.0,0.0,0.0,0.2,0.2,0.2,1.0,1.0,1.0,1.0,0.0,1.0,1.0,1.0,1.0,1.0,0.0,1.25,18.0,18.0,472.5,590.6,11.2,11.2,15.0,15.0,23.0,284.0,284.0,284.0,284.0,284.0,0.0,= 3*44 + 3*44 + 20,= 3*44 + 3*44 + 20,= 3*44 + 3*44 + 20,,Assumes lightning vulnerability lair action each round.
Kraken Priest,17336-kraken-priest,VGtM,215.0,https://www.dndbeyond.com/monsters/17336-kraken-priest,humanoid,medium,legacy,N,5.0,3,1800.0,1.0,0.0,3.0,0.0,2.0,2.0,1,0,3,0,2,2,0.0,0.0,0.0,0.0,0.0,0.0,0.0,0.0,0.0,0.0,0.0,0.0,0.0,0.0,0.0,0.7,0.7,0.7,1.0,1.0,1.0,1.0,1.0,1.0,1.0,1.0,1.0,1.0,0.0,1.5,10.0,10.0,75.0,140.6,1.3,1.3,5.0,5.0,13.0,27.5,27.5,27.5,27.5,27.5,0.0,= 27.5,= 27.5,= 27.5,,Assumes +25% HP from Voice of the Kraken.
Kraken Priest,2560858-kraken-priest,MPMotM,167.0,https://www.dndbeyond.com/monsters/2560858-kraken-priest,monstrosity,medium,generic,N,5.0,3,1800.0,1.0,0.0,3.0,0.0,2.0,2.0,1,0,3,0,2,2,0.0,0.0,0.0,0.0,0.0,0.0,0.0,0.0,0.0,0.0,0.0,0.0,0.0,0.0,0.0,1.0,1.0,1.0,1.0,1.0,1.0,1.0,1.0,1.0,1.0,1.0,1.0,1.0,0.0,1.0,15.0,15.0,75.0,93.8,1.3,1.3,5.0,5.0,13.0,55.0,55.0,55.0,55.0,55.0,0.0,= 2*27.5,= 2*27.5,= 2*27.5,,Assumes +25% HP from Voice of the Kraken.
Kraul Death Priest,175514-kraul-death-priest,GGtR,214.0,https://www.dndbeyond.com/monsters/175514-kraul-death-priest,humanoid,medium,generic,N,4.0,2,1100.0,3.0,1.0,2.0,1.0,2.0,0.0,3,1,4,1,4,0,0.0,0.0,0.0,0.0,0.0,0.0,0.0,0.0,0.0,0.0,0.0,0.0,0.0,0.0,0.0,1.0,1.0,1.0,1.0,1.0,1.0,1.0,1.0,1.0,1.0,1.0,1.0,1.0,1.0,1.0,18.0,20.0,65.0,80.0,2.2,2.2,4.0,4.0,12.0,18.666666,18.666666,36.0,10.0,10.0,0.0,= 36,= 10,= 10,,Assumes 5 hp from Feed on the Dead and +10 hp from vampiric touch. Assumes +2 AC from flying.
Kraul Warrior,175523-kraul-warrior,GGtR,213.0,https://www.dndbeyond.com/monsters/175523-kraul-warrior,humanoid,medium,generic,N,0.5,2,100.0,2.0,1.0,1.0,0.0,0.0,-1.0,2,1,1,0,0,-1,0.0,0.0,0.0,0.0,0.0,0.0,0.0,0.0,0.0,0.0,0.0,0.0,0.0,0.0,0.0,1.0,1.0,1.0,1.0,1.0,1.0,1.0,1.0,1.0,1.0,1.0,1.0,1.0,1.0,1.0,18.0,18.0,27.5,27.5,0.5,0.5,4.0,5.0,,6.5,6.5,6.5,6.5,6.5,0.0,= 6.5,= 6.5,= 6.5,,
Krull,417126-krull,BGDiA,110.0,https://www.dndbeyond.com/monsters/417126-krull,humanoid,medium,unique,N,6.0,3,2300.0,5.0,2.0,2.0,1.0,5.0,1.0,5,2,2,1,8,4,0.0,0.0,0.0,0.0,0.0,0.0,0.0,0.0,0.0,0.0,0.0,0.0,0.0,0.0,0.0,1.0,1.0,1.0,1.0,1.0,1.0,1.0,1.0,1.0,1.0,1.0,1.0,1.0,2.0,1.0,17.0,17.0,117.0,117.0,3.7,3.7,8.0,8.0,16.0,87.333336,87.333336,62.0,100.0,100.0,0.0,= 2*31,= 2*31 + 38,= 2*31 + 38,,
Kruthik Hive Lord,97356-kruthik-hive-lord,MToF,212.0,https://www.dndbeyond.com/monsters/97356-kruthik-hive-lord,monstrosity,large,legacy,N,5.0,3,1800.0,4.0,3.0,3.0,0.0,2.0,0.0,4,3,3,0,2,0,0.0,0.0,0.0,0.0,0.0,0.0,0.0,0.0,0.0,0.0,0.0,0.0,0.0,0.0,0.0,1.0,1.0,1.0,1.0,1.0,1.0,1.0,1.0,1.0,1.0,1.0,1.0,1.0,3.0,1.0,20.0,20.0,102.0,102.0,2.0,2.0,7.0,8.0,14.0,27.333334,27.333334,44.0,19.0,19.0,0.0,=2*22,= 2*9.5,= 2*9.5,,
Kruthik Hive Lord,2560859-kruthik-hive-lord,MPMotM,169.0,https://www.dndbeyond.com/monsters/2560859-kruthik-hive-lord,monstrosity,large,generic,N,5.0,3,1800.0,4.0,3.0,3.0,0.0,2.0,0.0,4,3,3,0,2,0,0.0,0.0,0.0,0.0,0.0,0.0,0.0,0.0,0.0,0.0,0.0,0.0,0.0,0.0,0.0,1.0,1.0,1.0,1.0,1.0,1.0,1.0,1.0,1.0,1.0,1.0,1.0,1.0,3.0,1.0,20.0,20.0,102.0,102.0,2.0,2.0,7.0,8.0,14.0,27.333334,27.333334,44.0,19.0,19.0,0.0,=2*22,= 2*9.5,= 2*9.5,,
Kuo-toa,17166-kuo-toa,MM (2014),199.0,https://www.dndbeyond.com/monsters/17166-kuo-toa,humanoid,medium,generic,N,0.25,2,50.0,1.0,0.0,0.0,0.0,0.0,-1.0,1,0,0,0,0,-1,0.0,0.0,0.0,0.0,0.0,0.0,0.0,0.0,0.0,0.0,0.0,0.0,0.0,0.0,0.0,1.0,1.0,1.0,1.0,1.0,1.0,1.0,1.0,1.0,1.0,1.0,1.0,1.0,0.0,1.0,13.0,13.0,18.0,18.0,0.0,0.0,3.0,3.0,,4.5,4.5,4.5,4.5,4.5,0.0,= 4.5,= 4.5,= 4.5,,
Kuo-toa Archpriest,17167-kuo-toa-archpriest,MM (2014),200.0,https://www.dndbeyond.com/monsters/17167-kuo-toa-archpriest,humanoid,medium,generic,N,6.0,3,2300.0,3.0,2.0,3.0,1.0,3.0,2.0,3,2,3,1,3,2,0.0,0.0,0.0,0.0,0.0,0.0,0.0,0.0,0.0,0.0,0.0,0.0,0.0,0.0,0.0,1.0,1.0,1.0,1.0,1.0,1.0,1.0,1.0,1.0,1.0,1.0,1.0,1.0,2.0,1.0,13.0,13.0,97.5,97.5,2.3,2.3,6.0,6.0,14.0,70.666664,70.666664,44.0,84.0,84.0,0.0,=2*22,= 2*20 + 2*22,= 2*20 + 2*22,,
Kuo-toa Monitor,17170-kuo-toa-monitor,MM (2014),198.0,https://www.dndbeyond.com/monsters/17170-kuo-toa-monitor,humanoid,medium,generic,N,3.0,2,700.0,2.0,0.0,2.0,1.0,2.0,0.0,2,0,2,1,2,0,0.0,0.0,0.0,0.0,0.0,0.0,0.0,0.0,0.0,0.0,0.0,0.0,0.0,0.0,0.0,1.0,1.0,1.0,1.0,1.0,1.0,1.0,1.0,1.0,1.0,1.0,1.0,1.0,0.0,1.0,13.0,13.0,65.0,65.0,1.2,1.2,6.0,6.0,,21.0,21.0,21.0,21.0,21.0,0.0,= 5 + 2*8,= 5 + 2*8,= 5 + 2*8,,
Kuo-toa Whip,17169-kuo-toa-whip,MM (2014),200.0,https://www.dndbeyond.com/monsters/17169-kuo-toa-whip,humanoid,medium,generic,N,1.0,2,200.0,2.0,0.0,2.0,1.0,2.0,0.0,2,0,2,1,2,0,0.0,0.0,0.0,0.0,0.0,0.0,0.0,0.0,0.0,0.0,0.0,0.0,0.0,0.0,0.0,1.0,1.0,1.0,1.0,1.0,1.0,1.0,1.0,1.0,1.0,1.0,1.0,1.0,0.0,1.0,11.0,11.0,65.0,65.0,1.2,1.2,4.0,4.0,,9.0,9.0,9.0,9.0,9.0,0.0,= 4 + 5,= 4 + 5,= 4 + 5,,
Kysh,316736-kysh,GoS,240.0,https://www.dndbeyond.com/monsters/316736-kysh,humanoid,medium,unique,N,1.0,2,200.0,2.0,3.0,1.0,0.0,1.0,2.0,2,3,1,0,1,2,0.0,0.0,0.0,0.0,0.0,0.0,0.0,0.0,0.0,0.0,0.0,0.0,0.0,0.0,0.0,1.0,1.0,1.0,1.0,1.0,1.0,1.0,1.0,1.0,1.0,1.0,1.0,1.0,3.0,1.0,13.0,13.0,27.5,27.5,1.5,1.5,4.0,4.0,,12.0,12.0,12.0,12.0,12.0,0.0,= 2*6,= 2*6,= 2*6,,
Lady Illmarrow,486219-lady-illmarrow,ERftLW,297.0,https://www.dndbeyond.com/monsters/486219-lady-illmarrow,undead,medium,unique,L,22.0,7,41000.0,3.0,3.0,5.0,8.0,5.0,7.0,3,3,12,15,12,7,1.0,1.0,1.0,1.0,1.0,0.0,0.0,0.0,1.0,1.0,1.0,0.0,0.0,1.0,0.0,0.2,0.2,0.2,1.0,0.5,1.0,1.0,0.5,0.0,0.0,1.0,1.0,1.0,3.0,1.25,19.0,19.0,199.5,361.9,8.7,12.7,15.0,15.0,23.0,204.0,204.0,204.0,204.0,204.0,0.0,= 3*45 + 3*23,= 3*45 + 3*23,= 3*45 + 3*23,,
Laeral Silverhand,148474-laeral-silverhand,WDH,207.0,https://www.dndbeyond.com/monsters/148474-laeral-silverhand,humanoid,medium,unique,N,17.0,6,18000.0,1.0,3.0,5.0,5.0,5.0,4.0,1,3,5,11,11,4,0.0,0.0,0.0,0.0,0.0,0.0,0.0,0.0,0.0,0.0,1.0,0.0,0.0,0.0,0.0,1.0,1.0,1.0,1.0,1.0,0.5,1.0,1.0,1.0,0.0,1.0,1.0,1.0,3.0,1.0,18.0,18.0,228.0,288.0,5.8,9.8,13.0,13.0,21.0,89.333336,89.333336,98.0,90.0,80.0,0.0,= 2*49,= 2*45,= 2*40,,Assumes +20 HPR from Counterspell.
Lamia,16941-lamia,MM (2014),201.0,https://www.dndbeyond.com/monsters/16941-lamia,monstrosity,large,generic,N,4.0,2,1100.0,3.0,1.0,2.0,2.0,2.0,3.0,3,1,2,2,2,3,0.0,0.0,0.0,0.0,0.0,0.0,0.0,0.0,0.0,0.0,0.0,0.0,0.0,0.0,0.0,1.0,1.0,1.0,1.0,1.0,1.0,1.0,1.0,1.0,1.0,1.0,1.0,1.0,1.0,1.0,13.0,13.0,97.5,97.5,2.2,2.2,5.0,5.0,13.0,19.0,19.0,19.0,19.0,19.0,0.0,= 14 + 5,= 14 + 5,= 14 + 5,,
Lampad,909490-lampad,MOoT,235.0,https://www.dndbeyond.com/monsters/909490-lampad,fey,medium,generic,N,3.0,2,700.0,1.0,1.0,2.0,0.0,1.0,4.0,1,1,2,0,1,4,0.0,1.0,0.0,0.0,1.0,0.0,0.0,0.0,0.0,0.0,1.0,0.0,0.0,0.0,0.0,1.0,1.0,1.0,1.0,1.0,1.0,1.0,1.0,0.5,0.0,1.0,1.0,1.0,1.0,1.0,15.0,15.0,52.0,52.0,1.5,5.5,6.0,6.0,,18.0,18.0,18.0,18.0,18.0,0.0,= 2*9,= 2*9,= 2*9,,
Langdedrosa Cyanwrath,17474-langdedrosa-cyanwrath,HotDQ,91.0,https://www.dndbeyond.com/monsters/17474-langdedrosa-cyanwrath,humanoid,medium,unique,N,4.0,2,1100.0,4.0,1.0,3.0,0.0,2.0,1.0,6,1,5,0,2,1,0.0,0.0,0.0,0.0,0.0,0.0,0.0,0.0,0.0,0.0,0.0,0.0,0.0,0.0,0.0,1.0,1.0,1.0,1.0,1.0,1.0,1.0,0.5,1.0,1.0,1.0,1.0,1.0,1.0,1.0,17.0,17.0,57.0,57.0,2.5,2.5,6.0,7.0,13.0,36.666668,36.666668,66.0,22.0,22.0,0.0,= 2*22 + 2*11,= 2*11,= 2*11,,Assumes +1 AB from Improved Critical.
Lantern Archon,3883549-lantern-archon,PAitM:MPP,17.0,https://www.dndbeyond.com/monsters/3883549-lantern-archon,celestial,small,generic,N,2.0,2,450.0,-5.0,3.0,1.0,-2.0,1.0,1.0,-5,3,1,-2,1,1,0.0,0.0,0.0,1.0,0.0,1.0,0.0,0.0,1.0,0.0,0.0,1.0,1.0,0.0,0.0,0.7,0.7,0.7,1.0,1.0,1.0,1.0,0.0,1.0,1.0,1.0,0.0,1.0,3.0,2.0,13.0,14.0,22.5,45.0,-0.2,-0.2,5.0,5.0,11.0,13.0,13.0,13.0,13.0,13.0,0.0,= 2*6.5,= 2*6.5,= 2*6.5,,Assumes +1 AC from Aura of Menace.
Lava Child,183824-lava-child,WDotMM,313.0,https://www.dndbeyond.com/monsters/183824-lava-child,humanoid,medium,generic,N,3.0,2,700.0,4.0,1.0,3.0,0.0,0.0,0.0,4,1,3,0,0,0,0.0,0.0,0.0,0.0,0.0,0.0,0.0,0.0,0.0,0.0,0.0,0.0,0.0,0.0,0.0,0.1,0.1,0.1,1.0,1.0,0.0,1.0,1.0,1.0,1.0,1.0,1.0,1.0,1.0,2.0,11.0,11.0,60.0,120.0,1.3,1.3,6.0,6.0,,18.0,18.0,18.0,18.0,18.0,0.0,= 11 + 7,= 11 + 7,= 11 + 7,,
Lawmage,175781-lawmage,GGtR,228.0,https://www.dndbeyond.com/monsters/175781-lawmage,humanoid,medium,generic,N,6.0,3,2300.0,1.0,1.0,2.0,3.0,2.0,1.0,1,1,2,6,5,1,0.0,0.0,0.0,0.0,0.0,0.0,0.0,0.0,0.0,0.0,0.0,0.0,0.0,0.0,0.0,1.0,1.0,1.0,1.0,1.0,1.0,1.0,1.0,1.0,1.0,1.0,1.0,1.0,1.0,1.0,15.0,20.0,84.5,84.5,2.7,2.7,6.0,6.0,14.0,11.0,11.0,11.0,11.0,11.0,0.0,= 11,= 11,= 11,,
Lazav,175850-lazav,GGtR,232.0,https://www.dndbeyond.com/monsters/175850-lazav,monstrosity,medium,unique,L,17.0,6,18000.0,3.0,7.0,4.0,6.0,5.0,6.0,3,13,4,12,11,12,0.0,1.0,0.0,0.0,1.0,0.0,0.0,0.0,0.0,0.0,1.0,0.0,0.0,0.0,0.0,1.0,1.0,1.0,1.0,1.0,1.0,1.0,1.0,0.5,0.0,0.5,1.0,1.0,7.0,1.0,18.0,18.0,204.0,294.0,9.2,9.2,13.0,13.0,20.0,120.0,120.0,120.0,120.0,120.0,0.0,= 3*20 + 3*20,= 3*20 + 3*20,= 3*20 + 3*20,,
Lemure,16942-lemure,MM (2014),76.0,https://www.dndbeyond.com/monsters/16942-lemure,fiend,medium,generic,N,0.0,2,10.0,0.0,-3.0,0.0,-5.0,0.0,-4.0,0,-3,0,-5,0,-4,0.0,1.0,0.0,0.0,1.0,0.0,0.0,0.0,0.0,0.0,1.0,0.0,0.0,0.0,0.0,1.0,1.0,1.0,1.0,0.5,0.0,1.0,1.0,1.0,0.0,1.0,1.0,1.0,-3.0,1.0,7.0,7.0,13.5,13.5,-2.0,-2.0,3.0,3.0,,2.5,2.5,2.5,2.5,2.5,0.0,= 2.5,= 2.5,= 2.5,,
Leonin Iconoclast,909491-leonin-iconoclast,MOoT,232.0,https://www.dndbeyond.com/monsters/909491-leonin-iconoclast,humanoid,medium,generic,N,5.0,3,1800.0,2.0,4.0,3.0,1.0,3.0,0.0,2,7,3,1,6,0,0.0,0.0,0.0,0.0,0.0,0.0,0.0,0.0,0.0,0.0,0.0,0.0,0.0,0.0,0.0,1.0,1.0,1.0,1.0,1.0,1.0,1.0,1.0,1.0,1.0,1.0,1.0,1.0,4.0,1.0,17.0,19.0,67.5,67.5,3.2,3.2,7.0,7.0,,54.0,54.0,54.0,54.0,54.0,0.0,= 3*18,= 3*18,= 3*18,,Assumes +2 AC from Evasion.
Leprechaun,4635152-leprechaun,QftIS,205.0,https://www.dndbeyond.com/monsters/4635152-leprechaun,fey,small,generic,N,4.0,2,1100.0,-2.0,3.0,3.0,1.0,2.0,4.0,-2,3,5,1,4,4,0.0,0.0,0.0,0.0,0.0,0.0,0.0,0.0,0.0,0.0,0.0,0.0,0.0,0.0,0.0,1.0,1.0,1.0,1.0,1.0,1.0,1.0,1.0,1.0,1.0,1.0,1.0,1.0,3.0,1.0,13.0,17.0,52.0,52.0,2.5,2.5,5.0,9.0,14.0,40.0,40.0,40.0,40.0,40.0,0.0,= 2*20,= 2*20,= 2*20,,
Lesser Death Dragon,3081116-lesser-death-dragon,DSotDQ,195.0,https://www.dndbeyond.com/monsters/3081116-lesser-death-dragon,undead,large,generic,N,10.0,4,5900.0,5.0,0.0,4.0,-3.0,0.0,-3.0,5,4,4,-3,4,-3,0.0,0.0,0.0,1.0,0.0,0.0,0.0,0.0,0.0,0.0,1.0,0.0,0.0,0.0,0.0,1.0,0.5,1.0,1.0,1.0,1.0,1.0,1.0,0.0,0.0,1.0,1.0,1.0,0.0,1.0,15.0,15.0,199.5,199.5,1.8,1.8,9.0,11.0,16.0,47.666668,47.666668,72.0,35.5,35.5,0.0,= 2*36,= 18.5 + 2*8.5,= 18.5 + 2*8.5,,Assumes +2 AB from Claw.
Lesser Star Spawn Emissary,1680931-lesser-star-spawn-emissary,VRGtR,245.0,https://www.dndbeyond.com/monsters/1680931-lesser-star-spawn-emissary,aberration,medium,legendary,L,19.0,6,22000.0,5.0,4.0,7.0,7.0,5.0,6.0,5,4,7,13,11,12,0.0,1.0,0.0,0.0,1.0,0.0,0.0,0.0,0.0,0.0,0.0,0.0,0.0,0.0,0.0,1.0,1.0,1.0,0.5,1.0,1.0,0.5,1.0,0.5,1.0,0.5,1.0,1.0,4.0,1.0,19.0,19.0,241.5,331.5,8.7,8.7,11.0,11.0,21.0,142.5,142.5,142.5,142.5,142.5,0.0,= 3*29.5 + 3*18,= 3*29.5 + 3*18,= 3*29.5 + 3*18,,
Leucrotta,17280-leucrotta,TftYP,239.0,https://www.dndbeyond.com/monsters/17280-leucrotta,monstrosity,large,legacy,N,3.0,2,700.0,4.0,2.0,2.0,-1.0,1.0,-2.0,4,2,2,-1,1,-2,0.0,0.0,0.0,0.0,0.0,0.0,0.0,0.0,0.0,0.0,0.0,0.0,0.0,0.0,0.0,1.0,1.0,1.0,1.0,1.0,1.0,1.0,1.0,1.0,1.0,1.0,1.0,1.0,2.0,1.0,14.0,14.0,67.5,67.5,1.0,1.0,6.0,6.0,,19.5,19.5,19.5,19.5,19.5,0.0,= 8.5 + 11,= 8.5 + 11,= 8.5 + 11,,
Leucrotta,17280-leucrotta,VGtM,169.0,https://www.dndbeyond.com/monsters/17280-leucrotta,monstrosity,large,legacy,N,3.0,2,700.0,4.0,2.0,2.0,-1.0,1.0,-2.0,4,2,2,-1,1,-2,0.0,0.0,0.0,0.0,0.0,0.0,0.0,0.0,0.0,0.0,0.0,0.0,0.0,0.0,0.0,1.0,1.0,1.0,1.0,1.0,1.0,1.0,1.0,1.0,1.0,1.0,1.0,1.0,2.0,1.0,14.0,14.0,67.5,67.5,1.0,1.0,6.0,6.0,,19.5,25.0,19.5,19.5,19.5,16.5,= 8.5 + 11,= 8.5 + 11,= 8.5 + 11,= 3*5.5,Assumes +5.5 DPR from Rampage.
Leucrotta,2560860-leucrotta,MPMotM,170.0,https://www.dndbeyond.com/monsters/2560860-leucrotta,monstrosity,large,generic,N,3.0,2,700.0,4.0,2.0,2.0,-1.0,1.0,-2.0,4,2,2,-1,1,-2,0.0,0.0,0.0,0.0,0.0,0.0,0.0,0.0,0.0,0.0,0.0,0.0,0.0,0.0,0.0,1.0,1.0,1.0,1.0,1.0,1.0,1.0,1.0,1.0,1.0,1.0,1.0,1.0,2.0,1.0,14.0,15.0,67.5,67.5,1.0,1.0,6.0,6.0,,19.5,19.5,19.5,19.5,19.5,0.0,= 8.5 + 11,= 8.5 + 11,= 8.5 + 11,,
Leviathan,96977-leviathan,MToF,198.0,https://www.dndbeyond.com/monsters/96977-leviathan,elemental,gargantuan,legacy,L,20.0,6,25000.0,10.0,7.0,10.0,-4.0,4.0,3.0,10,7,10,-4,10,9,0.0,0.0,0.0,1.0,0.0,1.0,0.0,0.0,1.0,1.0,1.0,1.0,1.0,1.0,0.0,0.7,0.7,0.7,0.0,1.0,1.0,1.0,1.0,1.0,0.0,1.0,1.0,1.0,7.0,1.0,17.0,17.0,328.0,418.0,7.0,7.0,16.0,16.0,24.0,82.666664,109.666664,120.0,65.0,63.0,81.0,= 3*33 + 21,= 21 + 23 + 21,= 20 + 22 + 21,= 3*27,Assumes +3*27 damage from Tidal Wave.
Leviathan,2560861-leviathan,MPMotM,171.0,https://www.dndbeyond.com/monsters/2560861-leviathan,elemental,gargantuan,legendary,L,20.0,6,25000.0,8.0,7.0,10.0,-4.0,4.0,3.0,8,7,10,-4,10,9,0.0,0.0,0.0,1.0,0.0,1.0,0.0,0.0,1.0,1.0,1.0,1.0,1.0,1.0,0.0,0.7,0.7,0.7,0.0,1.0,1.0,1.0,1.0,1.0,0.0,1.0,1.0,1.0,7.0,1.0,17.0,17.0,328.0,418.0,6.7,6.7,14.0,14.0,24.0,106.666664,106.666664,125.0,97.5,97.5,0.0,= 2*45.5 + 34,= 34 + 29.5 + 34,= 34 + 29.5 + 34,,
Liara Portyr,33046-liara-portyr,ToA,227.0,https://www.dndbeyond.com/monsters/33046-liara-portyr,humanoid,medium,unique,N,4.0,2,1100.0,3.0,1.0,2.0,2.0,2.0,3.0,3,1,4,2,4,3,0.0,0.0,0.0,0.0,0.0,0.0,0.0,0.0,0.0,0.0,0.0,0.0,0.0,0.0,0.0,1.0,1.0,1.0,1.0,1.0,1.0,1.0,1.0,1.0,1.0,1.0,1.0,1.0,1.0,1.0,15.0,15.0,84.5,84.5,2.8,2.8,5.0,5.0,,31.0,31.0,31.0,31.0,31.0,0.0,= 3*7 + 10,= 3*7 + 10,= 3*7 + 10,,
Lich,16943-lich,MM (2014),202.0,https://www.dndbeyond.com/monsters/16943-lich,undead,medium,generic,N,21.0,7,33000.0,0.0,3.0,3.0,5.0,2.0,3.0,0,3,10,12,9,3,0.0,1.0,0.0,1.0,1.0,0.0,0.0,0.0,1.0,0.0,1.0,0.0,0.0,0.0,0.0,0.2,0.2,0.2,1.0,0.5,1.0,1.0,0.5,0.5,0.0,1.0,1.0,1.0,3.0,1.25,17.0,22.0,135.0,281.3,6.2,6.2,12.0,12.0,20.0,145.0,145.0,152.0,145.0,138.0,0.0,= 2*49 + 3*18,= 2*45.5 + 3*18,= 2*42 + 3*18,,Assumes +5 AC from Shield.
Lichen Lich,1528971-lichen-lich,CM,223.0,https://www.dndbeyond.com/monsters/1528971-lichen-lich,undead,medium,legendary,LL,18.0,6,20000.0,0.0,3.0,3.0,2.0,5.0,3.0,0,3,9,8,11,9,0.0,1.0,0.0,1.0,1.0,0.0,0.0,0.0,1.0,0.0,1.0,0.0,0.0,1.0,0.0,1.0,1.0,1.0,1.0,0.5,1.0,1.0,1.0,0.5,0.0,1.0,1.0,1.0,3.0,1.0,20.0,20.0,225.0,315.0,6.7,6.7,9.0,9.0,19.0,122.5,122.5,122.5,122.5,122.5,0.0,= 4*17.5 + 3*17.5,= 4*17.5 + 3*17.5,= 4*17.5 + 3*17.5,,
Light Devourer,2407548-light-devourer,CRCotN,200.0,https://www.dndbeyond.com/monsters/2407548-light-devourer,aberration,medium,generic,N,6.0,3,2300.0,4.0,4.0,4.0,-4.0,0.0,-4.0,4,4,4,-4,0,-4,0.0,0.0,0.0,0.0,0.0,0.0,0.0,0.0,0.0,0.0,0.0,0.0,0.0,0.0,0.0,1.0,1.0,1.0,1.0,1.0,1.0,1.0,1.0,1.0,1.0,1.0,0.0,1.0,4.0,1.0,14.0,14.0,119.0,119.0,0.7,0.7,7.0,7.0,15.0,59.333332,59.333332,92.0,43.0,43.0,0.0,= 2*21.5 + 2*24.5,= 2*21.5,= 2*21.5,,
Lightning Hulk,3731034-lightning-hulk,BPGotG,158.0,https://www.dndbeyond.com/monsters/3731034-lightning-hulk,elemental,large,generic,N,9.0,4,5000.0,4.0,5.0,3.0,2.0,2.0,2.0,4,9,7,2,6,6,0.0,0.0,0.0,1.0,0.0,1.0,0.0,0.0,1.0,1.0,1.0,1.0,1.0,0.0,0.0,0.7,0.7,0.7,1.0,0.5,1.0,1.0,0.0,1.0,0.0,1.0,1.0,0.5,5.0,1.5,15.0,15.0,102.0,153.0,5.7,5.7,9.0,9.0,18.0,50.0,57.0,50.0,50.0,50.0,21.0,= 2*18 + 2*7,= 2*18 + 2*7,= 2*18 + 2*7,= 3*7,Assumes +7 DPR from Lightning Form.
Lion,16944-lion,MM (2014),331.0,https://www.dndbeyond.com/monsters/16944-lion,beast,large,generic,N,1.0,2,200.0,3.0,2.0,1.0,-4.0,1.0,-1.0,3,2,1,-4,1,-1,0.0,0.0,0.0,0.0,0.0,0.0,0.0,0.0,0.0,0.0,0.0,0.0,0.0,0.0,0.0,1.0,1.0,1.0,1.0,1.0,1.0,1.0,1.0,1.0,1.0,1.0,1.0,1.0,2.0,1.0,12.0,12.0,26.0,26.0,0.3,0.3,5.0,6.0,,9.666667,9.666667,14.0,7.5,7.5,0.0,= 7.5 + 6.5,= 7.5,= 7.5,,
Liondrake,2059748-liondrake,FToD,207.0,https://www.dndbeyond.com/monsters/2059748-liondrake,monstrosity,large,generic,N,7.0,3,2900.0,4.0,2.0,3.0,-2.0,1.0,1.0,4,2,3,-2,1,1,0.0,0.0,0.0,0.0,0.0,0.0,0.0,0.0,0.0,0.0,0.0,0.0,0.0,0.0,0.0,1.0,1.0,1.0,1.0,1.0,1.0,1.0,1.0,1.0,1.0,1.0,1.0,1.0,2.0,1.0,16.0,16.0,119.0,238.0,1.5,1.5,7.0,8.0,14.0,24.666666,24.666666,0.0,37.0,37.0,0.0,= 0,=15+2*11,=15+2*11,,Assumes 2x hit points from Blood-Chilling Roar. Assumes +1 AC from Bite.
Living Bigby’s Hand,1123109-living-bigbys-hand,IDRotF,298.0,https://www.dndbeyond.com/monsters/1123109-living-bigbys-hand,construct,large,generic,N,4.0,2,1100.0,8.0,0.0,5.0,-5.0,0.0,-5.0,8,2,5,-5,2,-5,1.0,1.0,1.0,1.0,1.0,0.0,0.0,0.0,1.0,1.0,1.0,0.0,0.0,0.0,1.0,1.0,1.0,1.0,1.0,1.0,1.0,1.0,1.0,1.0,0.0,1.0,1.0,1.0,0.0,1.0,20.0,20.0,52.5,52.5,1.2,5.2,10.0,10.0,,26.0,26.0,26.0,26.0,26.0,0.0,= 26,= 26,= 26,,
Living Blade of Disaster,1123110-living-blade-of-disaster,IDRotF,299.0,https://www.dndbeyond.com/monsters/1123110-living-blade-of-disaster,construct,small,generic,N,8.0,3,3900.0,0.0,3.0,4.0,-2.0,0.0,-4.0,0,3,4,-2,0,-4,1.0,0.0,1.0,1.0,0.0,1.0,0.0,0.0,1.0,1.0,1.0,0.0,1.0,0.0,1.0,0.2,0.2,0.2,1.0,1.0,1.0,1.0,1.0,1.0,0.0,1.0,1.0,1.0,3.0,2.0,14.0,14.0,67.5,135.0,0.2,4.2,6.0,11.0,,52.0,52.0,52.0,52.0,52.0,0.0,= 26 + 26,= 26 + 26,= 26 + 26,,Assumes +5 AB for larger crit range and higher crit damage.
Living Burning Hands,487604-living-burning-hands,ERftLW,298.0,https://www.dndbeyond.com/monsters/487604-living-burning-hands,construct,medium,generic,N,1.0,2,200.0,0.0,1.0,3.0,-4.0,-2.0,-2.0,0,1,3,-4,-2,-2,1.0,1.0,1.0,1.0,1.0,1.0,0.0,0.0,0.0,0.0,1.0,1.0,0.0,0.0,0.0,0.7,0.7,0.7,1.0,1.0,0.0,1.0,1.0,1.0,1.0,1.0,1.0,1.0,1.0,2.0,15.0,15.0,15.0,30.0,-0.7,3.3,5.0,5.0,13.0,10.0,10.0,20.0,5.0,5.0,0.0,= 2*10,= 5,= 5,,
Living Cloudkill,486460-living-cloudkill,ERftLW,299.0,https://www.dndbeyond.com/monsters/486460-living-cloudkill,construct,large,generic,N,7.0,3,2900.0,0.0,2.0,5.0,-4.0,0.0,-2.0,0,2,5,-4,0,-2,1.0,1.0,1.0,1.0,1.0,1.0,0.0,0.0,0.0,0.0,1.0,1.0,0.0,0.0,0.0,0.7,0.7,0.7,1.0,1.0,1.0,1.0,1.0,1.0,0.0,1.0,1.0,1.0,2.0,1.5,15.0,15.0,73.5,110.3,0.2,4.2,8.0,8.0,16.0,58.666668,58.666668,44.0,66.0,66.0,0.0,=2*22,= 2*22 + 22,= 2*22 + 22,,
Living Demiplane,1123111-living-demiplane,IDRotF,299.0,https://www.dndbeyond.com/monsters/1123111-living-demiplane,construct,medium,generic,N,0.0,2,10.0,-5.0,0.0,0.0,-5.0,0.0,-5.0,-5,0,0,-5,0,-5,1.0,1.0,1.0,1.0,1.0,1.0,0.0,0.0,1.0,1.0,1.0,1.0,1.0,1.0,1.0,1.0,1.0,1.0,1.0,1.0,1.0,1.0,1.0,1.0,0.0,1.0,1.0,1.0,0.0,1.0,10.0,10.0,31.5,31.5,-2.5,1.5,0.0,0.0,,0.0,0.0,0.0,0.0,0.0,0.0,= 0,= 0,= 0,,
Living Doll,1979794-living-doll,TWBtW,238.0,https://www.dndbeyond.com/monsters/1979794-living-doll,construct,tiny,generic,N,2.0,2,450.0,-4.0,0.0,1.0,0.0,0.0,-2.0,-4,0,1,2,2,0,0.0,0.0,0.0,0.0,0.0,0.0,0.0,0.0,1.0,1.0,1.0,0.0,0.0,0.0,0.0,1.0,1.0,1.0,1.0,1.0,1.0,1.0,1.0,1.0,0.0,1.0,1.0,1.0,0.0,1.0,11.0,11.0,28.0,55.0,0.2,0.2,2.0,2.0,11.0,17.666666,17.666666,21.0,21.0,11.0,0.0,= 11 + 2*5,= 11 + 2*5,= 11,,Assumes +4*3 HP from Cackle.
Living Iron Statue,316787-living-iron-statue,GoS,241.0,https://www.dndbeyond.com/monsters/316787-living-iron-statue,construct,medium,unique,N,5.0,3,1800.0,3.0,2.0,4.0,-2.0,0.0,-3.0,3,2,4,-2,0,-3,0.0,1.0,0.0,1.0,1.0,0.0,0.0,0.0,1.0,1.0,1.0,0.0,0.0,0.0,0.0,1.0,1.0,1.0,2.0,1.0,1.0,1.0,0.0,1.0,0.0,1.0,1.0,1.0,2.0,1.0,16.0,16.0,102.0,102.0,0.7,0.7,6.0,6.0,13.0,26.0,26.0,38.0,20.0,20.0,0.0,= 2*19,= 10 + 10,= 10 + 10,,
Living Lightning Bolt,486454-living-lightning-bolt,ERftLW,299.0,https://www.dndbeyond.com/monsters/486454-living-lightning-bolt,construct,large,generic,N,5.0,3,1800.0,0.0,2.0,4.0,-4.0,0.0,-2.0,0,2,4,-4,0,-2,1.0,1.0,1.0,1.0,1.0,1.0,0.0,0.0,0.0,0.0,1.0,1.0,0.0,0.0,0.0,0.7,0.7,0.7,1.0,1.0,1.0,1.0,0.0,1.0,1.0,1.0,1.0,1.0,2.0,1.5,15.0,15.0,57.0,85.5,0.0,4.0,7.0,7.0,15.0,46.666668,46.666668,56.0,42.0,42.0,0.0,= 2*28,= 2*21,= 2*21,,
Living Portent,3960622-living-portent,TBoMT,180.0,https://www.dndbeyond.com/monsters/3960622-living-portent,celestial,medium,generic,N,3.0,2,700.0,2.0,3.0,2.0,2.0,3.0,2.0,2,5,2,2,5,2,0.0,0.0,0.0,1.0,0.0,0.0,0.0,0.0,0.0,0.0,0.0,0.0,0.0,0.0,0.0,1.0,1.0,1.0,1.0,1.0,1.0,1.0,1.0,1.0,1.0,1.0,0.0,1.0,3.0,1.0,15.0,15.0,65.0,65.0,3.0,3.0,5.0,5.0,13.0,29.5,29.5,29.5,29.5,29.5,0.0,= 2*9.5 + 10.5,= 2*9.5 + 10.5,= 2*9.5 + 10.5,,
Living Unseen Servant,183829-living-unseen-servant,WDotMM,313.0,https://www.dndbeyond.com/monsters/183829-living-unseen-servant,construct,medium,generic,N,0.0,2,10.0,-4.0,0.0,0.0,-5.0,0.0,-5.0,-4,0,0,-5,0,-5,0.0,0.0,0.0,1.0,0.0,0.0,0.0,0.0,1.0,1.0,1.0,0.0,0.0,0.0,1.0,1.0,1.0,1.0,1.0,1.0,1.0,1.0,1.0,1.0,0.0,1.0,1.0,1.0,0.0,1.0,10.0,14.0,4.5,4.5,-2.3,-2.3,2.0,6.0,,1.0,1.0,1.0,1.0,1.0,0.0,= 1,= 1,= 1,,
Lizard King/Queen,17172-lizard-king-queen,MM (2014),205.0,https://www.dndbeyond.com/monsters/17172-lizard-king-queen,humanoid,medium,generic,N,4.0,2,1100.0,3.0,1.0,2.0,0.0,0.0,2.0,3,1,4,0,2,2,0.0,0.0,0.0,0.0,1.0,0.0,0.0,0.0,0.0,0.0,0.0,0.0,0.0,0.0,0.0,1.0,1.0,1.0,1.0,1.0,1.0,1.0,1.0,1.0,1.0,1.0,1.0,1.0,1.0,1.0,15.0,15.0,78.0,108.0,2.0,2.0,5.0,5.0,,24.0,24.0,24.0,24.0,24.0,0.0,= 2*7 + 10,= 2*7 + 10,= 2*7 + 10,,
Lizardfolk,16946-lizardfolk,MM (2014),204.0,https://www.dndbeyond.com/monsters/16946-lizardfolk,humanoid,medium,generic,N,0.5,2,100.0,2.0,0.0,1.0,-2.0,1.0,-2.0,2,0,1,-2,1,-2,0.0,0.0,0.0,0.0,0.0,0.0,0.0,0.0,0.0,0.0,0.0,0.0,0.0,0.0,0.0,1.0,1.0,1.0,1.0,1.0,1.0,1.0,1.0,1.0,1.0,1.0,1.0,1.0,0.0,1.0,15.0,15.0,22.0,22.0,0.0,0.0,4.0,4.0,,10.0,10.0,10.0,10.0,10.0,0.0,= 5 + 5,= 5 + 5,= 5 + 5,,
Lizardfolk Commoner,313025-lizardfolk-commoner,GoS,241.0,https://www.dndbeyond.com/monsters/313025-lizardfolk-commoner,humanoid,medium,generic,N,0.25,2,50.0,2.0,0.0,1.0,-2.0,1.0,-2.0,2,0,1,-2,1,-2,0.0,0.0,0.0,0.0,0.0,0.0,0.0,0.0,0.0,0.0,0.0,0.0,0.0,0.0,0.0,1.0,1.0,1.0,1.0,1.0,1.0,1.0,1.0,1.0,1.0,1.0,1.0,1.0,0.0,1.0,13.0,13.0,16.5,16.5,0.0,0.0,4.0,4.0,,5.0,5.0,5.0,5.0,5.0,0.0,= 5,= 5,= 5,,
Lizardfolk Render,313028-lizardfolk-render,GoS,241.0,https://www.dndbeyond.com/monsters/313028-lizardfolk-render,humanoid,large,generic,N,3.0,2,700.0,3.0,0.0,2.0,-2.0,1.0,-2.0,3,0,2,-2,1,-2,0.0,0.0,0.0,0.0,0.0,0.0,0.0,0.0,0.0,0.0,0.0,0.0,0.0,0.0,0.0,1.0,1.0,1.0,1.0,1.0,1.0,1.0,1.0,1.0,1.0,1.0,1.0,1.0,0.0,1.0,15.0,15.0,52.5,52.5,0.3,0.3,5.0,9.0,,21.333334,21.333334,24.0,20.0,20.0,0.0,= 2*12,= 12 + 8,= 12 + 8,,
Lizardfolk Scaleshield,313030-lizardfolk-scaleshield,GoS,242.0,https://www.dndbeyond.com/monsters/313030-lizardfolk-scaleshield,humanoid,medium,generic,N,1.0,2,200.0,2.0,0.0,2.0,-2.0,1.0,-2.0,2,0,2,-2,1,-2,0.0,0.0,0.0,0.0,0.0,0.0,0.0,0.0,0.0,0.0,0.0,0.0,0.0,0.0,0.0,1.0,1.0,1.0,1.0,1.0,1.0,1.0,1.0,1.0,1.0,1.0,1.0,1.0,0.0,1.0,16.0,16.0,32.5,47.5,0.2,0.2,4.0,4.0,,11.0,11.0,11.0,11.0,11.0,0.0,= 6 + 5,= 6 + 5,= 6 + 5,,Assumes +3*5 hp from Shield Block.
Lizardfolk Shaman,17171-lizardfolk-shaman,MM (2014),205.0,https://www.dndbeyond.com/monsters/17171-lizardfolk-shaman,humanoid,medium,generic,N,2.0,2,450.0,2.0,0.0,1.0,0.0,2.0,-1.0,2,0,1,0,2,-1,0.0,0.0,0.0,0.0,0.0,0.0,0.0,0.0,0.0,0.0,0.0,0.0,0.0,0.0,0.0,1.0,1.0,1.0,1.0,1.0,1.0,1.0,1.0,1.0,1.0,1.0,1.0,1.0,0.0,1.0,13.0,13.0,27.5,27.5,0.7,0.7,4.0,4.0,12.0,20.166666,20.166666,13.5,23.5,23.5,0.0,= 13.5,= 5.5 + 4.5 + 13.5,= 5.5 + 4.5 + 13.5,,
Lizardfolk Subchief,313031-lizardfolk-subchief,GoS,242.0,https://www.dndbeyond.com/monsters/313031-lizardfolk-subchief,humanoid,medium,generic,N,3.0,2,700.0,2.0,0.0,2.0,0.0,3.0,1.0,2,0,2,0,5,1,0.0,0.0,0.0,0.0,0.0,0.0,0.0,0.0,0.0,0.0,0.0,0.0,0.0,0.0,0.0,1.0,1.0,1.0,1.0,1.0,1.0,1.0,1.0,1.0,1.0,1.0,1.0,1.0,0.0,1.0,14.0,14.0,52.0,52.0,1.7,1.7,5.0,5.0,13.0,21.333334,21.333334,22.0,21.0,21.0,0.0,= 22,= 21,= 21,,
Loading Rig,177246-loading-rig,GGtR,170.0,https://www.dndbeyond.com/monsters/177246-loading-rig,construct,large,generic,N,1.0,2,200.0,4.0,0.0,1.0,-5.0,-4.0,-5.0,4,0,1,-5,-4,-5,1.0,1.0,1.0,1.0,1.0,0.0,0.0,0.0,1.0,1.0,1.0,0.0,0.0,0.0,0.0,1.0,1.0,1.0,1.0,1.0,1.0,1.0,1.0,1.0,0.0,0.0,1.0,1.0,0.0,1.0,18.0,18.0,39.0,39.0,-1.5,-1.5,6.0,6.0,,7.0,7.0,7.0,7.0,7.0,0.0,= 7,= 7,= 7,,
Locathah,313041-locathah,GoS,243.0,https://www.dndbeyond.com/monsters/313041-locathah,humanoid,medium,generic,N,0.5,2,100.0,1.0,1.0,1.0,0.0,0.0,0.0,1,3,1,0,0,0,0.0,0.0,0.0,0.0,0.0,0.0,0.0,0.0,0.0,0.0,0.0,0.0,0.0,0.0,0.0,1.0,1.0,1.0,1.0,1.0,1.0,1.0,1.0,1.0,1.0,1.0,1.0,1.0,1.0,1.0,13.0,13.0,22.0,22.0,0.8,0.8,3.0,3.0,,10.0,10.0,10.0,10.0,10.0,0.0,= 2*5,= 2*5,= 2*5,,
Locathah Hunter,313042-locathah-hunter,GoS,243.0,https://www.dndbeyond.com/monsters/313042-locathah-hunter,humanoid,medium,generic,N,2.0,2,450.0,1.0,2.0,1.0,0.0,2.0,0.0,1,4,1,0,4,0,0.0,0.0,0.0,0.0,0.0,0.0,0.0,0.0,0.0,0.0,0.0,0.0,0.0,0.0,0.0,1.0,1.0,1.0,1.0,1.0,1.0,1.0,1.0,1.0,1.0,1.0,1.0,1.0,2.0,1.0,14.0,16.0,33.0,33.0,1.7,1.7,4.0,4.0,,22.0,22.0,22.0,22.0,22.0,0.0,= 2*11,= 2*11,= 2*11,,Assumes +2 AC from Envenomed Crossbow poisoning targets.
Lohezet,3081117-lohezet,DSotDQ,205.0,https://www.dndbeyond.com/monsters/3081117-lohezet,humanoid,medium,unique,N,12.0,4,8400.0,-1.0,2.0,1.0,5.0,2.0,0.0,-1,2,5,5,6,0,0.0,0.0,0.0,0.0,0.0,0.0,0.0,0.0,0.0,0.0,1.0,0.0,0.0,0.0,0.0,1.0,1.0,1.0,1.0,1.0,1.0,1.0,1.0,1.0,0.0,1.0,1.0,1.0,2.0,1.0,15.0,15.0,137.5,137.5,2.8,2.8,9.0,9.0,16.0,96.0,122.0,148.0,70.0,70.0,78.0,= 3*18 + 2*39 + 16,= 3*18 + 16,= 3*18 + 16,= 2*39,Assumes +2*39 damage from Miasma from a recharge on rounds 2 or 3.
Lonely Sorrowsworn,2560862-lonely-sorrowsworn,MPMotM,223.0,https://www.dndbeyond.com/monsters/2560862-lonely-sorrowsworn,monstrosity,medium,generic,N,9.0,4,5000.0,3.0,1.0,3.0,-2.0,0.0,-2.0,3,1,3,-2,0,-2,0.0,0.0,0.0,0.0,0.0,0.0,0.0,0.0,0.0,0.0,0.0,0.0,0.0,0.0,0.0,0.6,0.6,0.6,1.0,1.0,1.0,1.0,1.0,1.0,1.0,1.0,1.0,1.0,1.0,1.5,16.0,16.0,112.5,168.8,0.5,0.5,7.0,11.0,15.0,51.0,61.5,39.0,57.0,57.0,31.5,= 21 + 18,= 21 + 2*18,= 21 + 2*18,= 3*10.5,Assumes +4 AB from Thrives on Company. Assumes +10.5 DPR from Psychic Leech.
Lord Soth,3081118-lord-soth,DSotDQ,206.0,https://www.dndbeyond.com/monsters/3081118-lord-soth,undead,medium,unique,L,19.0,6,22000.0,6.0,0.0,5.0,1.0,3.0,5.0,6,6,5,1,9,11,0.0,0.0,0.0,1.0,1.0,0.0,0.0,0.0,0.0,0.0,1.0,0.0,0.0,0.0,0.0,1.0,1.0,1.0,1.0,1.0,1.0,1.0,1.0,0.0,0.0,1.0,1.0,1.0,0.0,1.0,18.0,18.0,228.0,318.0,6.3,10.3,12.0,12.0,19.0,127.5,161.5,140.0,128.5,114.0,102.0,= 2*70,= 100 + 28.5,= 3*28.5 + 28.5,= 0.8*127.5,Assumes +102 damage from casting Banishment during first round.
Lorehold Apprentice,2160308-lorehold-apprentice,SACoC,197.0,https://www.dndbeyond.com/monsters/2160308-lorehold-apprentice,humanoid,medium,generic,N,2.0,2,450.0,0.0,2.0,1.0,2.0,1.0,0.0,0,2,3,4,1,0,0.0,0.0,0.0,0.0,0.0,0.0,0.0,0.0,0.0,0.0,0.0,0.0,0.0,0.0,0.0,1.0,1.0,1.0,1.0,1.0,1.0,1.0,1.0,1.0,1.0,1.0,1.0,1.0,2.0,1.0,15.0,15.0,33.0,33.0,1.7,1.7,4.0,4.0,12.0,22.0,22.0,33.0,16.5,16.5,0.0,= 33,= 16.5,= 16.5,,
Lorehold Pledgemage,2160309-lorehold-pledgemage,SACoC,197.0,https://www.dndbeyond.com/monsters/2160309-lorehold-pledgemage,humanoid,medium,generic,N,4.0,2,1100.0,0.0,3.0,1.0,3.0,1.0,0.0,0,3,3,5,1,0,0.0,0.0,0.0,0.0,0.0,0.0,0.0,0.0,0.0,0.0,0.0,0.0,0.0,0.0,0.0,1.0,1.0,1.0,1.0,1.0,1.0,1.0,1.0,1.0,1.0,1.0,1.0,1.0,3.0,1.0,16.0,16.0,60.5,74.5,2.0,2.0,5.0,5.0,13.0,38.0,41.333332,44.0,35.0,35.0,10.0,= 44,= 2*17.5,= 2*17.5,= 2*5,Assumes +2*7 hit points from Chronal Break. Assumes +2*5 damage from Learn from the Past.
Lorehold Professor of Chaos,2160310-lorehold-professor-of-chaos,SACoC,198.0,https://www.dndbeyond.com/monsters/2160310-lorehold-professor-of-chaos,humanoid,medium,generic,N,7.0,3,2900.0,0.0,2.0,2.0,4.0,2.0,1.0,0,2,5,7,5,4,0.0,0.0,0.0,0.0,0.0,0.0,0.0,0.0,0.0,0.0,0.0,0.0,0.0,0.0,0.0,1.0,1.0,1.0,1.0,1.0,1.0,1.0,1.0,1.0,1.0,1.0,1.0,1.0,2.0,1.0,15.0,17.0,110.5,110.5,3.8,3.8,7.0,9.0,15.0,39.0,39.0,57.0,30.0,30.0,0.0,= 2*15 + 6*4.5,= 2*15,= 2*15,,Assumes +2 AC from Weight of History (restrained). Assumes +2 AB from Weight of History. Assumes +6*4.5 damage from Weight of History.
Lorehold Professor of Order,2160311-lorehold-professor-of-order,SACoC,198.0,https://www.dndbeyond.com/monsters/2160311-lorehold-professor-of-order,humanoid,medium,generic,N,7.0,3,2900.0,0.0,2.0,2.0,4.0,2.0,1.0,0,2,5,7,5,4,0.0,0.0,0.0,0.0,0.0,0.0,0.0,0.0,0.0,0.0,0.0,0.0,0.0,0.0,0.0,1.0,1.0,1.0,1.0,1.0,1.0,0.5,1.0,1.0,1.0,1.0,1.0,1.0,2.0,1.0,15.0,15.0,104.0,162.0,3.8,3.8,7.0,9.0,15.0,26.0,26.0,26.0,26.0,26.0,0.0,= 2*13,= 2*13,= 2*13,,"Assumes +30 hit points from Force Barrier, and +2*14 HP from Arcane Stasis. Assumes +2 AB from Repelling Burst."
Lost Sorrowsworn,2560863-lost-sorrowsworn,MPMotM,224.0,https://www.dndbeyond.com/monsters/2560863-lost-sorrowsworn,monstrosity,medium,generic,N,7.0,3,2900.0,3.0,1.0,2.0,-2.0,-2.0,-3.0,3,1,2,-2,-2,-3,0.0,0.0,0.0,0.0,0.0,0.0,0.0,0.0,0.0,0.0,0.0,0.0,0.0,0.0,0.0,0.6,0.6,0.6,1.0,1.0,1.0,1.0,1.0,1.0,1.0,1.0,1.0,1.0,1.0,1.5,15.0,15.0,78.0,117.0,-0.2,-0.2,6.0,6.0,,45.0,72.0,43.0,46.0,46.0,81.0,= 25 + 18,= 2*14 + 18,= 2*14 + 18,= 3*27,Assumes +27 DPR for two rounds from Embrace.
Loup Garou,1680932-loup-garou,VRGtR,237.0,https://www.dndbeyond.com/monsters/1680932-loup-garou,monstrosity,medium,legendary,L,13.0,5,10000.0,4.0,4.0,4.0,2.0,3.0,3.0,4,9,9,2,3,8,0.0,1.0,0.0,0.0,1.0,0.0,0.0,0.0,0.0,0.0,0.0,0.0,0.0,0.0,0.0,1.0,1.0,1.0,1.0,1.0,1.0,1.0,1.0,1.0,1.0,1.0,1.0,1.0,4.0,1.0,16.0,16.0,170.0,260.0,5.8,5.8,9.0,13.0,,75.0,75.0,75.0,75.0,75.0,0.0,= 2*15 + 3*15,= 2*15 + 3*15,= 2*15 + 3*15,,
Lowarnizel,3805754-lowarnizel,PaBTSO,181.0,https://www.dndbeyond.com/monsters/3805754-lowarnizel,dragon,large,unique,N,9.0,4,5000.0,5.0,1.0,5.0,4.0,2.0,4.0,5,5,9,4,6,8,0.0,0.0,0.0,0.0,1.0,0.0,0.0,0.0,0.0,0.0,0.0,1.0,0.0,0.0,0.0,1.0,1.0,1.0,1.0,1.0,1.0,0.5,1.0,1.0,1.0,0.5,1.0,1.0,1.0,1.0,18.0,20.0,168.0,168.0,6.2,6.2,9.0,9.0,17.0,50.333332,50.333332,72.0,39.5,39.5,0.0,= 2*36,= 20.5 + 2*9.5,= 20.5 + 2*9.5,,Assumes +2 AC from flying with reach.
Lunar Dragon Wyrmling,2821179-lunar-dragon-wyrmling,SAiS:BAM,35.0,https://www.dndbeyond.com/monsters/2821179-lunar-dragon-wyrmling,dragon,medium,generic,N,2.0,2,450.0,2.0,1.0,3.0,-2.0,0.0,-1.0,2,1,5,-2,2,-1,0.0,0.0,0.0,0.0,0.0,0.0,0.0,0.0,0.0,0.0,0.0,0.0,0.0,0.0,0.0,1.0,1.0,1.0,1.0,0.0,1.0,1.0,1.0,1.0,1.0,1.0,1.0,1.0,1.0,1.0,15.0,15.0,37.5,75.0,1.2,1.2,4.0,4.0,13.0,15.0,15.0,27.0,9.0,9.0,0.0,= 2*13.5,= 9,= 9,,Assumes 2x HP from Phase.
Madam Eva,17366-madam-eva,CoS,233.0,https://www.dndbeyond.com/monsters/17366-madam-eva,humanoid,medium,unique,N,10.0,4,5900.0,-1.0,0.0,1.0,3.0,5.0,4.0,-1,0,1,3,5,4,0.0,0.0,0.0,0.0,0.0,0.0,0.0,0.0,0.0,0.0,0.0,0.0,0.0,0.0,0.0,1.0,1.0,1.0,1.0,1.0,1.0,1.0,1.0,1.0,1.0,1.0,1.0,1.0,0.0,1.0,10.0,10.0,88.0,176.0,2.0,2.0,9.0,9.0,17.0,98.333336,98.333336,44.0,158.0,93.0,0.0,=2*22,= 3*38 + 2*22,= 49 + 2*22,,Assumes 2x hp from casting regenerate prior to combat.
Maddgoth’s Homunculus,268347-maddgoths-homunculus,WDotMM,96.0,https://www.dndbeyond.com/monsters/268347-maddgoths-homunculus,construct,large,unique,N,2.0,2,450.0,2.0,2.0,0.0,0.0,0.0,-2.0,2,2,0,0,0,-2,0.0,1.0,0.0,0.0,0.0,0.0,0.0,0.0,0.0,0.0,1.0,0.0,0.0,0.0,0.0,1.0,1.0,1.0,1.0,1.0,1.0,1.0,1.0,1.0,0.0,1.0,1.0,1.0,2.0,1.0,13.0,13.0,55.0,55.0,0.3,0.3,4.0,4.0,,9.0,9.0,9.0,9.0,9.0,0.0,= 9,= 9,= 9,,
Maegera the Dawn Titan,17351-maegera-the-dawn-titan,SKT,241.0,https://www.dndbeyond.com/monsters/17351-maegera-the-dawn-titan,elemental,gargantuan,legendary,L,23.0,7,50000.0,5.0,6.0,5.0,0.0,0.0,4.0,5,6,12,0,7,11,0.0,1.0,0.0,0.0,1.0,1.0,0.0,0.0,1.0,1.0,1.0,1.0,1.0,0.0,0.0,0.7,0.7,0.7,1.0,1.0,0.0,1.0,1.0,1.0,0.0,1.0,1.0,1.0,6.0,1.0,16.0,16.0,341.0,341.0,6.8,10.8,12.0,12.0,19.0,324.5,324.5,324.5,324.5,324.5,0.0,= 3*50.5 + 4*35 + 3*11,= 3*50.5 + 4*35 + 3*11,= 3*50.5 + 4*35 + 3*11,,
Maelephant,3883550-maelephant,PAitM:MPP,35.0,https://www.dndbeyond.com/monsters/3883550-maelephant,fiend,large,generic,N,10.0,4,5900.0,4.0,0.0,4.0,0.0,3.0,1.0,8,0,8,0,3,1,0.0,0.0,0.0,0.0,1.0,0.0,0.0,0.0,0.0,0.0,1.0,0.0,0.0,0.0,0.0,1.0,1.0,1.0,0.5,1.0,0.5,1.0,0.5,1.0,0.0,1.0,1.0,1.0,0.0,1.5,15.0,15.0,161.5,242.3,3.3,7.3,8.0,10.0,16.0,63.333332,63.333332,78.0,56.0,56.0,0.0,= 2*39,= 26 + 2*15,= 26 + 2*15,,Assumes +2 AB from Barbed Trunk (restrained).
Mage,16947-mage,MM (2014),347.0,https://www.dndbeyond.com/monsters/16947-mage,humanoid,medium,generic,N,6.0,3,2300.0,-1.0,2.0,0.0,3.0,1.0,0.0,-1,2,0,6,4,0,0.0,0.0,0.0,0.0,0.0,0.0,0.0,0.0,0.0,0.0,0.0,0.0,0.0,0.0,0.0,1.0,1.0,1.0,1.0,1.0,1.0,1.0,1.0,1.0,1.0,1.0,1.0,1.0,2.0,1.0,15.0,20.0,40.5,40.5,1.8,1.8,6.0,6.0,14.0,66.0,66.0,72.0,63.0,63.0,0.0,= 2*36,= 2*31.5,= 2*31.5,,Assumes +5 AC from Shield.
Mage Hunter,2160312-mage-hunter,SACoC,199.0,https://www.dndbeyond.com/monsters/2160312-mage-hunter,monstrosity,large,generic,N,5.0,3,1800.0,4.0,2.0,3.0,0.0,3.0,0.0,4,2,3,3,6,3,1.0,1.0,1.0,0.0,1.0,0.0,0.0,0.0,0.0,0.0,0.0,1.0,0.0,0.0,0.0,1.0,1.0,1.0,1.0,1.0,1.0,1.0,1.0,1.0,1.0,1.0,1.0,1.0,2.0,1.0,15.0,15.0,85.0,106.0,3.5,3.5,7.0,7.0,14.0,30.0,37.0,30.0,30.0,30.0,21.0,= 2*15,= 2*15,= 2*15,= 3*7,Assumes +3*7 hit points from Consume and Destroy. Assumes +3*7 damage from Consume and Destroy.
Mage of Usamigaras,4635153-mage-of-usamigaras,QftIS,206.0,https://www.dndbeyond.com/monsters/4635153-mage-of-usamigaras,humanoid,medium,generic,N,0.125,2,25.0,0.0,1.0,0.0,2.0,0.0,1.0,0,1,0,2,0,1,0.0,0.0,0.0,0.0,0.0,0.0,0.0,0.0,0.0,0.0,0.0,0.0,0.0,0.0,0.0,1.0,1.0,1.0,1.0,1.0,1.0,1.0,1.0,1.0,1.0,1.0,1.0,1.0,1.0,1.0,11.0,11.0,9.0,9.0,0.7,0.7,4.0,4.0,,7.5,7.5,7.5,7.5,7.5,0.0,= 7.5,= 7.5,= 7.5,,
Magewright,487578-magewright,ERftLW,318.0,https://www.dndbeyond.com/monsters/487578-magewright,humanoid,medium,generic,N,0.0,2,10.0,0.0,1.0,0.0,2.0,2.0,1.0,0,1,0,2,2,1,0.0,0.0,0.0,0.0,0.0,0.0,0.0,0.0,0.0,0.0,0.0,0.0,0.0,0.0,0.0,1.0,1.0,1.0,1.0,1.0,1.0,1.0,1.0,1.0,1.0,1.0,1.0,1.0,1.0,1.0,11.0,11.0,9.0,9.0,1.0,1.0,3.0,3.0,,3.5,3.5,3.5,3.5,3.5,0.0,= 3.5,= 3.5,= 3.5,,
Maggie Keeneyes (Tier 1),2407549-maggie-keeneyes-tier-1,CRCotN,189.0,https://www.dndbeyond.com/monsters/2407549-maggie-keeneyes-tier-1,giant,large,unique,N,3.0,2,700.0,4.0,2.0,3.0,2.0,2.0,-1.0,6,2,5,2,2,-1,0.0,0.0,0.0,0.0,0.0,0.0,0.0,0.0,0.0,0.0,0.0,0.0,0.0,0.0,0.0,1.0,1.0,1.0,1.0,1.0,1.0,1.0,1.0,1.0,1.0,1.0,1.0,1.0,2.0,1.0,13.0,13.0,85.0,85.0,2.7,2.7,6.0,6.0,14.0,13.0,13.0,13.0,13.0,13.0,0.0,= 13,= 13,= 13,,
Maggie Keeneyes (Tier 2),2407550-maggie-keeneyes-tier-2,CRCotN,191.0,https://www.dndbeyond.com/monsters/2407550-maggie-keeneyes-tier-2,giant,large,unique,N,5.0,3,1800.0,4.0,2.0,4.0,2.0,3.0,-1.0,7,2,7,2,3,-1,0.0,0.0,0.0,0.0,1.0,0.0,0.0,0.0,0.0,0.0,0.0,0.0,0.0,0.0,0.0,1.0,1.0,1.0,1.0,1.0,1.0,1.0,1.0,1.0,1.0,1.0,1.0,1.0,2.0,1.0,15.0,15.0,114.0,129.0,3.3,3.3,7.0,7.0,15.0,26.0,26.0,26.0,26.0,26.0,0.0,= 2*13,= 2*13,= 2*13,,
Maggie Keeneyes (Tier 3),2407551-maggie-keeneyes-tier-3,CRCotN,194.0,https://www.dndbeyond.com/monsters/2407551-maggie-keeneyes-tier-3,giant,large,unique,N,8.0,3,3900.0,5.0,2.0,4.0,2.0,2.0,-1.0,8,2,7,2,2,-1,0.0,1.0,0.0,0.0,1.0,0.0,0.0,0.0,0.0,0.0,0.0,0.0,0.0,0.0,0.0,1.0,1.0,1.0,1.0,1.0,1.0,1.0,1.0,1.0,1.0,0.5,1.0,1.0,2.0,1.0,18.0,18.0,142.5,172.5,3.3,3.3,8.0,8.0,16.0,32.0,32.0,32.0,32.0,32.0,0.0,= 2*16,= 2*16,= 2*16,,
Magma Mephit,16948-magma-mephit,MM (2014),216.0,https://www.dndbeyond.com/monsters/16948-magma-mephit,elemental,small,generic,N,0.5,2,100.0,-1.0,1.0,1.0,-2.0,0.0,0.0,-1,1,1,-2,0,0,0.0,0.0,0.0,0.0,0.0,0.0,0.0,0.0,0.0,0.0,1.0,0.0,0.0,0.0,0.0,1.0,1.0,1.0,1.0,2.0,0.0,1.0,1.0,1.0,0.0,1.0,1.0,1.0,1.0,1.0,11.0,11.0,22.5,22.5,-0.2,-0.2,3.0,3.0,11.0,17.666666,17.666666,9.0,23.0,21.0,0.0,= 9,= 2*7 + 9,= 5 + 7 + 9,,
Magmin,16949-magmin,MM (2014),212.0,https://www.dndbeyond.com/monsters/16949-magmin,elemental,small,generic,N,0.5,2,100.0,-2.0,2.0,1.0,-1.0,0.0,0.0,-2,2,1,-1,0,0,0.0,0.0,0.0,0.0,0.0,0.0,0.0,0.0,0.0,0.0,0.0,0.0,0.0,0.0,0.0,0.7,0.7,0.7,1.0,1.0,0.0,1.0,1.0,1.0,1.0,1.0,1.0,1.0,2.0,2.0,14.0,14.0,9.0,18.0,0.0,0.0,4.0,4.0,,15.333333,15.333333,10.0,13.0,23.0,0.0,= 7 + 3,= 7 + 2*3,= 7 + 3*3 + 7,,
Mahadi the Rakshasa,417862-mahadi-the-rakshasa,BGDiA,127.0,https://www.dndbeyond.com/monsters/417862-mahadi-the-rakshasa,fiend,medium,unique,N,14.0,5,11500.0,2.0,4.0,4.0,2.0,4.0,5.0,2,4,4,2,9,10,0.0,0.0,0.0,0.0,0.0,0.0,0.0,0.0,0.0,0.0,0.0,0.0,0.0,0.0,0.0,0.2,1.0,0.2,1.0,1.0,1.0,1.0,1.0,1.0,1.0,1.0,1.0,1.0,4.0,1.0,17.0,17.0,195.5,293.3,5.2,9.2,7.0,7.0,18.0,47.0,47.0,47.0,47.0,47.0,0.0,= 4*9 + 11,= 4*9 + 11,= 4*9 + 11,,Should probably be higher to account for Limited Magic Immunity. Assumes +4 SB from Limited Spell Immunity.
Malaxxix,3960623-malaxxix,TBoMT,173.0,https://www.dndbeyond.com/monsters/3960623-malaxxix,fiend,huge,unique,L,18.0,6,20000.0,6.0,3.0,6.0,6.0,5.0,4.0,12,3,12,6,5,4,0.0,1.0,0.0,1.0,1.0,0.0,0.0,0.0,0.0,0.0,1.0,0.0,0.0,0.0,0.0,0.7,0.7,0.7,0.0,0.5,0.5,1.0,0.5,1.0,0.0,1.0,1.0,1.0,3.0,1.0,17.0,17.0,312.5,402.5,7.0,11.0,12.0,12.0,20.0,94.166664,94.166664,103.5,89.5,89.5,0.0,= 2*35 + 28 + 5.5,= 2*28 + 28 + 5.5,= 2*28 + 28 + 5.5,,
Malaxxix,3960623-malaxxix,TBoMT,173.0,https://www.dndbeyond.com/monsters/3960623-malaxxix,fiend,huge,unique,LL,19.0,6,22000.0,6.0,3.0,6.0,6.0,5.0,4.0,12,3,12,6,5,4,0.0,1.0,0.0,1.0,1.0,0.0,0.0,0.0,0.0,0.0,1.0,0.0,0.0,0.0,0.0,0.7,0.7,0.7,0.0,0.5,0.5,1.0,0.5,1.0,0.0,1.0,1.0,1.0,3.0,1.0,17.0,17.0,312.5,422.0,7.0,11.0,12.0,12.0,20.0,108.833336,108.833336,125.5,89.5,111.5,0.0,= 2*35 + 28 + 5.5 + 2*11,= 2*28 + 28 + 5.5,= 2*28 + 28 + 5.5 + 2*11,,
Male Steeder,2560864-male-steeder,MPMotM,231.0,https://www.dndbeyond.com/monsters/2560864-male-steeder,monstrosity,medium,generic,N,0.25,2,50.0,2.0,1.0,2.0,-4.0,0.0,-4.0,2,1,2,-4,0,-4,0.0,0.0,0.0,0.0,0.0,0.0,0.0,0.0,0.0,0.0,0.0,0.0,0.0,0.0,0.0,1.0,1.0,1.0,1.0,1.0,1.0,1.0,1.0,1.0,1.0,1.0,1.0,1.0,1.0,1.0,12.0,12.0,13.0,13.0,-0.5,-0.5,4.0,4.0,,11.0,11.0,11.0,11.0,11.0,0.0,= 11,= 11,= 11,,
Malformed Kraken,22610-malformed-kraken,TftYP,239.0,https://www.dndbeyond.com/monsters/22610-malformed-kraken,monstrosity,huge,unique,N,10.0,4,5900.0,7.0,0.0,5.0,0.0,2.0,2.0,11,0,9,4,6,6,0.0,0.0,0.0,0.0,1.0,0.0,0.0,0.0,1.0,0.0,0.0,0.0,0.0,0.0,0.0,0.7,0.7,0.7,1.0,1.0,1.0,1.0,0.0,1.0,1.0,1.0,1.0,1.0,0.0,1.5,17.0,17.0,172.5,258.8,6.0,6.0,11.0,11.0,16.0,42.0,42.0,42.0,42.0,42.0,0.0,= 3*14,= 3*14,= 3*14,,
Mammoth,16950-mammoth,MM (2014),332.0,https://www.dndbeyond.com/monsters/16950-mammoth,beast,huge,generic,N,6.0,3,2300.0,7.0,-1.0,5.0,-4.0,0.0,-2.0,7,-1,5,-4,0,-2,0.0,0.0,0.0,0.0,0.0,0.0,0.0,0.0,0.0,0.0,0.0,0.0,0.0,0.0,0.0,1.0,1.0,1.0,1.0,1.0,1.0,1.0,1.0,1.0,1.0,1.0,1.0,1.0,-1.0,1.0,13.0,13.0,126.5,126.5,0.8,0.8,10.0,10.0,18.0,37.333332,37.333332,54.0,29.0,29.0,0.0,= 25 + 29,= 29,= 29,,
Manes,17213-manes,MM (2014),60.0,https://www.dndbeyond.com/monsters/17213-manes,fiend,small,generic,N,0.125,2,25.0,0.0,-1.0,1.0,-4.0,-1.0,-3.0,0,-1,1,-4,-1,-3,0.0,1.0,0.0,0.0,1.0,0.0,0.0,0.0,0.0,0.0,1.0,0.0,0.0,0.0,0.0,1.0,1.0,1.0,1.0,0.5,0.5,1.0,0.5,1.0,0.0,1.0,1.0,1.0,-1.0,2.0,9.0,9.0,9.0,9.0,-1.3,-1.3,2.0,2.0,,5.0,5.0,5.0,5.0,5.0,0.0,= 5,= 5,= 5,,
Manshoon,148481-manshoon,WDH,209.0,https://www.dndbeyond.com/monsters/148481-manshoon,humanoid,medium,unique,N,13.0,5,10000.0,0.0,2.0,1.0,6.0,2.0,3.0,0,2,1,11,7,3,0.0,0.0,0.0,0.0,0.0,0.0,0.0,0.0,0.0,0.0,0.0,0.0,0.0,0.0,0.0,1.0,1.0,1.0,1.0,1.0,1.0,1.0,1.0,1.0,1.0,1.0,1.0,1.0,2.0,1.0,19.0,24.0,126.5,126.5,4.0,8.0,15.0,15.0,21.0,90.666664,90.666664,98.0,90.0,84.0,0.0,= 2*49,= 2*45,= 2*42,,Assumes +5 AC from Shield.
Manshoon's Simulacrum,285380-manshoons-simulacrum,WDH,208.0,https://www.dndbeyond.com/monsters/285380-manshoons-simulacrum,humanoid,medium,unique,N,8.0,3,3900.0,0.0,2.0,1.0,6.0,2.0,3.0,0,2,1,9,5,3,0.0,0.0,0.0,0.0,0.0,0.0,0.0,0.0,0.0,0.0,0.0,0.0,0.0,0.0,0.0,1.0,1.0,1.0,1.0,1.0,1.0,1.0,1.0,1.0,1.0,1.0,1.0,1.0,2.0,1.0,12.0,17.0,126.5,126.5,3.3,3.3,11.0,11.0,19.0,70.0,70.0,70.0,70.0,70.0,0.0,= 2*35,= 2*35,= 2*35,,
Manticore,16951-manticore,MM (2014),213.0,https://www.dndbeyond.com/monsters/16951-manticore,monstrosity,large,generic,N,3.0,2,700.0,3.0,3.0,3.0,-2.0,1.0,-1.0,3,3,3,-2,1,-1,0.0,0.0,0.0,0.0,0.0,0.0,0.0,0.0,0.0,0.0,0.0,0.0,0.0,0.0,0.0,1.0,1.0,1.0,1.0,1.0,1.0,1.0,1.0,1.0,1.0,1.0,1.0,1.0,3.0,1.0,14.0,18.0,68.0,68.0,1.2,1.2,5.0,5.0,,21.0,21.0,21.0,21.0,21.0,0.0,= 3*7,= 3*7,= 3*7,,Assumes +4 AC from flying.
Mantrap,33048-mantrap,ToA,227.0,https://www.dndbeyond.com/monsters/33048-mantrap,plant,large,generic,N,1.0,2,200.0,2.0,2.0,1.0,-5.0,0.0,-4.0,2,2,1,-5,0,-4,1.0,0.0,1.0,1.0,0.0,0.0,0.0,0.0,0.0,0.0,0.0,1.0,0.0,0.0,0.0,1.0,1.0,1.0,1.0,1.0,1.0,1.0,1.0,1.0,1.0,1.0,1.0,1.0,2.0,1.0,12.0,12.0,45.5,45.5,-0.7,-0.7,5.0,5.0,11.0,14.0,14.0,14.0,14.0,14.0,0.0,= 14,= 14,= 14,,
Marid,17143-marid,MM (2014),146.0,https://www.dndbeyond.com/monsters/17143-marid,elemental,large,generic,N,11.0,4,7200.0,6.0,1.0,8.0,4.0,3.0,4.0,6,5,8,4,7,8,0.0,0.0,0.0,0.0,0.0,0.0,0.0,0.0,0.0,0.0,0.0,0.0,0.0,0.0,0.0,1.0,1.0,1.0,0.5,0.5,1.0,1.0,0.5,1.0,1.0,1.0,1.0,1.0,1.0,1.25,17.0,21.0,229.5,286.9,6.3,6.3,10.0,10.0,16.0,42.0,42.0,42.0,42.0,42.0,0.0,= 2*21,= 2*21,= 2*21,,Assumes +4 AC from flying.
Marilith,16952-marilith,MM (2014),61.0,https://www.dndbeyond.com/monsters/16952-marilith,fiend,large,generic,N,16.0,5,15000.0,4.0,5.0,5.0,4.0,3.0,5.0,9,5,10,4,8,10,0.0,0.0,0.0,0.0,0.0,0.0,0.0,0.0,0.0,0.0,1.0,0.0,0.0,0.0,0.0,0.7,0.7,0.7,1.0,0.5,0.5,1.0,0.5,1.0,0.0,1.0,1.0,1.0,5.0,1.25,18.0,22.0,189.0,236.3,7.7,11.7,9.0,9.0,,93.0,93.0,93.0,93.0,93.0,0.0,= 6*13 + 15,= 6*13 + 15,= 6*13 + 15,,Assumes +4 AC from Parry.
Markos Delphi,3276651-markos-delphi,KftGV,53.0,https://www.dndbeyond.com/monsters/3276651-markos-delphi,humanoid,medium,unique,N,3.0,2,700.0,-1.0,2.0,1.0,3.0,1.0,3.0,-1,2,1,3,3,5,0.0,0.0,0.0,0.0,0.0,0.0,0.0,0.0,0.0,0.0,0.0,0.0,0.0,0.0,0.0,1.0,1.0,1.0,1.0,1.0,1.0,1.0,1.0,1.0,1.0,0.0,1.0,1.0,2.0,1.0,15.0,15.0,44.0,44.0,2.2,2.2,5.0,5.0,,20.0,20.0,20.0,20.0,20.0,0.0,= 2*10,= 2*10,= 2*10,,
Marlos Urnrayle,17435-marlos-urnrayle,PotA,199.0,https://www.dndbeyond.com/monsters/17435-marlos-urnrayle,monstrosity,medium,unique,N,8.0,3,3900.0,3.0,0.0,4.0,1.0,1.0,3.0,3,0,4,1,1,3,0.0,0.0,0.0,0.0,0.0,0.0,0.0,0.0,0.0,0.0,0.0,0.0,0.0,0.0,0.0,1.0,1.0,1.0,0.5,1.0,1.0,1.0,1.0,1.0,1.0,1.0,1.0,1.0,0.0,1.0,15.0,19.0,136.0,176.0,2.0,2.0,8.0,12.0,14.0,47.0,47.0,47.0,47.0,47.0,0.0,= 21 + 2*13,= 21 + 2*13,= 21 + 2*13,,Assumes attacks have disadvantage from Petrifying Gaze. Assumes advantage from Petrifying Gaze.
Martial Arts Adept,17337-martial-arts-adept,VGtM,216.0,https://www.dndbeyond.com/monsters/17337-martial-arts-adept,humanoid,medium,legacy,N,3.0,2,700.0,0.0,3.0,1.0,0.0,3.0,0.0,0,3,1,0,3,0,0.0,0.0,0.0,0.0,0.0,0.0,0.0,0.0,0.0,0.0,0.0,0.0,0.0,0.0,0.0,1.0,1.0,1.0,1.0,1.0,1.0,1.0,1.0,1.0,1.0,1.0,1.0,1.0,3.0,1.0,16.0,16.0,60.5,90.5,1.2,1.2,5.0,5.0,13.0,22.5,22.5,22.5,22.5,22.5,0.0,= 3*7.5,= 3*7.5,= 3*7.5,,"Assumes +5 HPR from Deflect Missile, and +3x5 hp from Unarmed Strike."
Martial Arts Adept,2560865-martial-arts-adept,MPMotM,172.0,https://www.dndbeyond.com/monsters/2560865-martial-arts-adept,humanoid,medium,generic,N,3.0,2,700.0,0.0,3.0,1.0,0.0,3.0,0.0,0,3,1,0,3,0,0.0,0.0,0.0,0.0,0.0,0.0,0.0,0.0,0.0,0.0,0.0,0.0,0.0,0.0,0.0,1.0,1.0,1.0,1.0,1.0,1.0,1.0,1.0,1.0,1.0,1.0,1.0,1.0,3.0,1.0,16.0,16.0,60.5,75.5,1.2,1.2,5.0,5.0,13.0,27.5,27.5,27.5,27.5,27.5,0.0,= 5*5.5,= 5*5.5,= 5*5.5,,Assumes +5 HPR from Deflect Missile.
Marut,97010-marut,MToF,213.0,https://www.dndbeyond.com/monsters/97010-marut,construct,large,legacy,N,25.0,8,75000.0,9.0,1.0,8.0,4.0,2.0,4.0,9,1,8,12,10,12,0.0,1.0,0.0,0.0,1.0,0.0,0.0,0.0,1.0,0.0,1.0,0.0,0.0,0.0,1.0,0.7,0.7,0.7,1.0,1.0,1.0,1.0,1.0,1.0,0.0,1.0,1.0,0.5,1.0,1.0,22.0,22.0,432.0,582.0,8.7,12.7,20.0,20.0,20.0,125.0,125.0,135.0,120.0,120.0,0.0,= 3*45,= 2*60,= 2*60,,Assumes +3*20 HP from Blazing Edict.
Marut,2560866-marut,MPMotM,173.0,https://www.dndbeyond.com/monsters/2560866-marut,construct,large,generic,N,25.0,8,75000.0,9.0,1.0,8.0,4.0,2.0,4.0,9,1,8,12,10,12,0.0,1.0,0.0,0.0,1.0,0.0,0.0,0.0,1.0,0.0,1.0,0.0,0.0,0.0,1.0,0.7,0.7,0.7,1.0,1.0,1.0,1.0,1.0,1.0,0.0,1.0,1.0,0.5,1.0,1.0,22.0,22.0,432.0,582.0,8.7,12.7,20.0,20.0,20.0,125.0,125.0,135.0,120.0,120.0,0.0,= 3*45,= 2*60,= 2*60,,Assumes +3*20 HP from Blazing Edict.
Maschin-i-Bozorg,4635154-maschin-i-bozorg,QftIS,207.0,https://www.dndbeyond.com/monsters/4635154-maschin-i-bozorg,construct,large,generic,N,8.0,3,3900.0,4.0,3.0,5.0,-4.0,0.0,-5.0,4,3,5,-4,0,-5,0.0,1.0,1.0,1.0,1.0,0.0,0.0,0.0,1.0,0.0,1.0,0.0,0.0,0.0,1.0,1.0,1.0,1.0,1.0,1.0,1.0,1.0,1.0,1.0,0.0,0.0,1.0,1.0,3.0,1.0,17.0,19.0,94.5,94.5,0.5,0.5,6.0,6.0,16.0,26.0,28.333334,26.0,26.0,26.0,7.0,= 2*13,= 2*13,= 2*13,= 7,Assumes +2 AC from Poison Jab.
Master of Souls,417434-master-of-souls,BGDiA,234.0,https://www.dndbeyond.com/monsters/417434-master-of-souls,humanoid,medium,generic,N,4.0,2,1100.0,0.0,2.0,3.0,4.0,2.0,1.0,0,2,3,4,4,1,0.0,0.0,0.0,0.0,0.0,0.0,0.0,0.0,0.0,0.0,0.0,0.0,0.0,0.0,0.0,1.0,1.0,1.0,1.0,1.0,1.0,1.0,1.0,1.0,1.0,1.0,1.0,1.0,2.0,1.0,12.0,17.0,45.0,45.0,2.3,2.3,6.0,6.0,14.0,49.333332,49.333332,56.0,56.0,36.0,0.0,= 2*28,= 2*28,= 2*18,,
Master Sage,1528973-master-sage,CM,9.0,https://www.dndbeyond.com/monsters/1528973-master-sage,humanoid,medium,generic,N,5.0,3,1800.0,-1.0,0.0,0.0,5.0,4.0,0.0,-1,0,0,5,4,0,0.0,0.0,0.0,0.0,0.0,0.0,0.0,0.0,0.0,0.0,0.0,0.0,0.0,0.0,0.0,1.0,1.0,1.0,1.0,1.0,1.0,1.0,1.0,1.0,1.0,1.0,1.0,1.0,0.0,1.0,13.0,18.0,54.0,54.0,1.3,1.3,6.0,6.0,14.0,56.0,56.0,56.0,56.0,56.0,0.0,= 2*28,= 2*28,= 2*28,,Assumes +5 AC from shield.
Master Thief,17338-master-thief,VGtM,216.0,https://www.dndbeyond.com/monsters/17338-master-thief,humanoid,medium,legacy,N,5.0,3,1800.0,0.0,4.0,2.0,0.0,0.0,1.0,0,7,2,3,0,1,0.0,0.0,0.0,0.0,0.0,0.0,0.0,0.0,0.0,0.0,0.0,0.0,0.0,0.0,0.0,1.0,1.0,1.0,1.0,1.0,1.0,1.0,1.0,1.0,1.0,1.0,1.0,1.0,4.0,1.0,16.0,21.0,84.5,99.5,2.2,2.2,7.0,7.0,,22.5,36.5,22.5,22.5,22.5,42.0,= 3*7.5,= 3*7.5,= 3*7.5,= 3*14,Assumes +14 DPR from Sneak Attack.
Master Thief,2560867-master-thief,MPMotM,174.0,https://www.dndbeyond.com/monsters/2560867-master-thief,humanoid,medium,generic,N,5.0,3,1800.0,0.0,4.0,2.0,0.0,0.0,1.0,0,7,2,3,0,1,0.0,0.0,0.0,0.0,0.0,0.0,0.0,0.0,0.0,0.0,0.0,0.0,0.0,0.0,0.0,1.0,1.0,1.0,1.0,1.0,1.0,1.0,1.0,1.0,1.0,1.0,1.0,1.0,4.0,1.0,16.0,21.0,84.5,99.5,2.2,2.2,7.0,7.0,,33.0,33.0,33.0,33.0,33.0,0.0,= 3*11,= 3*11,= 3*11,,"Assumes +5 HPR from Uncanny Dodge. Assumes +1 AC from Evasion, and +4 AC from Cunning Action."
Mastiff,16953-mastiff,MM (2014),332.0,https://www.dndbeyond.com/monsters/16953-mastiff,beast,medium,generic,N,0.125,2,25.0,1.0,2.0,1.0,-4.0,1.0,-2.0,1,2,1,-4,1,-2,0.0,0.0,0.0,0.0,0.0,0.0,0.0,0.0,0.0,0.0,0.0,0.0,0.0,0.0,0.0,1.0,1.0,1.0,1.0,1.0,1.0,1.0,1.0,1.0,1.0,1.0,1.0,1.0,2.0,1.0,12.0,12.0,5.5,5.5,-0.2,-0.2,3.0,3.0,,4.5,4.5,4.5,4.5,4.5,0.0,= 4.5,= 4.5,= 4.5,,
Maurezhi,94234-maurezhi,MToF,133.0,https://www.dndbeyond.com/monsters/94234-maurezhi,fiend,medium,legacy,N,7.0,3,2900.0,2.0,3.0,1.0,0.0,1.0,2.0,2,3,1,0,1,2,0.0,1.0,0.0,1.0,0.0,0.0,0.0,0.0,0.0,0.0,1.0,0.0,0.0,0.0,0.0,0.7,0.7,0.7,1.0,0.5,0.5,1.0,0.5,0.5,0.0,1.0,1.0,1.0,3.0,1.5,15.0,15.0,88.0,177.0,1.5,5.5,6.0,8.0,12.0,26.0,26.0,26.0,26.0,26.0,0.0,= 14 + 12,= 14 + 12,= 14 + 12,,Assumes +10 HPR from Claws. Assumes +2 AB from Claws.
Maurezhi,2560868-maurezhi,MPMotM,175.0,https://www.dndbeyond.com/monsters/2560868-maurezhi,fiend,medium,generic,N,7.0,3,2900.0,2.0,3.0,1.0,0.0,1.0,2.0,2,3,1,0,1,2,0.0,1.0,0.0,1.0,0.0,0.0,0.0,0.0,0.0,0.0,1.0,0.0,0.0,0.0,0.0,0.7,0.7,0.7,1.0,0.5,0.5,1.0,0.5,0.5,0.0,1.0,1.0,1.0,3.0,1.5,15.0,15.0,88.0,177.0,1.5,5.5,6.0,8.0,12.0,26.0,26.0,26.0,26.0,26.0,0.0,= 14 + 12,= 14 + 12,= 14 + 12,,Assumes +10 HPR from Claws. Assumes +2 AB from Claws.
Maw Demon,17235-maw-demon,VGtM,137.0,https://www.dndbeyond.com/monsters/17235-maw-demon,fiend,medium,legacy,N,1.0,2,200.0,2.0,-1.0,1.0,-3.0,-1.0,-3.0,2,-1,1,-3,-1,-3,0.0,1.0,0.0,0.0,1.0,0.0,0.0,0.0,0.0,0.0,1.0,0.0,0.0,0.0,0.0,1.0,1.0,1.0,1.0,0.5,0.5,1.0,0.5,1.0,0.0,1.0,1.0,1.0,-1.0,2.0,13.0,13.0,33.0,66.0,-0.8,-0.8,4.0,4.0,,11.0,16.5,11.0,11.0,11.0,16.5,= 11,= 11,= 11,= 3*5.5,Assumes +100% HP from resistances. Assumes +5.5 DPR from Rampage.
Maw Demon,2560869-maw-demon,MPMotM,176.0,https://www.dndbeyond.com/monsters/2560869-maw-demon,fiend,medium,generic,N,1.0,2,200.0,2.0,-1.0,1.0,-3.0,-1.0,-3.0,2,-1,1,-3,-1,-3,0.0,1.0,0.0,0.0,1.0,0.0,0.0,0.0,0.0,0.0,1.0,0.0,0.0,0.0,0.0,1.0,1.0,1.0,1.0,0.5,0.5,1.0,0.5,1.0,0.0,1.0,1.0,1.0,-1.0,2.0,13.0,13.0,33.0,66.0,-0.8,-0.8,4.0,4.0,11.0,14.666667,14.666667,22.0,11.0,11.0,0.0,= 2*11,= 11,= 11,,Assumes +100% HP from resistances.
Maw of Sekolah,316539-maw-of-sekolah,GoS,244.0,https://www.dndbeyond.com/monsters/316539-maw-of-sekolah,monstrosity,huge,unique,L,7.0,3,2900.0,5.0,1.0,3.0,-4.0,2.0,-2.0,8,1,6,-4,2,-2,0.0,0.0,0.0,0.0,0.0,0.0,0.0,0.0,0.0,0.0,0.0,0.0,0.0,0.0,0.0,1.0,1.0,1.0,1.0,1.0,1.0,1.0,1.0,1.0,1.0,1.0,1.0,1.0,1.0,1.0,12.0,12.0,114.0,154.0,1.8,1.8,8.0,8.0,16.0,53.0,53.0,53.0,53.0,53.0,0.0,= 16 + 9 + 4*7,= 16 + 9 + 4*7,= 16 + 9 + 4*7,,
Maw of Yeenoghu,3731035-maw-of-yeenoghu,BPGotG,159.0,https://www.dndbeyond.com/monsters/3731035-maw-of-yeenoghu,fiend,huge,generic,N,10.0,4,5900.0,6.0,0.0,5.0,-1.0,2.0,0.0,6,0,9,-1,2,4,0.0,0.0,0.0,0.0,0.0,0.0,0.0,0.0,0.0,0.0,0.0,0.0,0.0,0.0,0.0,1.0,1.0,1.0,1.0,1.0,1.0,1.0,1.0,1.0,1.0,1.0,1.0,1.0,0.0,1.0,15.0,15.0,161.0,161.0,3.3,7.3,10.0,12.0,18.0,61.333332,61.333332,70.0,57.0,57.0,0.0,= 2*25.5 + 19,= 2*19 + 19,= 2*19 + 19,,Assumes +2 AB from Gorging Charge (restrained).
Meazel,2560870-meazel,MPMotM,177.0,https://www.dndbeyond.com/monsters/2560870-meazel,monstrosity,medium,generic,N,1.0,2,200.0,-1.0,3.0,-1.0,2.0,1.0,0.0,-1,3,-1,2,1,0,0.0,0.0,0.0,0.0,0.0,0.0,0.0,0.0,0.0,0.0,0.0,0.0,0.0,0.0,0.0,1.0,1.0,1.0,1.0,1.0,1.0,1.0,1.0,1.0,1.0,1.0,1.0,1.0,3.0,1.0,13.0,17.0,35.0,35.0,0.7,0.7,5.0,9.0,,10.0,10.0,10.0,10.0,10.0,0.0,= 10,= 10,= 10,,
Medusa,16954-medusa,MM (2014),214.0,https://www.dndbeyond.com/monsters/16954-medusa,monstrosity,medium,generic,N,6.0,3,2300.0,0.0,2.0,3.0,1.0,1.0,2.0,0,2,3,1,1,2,0.0,0.0,0.0,0.0,0.0,0.0,0.0,0.0,0.0,0.0,0.0,0.0,0.0,0.0,0.0,1.0,1.0,1.0,1.0,1.0,1.0,1.0,1.0,1.0,1.0,1.0,1.0,1.0,2.0,1.0,15.0,19.0,127.5,127.5,1.5,5.5,5.0,9.0,14.0,29.5,29.5,29.5,29.5,29.5,0.0,= 18.5 + 2*5.5,= 18.5 + 2*5.5,= 18.5 + 2*5.5,,Assumes +4 AC from Petrifying Gaze (averting eyes). Assumes +4 SB from Petrifying Gaze (averting eyes). Assumes +4 AB from Petrifying Gaze (averting eyes).
Medusa (Theran variant),909492-medusa-theran-variant,MOoT,206.0,https://www.dndbeyond.com/monsters/909492-medusa-theran-variant,monstrosity,medium,generic,N,6.0,3,2300.0,0.0,2.0,3.0,1.0,1.0,2.0,0,2,3,1,1,2,0.0,0.0,0.0,0.0,0.0,0.0,0.0,0.0,0.0,0.0,0.0,0.0,0.0,0.0,0.0,1.0,1.0,1.0,1.0,1.0,1.0,1.0,1.0,1.0,1.0,1.0,1.0,1.0,2.0,1.0,15.0,19.0,127.5,127.5,1.5,1.5,5.0,9.0,,30.0,30.0,30.0,30.0,30.0,0.0,= 18 + 5 + 7,= 18 + 5 + 7,= 18 + 5 + 7,,Assumes +4 AC from creatures averting gaze to avoid Petrifying Gaze. Assumes +4 AB from creatures averting gaze to avoid Petrifying Gaze.
Meenlock,17281-meenlock,VGtM,170.0,https://www.dndbeyond.com/monsters/17281-meenlock,fey,small,legacy,N,2.0,2,450.0,-2.0,2.0,1.0,0.0,0.0,-1.0,-2,2,1,0,0,-1,0.0,0.0,0.0,0.0,1.0,0.0,0.0,0.0,0.0,0.0,0.0,0.0,0.0,0.0,0.0,1.0,1.0,1.0,1.0,1.0,1.0,1.0,1.0,1.0,1.0,1.0,1.0,1.0,2.0,1.0,15.0,17.0,31.5,46.5,0.0,0.0,4.0,4.0,11.0,7.0,7.0,7.0,7.0,7.0,0.0,= 7,= 7,= 7,,Assumes +2 AC from Fear Aura (troglodyte Stench for reference).
Meenlock,2560871-meenlock,MPMotM,178.0,https://www.dndbeyond.com/monsters/2560871-meenlock,fey,small,generic,N,2.0,2,450.0,-2.0,2.0,1.0,0.0,0.0,-1.0,-2,2,1,0,0,-1,0.0,0.0,0.0,0.0,1.0,0.0,0.0,0.0,0.0,0.0,0.0,0.0,0.0,0.0,0.0,1.0,1.0,1.0,1.0,1.0,1.0,1.0,1.0,1.0,1.0,1.0,1.0,1.0,2.0,1.0,15.0,17.0,31.5,46.5,0.0,0.0,4.0,4.0,11.0,7.0,7.0,7.0,7.0,7.0,0.0,= 7,= 7,= 7,,Assumes +5 HPR from Claw. Assumes +2 AC from Fear Aura (troglodyte Stench for reference).
Megapede,2821180-megapede,SAiS:BAM,36.0,https://www.dndbeyond.com/monsters/2821180-megapede,monstrosity,gargantuan,generic,N,11.0,4,7200.0,6.0,0.0,3.0,-5.0,0.0,-4.0,6,0,7,-5,4,-4,0.0,0.0,0.0,0.0,0.0,0.0,0.0,0.0,0.0,0.0,0.0,0.0,0.0,0.0,0.0,1.0,1.0,1.0,1.0,1.0,1.0,1.0,1.0,1.0,1.0,1.0,1.0,1.0,0.0,1.0,15.0,15.0,175.5,175.5,1.3,1.3,10.0,10.0,15.0,67.5,80.833336,67.5,67.5,67.5,40.0,= 45 + 22.5,= 45 + 22.5,= 45 + 22.5,= 40,Assumes +40 damage from Psychic Bomb (incapacitated).
Meletian Hoplite,909493-meletian-hoplite,MOoT,229.0,https://www.dndbeyond.com/monsters/909493-meletian-hoplite,humanoid,medium,generic,N,3.0,2,700.0,3.0,2.0,1.0,3.0,1.0,0.0,3,4,1,5,1,0,0.0,0.0,0.0,0.0,0.0,0.0,0.0,0.0,0.0,0.0,0.0,0.0,0.0,0.0,0.0,1.0,1.0,1.0,1.0,1.0,1.0,1.0,1.0,1.0,1.0,1.0,1.0,1.0,2.0,1.0,18.0,18.0,49.5,49.5,2.3,2.3,5.0,5.0,13.0,18.0,18.0,18.0,18.0,18.0,0.0,= 3*6,= 3*6,= 3*6,,
Meloon Wardragon,148973-meloon-wardragon,WDH,210.0,https://www.dndbeyond.com/monsters/148973-meloon-wardragon,humanoid,medium,unique,N,9.0,4,5000.0,5.0,2.0,2.0,0.0,2.0,2.0,9,2,6,0,2,2,0.0,0.0,0.0,0.0,0.0,0.0,0.0,0.0,0.0,0.0,0.0,0.0,0.0,0.0,0.0,1.0,1.0,1.0,1.0,1.0,1.0,1.0,1.0,1.0,1.0,1.0,1.0,1.0,2.0,1.0,18.0,18.0,143.0,193.0,3.5,3.5,9.0,9.0,,44.0,44.0,44.0,44.0,44.0,0.0,= 4*11,= 4*11,= 4*11,,Assumes +2*15 hp from Indomitable.
Memory Web,4635155-memory-web,QftIS,208.0,https://www.dndbeyond.com/monsters/4635155-memory-web,aberration,large,generic,N,4.0,2,1100.0,3.0,4.0,1.0,2.0,2.0,-4.0,3,4,1,2,2,-4,1.0,0.0,1.0,0.0,0.0,0.0,0.0,0.0,0.0,0.0,0.0,0.0,0.0,0.0,0.0,1.0,1.0,1.0,1.0,1.0,0.5,1.0,1.0,1.0,1.0,1.0,1.0,1.0,4.0,1.0,14.0,15.0,39.0,78.0,1.3,1.3,5.0,5.0,12.0,12.5,25.5,12.5,12.5,12.5,39.0,= 7.5 + 5,= 7.5 + 5,= 7.5 + 5,= BB1525,Assumes +1 from Memory Drain. Assumes +39 damage from Damage Transfer.
Mercane,2821181-mercane,SAiS:BAM,37.0,https://www.dndbeyond.com/monsters/2821181-mercane,celestial,large,generic,N,5.0,3,1800.0,3.0,0.0,2.0,4.0,3.0,2.0,3,0,2,7,6,5,0.0,0.0,0.0,0.0,0.0,0.0,0.0,0.0,0.0,0.0,0.0,0.0,0.0,0.0,0.0,1.0,1.0,1.0,1.0,1.0,1.0,1.0,1.0,1.0,1.0,1.0,1.0,1.0,0.0,1.0,13.0,15.0,75.0,75.0,3.8,3.8,6.0,6.0,15.0,30.0,30.0,30.0,30.0,30.0,0.0,= 3*10,= 3*10,= 3*10,,Assumes +2 AC from Psi-Imbued Blade (frightened).
Mercion,1979795-mercion,TWBtW,224.0,https://www.dndbeyond.com/monsters/1979795-mercion,humanoid,medium,unique,N,3.0,2,700.0,2.0,0.0,-1.0,1.0,3.0,3.0,2,0,-1,1,5,5,0.0,0.0,0.0,0.0,0.0,0.0,0.0,0.0,0.0,0.0,0.0,0.0,0.0,0.0,0.0,1.0,1.0,1.0,1.0,1.0,1.0,1.0,1.0,1.0,1.0,1.0,1.0,1.0,0.0,1.0,19.0,19.0,31.5,31.5,2.0,2.0,5.0,5.0,13.0,32.666668,32.666668,56.0,21.0,21.0,0.0,= 2*28,= 13.5 + 7.5,= 13.5 + 7.5,,
Mercykiller Bloodhound,3883551-mercykiller-bloodhound,PAitM:MPP,60.0,https://www.dndbeyond.com/monsters/3883551-mercykiller-bloodhound,humanoid,medium,generic,N,7.0,3,2900.0,3.0,1.0,3.0,1.0,2.0,-1.0,3,1,3,1,2,-1,0.0,0.0,0.0,0.0,0.0,0.0,0.0,0.0,0.0,0.0,0.0,0.0,0.0,0.0,0.0,1.0,1.0,1.0,1.0,1.0,1.0,1.0,1.0,1.0,1.0,1.0,1.0,1.0,1.0,1.0,18.0,18.0,120.0,120.0,1.5,1.5,6.0,6.0,,54.0,54.0,54.0,54.0,54.0,0.0,= 3*18,= 3*18,= 3*18,,
Merfolk,16955-merfolk,MM (2014),218.0,https://www.dndbeyond.com/monsters/16955-merfolk,humanoid,medium,generic,N,0.125,2,25.0,0.0,1.0,1.0,0.0,0.0,1.0,0,1,1,0,0,1,0.0,0.0,0.0,0.0,0.0,0.0,0.0,0.0,0.0,0.0,0.0,0.0,0.0,0.0,0.0,1.0,1.0,1.0,1.0,1.0,1.0,1.0,1.0,1.0,1.0,1.0,1.0,1.0,1.0,1.0,11.0,11.0,11.0,11.0,0.5,0.5,2.0,2.0,,4.5,4.5,4.5,4.5,4.5,0.0,= 4.5,= 4.5,= 4.5,,
Merfolk Salvager,316545-merfolk-salvager,GoS,244.0,https://www.dndbeyond.com/monsters/316545-merfolk-salvager,humanoid,medium,generic,N,1.0,2,200.0,1.0,2.0,1.0,0.0,0.0,1.0,1,4,1,0,0,1,0.0,0.0,0.0,0.0,0.0,0.0,0.0,0.0,0.0,0.0,0.0,0.0,0.0,0.0,0.0,1.0,1.0,1.0,1.0,1.0,1.0,1.0,1.0,1.0,1.0,1.0,1.0,1.0,2.0,1.0,12.0,12.0,22.0,22.0,1.2,1.2,4.0,4.0,,12.0,12.0,12.0,12.0,12.0,0.0,= 2*6,= 2*6,= 2*6,,
Merregon,95021-merregon,MToF,166.0,https://www.dndbeyond.com/monsters/95021-merregon,fiend,medium,legacy,N,4.0,2,1100.0,4.0,2.0,3.0,-2.0,1.0,-1.0,4,2,3,-2,1,-1,0.0,0.0,0.0,0.0,1.0,0.0,0.0,0.0,0.0,0.0,1.0,0.0,0.0,0.0,0.0,0.8,0.8,0.8,1.0,0.5,0.0,1.0,1.0,1.0,0.0,1.0,1.0,1.0,2.0,2.0,16.0,16.0,45.0,90.0,1.2,5.2,6.0,6.0,,19.0,28.5,19.0,19.0,19.0,28.5,= 2*9.5,= 2*9.5,= 2*9.5,= 3*9.5,Assumes +9.5 DPR from CR 6+ ally within 60 feet.
Merregon,2560872-merregon,MPMotM,179.0,https://www.dndbeyond.com/monsters/2560872-merregon,fiend,medium,generic,N,4.0,2,1100.0,4.0,2.0,3.0,-2.0,1.0,-1.0,4,2,3,-2,1,-1,0.0,0.0,0.0,0.0,1.0,0.0,0.0,0.0,0.0,0.0,1.0,0.0,0.0,0.0,0.0,0.8,0.8,0.8,1.0,0.5,0.0,1.0,1.0,1.0,0.0,1.0,1.0,1.0,2.0,2.0,16.0,16.0,45.0,90.0,1.2,5.2,6.0,6.0,,19.0,28.5,19.0,19.0,19.0,28.5,= 2*9.5,= 2*9.5,= 2*9.5,= 3*9.5,Assumes +9.5 DPR from CR 6+ ally within 60 feet.
Merrenoloth,93827-merrenoloth,MToF,249.0,https://www.dndbeyond.com/monsters/93827-merrenoloth,fiend,medium,legacy,N,3.0,2,700.0,-1.0,3.0,0.0,3.0,2.0,0.0,-1,5,0,5,2,0,0.0,0.0,0.0,0.0,0.0,0.0,0.0,0.0,0.0,0.0,1.0,0.0,0.0,0.0,0.0,0.7,0.7,0.7,0.0,0.5,0.5,1.0,0.5,1.0,0.0,1.0,1.0,1.0,3.0,2.0,13.0,14.0,40.5,81.0,1.8,5.8,5.0,5.0,13.0,23.333334,23.333334,18.0,26.0,26.0,0.0,= 2*9,= 8 + 2*9,= 8 + 2*9,,Assumes +1 AC from Fear Gaze.
Merrenoloth,2560873-merrenoloth,MPMotM,180.0,https://www.dndbeyond.com/monsters/2560873-merrenoloth,fiend,medium,generic,N,3.0,2,700.0,-1.0,3.0,0.0,3.0,2.0,0.0,-1,5,0,5,2,0,0.0,0.0,0.0,0.0,0.0,0.0,0.0,0.0,0.0,0.0,1.0,0.0,0.0,0.0,0.0,0.7,0.7,0.7,0.0,0.5,0.5,1.0,0.5,1.0,0.0,1.0,1.0,1.0,3.0,2.0,13.0,14.0,40.5,81.0,1.8,5.8,5.0,5.0,13.0,23.333334,23.333334,18.0,26.0,26.0,0.0,= 2*9,= 8 + 2*9,= 8 + 2*9,,Assumes +1 AC from Fear Gaze.
Merrow,16956-merrow,MM (2014),219.0,https://www.dndbeyond.com/monsters/16956-merrow,monstrosity,large,generic,N,2.0,2,450.0,4.0,0.0,2.0,-1.0,0.0,-1.0,4,0,2,-1,0,-1,0.0,0.0,0.0,0.0,0.0,0.0,0.0,0.0,0.0,0.0,0.0,0.0,0.0,0.0,0.0,1.0,1.0,1.0,1.0,1.0,1.0,1.0,1.0,1.0,1.0,1.0,1.0,1.0,0.0,1.0,13.0,13.0,45.0,45.0,0.7,0.7,6.0,6.0,,18.166666,18.166666,19.5,17.5,17.5,0.0,= 11 + 8.5,= 8.5 + 9,= 8.5 + 9,,
Merrow Shallowpriest,744322-merrow-shallowpriest,EGtW,294.0,https://www.dndbeyond.com/monsters/744322-merrow-shallowpriest,monstrosity,large,generic,N,4.0,2,1100.0,4.0,2.0,2.0,0.0,3.0,-1.0,4,2,2,0,3,-1,0.0,0.0,0.0,0.0,0.0,0.0,0.0,0.0,0.0,0.0,0.0,0.0,0.0,0.0,0.0,1.0,1.0,1.0,1.0,1.0,1.0,1.0,1.0,1.0,1.0,1.0,1.0,1.0,2.0,1.0,15.0,15.0,75.0,75.0,1.7,1.7,5.0,5.0,13.0,56.0,56.0,56.0,56.0,56.0,0.0,= 2*28,= 2*28,= 2*28,,
Metallic Peacekeeper,2059749-metallic-peacekeeper,FToD,210.0,https://www.dndbeyond.com/monsters/2059749-metallic-peacekeeper,construct,medium,generic,N,4.0,2,1100.0,3.0,0.0,4.0,2.0,1.0,0.0,3,0,4,2,1,0,0.0,1.0,0.0,1.0,1.0,0.0,0.0,0.0,1.0,1.0,1.0,0.0,0.0,0.0,0.0,1.0,1.0,1.0,1.0,1.0,0.0,1.0,1.0,1.0,1.0,1.0,1.0,1.0,0.0,1.0,17.0,17.0,68.0,68.0,1.7,1.7,5.0,5.0,,33.0,33.0,33.0,33.0,33.0,0.0,= 2*16.5,= 2*16.5,= 2*16.5,,
Metallic Warbler,2059750-metallic-warbler,FToD,210.0,https://www.dndbeyond.com/monsters/2059750-metallic-warbler,construct,tiny,generic,N,0.25,2,50.0,-3.0,2.0,1.0,-1.0,0.0,1.0,-3,4,1,-1,0,1,0.0,1.0,0.0,1.0,1.0,0.0,0.0,0.0,1.0,1.0,1.0,0.0,0.0,0.0,0.0,1.0,1.0,1.0,1.0,1.0,0.0,1.0,1.0,1.0,1.0,1.0,1.0,1.0,2.0,1.0,14.0,14.0,14.0,14.0,0.3,0.3,4.0,4.0,11.0,4.5,4.5,4.5,4.5,4.5,0.0,= 4.5,= 4.5,= 4.5,,
Mezzoloth,17124-mezzoloth,MM (2014),313.0,https://www.dndbeyond.com/monsters/17124-mezzoloth,fiend,medium,generic,N,5.0,3,1800.0,4.0,0.0,3.0,-2.0,0.0,0.0,4,0,3,-2,0,0,0.0,0.0,0.0,0.0,0.0,0.0,0.0,0.0,0.0,0.0,1.0,0.0,0.0,0.0,0.0,0.7,0.7,0.7,0.0,0.5,0.5,1.0,0.5,1.0,0.0,1.0,1.0,1.0,0.0,1.5,18.0,18.0,75.0,112.5,0.8,4.8,7.0,7.0,11.0,32.666668,32.666668,44.0,38.0,16.0,0.0,=2*22,= 9 + 7 + 22,= 9 + 7,,
Miirym,1528974-miirym,CM,16.0,https://www.dndbeyond.com/monsters/1528974-miirym,undead,large,unique,L,22.0,7,41000.0,3.0,0.0,5.0,4.0,2.0,6.0,3,7,12,11,9,13,0.0,1.0,0.0,1.0,1.0,1.0,0.0,0.0,1.0,0.0,1.0,1.0,1.0,0.0,0.0,1.0,1.0,1.0,0.5,0.0,0.5,1.0,0.5,0.0,0.0,1.0,1.0,0.5,0.0,1.25,10.0,10.0,262.5,472.5,9.2,9.2,10.0,10.0,21.0,181.5,181.5,268.5,138.0,138.0,0.0,= 2*82.5 + 3*34.5,= 34.5 + 3*34.5,= 34.5 + 3*34.5,,
Mimic,16957-mimic,MM (2014),220.0,https://www.dndbeyond.com/monsters/16957-mimic,monstrosity,medium,generic,N,2.0,2,450.0,3.0,1.0,2.0,-3.0,1.0,-1.0,3,1,2,-3,1,-1,0.0,0.0,0.0,0.0,0.0,0.0,0.0,0.0,0.0,0.0,0.0,1.0,0.0,0.0,0.0,1.0,1.0,1.0,0.0,1.0,1.0,1.0,1.0,1.0,1.0,1.0,1.0,1.0,1.0,1.0,12.0,12.0,58.5,58.5,0.5,0.5,5.0,5.0,,12.0,12.0,12.0,12.0,12.0,0.0,= 12,= 12,= 12,,
Mind Drinker Vampire,175321-mind-drinker-vampire,GGtR,224.0,https://www.dndbeyond.com/monsters/175321-mind-drinker-vampire,undead,medium,generic,N,4.0,2,1100.0,3.0,4.0,1.0,4.0,1.0,2.0,3,6,1,6,3,2,0.0,0.0,0.0,0.0,0.0,0.0,0.0,0.0,0.0,0.0,0.0,0.0,0.0,0.0,0.0,1.0,1.0,1.0,1.0,1.0,1.0,1.0,1.0,0.5,1.0,1.0,1.0,1.0,4.0,1.0,14.0,18.0,55.0,55.0,3.5,3.5,6.0,6.0,,24.0,24.0,28.0,22.0,22.0,0.0,= 28,= 14 + 8,= 14 + 8,,Assumes +4 AC from Shadow Stealth.
Mind Flayer,17104-mind-flayer,MM (2014),222.0,https://www.dndbeyond.com/monsters/17104-mind-flayer,aberration,medium,generic,N,7.0,3,2900.0,0.0,1.0,1.0,4.0,3.0,3.0,0,1,1,7,6,6,0.0,0.0,0.0,0.0,0.0,0.0,0.0,0.0,0.0,0.0,0.0,0.0,0.0,0.0,0.0,1.0,1.0,1.0,1.0,1.0,1.0,1.0,1.0,1.0,1.0,1.0,1.0,1.0,1.0,1.0,15.0,15.0,71.5,131.5,3.5,7.5,7.0,7.0,15.0,51.333332,51.333332,44.0,55.0,55.0,0.0,=2*22,= 55,= 55,,
Mind Flayer Arcanist,17175-mind-flayer-arcanist,MM (2014),222.0,https://www.dndbeyond.com/monsters/17175-mind-flayer-arcanist,aberration,medium,generic,N,8.0,3,3900.0,0.0,1.0,1.0,4.0,3.0,3.0,0,1,1,7,6,6,0.0,0.0,0.0,0.0,0.0,0.0,0.0,0.0,0.0,0.0,0.0,0.0,0.0,0.0,0.0,1.0,1.0,1.0,1.0,1.0,1.0,1.0,1.0,1.0,1.0,1.0,1.0,1.0,1.0,1.0,15.0,20.0,71.5,71.5,3.5,7.5,7.0,7.0,15.0,82.0,82.0,88.0,88.0,70.0,0.0,=4*22,=4*22,= 2*35,,Assumes +5 AC from Shield.
Mind Flayer Clairvoyant,3805755-mind-flayer-clairvoyant,PaBTSO,209.0,https://www.dndbeyond.com/monsters/3805755-mind-flayer-clairvoyant,aberration,medium,legendary,L,11.0,4,7200.0,0.0,1.0,2.0,5.0,3.0,4.0,0,1,2,9,7,8,1.0,1.0,0.0,0.0,1.0,0.0,0.0,0.0,0.0,0.0,0.0,0.0,0.0,0.0,0.0,1.0,1.0,1.0,1.0,1.0,1.0,1.0,1.0,1.0,1.0,0.5,1.0,1.0,1.0,1.0,15.0,17.0,156.0,336.0,4.5,8.5,9.0,9.0,17.0,43.0,43.0,43.0,43.0,43.0,0.0,= 2*21.5,= 2*21.5,= 2*21.5,,Assumes +15 HP from six tentacle attacks. Assumes +2 AC from Warp Reality.
Mind Flayer Lich (Illithilich),17283-mind-flayer-lich-illithilich,VGtM,172.0,https://www.dndbeyond.com/monsters/17283-mind-flayer-lich-illithilich,undead,medium,legendary,L,22.0,7,41000.0,0.0,3.0,3.0,5.0,2.0,3.0,0,3,10,12,9,3,0.0,1.0,0.0,1.0,1.0,0.0,0.0,0.0,1.0,0.0,1.0,0.0,0.0,0.0,0.0,0.2,0.2,0.2,1.0,0.5,1.0,1.0,0.5,0.5,0.0,1.0,1.0,1.0,3.0,1.25,17.0,22.0,135.0,356.3,6.2,10.2,12.0,12.0,20.0,158.66667,158.66667,169.0,159.0,148.0,0.0,= 106 + 3*21,= 96 + 3*21,= 85 + 3*21,,Assumes 20 hp each round from one PC being paralyzed on average. Assumes +5 AC from Shield.
Mind Flayer Prophet,3805757-mind-flayer-prophet,PaBTSO,210.0,https://www.dndbeyond.com/monsters/3805757-mind-flayer-prophet,aberration,medium,generic,N,8.0,3,3900.0,2.0,2.0,2.0,5.0,3.0,3.0,2,2,2,8,6,6,0.0,0.0,0.0,0.0,0.0,0.0,0.0,0.0,0.0,0.0,0.0,0.0,0.0,0.0,0.0,1.0,1.0,1.0,1.0,1.0,1.0,1.0,1.0,1.0,1.0,1.0,1.0,1.0,2.0,1.0,17.0,17.0,97.5,157.5,4.3,8.3,8.0,8.0,16.0,39.0,39.0,46.0,16.0,55.0,0.0,= 2*23,= 16,= 55,,Assumes +15 HP from two targets for two round from Mind Whip.
Mind Flayer Psion,302441-mind-flayer-psion,VGtM,71.0,https://www.dndbeyond.com/monsters/302441-mind-flayer-psion,aberration,medium,generic,N,8.0,3,3900.0,0.0,1.0,1.0,4.0,3.0,3.0,0,1,1,7,6,6,0.0,0.0,0.0,0.0,0.0,0.0,0.0,0.0,0.0,0.0,0.0,0.0,0.0,0.0,0.0,1.0,1.0,1.0,1.0,1.0,1.0,1.0,1.0,1.0,1.0,1.0,1.0,1.0,1.0,1.0,15.0,15.0,71.5,71.5,3.5,7.5,7.0,7.0,15.0,52.666668,52.666668,88.0,15.0,55.0,0.0,=4*22,= 15,= 55,,
Mind Mage,175851-mind-mage,GGtR,233.0,https://www.dndbeyond.com/monsters/175851-mind-mage,humanoid,medium,generic,N,5.0,3,1800.0,0.0,2.0,0.0,5.0,2.0,3.0,0,2,0,8,5,3,0.0,0.0,0.0,0.0,0.0,0.0,0.0,0.0,0.0,0.0,0.0,0.0,0.0,0.0,0.0,1.0,1.0,1.0,1.0,1.0,1.0,1.0,1.0,1.0,1.0,1.0,1.0,1.0,2.0,1.0,15.0,15.0,49.5,49.5,3.0,3.0,8.0,8.0,16.0,55.333332,55.333332,95.0,55.0,16.0,0.0,=2*38*1.25,= 44*1.25,= 16,,Assumes 38 damage per creature for mass suggestion. Assumes 44 damage from dominate monster.
Mind’s Eye Matter Smith,3883552-minds-eye-matter-smith,PAitM:MPP,60.0,https://www.dndbeyond.com/monsters/3883552-minds-eye-matter-smith,humanoid,medium,generic,N,4.0,2,1100.0,0.0,2.0,2.0,2.0,2.0,3.0,0,2,2,4,2,5,0.0,0.0,0.0,0.0,0.0,0.0,0.0,0.0,0.0,0.0,0.0,0.0,0.0,0.0,0.0,1.0,1.0,1.0,1.0,1.0,1.0,1.0,1.0,1.0,1.0,1.0,1.0,1.0,2.0,1.0,15.0,18.0,78.0,78.0,2.5,2.5,5.0,5.0,,27.0,27.0,27.0,27.0,27.0,0.0,= 2*10 + 7,= 2*10 + 7,= 2*10 + 7,,Assumes +3 AC from Magic Shield.
Mindwitness,17286-mindwitness,VGtM,176.0,https://www.dndbeyond.com/monsters/17286-mindwitness,aberration,large,legacy,N,5.0,3,1800.0,0.0,2.0,2.0,2.0,2.0,0.0,0,2,2,5,5,0,0.0,0.0,0.0,0.0,0.0,0.0,0.0,0.0,0.0,0.0,0.0,1.0,0.0,0.0,0.0,1.0,1.0,1.0,1.0,1.0,1.0,1.0,1.0,1.0,1.0,1.0,1.0,1.0,2.0,1.0,15.0,17.0,75.0,75.0,2.3,2.3,5.0,5.0,13.0,36.0,36.0,36.0,36.0,36.0,0.0,= 20 + 16,= 20 + 16,= 20 + 16,,
Mindwitness,2560874-mindwitness,MPMotM,181.0,https://www.dndbeyond.com/monsters/2560874-mindwitness,aberration,large,generic,N,5.0,3,1800.0,0.0,2.0,2.0,2.0,2.0,0.0,0,2,2,5,5,0,0.0,0.0,0.0,0.0,0.0,0.0,0.0,0.0,0.0,0.0,0.0,1.0,0.0,0.0,0.0,1.0,1.0,1.0,1.0,1.0,1.0,1.0,1.0,1.0,1.0,1.0,1.0,1.0,2.0,1.0,15.0,17.0,75.0,75.0,2.3,2.3,5.0,5.0,13.0,36.0,36.0,36.0,36.0,36.0,0.0,= 16 + 20,= 16 + 20,= 16 + 20,,
Minotaur,16958-minotaur,MM (2014),223.0,https://www.dndbeyond.com/monsters/16958-minotaur,monstrosity,large,generic,N,3.0,2,700.0,4.0,0.0,3.0,-2.0,3.0,-1.0,4,0,3,-2,3,-1,0.0,0.0,0.0,0.0,0.0,0.0,0.0,0.0,0.0,0.0,0.0,0.0,0.0,0.0,0.0,1.0,1.0,1.0,1.0,1.0,1.0,1.0,1.0,1.0,1.0,1.0,1.0,1.0,0.0,1.0,14.0,14.0,76.5,76.5,1.2,1.2,6.0,6.0,,24.333334,24.333334,39.0,17.0,17.0,0.0,=22 + 17,= 17,= 17,,
Minotaur Archaeologist,3960624-minotaur-archaeologist,TBoMT,126.0,https://www.dndbeyond.com/monsters/3960624-minotaur-archaeologist,humanoid,medium,generic,N,0.25,2,50.0,1.0,0.0,0.0,1.0,1.0,0.0,1,0,0,1,1,0,0.0,0.0,0.0,0.0,0.0,0.0,0.0,0.0,0.0,0.0,0.0,0.0,0.0,0.0,0.0,1.0,1.0,1.0,1.0,1.0,1.0,1.0,1.0,1.0,1.0,1.0,1.0,1.0,0.0,1.0,11.0,11.0,18.0,18.0,0.5,0.5,3.0,3.0,11.0,4.5,5.6666665,4.5,4.5,4.5,3.5,= 4.5,= 4.5,= 4.5,= 3.5,Assumes +3.5 damage from Gore (charge).
Minotaur Infiltrator,3960625-minotaur-infiltrator,TBoMT,127.0,https://www.dndbeyond.com/monsters/3960625-minotaur-infiltrator,humanoid,medium,generic,N,2.0,2,450.0,4.0,0.0,2.0,-1.0,3.0,0.0,4,0,2,-1,3,0,0.0,0.0,0.0,0.0,0.0,0.0,0.0,0.0,0.0,0.0,0.0,0.0,0.0,0.0,0.0,1.0,1.0,1.0,1.0,1.0,1.0,1.0,1.0,1.0,1.0,1.0,1.0,1.0,0.0,1.0,13.0,13.0,52.0,52.0,1.3,1.3,6.0,6.0,14.0,15.666667,18.666666,13.0,17.0,17.0,9.0,= 13,= 17,= 17,= 9,Assumes +9 damage from Gore (charge).
Minotaur Living Crystal Statue,316553-minotaur-living-crystal-statue,GoS,245.0,https://www.dndbeyond.com/monsters/316553-minotaur-living-crystal-statue,construct,large,unique,N,6.0,3,2300.0,4.0,-1.0,3.0,-2.0,0.0,-3.0,4,-1,3,-2,0,-3,0.0,1.0,0.0,1.0,1.0,0.0,0.0,0.0,1.0,1.0,1.0,0.0,0.0,0.0,0.0,1.0,1.0,1.0,1.0,1.0,1.0,2.0,0.0,1.0,0.0,1.0,1.0,1.0,-1.0,1.0,15.0,15.0,136.0,136.0,0.2,0.2,7.0,7.0,,41.0,41.0,41.0,41.0,41.0,0.0,= 17 + 8 + 16,= 17 + 8 + 16,= 17 + 8 + 16,,Assumes +16 DPR from Flying Shards.
Minotaur Skeleton,16959-minotaur-skeleton,MM (2014),273.0,https://www.dndbeyond.com/monsters/16959-minotaur-skeleton,undead,large,generic,N,2.0,2,450.0,4.0,0.0,2.0,-2.0,-1.0,-3.0,4,0,2,-2,-1,-3,0.0,0.0,0.0,1.0,0.0,0.0,0.0,0.0,0.0,0.0,1.0,0.0,0.0,0.0,0.0,2.0,1.0,1.0,1.0,1.0,1.0,1.0,1.0,1.0,0.0,1.0,1.0,1.0,0.0,1.0,12.0,12.0,67.5,67.5,0.0,0.0,6.0,6.0,14.0,18.666666,18.666666,22.0,17.0,17.0,0.0,= 22,= 17,= 17,,
Miraj Vizann,17434-miraj-vizann,PotA,198.0,https://www.dndbeyond.com/monsters/17434-miraj-vizann,humanoid,medium,unique,N,6.0,3,2300.0,1.0,0.0,3.0,1.0,0.0,4.0,1,0,3,1,0,4,0.0,0.0,0.0,0.0,0.0,0.0,0.0,0.0,0.0,0.0,0.0,0.0,0.0,0.0,0.0,1.0,1.0,1.0,1.0,1.0,1.0,1.0,1.0,1.0,1.0,1.0,1.0,1.0,0.0,1.0,13.0,17.0,82.5,82.5,1.5,1.5,7.0,7.0,15.0,68.666664,68.666664,78.0,64.0,64.0,0.0,= 2*39,= 2*32,= 2*32,,Assumes +4 AC from counterspell.
Mirror Shade,4468331-mirror-shade,VEoR,226.0,https://www.dndbeyond.com/monsters/4468331-mirror-shade,undead,medium,generic,N,10.0,4,5900.0,-1.0,3.0,2.0,0.0,1.0,4.0,-1,7,2,0,5,4,1.0,0.0,0.0,1.0,1.0,1.0,0.0,0.0,1.0,1.0,1.0,1.0,1.0,0.0,0.0,0.7,0.7,0.7,0.5,1.0,0.5,1.0,0.5,1.0,0.0,0.0,0.0,1.0,3.0,2.0,13.0,17.0,91.0,136.5,2.8,6.8,7.0,9.0,16.0,57.0,57.0,57.0,57.0,57.0,0.0,= 2*14.5 + 28,= 2*14.5 + 28,= 2*14.5 + 28,,Assumes +4 AC from Mirror Stealth. Assumes +4 SB from Mirror Stealth. Assumes +2 AB from Mirror Stealth.
Mirt,148977-mirt,WDH,211.0,https://www.dndbeyond.com/monsters/148977-mirt,humanoid,medium,unique,N,9.0,4,5000.0,4.0,4.0,4.0,2.0,1.0,2.0,4,8,4,2,5,2,0.0,0.0,0.0,0.0,0.0,0.0,0.0,0.0,0.0,0.0,0.0,0.0,0.0,0.0,0.0,1.0,1.0,1.0,1.0,1.0,1.0,1.0,1.0,1.0,1.0,1.0,1.0,1.0,4.0,1.0,16.0,19.0,153.0,153.0,4.2,4.2,9.0,9.0,,52.0,52.0,52.0,52.0,52.0,0.0,= 2*14 + 10 + 14,= 2*14 + 10 + 14,= 2*14 + 10 + 14,,
Miska the Wolf-Spider,4468332-miska-the-wolf-spider,VEoR,247.0,https://www.dndbeyond.com/monsters/4468332-miska-the-wolf-spider,fiend,huge,unique,L,24.0,7,62000.0,6.0,4.0,4.0,4.0,5.0,6.0,6,11,11,4,12,6,0.0,0.0,0.0,0.0,0.0,0.0,0.0,0.0,0.0,0.0,1.0,0.0,0.0,0.0,0.0,0.2,0.2,0.2,1.0,0.5,0.5,1.0,0.5,1.0,0.0,1.0,1.0,1.0,4.0,1.25,21.0,21.0,399.0,611.3,8.3,12.3,13.0,13.0,21.0,127.0,166.40001,127.0,127.0,127.0,118.2,= 44 + 2*22 + 3*13,= 44 + 2*22 + 3*13,= 44 + 2*22 + 3*13,= SUM(BL1566:BN1566)*(1/5) + 3*2*7,"Assumes +14 DPR from Foul Ichor, and +20% DPR from Lupine Bite."
Mist Hulk,3731036-mist-hulk,BPGotG,160.0,https://www.dndbeyond.com/monsters/3731036-mist-hulk,elemental,large,generic,N,6.0,3,2300.0,4.0,5.0,5.0,0.0,1.0,3.0,4,5,8,0,4,6,0.0,0.0,0.0,1.0,0.0,0.0,0.0,0.0,1.0,0.0,1.0,0.0,1.0,0.0,0.0,1.0,1.0,1.0,1.0,1.0,1.0,1.0,1.0,1.0,0.0,1.0,1.0,0.5,5.0,1.0,15.0,17.0,94.5,94.5,4.5,4.5,8.0,8.0,16.0,30.666666,46.533337,28.0,32.0,32.0,47.6,= 2*14,= 2*16,= 2*16,= 2*11 + 32*0.8,Assumes +25.6 damage from Hideous Wailing (incapacitated).
Mister Light,1979796-mister-light,TWBtW,26.0,https://www.dndbeyond.com/monsters/1979796-mister-light,humanoid,medium,unique,N,3.0,2,700.0,0.0,3.0,1.0,1.0,1.0,3.0,0,5,1,1,1,5,1.0,0.0,1.0,0.0,0.0,0.0,0.0,0.0,0.0,1.0,0.0,0.0,0.0,1.0,0.0,1.0,1.0,1.0,1.0,1.0,1.0,1.0,2.0,0.5,1.0,1.0,1.0,1.0,3.0,1.0,13.0,13.0,77.0,87.0,2.2,2.2,5.0,5.0,,22.0,22.0,22.0,22.0,22.0,0.0,= 2*11,= 2*11,= 2*11,,Assumes +10 HP from Blessing of the Raven Queen.
Mister Witch,1979797-mister-witch,TWBtW,25.0,https://www.dndbeyond.com/monsters/1979797-mister-witch,humanoid,medium,unique,N,3.0,2,700.0,2.0,0.0,3.0,3.0,1.0,2.0,2,0,3,5,3,2,0.0,0.0,0.0,0.0,0.0,0.0,0.0,0.0,0.0,0.0,0.0,0.0,0.0,0.0,0.0,1.0,1.0,1.0,1.0,1.0,1.0,1.0,1.0,0.5,1.0,1.0,1.0,1.0,0.0,1.0,10.0,10.0,82.5,92.5,2.5,2.5,4.0,4.0,,22.0,22.0,22.0,22.0,22.0,0.0,= 2*11,= 2*11,= 2*11,,Assumes +10 HP from Blessing of the Raven Queen.
Molliver,1979798-molliver,TWBtW,226.0,https://www.dndbeyond.com/monsters/1979798-molliver,humanoid,medium,unique,N,3.0,2,700.0,-1.0,3.0,3.0,0.0,-1.0,3.0,-1,5,3,2,-1,3,0.0,0.0,0.0,0.0,0.0,0.0,0.0,0.0,0.0,0.0,0.0,0.0,0.0,0.0,0.0,1.0,1.0,1.0,1.0,1.0,1.0,1.0,1.0,1.0,1.0,1.0,1.0,1.0,3.0,1.0,15.0,16.0,60.0,69.0,1.8,1.8,5.0,5.0,,27.0,27.0,27.0,27.0,27.0,0.0,= 2*13.5,= 2*13.5,= 2*13.5,,Assumes +3*3 hp from Uncanny Dodge. Assumes +1 AC from Evasion.
Moloch,96092-moloch,MToF,176.0,https://www.dndbeyond.com/monsters/96092-moloch,fiend,large,legacy,L,21.0,7,33000.0,8.0,4.0,6.0,5.0,4.0,6.0,8,11,13,5,11,13,0.0,1.0,0.0,1.0,1.0,0.0,0.0,0.0,0.0,0.0,1.0,0.0,0.0,0.0,0.0,0.8,0.8,0.8,1.0,0.5,0.0,1.0,1.0,1.0,0.0,1.0,1.0,1.0,4.0,1.0,19.0,19.0,253.0,403.0,10.2,14.2,15.0,15.0,21.0,139.0,139.0,139.0,139.0,139.0,0.0,= 26 + 17 + 24 + 3*24,= 26 + 17 + 24 + 3*24,= 26 + 17 + 24 + 3*24,,
Moloch,2560875-moloch,MPMotM,183.0,https://www.dndbeyond.com/monsters/2560875-moloch,fiend,large,unique,L,21.0,7,33000.0,8.0,4.0,6.0,5.0,4.0,6.0,8,11,13,5,11,13,0.0,1.0,0.0,1.0,1.0,0.0,0.0,0.0,0.0,0.0,1.0,0.0,0.0,0.0,0.0,0.8,0.8,0.8,1.0,0.5,0.0,1.0,1.0,1.0,0.0,1.0,1.0,1.0,4.0,1.0,19.0,19.0,253.0,403.0,10.2,14.2,15.0,15.0,21.0,145.0,145.0,145.0,145.0,145.0,0.0,= 26 + 17 + 24 + 3*26,= 26 + 17 + 24 + 3*26,= 26 + 17 + 24 + 3*26,,
Molten Magma Roper,301285-molten-magma-roper,PotA,143.0,https://www.dndbeyond.com/monsters/301285-molten-magma-roper,monstrosity,large,generic,N,11.0,4,7200.0,4.0,-1.0,3.0,-2.0,3.0,-2.0,4,-1,3,-2,3,-2,0.0,0.0,0.0,0.0,0.0,0.0,0.0,0.0,0.0,0.0,0.0,0.0,0.0,0.0,0.0,1.0,1.0,1.0,1.0,2.0,0.0,1.0,1.0,1.0,1.0,1.0,1.0,1.0,-1.0,1.0,20.0,20.0,93.5,213.5,0.8,0.8,7.0,7.0,,54.0,54.0,54.0,54.0,54.0,0.0,= 4*8 + 22,= 4*8 + 22,= 4*8 + 22,,
Molydeus,94254-molydeus,MToF,134.0,https://www.dndbeyond.com/monsters/94254-molydeus,fiend,huge,legacy,L,21.0,7,33000.0,9.0,6.0,7.0,5.0,7.0,7.0,16,6,14,5,14,14,0.0,1.0,0.0,1.0,1.0,0.0,0.0,0.0,0.0,0.0,1.0,0.0,0.0,1.0,0.0,0.7,0.7,0.7,1.0,0.5,0.5,1.0,0.5,0.5,0.0,1.0,1.0,1.0,6.0,1.0,19.0,19.0,216.0,306.0,11.5,15.5,16.0,16.0,22.0,144.5,144.5,144.5,144.5,144.5,0.0,= 20 + 16 + 12.5 + 2*28 + 2*20,= 20 + 16 + 12.5 + 2*28 + 2*20,= 20 + 16 + 12.5 + 2*28 + 2*20,,
Molydeus,2560877-molydeus,MPMotM,184.0,https://www.dndbeyond.com/monsters/2560877-molydeus,fiend,huge,legendary,L,21.0,7,33000.0,9.0,6.0,7.0,5.0,7.0,7.0,16,6,14,5,14,14,1.0,1.0,1.0,0.0,1.0,0.0,0.0,0.0,0.0,0.0,1.0,0.0,0.0,1.0,0.0,0.7,0.7,0.7,1.0,0.5,0.5,1.0,0.5,1.0,0.0,1.0,1.0,1.0,6.0,1.0,19.0,19.0,216.0,306.0,11.5,15.5,16.0,16.0,22.0,181.5,181.5,181.5,181.5,181.5,0.0,= 35 + 16 + 25.5 + 3*35,= 35 + 16 + 25.5 + 3*35,= 35 + 16 + 25.5 + 3*35,,
Monastic High Curator,2407552-monastic-high-curator,CRCotN,201.0,https://www.dndbeyond.com/monsters/2407552-monastic-high-curator,humanoid,medium,generic,N,10.0,4,5900.0,1.0,3.0,2.0,4.0,6.0,3.0,1,7,2,4,10,3,0.0,1.0,0.0,0.0,0.0,0.0,0.0,0.0,0.0,0.0,0.0,0.0,0.0,0.0,0.0,1.0,1.0,1.0,1.0,1.0,1.0,1.0,1.0,1.0,1.0,0.5,1.0,1.0,3.0,1.0,19.0,19.0,130.0,130.0,4.5,4.5,10.0,10.0,18.0,69.666664,88.333336,107.0,51.0,51.0,56.0,= 3*17 + 2*28,= 3*17,= 3*17,= 2*28,
Monastic Infiltrator,2407553-monastic-infiltrator,CRCotN,202.0,https://www.dndbeyond.com/monsters/2407553-monastic-infiltrator,humanoid,medium,generic,N,6.0,3,2300.0,1.0,5.0,3.0,2.0,3.0,3.0,1,8,3,2,6,3,0.0,1.0,0.0,0.0,0.0,0.0,0.0,0.0,0.0,0.0,0.0,0.0,0.0,0.0,0.0,1.0,1.0,1.0,1.0,1.0,1.0,1.0,1.0,1.0,1.0,0.5,1.0,1.0,5.0,1.0,18.0,18.0,112.5,112.5,3.8,3.8,8.0,8.0,,42.0,42.0,42.0,42.0,42.0,0.0,= 3*10.5 + 10.5,= 3*10.5 + 10.5,= 3*10.5 + 10.5,,
Monastic Operative,2407554-monastic-operative,CRCotN,202.0,https://www.dndbeyond.com/monsters/2407554-monastic-operative,humanoid,medium,generic,N,5.0,3,1800.0,1.0,4.0,2.0,2.0,3.0,0.0,1,7,2,2,6,0,0.0,0.0,0.0,0.0,0.0,0.0,0.0,0.0,0.0,0.0,0.0,0.0,0.0,0.0,0.0,1.0,1.0,1.0,1.0,1.0,1.0,1.0,1.0,1.0,1.0,1.0,1.0,1.0,4.0,1.0,17.0,17.0,84.5,84.5,3.0,3.0,7.0,7.0,,39.5,39.5,39.5,39.5,39.5,0.0,= 3*10 + 9.5,= 3*10 + 9.5,= 3*10 + 9.5,,
Mongrelfolk,17367-mongrelfolk,CoS,234.0,https://www.dndbeyond.com/monsters/17367-mongrelfolk,humanoid,medium,generic,N,0.25,2,50.0,1.0,-1.0,2.0,-1.0,0.0,-2.0,1,-1,2,-1,0,-2,0.0,0.0,0.0,0.0,0.0,0.0,0.0,0.0,0.0,0.0,0.0,0.0,0.0,0.0,0.0,1.0,1.0,1.0,1.0,1.0,1.0,1.0,1.0,1.0,1.0,1.0,1.0,1.0,-1.0,1.0,11.0,11.0,26.0,26.0,-0.2,-0.2,3.0,3.0,,6.0,6.0,6.0,6.0,6.0,0.0,= 2*3,= 2*3,= 2*3,,
Monodrone,17176-monodrone,MM (2014),224.0,https://www.dndbeyond.com/monsters/17176-monodrone,construct,medium,generic,N,0.125,2,25.0,0.0,1.0,1.0,-3.0,0.0,-3.0,0,1,1,-3,0,-3,0.0,0.0,0.0,0.0,0.0,0.0,0.0,0.0,0.0,0.0,0.0,0.0,0.0,0.0,0.0,1.0,1.0,1.0,1.0,1.0,1.0,1.0,1.0,1.0,1.0,1.0,1.0,1.0,1.0,1.0,15.0,15.0,5.5,5.5,-0.7,-0.7,3.0,3.0,,4.5,4.5,4.5,4.5,4.5,0.0,= 4.5,= 4.5,= 4.5,,
Monstrous Peryton,316562-monstrous-peryton,GoS,245.0,https://www.dndbeyond.com/monsters/316562-monstrous-peryton,monstrosity,large,unique,L,11.0,4,7200.0,4.0,2.0,3.0,-1.0,2.0,0.0,8,6,3,-1,6,0,0.0,0.0,0.0,0.0,0.0,0.0,0.0,0.0,0.0,0.0,0.0,0.0,0.0,0.0,0.0,1.0,1.0,1.0,1.0,1.0,1.0,1.0,1.0,1.0,1.0,1.0,1.0,1.0,2.0,1.0,14.0,14.0,144.5,234.5,3.7,3.7,9.0,9.0,,76.0,76.0,76.0,76.0,76.0,0.0,= 12 + 16 + 3*16,= 12 + 16 + 3*16,= 12 + 16 + 3*16,,
Moonlight Guardian,4468333-moonlight-guardian,VEoR,227.0,https://www.dndbeyond.com/monsters/4468333-moonlight-guardian,construct,medium,generic,N,6.0,3,2300.0,4.0,-1.0,3.0,-2.0,1.0,-2.0,4,-1,3,-2,1,-2,0.0,1.0,0.0,1.0,1.0,0.0,0.0,0.0,1.0,1.0,1.0,0.0,0.0,0.0,0.0,0.7,0.7,0.7,1.0,1.0,1.0,1.0,1.0,1.0,0.0,1.0,0.0,1.0,-1.0,1.5,16.0,16.0,105.0,157.5,0.5,4.5,7.0,7.0,14.0,32.333332,32.333332,45.0,26.0,26.0,0.0,= 2*22.5,= 2*13,= 2*13,,
Moonstone Dragon Wyrmling,2059751-moonstone-dragon-wyrmling,FToD,213.0,https://www.dndbeyond.com/monsters/2059751-moonstone-dragon-wyrmling,dragon,medium,generic,N,2.0,2,450.0,3.0,2.0,2.0,3.0,2.0,3.0,3,2,2,5,4,5,0.0,1.0,0.0,0.0,0.0,0.0,0.0,0.0,0.0,0.0,0.0,0.0,0.0,0.0,0.0,1.0,1.0,1.0,1.0,1.0,1.0,1.0,1.0,1.0,1.0,1.0,1.0,1.0,2.0,1.0,17.0,19.0,39.0,39.0,3.5,3.5,5.0,5.0,12.0,19.666666,19.666666,28.0,15.5,15.5,0.0,= 2*14,= 15.5,= 15.5,,
Moorbounder,744323-moorbounder,EGtW,295.0,https://www.dndbeyond.com/monsters/744323-moorbounder,beast,large,generic,N,1.0,2,200.0,4.0,2.0,2.0,-4.0,1.0,-3.0,4,2,2,-4,1,-3,0.0,0.0,0.0,0.0,0.0,0.0,0.0,0.0,0.0,0.0,0.0,0.0,0.0,0.0,0.0,1.0,1.0,1.0,1.0,1.0,1.0,1.0,1.0,1.0,1.0,1.0,1.0,1.0,2.0,1.0,13.0,13.0,30.0,30.0,0.3,0.3,6.0,6.0,,14.0,14.0,14.0,14.0,14.0,0.0,= 14,= 14,= 14,,
Mordakhesh,487731-mordakhesh,ERftLW,301.0,https://www.dndbeyond.com/monsters/487731-mordakhesh,fiend,medium,legendary,L,15.0,5,13000.0,5.0,3.0,4.0,2.0,3.0,5.0,10,3,9,2,8,10,0.0,0.0,0.0,0.0,0.0,0.0,0.0,0.0,0.0,0.0,0.0,0.0,0.0,0.0,0.0,0.8,1.0,0.8,1.0,1.0,1.0,1.0,1.0,1.0,1.0,1.0,1.0,1.0,3.0,1.0,18.0,18.0,170.0,212.5,7.0,7.0,10.0,10.0,18.0,122.0,122.0,129.0,116.0,121.0,0.0,=3*17 + 27 + 3*17,=3*17 + 14 + 3*17,=2*35 + 3*17,,This doesn't account for Limited Magic Immunity.
Morkoth,17287-morkoth,VGtM,178.0,https://www.dndbeyond.com/monsters/17287-morkoth,aberration,medium,legacy,N,11.0,4,7200.0,2.0,2.0,2.0,5.0,2.0,1.0,2,6,2,9,6,1,0.0,0.0,0.0,0.0,0.0,0.0,0.0,0.0,0.0,0.0,0.0,0.0,0.0,0.0,0.0,0.7,0.7,0.7,1.0,1.0,1.0,1.0,1.0,1.0,1.0,1.0,1.0,1.0,2.0,1.25,17.0,17.0,130.0,200.0,4.3,4.3,9.0,9.0,17.0,91.666664,101.666664,135.0,70.0,70.0,30.0,= 3*45,= 2*35,= 2*35,= 30,Assumes +30 HP from Spell Reflection. Assumes +30 damage from Spell Reflection.
Morkoth,2560878-morkoth,MPMotM,186.0,https://www.dndbeyond.com/monsters/2560878-morkoth,aberration,large,generic,N,11.0,4,7200.0,2.0,2.0,2.0,5.0,2.0,1.0,2,6,2,9,6,1,0.0,0.0,0.0,0.0,0.0,0.0,0.0,0.0,0.0,0.0,0.0,0.0,0.0,0.0,0.0,1.0,1.0,1.0,1.0,1.0,1.0,1.0,1.0,1.0,1.0,1.0,1.0,1.0,2.0,1.0,17.0,17.0,165.0,195.0,4.3,4.3,9.0,9.0,17.0,56.0,66.0,56.0,56.0,56.0,30.0,= 2*28,= 2*28,= 2*28,= 30,Assumes +30 HP from Spell Reflection. Assumes +30 damage from Spell Reflection.
Mortlock Vanthampur,417738-mortlock-vanthampur,BGDiA,26.0,https://www.dndbeyond.com/monsters/417738-mortlock-vanthampur,humanoid,medium,unique,N,3.0,2,700.0,4.0,2.0,3.0,0.0,1.0,1.0,4,2,3,0,1,1,0.0,0.0,0.0,0.0,0.0,0.0,0.0,0.0,0.0,0.0,0.0,0.0,0.0,0.0,0.0,1.0,1.0,1.0,1.0,1.0,1.0,1.0,1.0,1.0,1.0,1.0,1.0,1.0,2.0,1.0,12.0,12.0,90.0,90.0,1.8,1.8,6.0,6.0,,28.0,28.0,28.0,28.0,28.0,0.0,= 2*14,= 2*14,= 2*14,,
Mountain Goat,1123114-mountain-goat,IDRotF,304.0,https://www.dndbeyond.com/monsters/1123114-mountain-goat,beast,medium,generic,N,0.125,2,25.0,2.0,1.0,2.0,-4.0,0.0,-3.0,2,1,2,-4,0,-3,0.0,0.0,0.0,0.0,0.0,0.0,0.0,0.0,0.0,0.0,0.0,0.0,0.0,0.0,0.0,1.0,1.0,1.0,1.0,1.0,1.0,1.0,1.0,1.0,1.0,1.0,1.0,1.0,1.0,1.0,11.0,11.0,13.0,13.0,-0.3,-0.3,4.0,4.0,,6.6666665,6.6666665,9.0,5.5,5.5,0.0,= 9,= 5.5,= 5.5,,
Mouth of Grolantor,17254-mouth-of-grolantor,VGtM,149.0,https://www.dndbeyond.com/monsters/17254-mouth-of-grolantor,giant,huge,legacy,N,6.0,3,2300.0,5.0,0.0,4.0,-3.0,-2.0,-3.0,5,0,4,-3,-2,-3,0.0,0.0,0.0,0.0,1.0,0.0,0.0,0.0,0.0,0.0,0.0,0.0,0.0,0.0,0.0,1.0,1.0,1.0,1.0,1.0,1.0,1.0,1.0,1.0,1.0,1.0,1.0,1.0,0.0,1.0,14.0,14.0,105.0,128.3,0.2,0.2,8.0,8.0,,46.599995,46.599995,46.6,46.6,46.6,0.0,= 0.5*3*18.5 + 0.2*15.5 + 0.3*(15.5 + 2*18.5),= 0.5*3*18.5 + 0.2*15.5 + 0.3*(15.5 + 2*18.5),= 0.5*3*18.5 + 0.2*15.5 + 0.3*(15.5 + 2*18.5),,Assumes 7.25 HPR from Bite attacks.
Mouth of Grolantor,2560879-mouth-of-grolantor,MPMotM,187.0,https://www.dndbeyond.com/monsters/2560879-mouth-of-grolantor,giant,huge,generic,N,6.0,3,2300.0,5.0,0.0,4.0,-3.0,-2.0,-3.0,5,0,4,-3,-2,-3,0.0,0.0,0.0,0.0,1.0,0.0,0.0,0.0,0.0,0.0,0.0,0.0,0.0,0.0,0.0,1.0,1.0,1.0,1.0,1.0,1.0,1.0,1.0,1.0,1.0,1.0,1.0,1.0,0.0,1.0,14.0,14.0,105.0,128.3,0.2,0.2,8.0,8.0,,46.599995,46.599995,46.6,46.6,46.6,0.0,= 0.5*3*18.5 + 0.2*15.5 + 0.3*(15.5 + 2*18.5),= 0.5*3*18.5 + 0.2*15.5 + 0.3*(15.5 + 2*18.5),= 0.5*3*18.5 + 0.2*15.5 + 0.3*(15.5 + 2*18.5),,
Mr. Dory,316567-mr-dory,GoS,246.0,https://www.dndbeyond.com/monsters/316567-mr-dory,aberration,medium,unique,N,10.0,4,5900.0,1.0,5.0,4.0,2.0,2.0,3.0,1,5,8,2,6,3,0.0,0.0,0.0,0.0,0.0,0.0,0.0,0.0,0.0,0.0,0.0,0.0,0.0,0.0,0.0,1.0,1.0,1.0,1.0,1.0,1.0,1.0,1.0,0.0,1.0,1.0,1.0,1.0,5.0,1.0,18.0,18.0,170.0,170.0,4.2,8.2,9.0,9.0,15.0,64.0,64.0,54.0,69.0,69.0,0.0,= 54,= 3*23,= 3*23,,Assumes target is vulnerable to necrotic damage from Eye of Corruption.
Mud Hulk,3731037-mud-hulk,BPGotG,161.0,https://www.dndbeyond.com/monsters/3731037-mud-hulk,elemental,large,generic,N,3.0,2,700.0,3.0,-1.0,3.0,-3.0,-1.0,-2.0,3,-1,3,-3,-1,-2,0.0,0.0,0.0,1.0,0.0,0.0,0.0,0.0,1.0,0.0,0.0,0.0,0.0,0.0,0.0,1.0,1.0,1.0,0.5,1.0,1.0,1.0,1.0,1.0,1.0,1.0,1.0,1.0,-1.0,1.0,13.0,13.0,68.0,68.0,-0.2,-0.2,5.0,5.0,13.0,17.333334,17.333334,20.0,16.0,16.0,0.0,= 2*10,= 9.5 + 6.5,= 9.5 + 6.5,,
Mud Mephit,17173-mud-mephit,MM (2014),216.0,https://www.dndbeyond.com/monsters/17173-mud-mephit,elemental,small,generic,N,0.25,2,50.0,-1.0,1.0,1.0,-1.0,0.0,-2.0,-1,1,1,-1,0,-2,0.0,0.0,0.0,0.0,0.0,0.0,0.0,0.0,0.0,0.0,1.0,0.0,0.0,0.0,0.0,1.0,1.0,1.0,1.0,1.0,1.0,1.0,1.0,1.0,0.0,1.0,1.0,1.0,1.0,1.0,11.0,11.0,27.0,27.0,-0.3,-0.3,3.0,3.0,,4.5,4.5,4.5,4.5,4.5,0.0,= 4.5,= 4.5,= 4.5,,
Muiral,183851-muiral,WDotMM,314.0,https://www.dndbeyond.com/monsters/183851-muiral,monstrosity,large,unique,L,13.0,5,10000.0,4.0,0.0,3.0,4.0,1.0,4.0,4,0,8,9,1,4,0.0,0.0,0.0,0.0,0.0,0.0,0.0,0.0,0.0,0.0,0.0,0.0,0.0,0.0,0.0,1.0,1.0,1.0,1.0,1.0,1.0,1.0,1.0,1.0,1.0,1.0,1.0,1.0,0.0,1.0,16.0,21.0,195.5,285.5,4.3,4.3,9.0,9.0,,105.0,105.0,105.0,105.0,105.0,0.0,= 2*15 + 36 + 3*13,= 2*15 + 36 + 3*13,= 2*15 + 36 + 3*13,,Assumes +5 AC from Shield.
Mule,16960-mule,MM (2014),333.0,https://www.dndbeyond.com/monsters/16960-mule,beast,medium,generic,N,0.125,2,25.0,2.0,0.0,1.0,-4.0,0.0,-3.0,2,0,1,-4,0,-3,0.0,0.0,0.0,0.0,0.0,0.0,0.0,0.0,0.0,0.0,0.0,0.0,0.0,0.0,0.0,1.0,1.0,1.0,1.0,1.0,1.0,1.0,1.0,1.0,1.0,1.0,1.0,1.0,0.0,1.0,10.0,10.0,11.0,11.0,-0.7,-0.7,2.0,2.0,,4.5,4.5,4.5,4.5,4.5,0.0,= 4.5,= 4.5,= 4.5,,
Mummy,16961-mummy,MM (2014),228.0,https://www.dndbeyond.com/monsters/16961-mummy,undead,medium,generic,N,3.0,2,700.0,3.0,-1.0,2.0,-2.0,0.0,1.0,3,-1,2,-2,2,1,0.0,1.0,0.0,1.0,1.0,0.0,0.0,0.0,1.0,0.0,1.0,0.0,0.0,0.0,0.0,0.7,0.7,0.7,1.0,1.0,2.0,1.0,1.0,0.0,0.0,1.0,1.0,1.0,-1.0,2.0,11.0,11.0,58.5,117.0,0.8,0.8,5.0,5.0,11.0,20.0,20.0,20.0,20.0,20.0,0.0,= 20,= 20,= 20,,Dreadful Glare should probably add something here.
Mummy Lord,16962-mummy-lord,MM (2014),229.0,https://www.dndbeyond.com/monsters/16962-mummy-lord,undead,medium,legendary,L,15.0,5,13000.0,4.0,0.0,3.0,0.0,4.0,3.0,4,0,8,5,9,8,0.0,1.0,0.0,1.0,1.0,0.0,0.0,0.0,1.0,0.0,1.0,0.0,0.0,0.0,0.0,0.2,0.2,0.2,1.0,1.0,2.0,1.0,1.0,0.0,0.0,1.0,1.0,1.0,0.0,1.5,17.0,17.0,97.5,146.3,5.7,9.7,9.0,9.0,17.0,157.0,157.0,157.0,157.0,157.0,0.0,= 35 + 17 + 3*35,= 35 + 17 + 3*35,= 35 + 17 + 3*35,,
Mummy Lord,16962-mummy-lord,MM (2014),229.0,https://www.dndbeyond.com/monsters/16962-mummy-lord,undead,medium,legendary,LL,16.0,5,15000.0,4.0,0.0,3.0,0.0,4.0,3.0,4,0,8,5,9,8,0.0,1.0,0.0,1.0,1.0,0.0,0.0,0.0,1.0,0.0,1.0,0.0,0.0,0.0,0.0,0.2,0.2,0.2,1.0,1.0,2.0,1.0,1.0,0.0,0.0,1.0,1.0,1.0,0.0,1.5,17.0,17.0,97.5,191.3,5.7,9.7,9.0,9.0,17.0,166.33333,166.33333,171.0,157.0,171.0,0.0,= 35 + 17 + 3*35 + 14,= 35 + 17 + 3*35,= 35 + 17 + 3*35 + 14,,Assumes +30 hp from lair actions. Assumes 14 damage for two rounds from lair actions.
Murder Comet,2821182-murder-comet,SAiS:BAM,38.0,https://www.dndbeyond.com/monsters/2821182-murder-comet,elemental,medium,generic,N,5.0,3,1800.0,2.0,2.0,5.0,-2.0,0.0,-2.0,2,2,5,-2,0,-2,0.0,0.0,0.0,1.0,0.0,0.0,0.0,0.0,1.0,1.0,1.0,1.0,0.0,0.0,1.0,1.0,1.0,1.0,1.0,1.0,0.0,1.0,1.0,1.0,0.0,1.0,1.0,1.0,2.0,1.0,19.0,19.0,66.5,66.5,0.8,0.8,5.0,5.0,16.0,26.5,45.166668,26.5,26.5,26.5,56.0,= 13.5 + 13,= 13.5 + 13,= 13.5 + 13,= 2*28,
Musteval Guardinal,3883554-musteval-guardinal,PAitM:MPP,33.0,https://www.dndbeyond.com/monsters/3883554-musteval-guardinal,celestial,small,generic,N,2.0,2,450.0,1.0,3.0,0.0,2.0,2.0,2.0,1,5,0,2,2,4,0.0,0.0,0.0,0.0,1.0,0.0,0.0,0.0,0.0,0.0,0.0,0.0,0.0,0.0,0.0,1.0,1.0,1.0,1.0,1.0,1.0,1.0,1.0,1.0,1.0,1.0,0.5,1.0,3.0,1.0,13.0,13.0,38.5,38.5,2.3,2.3,5.0,5.0,,20.0,20.0,20.0,20.0,20.0,0.0,= 2*10,= 2*10,= 2*10,,
Mwaxanaré,33056-mwaxanare,ToA,228.0,https://www.dndbeyond.com/monsters/33056-mwaxanare,humanoid,medium,unique,N,0.125,2,25.0,-2.0,0.0,0.0,1.0,1.0,3.0,-2,0,0,1,1,3,0.0,0.0,0.0,0.0,0.0,0.0,0.0,0.0,0.0,0.0,0.0,0.0,0.0,0.0,0.0,1.0,1.0,1.0,1.0,1.0,1.0,1.0,1.0,1.0,1.0,1.0,1.0,1.0,0.0,1.0,10.0,10.0,13.5,13.5,0.5,0.5,5.0,5.0,13.0,5.0,5.0,5.0,5.0,5.0,0.0,= 5,= 5,= 5,,
Myconid Adult,17183-myconid-adult,MM (2014),232.0,https://www.dndbeyond.com/monsters/17183-myconid-adult,plant,medium,generic,N,0.5,2,100.0,0.0,0.0,1.0,0.0,1.0,-2.0,0,0,1,0,1,-2,0.0,0.0,0.0,0.0,0.0,0.0,0.0,0.0,0.0,0.0,0.0,0.0,0.0,0.0,0.0,1.0,1.0,1.0,1.0,1.0,1.0,1.0,1.0,1.0,1.0,1.0,1.0,1.0,0.0,1.0,12.0,12.0,22.0,22.0,0.0,0.0,2.0,2.0,,10.0,10.0,10.0,10.0,10.0,0.0,= 10,= 10,= 10,,
Myconid Sovereign,17184-myconid-sovereign,MM (2014),232.0,https://www.dndbeyond.com/monsters/17184-myconid-sovereign,plant,large,generic,N,2.0,2,450.0,1.0,0.0,2.0,1.0,2.0,0.0,1,0,2,1,2,0,0.0,0.0,0.0,0.0,0.0,0.0,0.0,0.0,0.0,0.0,0.0,0.0,0.0,0.0,0.0,1.0,1.0,1.0,1.0,1.0,1.0,1.0,1.0,1.0,1.0,1.0,1.0,1.0,0.0,1.0,13.0,13.0,60.0,60.0,1.0,1.0,3.0,3.0,12.0,16.0,22.4,16.0,16.0,16.0,19.2,= 16,= 16,= 16,= 3*0.4*16,Assumes +6.4 DPR from Incapacitating Spores (stunned).
Myconid Sprout,17181-myconid-sprout,MM (2014),230.0,https://www.dndbeyond.com/monsters/17181-myconid-sprout,plant,small,generic,N,0.0,2,10.0,-1.0,0.0,0.0,-1.0,0.0,-3.0,-1,0,0,-1,0,-3,0.0,0.0,0.0,0.0,0.0,0.0,0.0,0.0,0.0,0.0,0.0,0.0,0.0,0.0,0.0,1.0,1.0,1.0,1.0,1.0,1.0,1.0,1.0,1.0,1.0,1.0,1.0,1.0,0.0,1.0,10.0,10.0,7.0,7.0,-0.8,-0.8,1.0,1.0,,4.0,4.0,4.0,4.0,4.0,0.0,= 4,= 4,= 4,,
Nabassu,94266-nabassu,MToF,135.0,https://www.dndbeyond.com/monsters/94266-nabassu,fiend,medium,legacy,N,15.0,5,13000.0,6.0,2.0,5.0,2.0,2.0,3.0,11,7,5,2,2,3,0.0,0.0,0.0,0.0,0.0,0.0,0.0,0.0,0.0,0.0,1.0,0.0,0.0,0.0,0.0,0.7,0.7,0.7,1.0,0.5,0.5,1.0,1.0,0.5,0.0,1.0,1.0,1.0,2.0,1.25,18.0,18.0,190.0,286.3,5.0,9.0,11.0,11.0,16.0,62.0,62.0,62.0,62.0,62.0,0.0,= 17 + 32 + 13,= 17 + 32 + 13,= 17 + 32 + 13,,Assumes +13 HP per round from Soul-Stealing Gaze.
Nabassu,2560880-nabassu,MPMotM,188.0,https://www.dndbeyond.com/monsters/2560880-nabassu,fiend,medium,generic,N,15.0,5,13000.0,6.0,2.0,5.0,2.0,2.0,3.0,11,7,5,2,2,3,0.0,0.0,0.0,0.0,0.0,0.0,0.0,0.0,0.0,0.0,1.0,0.0,0.0,0.0,0.0,0.7,0.7,0.7,1.0,0.5,0.5,1.0,0.5,1.0,0.0,1.0,1.0,1.0,2.0,1.25,18.0,18.0,190.0,261.9,5.0,9.0,11.0,11.0,,79.5,79.5,79.5,79.5,79.5,0.0,= 38.5 + 28 + 13,= 38.5 + 28 + 13,= 38.5 + 28 + 13,,Assumes +6.5 HP per round from Soul-Stealing Gaze.
Naergoth Bladelord,21906-naergoth-bladelord,RoT,90.0,https://www.dndbeyond.com/monsters/21906-naergoth-bladelord,undead,medium,unique,N,11.0,4,7200.0,5.0,1.0,3.0,1.0,2.0,3.0,5,5,3,1,6,3,0.0,0.0,0.0,1.0,0.0,0.0,0.0,0.0,0.0,0.0,1.0,0.0,0.0,0.0,0.0,0.8,0.8,0.8,1.0,1.0,1.0,1.0,1.0,0.5,0.0,1.0,1.0,1.0,1.0,1.25,18.0,18.0,135.0,168.8,3.8,3.8,9.0,9.0,,60.0,60.0,60.0,60.0,60.0,0.0,= 2*20 + 20,= 2*20 + 20,= 2*20 + 20,,
Nafas,4635156-nafas,QftIS,210.0,https://www.dndbeyond.com/monsters/4635156-nafas,elemental,large,unique,LL,23.0,7,50000.0,6.0,4.0,7.0,2.0,4.0,6.0,6,11,7,2,11,13,0.0,1.0,0.0,0.0,1.0,0.0,0.0,0.0,0.0,0.0,1.0,0.0,0.0,0.0,0.0,0.7,0.7,0.7,1.0,1.0,1.0,1.0,0.0,1.0,0.5,1.0,1.0,0.0,4.0,1.0,19.0,19.0,350.0,500.0,8.3,12.3,13.0,13.0,22.0,174.33333,174.33333,185.0,153.0,185.0,0.0,= 3*27 + 2*36 + 2*16,= 3*27 + 2*36,= 3*27 + 2*36 + 2*16,,
Nafik,4635157-nafik,QftIS,212.0,https://www.dndbeyond.com/monsters/4635157-nafik,undead,medium,unique,L,6.0,3,2300.0,4.0,0.0,3.0,0.0,3.0,2.0,4,0,3,3,6,2,0.0,1.0,0.0,1.0,1.0,0.0,0.0,0.0,1.0,0.0,1.0,0.0,0.0,0.0,0.0,0.7,0.7,0.7,1.0,1.0,2.0,1.0,1.0,0.0,0.0,1.0,1.0,1.0,0.0,1.5,13.0,13.0,82.5,183.8,3.0,7.0,7.0,7.0,14.0,36.0,36.0,44.0,32.0,32.0,0.0,=2*22,= 32,= 32,,
Nagpa,97001-nagpa,MToF,215.0,https://www.dndbeyond.com/monsters/97001-nagpa,humanoid,medium,legacy,N,17.0,6,18000.0,-1.0,2.0,1.0,6.0,4.0,5.0,-1,2,1,12,10,11,0.0,0.0,0.0,0.0,0.0,0.0,0.0,0.0,0.0,0.0,0.0,0.0,0.0,0.0,0.0,1.0,1.0,1.0,1.0,1.0,1.0,1.0,1.0,1.0,1.0,1.0,1.0,1.0,2.0,1.0,19.0,19.0,187.0,247.0,5.8,5.8,12.0,12.0,20.0,105.0,105.0,126.0,105.0,84.0,0.0,= 3*42,= 3*35,= 3*28,,"Assumes +2*15 HP from Corruption, and +2*15 HP from Paralysis."
Nagpa,2560881-nagpa,MPMotM,189.0,https://www.dndbeyond.com/monsters/2560881-nagpa,monstrosity,medium,generic,N,17.0,6,18000.0,-1.0,2.0,1.0,6.0,4.0,5.0,-1,2,1,12,10,11,0.0,0.0,0.0,0.0,0.0,0.0,0.0,0.0,0.0,0.0,0.0,0.0,0.0,0.0,0.0,1.0,1.0,1.0,1.0,1.0,1.0,1.0,1.0,1.0,1.0,1.0,1.0,1.0,2.0,1.0,19.0,19.0,203.5,203.5,5.8,5.8,12.0,12.0,20.0,113.333336,131.66667,117.0,117.0,106.0,55.0,= 2*30.5 + 2*28,= 2*30.5 + 2*28,= 2*30.5 + 2*22.5,= 55,"Assumes +2*15 HP from Corruption, and +2*15 HP from Paralysis."
Naiad,909494-naiad,MOoT,236.0,https://www.dndbeyond.com/monsters/909494-naiad,fey,medium,generic,N,2.0,2,450.0,0.0,3.0,0.0,2.0,0.0,4.0,0,3,0,2,0,4,0.0,1.0,0.0,0.0,1.0,0.0,0.0,0.0,0.0,0.0,1.0,0.0,0.0,0.0,0.0,1.0,1.0,1.0,1.0,1.0,1.0,1.0,1.0,1.0,0.0,0.5,1.0,1.0,3.0,1.0,15.0,15.0,31.5,31.5,1.5,5.5,6.0,6.0,14.0,18.0,18.0,18.0,18.0,18.0,0.0,= 2*9,= 2*9,= 2*9,,
Nalfeshnee,16963-nalfeshnee,MM (2014),62.0,https://www.dndbeyond.com/monsters/16963-nalfeshnee,fiend,large,generic,N,13.0,5,10000.0,5.0,0.0,6.0,4.0,1.0,2.0,5,0,11,9,6,7,0.0,0.0,0.0,0.0,0.0,0.0,0.0,0.0,0.0,0.0,1.0,0.0,0.0,0.0,0.0,0.7,0.7,0.7,1.0,0.5,0.5,1.0,0.5,1.0,0.0,1.0,1.0,1.0,0.0,1.25,18.0,18.0,184.0,230.0,6.3,10.3,10.0,10.0,15.0,62.0,62.0,62.0,62.0,62.0,0.0,= 32 + 2*15,= 32 + 2*15,= 32 + 2*15,,
Narrak,17405-narrak,OotA,232.0,https://www.dndbeyond.com/monsters/17405-narrak,humanoid,small,unique,N,2.0,2,450.0,-1.0,2.0,1.0,2.0,-3.0,3.0,-1,4,1,2,-3,5,0.0,0.0,0.0,0.0,0.0,0.0,0.0,0.0,0.0,0.0,0.0,0.0,0.0,0.0,0.0,1.0,1.0,1.0,1.0,1.0,1.0,1.0,1.0,1.0,1.0,1.0,1.0,1.0,2.0,1.0,15.0,15.0,40.5,50.5,1.3,5.3,5.0,5.0,13.0,21.333334,21.333334,28.0,18.0,18.0,0.0,= 10 + 2*9,= 2*9,= 2*9,,Assumes +10 hp from casting armor of Agathay prior to combat.
Narzugon,95077-narzugon,MToF,167.0,https://www.dndbeyond.com/monsters/95077-narzugon,fiend,medium,legacy,N,13.0,5,10000.0,5.0,0.0,3.0,3.0,2.0,4.0,5,5,8,3,2,9,0.0,1.0,0.0,0.0,1.0,0.0,0.0,0.0,0.0,0.0,1.0,0.0,0.0,0.0,0.0,0.8,0.8,0.8,0.5,0.5,0.0,1.0,1.0,1.0,0.0,1.0,1.0,1.0,0.0,1.25,20.0,20.0,112.5,265.6,5.3,9.3,10.0,10.0,,56.0,56.0,84.0,0.0,84.0,0.0,= 3*28,= 0,= 3*28,,
Narzugon,2560882-narzugon,MPMotM,190.0,https://www.dndbeyond.com/monsters/2560882-narzugon,fiend,medium,generic,N,13.0,5,10000.0,5.0,0.0,3.0,3.0,2.0,4.0,5,5,8,3,2,9,0.0,1.0,0.0,0.0,1.0,0.0,0.0,0.0,0.0,0.0,1.0,0.0,0.0,0.0,0.0,0.8,0.8,0.8,0.5,0.5,0.0,1.0,1.0,1.0,0.0,1.0,1.0,1.0,0.0,1.25,20.0,20.0,112.5,265.6,5.3,9.3,10.0,10.0,,56.0,56.0,84.0,0.0,84.0,0.0,= 3*28,= 0,= 3*28,,
Nass Lantomir's Ghost,1123115-nass-lantomirs-ghost,IDRotF,276.0,https://www.dndbeyond.com/monsters/1123115-nass-lantomirs-ghost,undead,medium,unique,N,6.0,3,2300.0,-2.0,1.0,0.0,3.0,1.0,3.0,-2,1,0,3,1,3,0.0,1.0,0.0,1.0,1.0,1.0,0.0,0.0,1.0,1.0,1.0,1.0,1.0,0.0,0.0,0.7,0.7,0.7,0.5,0.0,0.5,1.0,0.5,0.0,0.0,1.0,1.0,0.5,1.0,2.0,11.0,11.0,45.0,180.0,1.0,1.0,6.0,6.0,,36.0,36.0,36.0,36.0,36.0,0.0,= 2*18,= 2*18,= 2*18,,
Necrichor,1680933-necrichor,VRGtR,238.0,https://www.dndbeyond.com/monsters/1680933-necrichor,undead,medium,generic,N,7.0,3,2900.0,-1.0,2.0,3.0,3.0,1.0,0.0,-1,2,6,6,4,0,1.0,1.0,1.0,1.0,1.0,1.0,0.0,0.0,1.0,0.0,1.0,1.0,1.0,0.0,0.0,1.0,1.0,1.0,0.5,1.0,1.0,1.0,1.0,0.5,1.0,1.0,1.0,1.0,2.0,1.0,12.0,12.0,67.5,215.0,2.8,2.8,5.0,5.0,14.0,24.0,46.5,24.0,24.0,24.0,67.5,= 2*12,= 2*12,= 2*12,= BB1624,Assumes 2x hit points from Blood Puppeteering. Assumes +HP damage from Blood Puppeteering.
Necromancer,17339-necromancer,VGtM,217.0,https://www.dndbeyond.com/monsters/17339-necromancer,humanoid,medium,legacy,N,9.0,4,5000.0,-1.0,2.0,1.0,3.0,1.0,0.0,-1,2,1,7,5,0,0.0,0.0,0.0,0.0,0.0,0.0,0.0,0.0,0.0,0.0,0.0,0.0,0.0,0.0,0.0,1.0,1.0,1.0,1.0,1.0,1.0,1.0,1.0,0.5,1.0,1.0,1.0,1.0,2.0,1.0,15.0,15.0,66.0,121.5,2.3,2.3,7.0,7.0,15.0,50.0,50.0,18.0,74.0,58.0,0.0,= 18,= 2*28 + 18,= 40 + 18,,Assumes stoneskin is already cast prior to combat. Also gains 15 hp from reducing creatures to 0 using spells.
Necromancer Wizard,2560883-necromancer-wizard,MPMotM,264.0,https://www.dndbeyond.com/monsters/2560883-necromancer-wizard,humanoid,medium,generic,N,9.0,4,5000.0,-1.0,2.0,1.0,3.0,1.0,0.0,-1,2,1,7,5,0,0.0,0.0,0.0,0.0,0.0,0.0,0.0,0.0,0.0,0.0,0.0,0.0,0.0,0.0,0.0,1.0,1.0,1.0,1.0,1.0,1.0,1.0,1.0,0.5,1.0,1.0,1.0,1.0,2.0,1.0,15.0,15.0,110.0,119.0,2.3,2.3,7.0,7.0,,75.0,102.5,75.0,75.0,75.0,82.5,= 3*25,= 3*25,= 3*25,= 15*5.5,Assumes +9 HP from Grim Harvest. Assumes +27.5 DPR from Summon Undead.
Necromite of Myrkul,416948-necromite-of-myrkul,BGDiA,234.0,https://www.dndbeyond.com/monsters/416948-necromite-of-myrkul,humanoid,medium,generic,N,0.5,2,100.0,0.0,1.0,2.0,3.0,0.0,0.0,0,1,2,3,0,0,0.0,0.0,0.0,0.0,0.0,0.0,0.0,0.0,0.0,0.0,0.0,0.0,0.0,0.0,0.0,1.0,1.0,1.0,1.0,1.0,1.0,1.0,1.0,1.0,1.0,1.0,1.0,1.0,1.0,1.0,11.0,11.0,13.0,13.0,1.0,1.0,5.0,5.0,,8.0,8.0,8.0,8.0,8.0,0.0,= 8,= 8,= 8,,
Needle Blight,17215-needle-blight,MM (2014),32.0,https://www.dndbeyond.com/monsters/17215-needle-blight,plant,medium,generic,N,0.25,2,50.0,1.0,1.0,1.0,-3.0,-1.0,-4.0,1,1,1,-3,-1,-4,1.0,0.0,1.0,0.0,0.0,0.0,0.0,0.0,0.0,0.0,0.0,0.0,0.0,0.0,0.0,1.0,1.0,1.0,1.0,1.0,1.0,1.0,1.0,1.0,1.0,1.0,1.0,1.0,1.0,1.0,12.0,12.0,11.0,11.0,-0.8,-0.8,3.0,3.0,,8.0,8.0,8.0,8.0,8.0,0.0,= 8,= 8,= 8,,
Neh-thalggu,2821183-neh-thalggu,SAiS:BAM,39.0,https://www.dndbeyond.com/monsters/2821183-neh-thalggu,aberration,large,generic,N,4.0,2,1100.0,2.0,-1.0,4.0,1.0,0.0,-2.0,2,-1,4,1,0,-2,0.0,0.0,0.0,0.0,0.0,0.0,0.0,0.0,0.0,0.0,0.0,0.0,0.0,0.0,0.0,1.0,1.0,1.0,1.0,1.0,1.0,1.0,1.0,1.0,1.0,1.0,1.0,1.0,-1.0,1.0,14.0,14.0,95.0,95.0,0.7,0.7,4.0,4.0,14.0,26.333334,26.333334,9.0,35.0,35.0,0.0,= 9,= 35,= 35,,
Neogi,17289-neogi,VGtM,180.0,https://www.dndbeyond.com/monsters/17289-neogi,aberration,small,legacy,N,3.0,2,700.0,-2.0,3.0,2.0,1.0,1.0,2.0,-2,3,2,1,1,2,0.0,0.0,0.0,0.0,0.0,0.0,0.0,0.0,0.0,0.0,0.0,0.0,0.0,0.0,0.0,1.0,1.0,1.0,1.0,1.0,1.0,1.0,1.0,1.0,1.0,1.0,1.0,1.0,3.0,1.0,15.0,17.0,33.0,33.0,1.2,1.2,5.0,5.0,,28.5,28.5,28.5,28.5,28.5,0.0,= 20.5 + 8,= 20.5 + 8,= 20.5 + 8,,Assumes +2 AC from poisoned Bite.
Neogi,2560886-neogi,MPMotM,192.0,https://www.dndbeyond.com/monsters/2560886-neogi,aberration,small,generic,N,3.0,2,700.0,-2.0,3.0,2.0,1.0,1.0,2.0,-2,3,2,1,1,2,0.0,0.0,0.0,0.0,0.0,0.0,0.0,0.0,0.0,0.0,0.0,0.0,0.0,0.0,0.0,1.0,1.0,1.0,1.0,1.0,1.0,1.0,1.0,1.0,1.0,1.0,1.0,1.0,3.0,1.0,15.0,17.0,33.0,43.0,1.2,1.2,5.0,5.0,,36.5,36.5,36.5,36.5,36.5,0.0,= 20.5 + 2*8,= 20.5 + 2*8,= 20.5 + 2*8,,Assumes +10 HP from Enslave. Assumes +2 AC from poisoned Bite.
Neogi Hatchling,17288-neogi-hatchling,VGtM,179.0,https://www.dndbeyond.com/monsters/17288-neogi-hatchling,aberration,tiny,legacy,N,0.125,2,25.0,-4.0,1.0,0.0,-2.0,0.0,-1.0,-4,1,0,-2,0,-1,0.0,0.0,0.0,0.0,0.0,0.0,0.0,0.0,0.0,0.0,0.0,0.0,0.0,0.0,0.0,1.0,1.0,1.0,1.0,1.0,1.0,1.0,1.0,1.0,1.0,1.0,1.0,1.0,1.0,1.0,11.0,13.0,7.5,7.5,-1.0,-1.0,3.0,3.0,,10.5,10.5,10.5,10.5,10.5,0.0,= 10.5,= 10.5,= 10.5,,Assumes +1 AC from poisoned Bite.
Neogi Hatchling,2560884-neogi-hatchling,MPMotM,191.0,https://www.dndbeyond.com/monsters/2560884-neogi-hatchling,aberration,tiny,generic,N,0.125,2,25.0,-4.0,1.0,0.0,-2.0,0.0,-1.0,-4,1,0,-2,0,-1,0.0,0.0,0.0,0.0,0.0,0.0,0.0,0.0,0.0,0.0,0.0,0.0,0.0,0.0,0.0,1.0,1.0,1.0,1.0,1.0,1.0,1.0,1.0,1.0,1.0,1.0,1.0,1.0,1.0,1.0,11.0,13.0,7.5,7.5,-1.0,-1.0,3.0,3.0,,7.0,7.0,7.0,7.0,7.0,0.0,= 7,= 7,= 7,,Assumes +1 AC from poisoned Bite.
Neogi Hatchling Swarm,2821184-neogi-hatchling-swarm,SAiS:BAM,40.0,https://www.dndbeyond.com/monsters/2821184-neogi-hatchling-swarm,aberration,medium,generic,N,3.0,2,700.0,1.0,1.0,2.0,-2.0,0.0,-1.0,1,1,2,-2,0,-1,0.0,1.0,0.0,0.0,1.0,1.0,0.0,0.0,1.0,1.0,0.0,1.0,1.0,1.0,0.0,0.5,0.5,0.5,1.0,1.0,1.0,1.0,1.0,1.0,1.0,1.0,1.0,1.0,1.0,2.0,11.0,11.0,52.0,104.0,0.2,0.2,3.0,3.0,,16.75,16.75,16.75,16.75,16.75,0.0,= (22 + 11.5)/2,= (22 + 11.5)/2,= (22 + 11.5)/2,,
Neogi Master,17290-neogi-master,VGtM,180.0,https://www.dndbeyond.com/monsters/17290-neogi-master,aberration,medium,legacy,N,4.0,2,1100.0,-2.0,3.0,2.0,3.0,1.0,4.0,-2,3,2,3,3,4,0.0,0.0,0.0,0.0,0.0,0.0,0.0,0.0,0.0,0.0,0.0,0.0,0.0,0.0,0.0,1.0,1.0,1.0,1.0,1.0,1.0,1.0,1.0,1.0,1.0,1.0,1.0,1.0,3.0,1.0,15.0,20.0,71.5,71.5,2.2,2.2,5.0,5.0,,28.5,28.5,28.5,28.5,28.5,0.0,= 20.5 + 8,= 20.5 + 8,= 20.5 + 8,,"Assumes +2 AC from Bite, and +3 AC from counterspell."
Neogi Master,2560885-neogi-master,MPMotM,192.0,https://www.dndbeyond.com/monsters/2560885-neogi-master,aberration,medium,generic,N,4.0,2,1100.0,-2.0,3.0,2.0,3.0,1.0,4.0,-2,3,2,3,3,4,0.0,0.0,0.0,0.0,0.0,0.0,0.0,0.0,0.0,0.0,0.0,0.0,0.0,0.0,0.0,1.0,1.0,1.0,1.0,1.0,1.0,1.0,1.0,1.0,1.0,1.0,1.0,1.0,3.0,1.0,15.0,17.0,71.5,81.5,2.2,2.2,6.0,6.0,,28.5,28.5,28.5,28.5,28.5,0.0,= 20.5 + 8,= 20.5 + 8,= 20.5 + 8,,Assumes +10 HP from Enslave. Assumes +2 AC from Bite.
Neogi Pirate,2821185-neogi-pirate,SAiS:BAM,41.0,https://www.dndbeyond.com/monsters/2821185-neogi-pirate,aberration,small,generic,N,3.0,2,700.0,-2.0,2.0,2.0,1.0,1.0,2.0,-2,2,2,1,1,2,0.0,0.0,0.0,0.0,0.0,0.0,0.0,0.0,0.0,0.0,0.0,0.0,0.0,0.0,0.0,1.0,1.0,1.0,1.0,1.0,1.0,1.0,1.0,1.0,1.0,1.0,1.0,1.0,2.0,1.0,16.0,17.0,33.0,33.0,1.0,1.0,4.0,4.0,,33.5,33.5,33.5,33.5,33.5,0.0,= 20.5 + 2*6.5,= 20.5 + 2*6.5,= 20.5 + 2*6.5,,Assumes +1 AC from Bite (poisoned).
Neogi Void Hunter,2821186-neogi-void-hunter,SAiS:BAM,41.0,https://www.dndbeyond.com/monsters/2821186-neogi-void-hunter,aberration,medium,generic,N,4.0,2,1100.0,-2.0,3.0,2.0,3.0,1.0,4.0,-2,3,2,3,3,6,0.0,0.0,0.0,0.0,0.0,0.0,0.0,0.0,0.0,0.0,0.0,0.0,0.0,0.0,0.0,1.0,1.0,1.0,1.0,1.0,1.0,1.0,1.0,1.0,1.0,1.0,1.0,1.0,3.0,1.0,14.0,14.0,58.5,76.5,2.5,2.5,6.0,6.0,14.0,41.0,47.0,41.0,41.0,41.0,18.0,= 2*20.5,= 2*20.5,= 2*20.5,= 3*6,Assumes +6 HP per round from Enslave. Assumes +6 DPR from Enslave.
Neothelid,17291-neothelid,VGtM,181.0,https://www.dndbeyond.com/monsters/17291-neothelid,aberration,gargantuan,legacy,N,13.0,5,10000.0,8.0,-2.0,5.0,-4.0,3.0,1.0,8,-2,5,1,8,6,0.0,0.0,0.0,0.0,0.0,0.0,0.0,0.0,0.0,0.0,0.0,0.0,0.0,0.0,0.0,1.0,1.0,1.0,1.0,1.0,1.0,1.0,1.0,1.0,1.0,1.0,1.0,1.0,-2.0,1.0,16.0,16.0,325.5,325.5,4.3,8.3,13.0,13.0,18.0,46.666668,81.666664,35.0,35.0,70.0,105.0,= 35,= 35,= 2*35,= 3*35,Assumes +35 DPR from Tentacles.
Neothelid,2560887-neothelid,MPMotM,193.0,https://www.dndbeyond.com/monsters/2560887-neothelid,aberration,gargantuan,generic,N,13.0,5,10000.0,8.0,-2.0,5.0,-4.0,3.0,1.0,8,-2,5,1,8,6,0.0,0.0,0.0,0.0,0.0,0.0,0.0,0.0,0.0,0.0,0.0,0.0,0.0,0.0,0.0,1.0,1.0,1.0,1.0,1.0,1.0,1.0,1.0,1.0,1.0,1.0,1.0,1.0,-2.0,1.0,16.0,16.0,232.5,232.5,4.3,8.3,13.0,13.0,,45.0,66.0,32.5,32.5,70.0,63.0,= 32.5,= 32.5,= 2*35,= 3*21,Assumes +35 DPR from Tentacles.
Nereid,22618-nereid,TftYP,240.0,https://www.dndbeyond.com/monsters/22618-nereid,fey,medium,unique,N,2.0,2,450.0,0.0,3.0,1.0,1.0,2.0,3.0,0,3,1,1,2,3,0.0,0.0,0.0,0.0,0.0,0.0,0.0,0.0,0.0,0.0,0.0,0.0,0.0,0.0,0.0,1.0,1.0,1.0,1.0,1.0,1.0,1.0,1.0,1.0,1.0,1.0,1.0,1.0,3.0,1.0,13.0,18.0,44.0,44.0,1.7,1.7,5.0,10.0,13.0,18.666666,18.666666,22.0,17.0,17.0,0.0,= 22,= 17,= 17,,Assumes +5 AC from Aquatic Invisibility. Assumes +5 AB from Aquatic Invisibility.
Nergaliid,744325-nergaliid,EGtW,296.0,https://www.dndbeyond.com/monsters/744325-nergaliid,fiend,large,generic,N,3.0,2,700.0,4.0,1.0,5.0,1.0,0.0,1.0,4,1,5,1,0,1,0.0,0.0,0.0,0.0,0.0,0.0,0.0,0.0,0.0,0.0,1.0,0.0,0.0,0.0,0.0,0.8,0.8,0.8,1.0,0.5,0.0,1.0,1.0,1.0,0.0,1.0,1.0,1.0,1.0,2.0,12.0,16.0,42.0,126.0,2.0,2.0,6.0,6.0,15.0,11.333333,11.333333,10.5,13.0,10.5,0.0,= 10.5,= 13,= 10.5,,Assumes +2*10.5 hit points from Siphon Life.
Neronvain,21907-neronvain,RoT,91.0,https://www.dndbeyond.com/monsters/21907-neronvain,humanoid,medium,unique,N,9.0,4,5000.0,-1.0,3.0,2.0,3.0,1.0,4.0,-1,3,6,3,5,4,0.0,1.0,0.0,0.0,1.0,0.0,0.0,0.0,0.0,0.0,1.0,0.0,0.0,0.0,0.0,1.0,1.0,1.0,1.0,1.0,1.0,1.0,1.0,1.0,0.0,1.0,1.0,1.0,3.0,1.0,17.0,17.0,117.0,117.0,3.3,3.3,7.0,7.0,,40.0,40.0,40.0,40.0,40.0,0.0,= 2*20,= 2*20,= 2*20,,
Nezznar the Spider,3805759-nezznar-the-spider,PaBTSO,74.0,https://www.dndbeyond.com/monsters/3805759-nezznar-the-spider,humanoid,medium,unique,N,2.0,2,450.0,-1.0,1.0,0.0,3.0,2.0,1.0,-1,1,0,5,4,1,0.0,0.0,0.0,0.0,0.0,0.0,0.0,0.0,0.0,0.0,0.0,0.0,0.0,0.0,0.0,1.0,1.0,1.0,1.0,1.0,1.0,1.0,1.0,1.0,1.0,1.0,1.0,1.0,1.0,1.0,14.0,14.0,27.0,27.0,1.7,1.7,5.0,5.0,13.0,18.0,18.0,18.0,18.0,18.0,0.0,= 2*9,= 2*9,= 2*9,,
Night Blade,429728-night-blade,BGDiA,233.0,https://www.dndbeyond.com/monsters/429728-night-blade,humanoid,medium,generic,N,0.25,2,50.0,0.0,2.0,1.0,0.0,0.0,2.0,0,2,1,0,0,2,0.0,0.0,0.0,0.0,0.0,0.0,0.0,0.0,0.0,0.0,0.0,0.0,0.0,0.0,0.0,1.0,1.0,1.0,1.0,1.0,1.0,1.0,1.0,1.0,1.0,1.0,1.0,1.0,2.0,1.0,12.0,12.0,11.0,11.0,0.8,0.8,4.0,4.0,,8.0,8.0,8.0,8.0,8.0,0.0,= 8,= 8,= 8,,
Night Hag,16965-night-hag,MM (2014),178.0,https://www.dndbeyond.com/monsters/16965-night-hag,fiend,medium,generic,N,5.0,3,1800.0,4.0,2.0,3.0,3.0,2.0,3.0,4,2,3,3,2,3,0.0,1.0,0.0,0.0,0.0,0.0,0.0,0.0,0.0,0.0,0.0,0.0,0.0,0.0,0.0,0.8,0.8,0.8,1.0,0.5,0.5,1.0,1.0,1.0,1.0,1.0,1.0,1.0,2.0,1.5,17.0,17.0,112.5,168.8,2.8,6.8,7.0,7.0,,13.0,13.0,13.0,13.0,13.0,0.0,= 13,= 13,= 13,,
Night Scavver,2821187-night-scavver,SAiS:BAM,49.0,https://www.dndbeyond.com/monsters/2821187-night-scavver,monstrosity,huge,generic,N,5.0,3,1800.0,5.0,2.0,3.0,-5.0,0.0,-5.0,5,2,3,-5,0,-5,0.0,0.0,0.0,0.0,0.0,0.0,0.0,0.0,0.0,0.0,0.0,0.0,0.0,0.0,0.0,1.0,1.0,1.0,1.0,1.0,1.0,1.0,1.0,1.0,1.0,1.0,1.0,1.0,2.0,1.0,14.0,14.0,114.0,114.0,0.0,0.0,8.0,8.0,,27.0,27.0,27.0,27.0,27.0,0.0,= 27,= 27,= 27,,
Nightmare,16964-nightmare,MM (2014),235.0,https://www.dndbeyond.com/monsters/16964-nightmare,fiend,large,generic,N,3.0,2,700.0,4.0,2.0,3.0,0.0,1.0,2.0,4,2,3,0,1,2,0.0,0.0,0.0,0.0,0.0,0.0,0.0,0.0,0.0,0.0,0.0,0.0,0.0,0.0,0.0,1.0,1.0,1.0,1.0,1.0,0.0,1.0,1.0,1.0,1.0,1.0,1.0,1.0,2.0,1.0,13.0,13.0,68.0,68.0,2.0,2.0,6.0,6.0,,20.0,20.0,20.0,20.0,20.0,0.0,= 20,= 20,= 20,,
Nightmare Shepherd,909495-nightmare-shepherd,MOoT,221.0,https://www.dndbeyond.com/monsters/909495-nightmare-shepherd,fiend,large,generic,N,11.0,4,7200.0,4.0,2.0,4.0,2.0,3.0,5.0,4,2,8,2,7,5,0.0,0.0,0.0,0.0,0.0,0.0,0.0,0.0,0.0,0.0,1.0,0.0,0.0,0.0,0.0,1.0,1.0,1.0,1.0,0.5,1.0,1.0,1.0,0.5,0.0,1.0,1.0,1.0,2.0,1.0,18.0,18.0,133.0,181.0,4.7,8.7,8.0,8.0,17.0,79.0,79.0,79.0,79.0,79.0,0.0,= 29 + 39 + 11,= 29 + 39 + 11,= 29 + 39 + 11,,
Nightwalker,96519-nightwalker,MToF,216.0,https://www.dndbeyond.com/monsters/96519-nightwalker,undead,huge,legacy,N,20.0,6,25000.0,6.0,4.0,7.0,-2.0,-1.0,-1.0,6,4,13,-2,-1,-1,0.0,0.0,0.0,1.0,1.0,1.0,0.0,0.0,1.0,1.0,1.0,1.0,1.0,0.0,0.0,0.7,0.7,0.7,0.5,0.5,0.5,1.0,0.5,0.0,0.0,1.0,1.0,0.5,4.0,1.0,14.0,14.0,297.0,396.3,3.2,3.2,12.0,14.0,21.0,55.333332,83.333336,54.0,56.0,56.0,84.0,= 26 + 28,= 2*28,= 2*28,= 3*2*14,"Assumes +20 HP from Finger of Doom, and 1.25 HP multiplier from being resistant to almost all types of damage. Assumes +2 AB from advantage granted by Annihilating Aura. Assumes +2*14 DPR from Annihilating Aura."
Nightwalker,2560888-nightwalker,MPMotM,194.0,https://www.dndbeyond.com/monsters/2560888-nightwalker,undead,huge,generic,N,20.0,6,25000.0,6.0,4.0,7.0,-2.0,-1.0,-1.0,6,4,13,-2,-1,-1,0.0,0.0,0.0,1.0,1.0,1.0,0.0,0.0,1.0,1.0,1.0,1.0,1.0,0.0,0.0,0.7,0.7,0.7,0.5,0.5,0.5,1.0,0.5,0.0,0.0,1.0,1.0,0.5,4.0,1.0,14.0,14.0,337.5,446.9,3.2,3.2,12.0,12.0,21.0,60.5,102.5,67.5,57.0,57.0,126.0,= 28.5 + 39,= 2*28.5,= 2*28.5,= 3*2*21,"Assumes +20 HP from Finger of Doom, and 1.25 HP multiplier from being resistant to almost all types of damage. Assumes +2*21 DPR from Annihilating Aura."
Nilbog,17292-nilbog,VGtM,182.0,https://www.dndbeyond.com/monsters/17292-nilbog,humanoid,small,legacy,N,1.0,2,200.0,-1.0,2.0,0.0,0.0,-1.0,2.0,-1,2,0,0,-1,2,0.0,0.0,0.0,0.0,0.0,0.0,0.0,0.0,0.0,0.0,0.0,0.0,0.0,0.0,0.0,1.0,1.0,1.0,1.0,1.0,1.0,1.0,1.0,1.0,1.0,1.0,1.0,1.0,2.0,1.0,13.0,17.0,7.0,46.5,0.3,0.3,4.0,8.0,,5.5,5.5,5.5,5.5,5.5,0.0,= 5.5,= 5.5,= 5.5,,"Assumes +8 HPR from Reversal of Fortune, and 50% more HP from Nilbogism."
Nilbog,2560889-nilbog,MPMotM,195.0,https://www.dndbeyond.com/monsters/2560889-nilbog,fey,small,generic,N,1.0,2,200.0,-1.0,2.0,0.0,0.0,-1.0,2.0,-1,2,0,0,-1,2,0.0,0.0,0.0,0.0,0.0,0.0,0.0,0.0,0.0,0.0,0.0,0.0,0.0,0.0,0.0,1.0,1.0,1.0,1.0,1.0,1.0,1.0,1.0,1.0,1.0,1.0,1.0,1.0,2.0,1.0,13.0,17.0,7.0,46.5,0.3,0.3,4.0,8.0,12.0,5.5,5.5,5.5,5.5,5.5,0.0,= 5.5,= 5.5,= 5.5,,"Assumes +8 HPR from Reversal of Fortune, and 50% more HP from Nilbogism."
Nimblewright,148992-nimblewright,WDH,212.0,https://www.dndbeyond.com/monsters/148992-nimblewright,construct,medium,generic,N,4.0,2,1100.0,1.0,4.0,3.0,-1.0,0.0,-2.0,1,6,3,-1,0,-2,0.0,0.0,0.0,1.0,1.0,0.0,0.0,0.0,0.0,1.0,1.0,0.0,0.0,0.0,0.0,0.7,0.7,0.7,1.0,1.0,1.0,1.0,1.0,1.0,1.0,1.0,1.0,1.0,4.0,2.0,18.0,19.0,45.0,45.0,1.2,5.2,6.0,6.0,,22.0,22.0,22.0,22.0,22.0,0.0,= 2*8 + 6,= 2*8 + 6,= 2*8 + 6,,
Nine-Fingers Keene,429713-nine-fingers-keene,BGDiA,170.0,https://www.dndbeyond.com/monsters/429713-nine-fingers-keene,humanoid,medium,unique,N,5.0,3,1800.0,1.0,4.0,2.0,1.0,3.0,2.0,1,7,2,4,3,2,0.0,0.0,0.0,0.0,0.0,0.0,0.0,0.0,0.0,0.0,0.0,0.0,0.0,0.0,0.0,1.0,1.0,1.0,1.0,1.0,1.0,1.0,1.0,1.0,1.0,1.0,1.0,1.0,4.0,1.0,15.0,17.0,84.5,99.5,3.2,3.2,7.0,9.0,,36.0,36.0,36.0,36.0,36.0,0.0,= 3*12,= 3*12,= 3*12,,Assumes +3*5 hp from Uncanny Dodge. Assumes +2 AC from Cunning Action hide. Assumes +2 AB from Cunning Action hide.
Nintra Siotta,1528976-nintra-siotta,CM,197.0,https://www.dndbeyond.com/monsters/1528976-nintra-siotta,fey,large,unique,LL,16.0,5,15000.0,3.0,7.0,3.0,3.0,2.0,7.0,8,12,3,3,7,7,0.0,1.0,0.0,1.0,0.0,0.0,0.0,0.0,0.0,0.0,0.0,0.0,0.0,1.0,0.0,1.0,1.0,1.0,1.0,1.0,1.0,1.0,1.0,1.0,1.0,1.0,1.0,1.0,7.0,1.0,17.0,17.0,306.0,396.0,6.7,6.7,12.0,12.0,,62.666668,62.666668,92.0,48.0,48.0,0.0,= 2*28 + 3*12,= 12 + 3*12,= 12 + 3*12,,
Niv-Mizzet,175958-niv-mizzet,GGtR,214.0,https://www.dndbeyond.com/monsters/175958-niv-mizzet,dragon,gargantuan,unique,L,26.0,8,90000.0,9.0,2.0,9.0,10.0,3.0,7.0,9,2,17,18,11,7,0.0,1.0,0.0,0.0,0.0,0.0,0.0,0.0,0.0,0.0,0.0,0.0,0.0,0.0,0.0,1.0,1.0,1.0,1.0,0.5,0.0,1.0,0.0,1.0,1.0,0.5,1.0,0.5,2.0,1.0,22.0,27.0,370.5,460.5,10.7,14.7,17.0,17.0,26.0,217.0,217.0,339.0,156.0,156.0,0.0,= 3*91 + 3*22,= 2*45 + 3*22,= 2*45 + 3*22,,Assumes +5 AC from Shield.
Nivix Cyclops,175392-nivix-cyclops,GGtR,216.0,https://www.dndbeyond.com/monsters/175392-nivix-cyclops,giant,large,generic,N,8.0,3,3900.0,7.0,-1.0,6.0,-2.0,0.0,-1.0,7,-1,9,-2,3,-1,0.0,1.0,0.0,1.0,1.0,0.0,0.0,0.0,1.0,1.0,1.0,0.0,0.0,0.0,0.0,1.0,1.0,1.0,1.0,1.0,1.0,1.0,1.0,1.0,0.0,0.0,1.0,1.0,-1.0,1.0,14.0,14.0,115.0,115.0,2.5,6.5,10.0,10.0,,69.0,69.0,69.0,69.0,69.0,0.0,= 3*23,= 3*23,= 3*23,,
Noble,16966-noble,MM (2014),348.0,https://www.dndbeyond.com/monsters/16966-noble,humanoid,medium,generic,N,0.125,2,25.0,0.0,1.0,0.0,1.0,2.0,3.0,0,1,0,1,2,3,0.0,0.0,0.0,0.0,0.0,0.0,0.0,0.0,0.0,0.0,0.0,0.0,0.0,0.0,0.0,1.0,1.0,1.0,1.0,1.0,1.0,1.0,1.0,1.0,1.0,1.0,1.0,1.0,1.0,1.0,15.0,16.0,9.0,9.0,1.2,1.2,3.0,3.0,,5.5,5.5,5.5,5.5,5.5,0.0,= 5.5,= 5.5,= 5.5,,Assumes +1 AC from Parry.
Nonaton Modron,3883555-nonaton-modron,PAitM:MPP,38.0,https://www.dndbeyond.com/monsters/3883555-nonaton-modron,construct,large,generic,N,10.0,4,5900.0,4.0,1.0,3.0,3.0,3.0,1.0,4,1,3,7,7,1,0.0,0.0,0.0,0.0,0.0,0.0,0.0,0.0,0.0,0.0,0.0,0.0,0.0,0.0,0.0,1.0,1.0,1.0,1.0,1.0,1.0,1.0,1.0,1.0,1.0,1.0,1.0,1.0,1.0,1.0,16.0,16.0,161.5,161.5,3.8,3.8,8.0,8.0,15.0,81.0,81.0,81.0,81.0,81.0,0.0,= 3*13 + 2*21,= 3*13 + 2*21,= 3*13 + 2*21,,
Nosferatu,1680934-nosferatu,VRGtR,239.0,https://www.dndbeyond.com/monsters/1680934-nosferatu,undead,medium,generic,N,8.0,3,3900.0,5.0,4.0,5.0,-2.0,3.0,2.0,5,7,8,-2,6,2,0.0,1.0,0.0,0.0,1.0,0.0,0.0,0.0,0.0,0.0,0.0,0.0,0.0,0.0,0.0,1.0,1.0,1.0,1.0,1.0,1.0,1.0,1.0,0.5,1.0,1.0,1.0,1.0,4.0,1.0,17.0,17.0,85.5,148.5,4.3,4.3,8.0,8.0,,39.5,39.5,39.5,39.5,39.5,0.0,= 2*9.5 + 20.5,= 2*9.5 + 20.5,= 2*9.5 + 20.5,,
Nothic,17092-nothic,MM (2014),236.0,https://www.dndbeyond.com/monsters/17092-nothic,aberration,medium,generic,N,2.0,2,450.0,2.0,3.0,3.0,1.0,0.0,-1.0,2,3,3,1,0,-1,0.0,0.0,0.0,0.0,0.0,0.0,0.0,0.0,0.0,0.0,0.0,0.0,0.0,0.0,0.0,1.0,1.0,1.0,1.0,1.0,1.0,1.0,1.0,1.0,1.0,1.0,1.0,1.0,3.0,1.0,15.0,15.0,45.0,45.0,1.3,1.3,4.0,4.0,12.0,13.0,13.0,13.0,13.0,13.0,0.0,= 2*6.5,= 2*6.5,= 2*6.5,,
Nupperibo,95089-nupperibo,MToF,168.0,https://www.dndbeyond.com/monsters/95089-nupperibo,fiend,medium,legacy,N,0.5,2,100.0,3.0,0.0,1.0,-4.0,-1.0,-5.0,3,0,1,-4,-1,-5,1.0,1.0,0.0,0.0,1.0,0.0,0.0,0.0,0.0,0.0,1.0,0.0,0.0,0.0,0.0,0.8,0.8,0.8,0.5,0.5,0.0,1.0,1.0,1.0,0.0,1.0,1.0,1.0,0.0,2.0,13.0,13.0,11.0,22.0,-1.0,-1.0,5.0,5.0,11.0,6.5,11.5,6.5,6.5,6.5,15.0,= 6.5,= 6.5,= 6.5,= 3*2*2.5,Assumes +2*2.5 DPR from Cloud of Vermin.
Nupperibo,2560890-nupperibo,MPMotM,196.0,https://www.dndbeyond.com/monsters/2560890-nupperibo,fiend,medium,generic,N,0.5,2,100.0,3.0,0.0,1.0,-4.0,-1.0,-5.0,3,0,1,-4,-1,-5,1.0,1.0,0.0,0.0,1.0,0.0,0.0,0.0,0.0,0.0,1.0,0.0,0.0,0.0,0.0,1.0,1.0,1.0,0.5,0.5,0.0,1.0,1.0,1.0,0.0,1.0,1.0,1.0,0.0,1.0,13.0,13.0,11.0,11.0,-1.0,-1.0,5.0,5.0,11.0,6.5,16.5,6.5,6.5,6.5,30.0,= 6.5,= 6.5,= 6.5,= 3*2*5,Assumes +2*5 DPR from Cloud of Vermin.
Nycaloth,17125-nycaloth,MM (2014),314.0,https://www.dndbeyond.com/monsters/17125-nycaloth,fiend,large,generic,N,9.0,4,5000.0,5.0,0.0,4.0,1.0,0.0,2.0,5,0,4,1,0,2,0.0,0.0,0.0,0.0,0.0,0.0,0.0,0.0,0.0,0.0,1.0,0.0,0.0,0.0,0.0,0.7,0.7,0.7,0.0,0.5,0.5,1.0,0.5,1.0,0.0,1.0,1.0,1.0,0.0,1.5,18.0,18.0,123.5,185.3,2.0,6.0,9.0,9.0,16.0,44.0,44.0,34.0,44.0,54.0,0.0,= 2*12 + 10,= 2*12 + 4*5,= 2*12 + 6*5,,
Nyx-Fleece Ram,909496-nyx-fleece-ram,MOoT,233.0,https://www.dndbeyond.com/monsters/909496-nyx-fleece-ram,monstrosity,medium,generic,N,1.0,2,200.0,3.0,2.0,1.0,-4.0,1.0,0.0,3,2,1,-4,1,0,0.0,0.0,0.0,0.0,0.0,0.0,0.0,0.0,0.0,0.0,0.0,0.0,0.0,0.0,0.0,1.0,1.0,1.0,1.0,1.0,1.0,1.0,1.0,1.0,1.0,1.0,1.0,1.0,2.0,1.0,14.0,14.0,27.5,27.5,0.5,4.5,5.0,5.0,,12.666667,12.666667,16.0,11.0,11.0,0.0,= 11 + 5,= 11,= 11,,
Oaken Bolter,93849-oaken-bolter,MToF,126.0,https://www.dndbeyond.com/monsters/93849-oaken-bolter,construct,medium,legacy,N,5.0,3,1800.0,1.0,4.0,2.0,-4.0,0.0,-5.0,1,4,2,-4,0,-5,0.0,1.0,0.0,1.0,1.0,0.0,0.0,0.0,1.0,1.0,1.0,0.0,0.0,0.0,0.0,0.3,0.3,0.3,1.0,1.0,1.0,1.0,1.0,1.0,0.0,1.0,1.0,1.0,4.0,2.0,16.0,16.0,58.5,117.0,-0.3,3.7,7.0,7.0,15.0,31.666666,31.666666,35.0,30.0,30.0,0.0,= 2*17.5,= 2*15,= 2*15,,
Oblex Spawn,96514-oblex-spawn,MToF,217.0,https://www.dndbeyond.com/monsters/96514-oblex-spawn,ooze,tiny,legacy,N,0.25,2,50.0,-1.0,3.0,2.0,2.0,0.0,0.0,-1,3,2,4,0,2,1.0,1.0,1.0,1.0,0.0,0.0,0.0,0.0,0.0,0.0,0.0,1.0,0.0,0.0,0.0,1.0,1.0,1.0,1.0,1.0,1.0,1.0,1.0,1.0,1.0,1.0,1.0,1.0,3.0,1.0,13.0,13.0,18.0,18.0,1.7,1.7,5.0,5.0,,8.0,8.0,8.0,8.0,8.0,0.0,= 8,= 8,= 8,,
Oblex Spawn,2560891-oblex-spawn,MPMotM,197.0,https://www.dndbeyond.com/monsters/2560891-oblex-spawn,ooze,tiny,generic,N,0.25,2,50.0,-1.0,3.0,2.0,2.0,0.0,0.0,-1,3,2,4,0,2,1.0,1.0,1.0,1.0,0.0,0.0,0.0,0.0,0.0,0.0,0.0,1.0,0.0,0.0,0.0,1.0,1.0,1.0,1.0,1.0,1.0,1.0,1.0,1.0,1.0,1.0,1.0,1.0,3.0,1.0,13.0,13.0,18.0,18.0,1.7,1.7,5.0,5.0,,8.0,8.0,8.0,8.0,8.0,0.0,= 8,= 8,= 8,,
Obzedat Ghost,175975-obzedat-ghost,GGtR,245.0,https://www.dndbeyond.com/monsters/175975-obzedat-ghost,undead,medium,unique,L,8.0,3,3900.0,0.0,0.0,1.0,4.0,5.0,3.0,0,0,1,7,8,3,0.0,1.0,0.0,1.0,0.0,1.0,0.0,0.0,1.0,1.0,1.0,1.0,1.0,0.0,0.0,0.7,0.7,0.7,0.5,0.5,0.5,1.0,0.5,0.0,0.0,1.0,1.0,0.5,0.0,1.5,14.0,14.0,110.0,235.5,3.2,3.2,8.0,8.0,16.0,54.0,54.0,54.0,54.0,54.0,0.0,=18 + 2*18,=18 + 2*18,=18 + 2*18,,
Occult Extollant,2407556-occult-extollant,CRCotN,204.0,https://www.dndbeyond.com/monsters/2407556-occult-extollant,humanoid,medium,generic,N,6.0,3,2300.0,1.0,2.0,2.0,3.0,2.0,4.0,1,2,2,3,5,7,0.0,0.0,0.0,0.0,0.0,0.0,0.0,0.0,0.0,0.0,0.0,0.0,0.0,0.0,0.0,1.0,1.0,1.0,1.0,1.0,1.0,1.0,1.0,1.0,1.0,0.5,1.0,1.0,2.0,1.0,15.0,15.0,91.0,91.0,3.3,3.3,7.0,7.0,15.0,57.5,57.5,57.5,57.5,57.5,0.0,= 2*20.5 + 16.5,= 2*20.5 + 16.5,= 2*20.5 + 16.5,,
Occult Initiate,2407557-occult-initiate,CRCotN,205.0,https://www.dndbeyond.com/monsters/2407557-occult-initiate,humanoid,medium,generic,N,2.0,2,450.0,0.0,2.0,1.0,2.0,0.0,3.0,0,2,1,2,0,3,0.0,0.0,0.0,0.0,0.0,0.0,0.0,0.0,0.0,0.0,0.0,0.0,0.0,0.0,0.0,1.0,1.0,1.0,1.0,1.0,1.0,1.0,1.0,1.0,1.0,1.0,1.0,1.0,2.0,1.0,15.0,15.0,66.0,66.0,1.3,1.3,4.0,4.0,,15.333333,15.333333,21.0,12.5,12.5,0.0,= 2*10.5,= 12.5,= 12.5,,
Occult Silvertongue,2407558-occult-silvertongue,CRCotN,205.0,https://www.dndbeyond.com/monsters/2407558-occult-silvertongue,humanoid,medium,generic,N,8.0,3,3900.0,1.0,3.0,3.0,2.0,3.0,5.0,1,3,3,2,6,8,0.0,0.0,0.0,0.0,0.0,0.0,0.0,0.0,0.0,0.0,0.0,0.0,0.0,0.0,0.0,1.0,1.0,1.0,1.0,1.0,1.0,1.0,1.0,1.0,1.0,0.5,1.0,1.0,3.0,1.0,16.0,16.0,127.5,127.5,3.8,7.8,8.0,8.0,,55.0,55.0,55.0,55.0,55.0,0.0,= 27 + 2*14,= 27 + 2*14,= 27 + 2*14,,
Oceanus,316574-oceanus,GoS,246.0,https://www.dndbeyond.com/monsters/316574-oceanus,humanoid,medium,unique,N,0.5,2,100.0,2.0,1.0,3.0,0.0,1.0,0.0,2,1,5,0,1,0,0.0,0.0,0.0,0.0,0.0,0.0,0.0,0.0,0.0,0.0,0.0,0.0,0.0,0.0,0.0,1.0,1.0,1.0,1.0,1.0,1.0,1.0,1.0,1.0,1.0,1.0,1.0,1.0,1.0,1.0,12.0,12.0,30.0,30.0,1.5,1.5,4.0,4.0,,6.0,6.0,6.0,6.0,6.0,0.0,= 6,= 6,= 6,,
Ochre Jelly,16967-ochre-jelly,MM (2014),243.0,https://www.dndbeyond.com/monsters/16967-ochre-jelly,ooze,large,generic,N,2.0,2,450.0,2.0,-2.0,2.0,-4.0,-2.0,-5.0,2,-2,2,-4,-2,-5,1.0,1.0,1.0,1.0,1.0,0.0,0.0,0.0,0.0,0.0,0.0,1.0,0.0,0.0,0.0,1.0,1.0,0.0,0.5,1.0,1.0,1.0,0.0,1.0,1.0,1.0,1.0,1.0,-2.0,1.0,8.0,8.0,45.0,45.0,-1.5,-1.5,4.0,4.0,,12.5,12.5,12.5,12.5,12.5,0.0,= 12.5,= 12.5,= 12.5,,
Octon Modron,3883556-octon-modron,PAitM:MPP,40.0,https://www.dndbeyond.com/monsters/3883556-octon-modron,construct,large,generic,N,11.0,4,7200.0,4.0,2.0,3.0,3.0,3.0,2.0,4,2,3,7,7,2,0.0,0.0,0.0,0.0,0.0,0.0,0.0,0.0,0.0,0.0,0.0,0.0,0.0,0.0,0.0,1.0,1.0,1.0,1.0,1.0,1.0,1.0,1.0,1.0,1.0,0.5,1.0,1.0,6.0,1.0,18.0,18.0,187.0,187.0,4.2,4.2,8.0,8.0,,70.5,70.5,70.5,70.5,70.5,0.0,= 3*23.5,= 3*23.5,= 3*23.5,,
Oculorb,3805760-oculorb,PaBTSO,214.0,https://www.dndbeyond.com/monsters/3805760-oculorb,aberration,large,generic,N,9.0,4,5000.0,1.0,0.0,3.0,2.0,2.0,4.0,1,0,3,6,6,8,1.0,0.0,0.0,0.0,0.0,0.0,0.0,0.0,0.0,0.0,0.0,1.0,0.0,0.0,0.0,1.0,1.0,1.0,1.0,1.0,1.0,1.0,1.0,1.0,1.0,1.0,1.0,1.0,0.0,1.0,13.0,15.0,127.5,127.5,4.0,8.0,8.0,8.0,16.0,68.5,68.5,68.5,68.5,68.5,0.0,= 4*14.5 + 10.5,= 4*14.5 + 10.5,= 4*14.5 + 10.5,,
Oddlewin,3960626-oddlewin,TBoMT,111.0,https://www.dndbeyond.com/monsters/3960626-oddlewin,fey,small,unique,N,2.0,2,450.0,-1.0,2.0,0.0,0.0,3.0,2.0,-1,2,0,0,3,2,0.0,1.0,0.0,0.0,0.0,0.0,0.0,0.0,0.0,0.0,0.0,0.0,0.0,0.0,0.0,1.0,1.0,1.0,1.0,1.0,1.0,1.0,1.0,1.0,1.0,1.0,1.0,1.0,2.0,1.0,13.0,13.0,21.0,112.5,1.0,1.0,11.0,11.0,,10.0,10.0,10.0,10.0,10.0,0.0,= 10,= 10,= 10,,"Assumes +18 HP per round from Reversal of Furtune, and +50% HP from Nilbogism. Using +11 AB because Cloud of Cards has 100% chance to hit and +5 is the baseline AB for CR 2."
Ogre,16969-ogre,MM (2014),237.0,https://www.dndbeyond.com/monsters/16969-ogre,giant,large,generic,N,2.0,2,450.0,4.0,-1.0,3.0,-3.0,-2.0,-2.0,4,-1,3,-3,-2,-2,0.0,0.0,0.0,0.0,0.0,0.0,0.0,0.0,0.0,0.0,0.0,0.0,0.0,0.0,0.0,1.0,1.0,1.0,1.0,1.0,1.0,1.0,1.0,1.0,1.0,1.0,1.0,1.0,-1.0,1.0,11.0,11.0,59.5,59.5,-0.2,-0.2,6.0,6.0,,13.0,13.0,13.0,13.0,13.0,0.0,= 13,= 13,= 13,,
Ogre Battering Ram,96493-ogre-battering-ram,MToF,220.0,https://www.dndbeyond.com/monsters/96493-ogre-battering-ram,giant,large,legacy,N,4.0,2,1100.0,4.0,-1.0,3.0,-3.0,-2.0,-2.0,4,-1,3,-3,-2,-2,0.0,0.0,0.0,0.0,0.0,0.0,0.0,0.0,0.0,0.0,0.0,0.0,0.0,0.0,0.0,1.0,1.0,1.0,1.0,1.0,1.0,1.0,1.0,1.0,1.0,1.0,1.0,1.0,-1.0,1.0,14.0,18.0,59.5,59.5,-0.2,-0.2,6.0,10.0,,31.5,31.5,31.5,31.5,31.5,0.0,= 15 + 16.5,= 15 + 16.5,= 15 + 16.5,,Assumes +4 AC from Block the Path. Assumes +4 AB from Block the Path. Assumes Block the Path and opportunity attack each round.
Ogre Battering Ram,2560892-ogre-battering-ram,MPMotM,200.0,https://www.dndbeyond.com/monsters/2560892-ogre-battering-ram,giant,large,generic,N,4.0,2,1100.0,4.0,-1.0,3.0,-3.0,-2.0,-2.0,4,-1,3,-3,-2,-2,0.0,0.0,0.0,0.0,0.0,0.0,0.0,0.0,0.0,0.0,0.0,0.0,0.0,0.0,0.0,1.0,1.0,1.0,1.0,1.0,1.0,1.0,1.0,1.0,1.0,1.0,1.0,1.0,-1.0,1.0,11.0,11.0,76.5,76.5,-0.2,-0.2,6.0,6.0,,45.0,45.0,45.0,45.0,45.0,0.0,= 2*15 + 15,= 2*15 + 15,= 2*15 + 15,,
Ogre Bolt Launcher,96491-ogre-bolt-launcher,MToF,220.0,https://www.dndbeyond.com/monsters/96491-ogre-bolt-launcher,giant,large,legacy,N,2.0,2,450.0,4.0,1.0,3.0,-3.0,-2.0,-2.0,4,1,3,-3,-2,-2,0.0,0.0,0.0,0.0,0.0,0.0,0.0,0.0,0.0,0.0,0.0,0.0,0.0,0.0,0.0,1.0,1.0,1.0,1.0,1.0,1.0,1.0,1.0,1.0,1.0,1.0,1.0,1.0,1.0,1.0,13.0,13.0,59.5,59.5,0.2,0.2,3.0,3.0,,17.5,17.5,17.5,17.5,17.5,0.0,= 17.5,= 17.5,= 17.5,,
Ogre Bolt Launcher,2560893-ogre-bolt-launcher,MPMotM,200.0,https://www.dndbeyond.com/monsters/2560893-ogre-bolt-launcher,giant,large,generic,N,2.0,2,450.0,4.0,1.0,3.0,-3.0,-2.0,-2.0,4,1,3,-3,-2,-2,0.0,0.0,0.0,0.0,0.0,0.0,0.0,0.0,0.0,0.0,0.0,0.0,0.0,0.0,0.0,1.0,1.0,1.0,1.0,1.0,1.0,1.0,1.0,1.0,1.0,1.0,1.0,1.0,1.0,1.0,13.0,13.0,59.5,59.5,0.2,0.2,3.0,3.0,,17.5,17.5,17.5,17.5,17.5,0.0,= 17.5,= 17.5,= 17.5,,
Ogre Chain Brute,96487-ogre-chain-brute,MToF,221.0,https://www.dndbeyond.com/monsters/96487-ogre-chain-brute,giant,large,legacy,N,3.0,2,700.0,4.0,-1.0,3.0,-3.0,-2.0,-2.0,4,-1,3,-3,-2,-2,0.0,0.0,0.0,0.0,0.0,0.0,0.0,0.0,0.0,0.0,0.0,0.0,0.0,0.0,0.0,1.0,1.0,1.0,1.0,1.0,1.0,1.0,1.0,1.0,1.0,1.0,1.0,1.0,-1.0,1.0,11.0,11.0,59.5,73.5,-0.2,-0.2,6.0,6.0,14.0,15.666667,15.666667,13.0,17.0,17.0,0.0,= 13,= 2*8.5,= 2*8.5,,Assumes +2*7 HP from Chain Smash.
Ogre Chain Brute,2560894-ogre-chain-brute,MPMotM,201.0,https://www.dndbeyond.com/monsters/2560894-ogre-chain-brute,giant,large,generic,N,3.0,2,700.0,4.0,-1.0,3.0,-3.0,-2.0,-2.0,4,-1,3,-3,-2,-2,0.0,0.0,0.0,0.0,0.0,0.0,0.0,0.0,0.0,0.0,0.0,0.0,0.0,0.0,0.0,1.0,1.0,1.0,1.0,1.0,1.0,1.0,1.0,1.0,1.0,1.0,1.0,1.0,-1.0,1.0,11.0,11.0,59.5,73.5,-0.2,-0.2,6.0,6.0,14.0,15.666667,15.666667,13.0,17.0,17.0,0.0,= 13,= 2*8.5,= 2*8.5,,Assumes +2*7 HP from Chain Smash.
Ogre Howdah,96483-ogre-howdah,MToF,221.0,https://www.dndbeyond.com/monsters/96483-ogre-howdah,giant,large,legacy,N,2.0,2,450.0,4.0,-1.0,3.0,-3.0,-2.0,-2.0,4,-1,3,-3,-2,-2,0.0,0.0,0.0,0.0,0.0,0.0,0.0,0.0,0.0,0.0,0.0,0.0,0.0,0.0,0.0,1.0,1.0,1.0,1.0,1.0,1.0,1.0,1.0,1.0,1.0,1.0,1.0,1.0,-1.0,1.0,13.0,13.0,59.5,59.5,-0.2,-0.2,6.0,6.0,,11.0,11.0,11.0,11.0,11.0,0.0,= 11,= 11,= 11,,
Ogre Howdah,2560895-ogre-howdah,MPMotM,201.0,https://www.dndbeyond.com/monsters/2560895-ogre-howdah,giant,large,generic,N,2.0,2,450.0,4.0,-1.0,3.0,-3.0,-2.0,-2.0,4,-1,3,-3,-2,-2,0.0,0.0,0.0,0.0,0.0,0.0,0.0,0.0,0.0,0.0,0.0,0.0,0.0,0.0,0.0,1.0,1.0,1.0,1.0,1.0,1.0,1.0,1.0,1.0,1.0,1.0,1.0,1.0,-1.0,1.0,15.0,15.0,59.5,59.5,-0.2,-0.2,6.0,6.0,,11.0,11.0,11.0,11.0,11.0,0.0,= 11,= 11,= 11,,
Ogre Zombie,16970-ogre-zombie,MM (2014),316.0,https://www.dndbeyond.com/monsters/16970-ogre-zombie,undead,large,generic,N,2.0,2,450.0,4.0,-2.0,4.0,-4.0,-2.0,-3.0,4,-2,4,-4,0,-3,0.0,0.0,0.0,0.0,0.0,0.0,0.0,0.0,0.0,0.0,1.0,0.0,0.0,0.0,0.0,1.0,1.0,1.0,1.0,1.0,1.0,1.0,1.0,1.0,0.0,1.0,1.0,1.0,-2.0,1.0,8.0,8.0,85.5,85.5,-0.2,-0.2,6.0,6.0,,13.0,13.0,13.0,13.0,13.0,0.0,= 13,= 13,= 13,,
Ogrémoch,17462-ogremoch,PotA,216.0,https://www.dndbeyond.com/monsters/17462-ogremoch,elemental,gargantuan,unique,LL,20.0,6,25000.0,8.0,0.0,9.0,0.0,2.0,6.0,14,0,15,0,8,6,0.0,1.0,0.0,0.0,1.0,0.0,0.0,0.0,1.0,1.0,1.0,1.0,0.0,0.0,0.0,0.7,0.7,0.7,1.0,1.0,1.0,1.0,1.0,1.0,0.0,1.0,1.0,1.0,0.0,1.0,20.0,22.0,526.5,616.5,7.2,11.2,14.0,18.0,,78.0,78.0,78.0,78.0,78.0,0.0,= 2*30 + 2*9,= 2*30 + 2*9,= 2*30 + 2*9,,Assumes +2 AC from lair actions (restrained). Assumes +4 AB from advantage from Illuminating Crystals.
Oinoloth,93805-oinoloth,MToF,251.0,https://www.dndbeyond.com/monsters/93805-oinoloth,fiend,medium,legacy,N,12.0,4,8400.0,4.0,3.0,4.0,3.0,3.0,4.0,4,3,8,3,7,4,0.0,0.0,0.0,0.0,0.0,0.0,0.0,0.0,0.0,0.0,1.0,0.0,0.0,0.0,0.0,0.7,0.7,0.7,0.0,0.5,0.5,1.0,0.5,1.0,0.0,1.0,1.0,1.0,3.0,1.25,17.0,17.0,126.0,195.0,4.8,8.8,8.0,8.0,16.0,73.0,87.0,73.0,73.0,73.0,42.0,= 2*36.5,= 2*36.5,= 2*36.5,= 3*14,Assumes +10 HP per round from Transfixing Gaze. Assumes +14 DPR from Bringer of Plagues.
Oinoloth,2560896-oinoloth,MPMotM,202.0,https://www.dndbeyond.com/monsters/2560896-oinoloth,fiend,medium,generic,N,12.0,4,8400.0,4.0,3.0,4.0,3.0,3.0,4.0,4,3,8,3,7,4,0.0,0.0,0.0,0.0,0.0,0.0,0.0,0.0,0.0,0.0,1.0,0.0,0.0,0.0,0.0,0.7,0.7,0.7,0.0,0.5,0.5,1.0,0.5,1.0,0.0,1.0,1.0,1.0,3.0,1.25,17.0,21.0,119.0,148.8,4.8,8.8,8.0,12.0,,73.0,87.0,73.0,73.0,73.0,42.0,= 2*36.5,= 2*36.5,= 2*36.5,= 3*14,Assumes +4 AC from casting darkness. Assumes +4 AB from casting darkness. Assumes +14 DPR from Bringer of Plagues.
Olhydra,17463-olhydra,PotA,218.0,https://www.dndbeyond.com/monsters/17463-olhydra,elemental,huge,unique,LL,18.0,6,20000.0,5.0,6.0,7.0,3.0,4.0,6.0,11,6,13,3,10,6,0.0,1.0,0.0,0.0,1.0,0.0,0.0,0.0,1.0,1.0,1.0,1.0,1.0,0.0,0.0,0.7,0.7,0.7,0.0,0.0,1.0,1.0,0.5,1.0,0.0,1.0,1.0,1.0,6.0,1.25,18.0,18.0,324.0,517.5,8.2,12.2,11.0,11.0,,135.0,135.0,135.0,135.0,135.0,0.0,= 2*21 + 3*21 + 3*10,= 2*21 + 3*21 + 3*10,= 2*21 + 3*21 + 3*10,,
One-Eyed Shiver,17449-one-eyed-shiver,PotA,207.0,https://www.dndbeyond.com/monsters/17449-one-eyed-shiver,humanoid,medium,generic,N,3.0,2,700.0,0.0,2.0,1.0,1.0,1.0,3.0,0,2,1,1,1,3,0.0,0.0,0.0,0.0,0.0,0.0,0.0,0.0,0.0,0.0,0.0,0.0,0.0,0.0,0.0,1.0,1.0,1.0,1.0,0.0,1.0,1.0,1.0,1.0,1.0,1.0,1.0,1.0,2.0,1.0,15.0,15.0,49.5,49.5,1.3,1.3,5.0,5.0,13.0,42.666668,42.666668,46.0,46.0,36.0,0.0,= 2*18 + 2*5,= 2*18 + 2*5,= 2*13 + 2*5,,
Oni,16971-oni,MM (2014),239.0,https://www.dndbeyond.com/monsters/16971-oni,giant,large,generic,N,7.0,3,2900.0,4.0,0.0,3.0,2.0,1.0,2.0,4,3,6,2,4,5,0.0,0.0,0.0,0.0,0.0,0.0,0.0,0.0,0.0,0.0,0.0,0.0,0.0,0.0,0.0,1.0,1.0,1.0,1.0,1.0,1.0,1.0,1.0,1.0,1.0,1.0,1.0,1.0,0.0,1.0,16.0,16.0,110.5,140.5,4.0,4.0,7.0,7.0,13.0,44.0,44.0,72.0,30.0,30.0,0.0,= 2*36,= 2*15,= 2*15,,
Ooze Master,22622-ooze-master,TftYP,241.0,https://www.dndbeyond.com/monsters/22622-ooze-master,undead,huge,unique,N,10.0,4,5900.0,3.0,-5.0,5.0,3.0,0.0,3.0,3,-5,5,7,4,3,1.0,1.0,1.0,1.0,1.0,0.0,0.0,0.0,1.0,0.0,1.0,1.0,0.0,0.0,0.0,0.7,0.7,0.7,0.0,0.0,1.0,1.0,0.5,0.5,0.0,1.0,1.0,1.0,-5.0,2.0,9.0,9.0,138.0,276.0,2.8,2.8,7.0,7.0,15.0,78.0,78.0,76.0,79.0,79.0,0.0,= 2*22 + 23 + 9,= 25 + 22 + 23 + 9,= 25 + 22 + 23 + 9,,
Oracle,909498-oracle,MOoT,238.0,https://www.dndbeyond.com/monsters/909498-oracle,humanoid,medium,generic,N,4.0,2,1100.0,0.0,2.0,1.0,1.0,3.0,2.0,0,2,1,1,5,4,0.0,0.0,0.0,0.0,0.0,0.0,0.0,0.0,0.0,0.0,0.0,0.0,0.0,0.0,0.0,1.0,1.0,1.0,1.0,1.0,1.0,1.0,1.0,1.0,1.0,1.0,1.0,1.0,2.0,1.0,15.0,15.0,44.0,44.0,2.2,2.2,5.0,9.0,,23.0,23.0,23.0,23.0,23.0,0.0,=14 + 9,=14 + 9,=14 + 9,,Assumes +4 AB from Divine Insight.
Oracle of Strixhaven,2160314-oracle-of-strixhaven,SACoC,200.0,https://www.dndbeyond.com/monsters/2160314-oracle-of-strixhaven,humanoid,medium,unique,L,15.0,5,13000.0,1.0,2.0,3.0,5.0,5.0,4.0,1,2,8,10,10,9,0.0,1.0,0.0,0.0,1.0,0.0,0.0,0.0,0.0,0.0,0.0,0.0,0.0,0.0,0.0,1.0,1.0,1.0,1.0,1.0,1.0,1.0,1.0,1.0,1.0,1.0,1.0,1.0,2.0,1.0,15.0,15.0,150.0,240.0,6.7,6.7,10.0,10.0,18.0,93.333336,93.333336,99.0,82.0,99.0,0.0,= 2*33 + 2*16.5,= 2*24.5 + 2*16.5,= 2*33 + 2*16.5,,
Orc,16972-orc,MM (2014),246.0,https://www.dndbeyond.com/monsters/16972-orc,humanoid,medium,generic,N,0.5,2,100.0,3.0,1.0,3.0,-2.0,0.0,0.0,3,1,3,-2,0,0,0.0,0.0,0.0,0.0,0.0,0.0,0.0,0.0,0.0,0.0,0.0,0.0,0.0,0.0,0.0,1.0,1.0,1.0,1.0,1.0,1.0,1.0,1.0,1.0,1.0,1.0,1.0,1.0,1.0,1.0,13.0,13.0,15.0,15.0,0.8,0.8,5.0,5.0,,11.0,11.0,11.0,11.0,11.0,0.0,= 9 + 2,= 9 + 2,= 9 + 2,,
Orc Blade of Ilneval,17293-orc-blade-of-ilneval,VGtM,183.0,https://www.dndbeyond.com/monsters/17293-orc-blade-of-ilneval,humanoid,medium,generic,N,4.0,2,1100.0,3.0,0.0,3.0,0.0,1.0,2.0,3,0,3,0,3,2,0.0,0.0,0.0,0.0,0.0,0.0,0.0,0.0,0.0,0.0,0.0,0.0,0.0,0.0,0.0,1.0,1.0,1.0,1.0,1.0,1.0,1.0,1.0,1.0,1.0,1.0,1.0,1.0,0.0,1.0,18.0,18.0,60.0,60.0,1.8,1.8,5.0,5.0,,41.0,41.0,51.0,36.0,36.0,0.0,= 2*12 + 12 + 3*5,= 2*12 + 12,= 2*12 + 12,,Assumes 3*5 damage from Ilneval’s Command.
Orc Claw of Luthic,17294-orc-claw-of-luthic,VGtM,183.0,https://www.dndbeyond.com/monsters/17294-orc-claw-of-luthic,humanoid,medium,generic,N,2.0,2,450.0,2.0,2.0,3.0,0.0,2.0,0.0,2,2,3,0,2,0,0.0,0.0,0.0,0.0,0.0,0.0,0.0,0.0,0.0,0.0,0.0,0.0,0.0,0.0,0.0,1.0,1.0,1.0,1.0,1.0,1.0,1.0,1.0,1.0,1.0,1.0,1.0,1.0,2.0,1.0,14.0,14.0,45.0,45.0,1.5,1.5,4.0,4.0,12.0,24.0,24.0,21.0,21.0,30.0,0.0,= 21,= 21,= 4*6 + 6,,Assumes +6 DPR from Aggressive.
Orc Eye of Gruumsh,17188-orc-eye-of-gruumsh,MM (2014),247.0,https://www.dndbeyond.com/monsters/17188-orc-eye-of-gruumsh,humanoid,medium,generic,N,2.0,2,450.0,3.0,1.0,3.0,-1.0,1.0,1.0,3,1,3,-1,1,1,0.0,0.0,0.0,0.0,0.0,0.0,0.0,0.0,0.0,0.0,0.0,0.0,0.0,0.0,0.0,1.0,1.0,1.0,1.0,1.0,1.0,1.0,1.0,1.0,1.0,1.0,1.0,1.0,1.0,1.0,16.0,16.0,45.0,45.0,1.3,1.3,5.0,5.0,11.0,11.0,11.0,11.0,11.0,11.0,0.0,= 11,= 11,= 11,,
Orc Hand of Yurtrus,17295-orc-hand-of-yurtrus,VGtM,184.0,https://www.dndbeyond.com/monsters/17295-orc-hand-of-yurtrus,humanoid,medium,generic,N,2.0,2,450.0,1.0,0.0,3.0,0.0,2.0,-1.0,1,0,3,0,2,-1,0.0,0.0,0.0,0.0,0.0,0.0,0.0,0.0,0.0,0.0,0.0,0.0,0.0,0.0,0.0,1.0,1.0,1.0,1.0,1.0,1.0,1.0,1.0,1.0,1.0,1.0,1.0,1.0,0.0,1.0,12.0,12.0,30.0,30.0,0.8,0.8,4.0,4.0,12.0,25.0,25.0,25.0,25.0,25.0,0.0,= 21 + 4,= 21 + 4,= 21 + 4,,Assumes +4 DPR from Aggressive.
Orc Nurtured One of Yurtrus,17296-orc-nurtured-one-of-yurtrus,VGtM,184.0,https://www.dndbeyond.com/monsters/17296-orc-nurtured-one-of-yurtrus,humanoid,medium,generic,N,0.5,2,100.0,2.0,-1.0,3.0,-2.0,0.0,-2.0,2,-1,3,-2,0,-2,0.0,0.0,0.0,0.0,0.0,0.0,0.0,0.0,0.0,0.0,0.0,0.0,0.0,0.0,0.0,1.0,1.0,1.0,1.0,1.0,1.0,1.0,1.0,1.0,1.0,1.0,1.0,1.0,-1.0,1.0,9.0,9.0,30.0,30.0,0.0,0.0,4.0,4.0,13.0,16.333334,18.333334,7.0,7.0,35.0,6.0,= 7,= 7,= 7 + 2*14,= 6,
Orc Red Fang of Shargaas,17297-orc-red-fang-of-shargaas,VGtM,185.0,https://www.dndbeyond.com/monsters/17297-orc-red-fang-of-shargaas,humanoid,medium,generic,N,3.0,2,700.0,0.0,3.0,2.0,-1.0,0.0,-1.0,0,3,2,-1,0,-1,0.0,0.0,0.0,0.0,0.0,0.0,0.0,0.0,0.0,0.0,0.0,0.0,0.0,0.0,0.0,1.0,1.0,1.0,1.0,1.0,1.0,1.0,1.0,1.0,1.0,1.0,1.0,1.0,3.0,1.0,15.0,15.0,52.0,52.0,0.5,0.5,5.0,5.0,,33.333332,33.333332,48.0,26.0,26.0,0.0,= 2*24,= 2*13,= 2*13,,
Orc War Chief,17187-orc-war-chief,MM (2014),246.0,https://www.dndbeyond.com/monsters/17187-orc-war-chief,humanoid,medium,generic,N,4.0,2,1100.0,4.0,1.0,4.0,0.0,0.0,3.0,6,1,6,0,2,3,0.0,0.0,0.0,0.0,0.0,0.0,0.0,0.0,0.0,0.0,0.0,0.0,0.0,0.0,0.0,1.0,1.0,1.0,1.0,1.0,1.0,1.0,1.0,1.0,1.0,1.0,1.0,1.0,1.0,1.0,16.0,16.0,93.5,93.5,3.0,3.0,6.0,6.0,,32.0,32.0,32.0,32.0,32.0,0.0,= 2*15 + 2,= 2*15 + 2,= 2*15 + 2,,
ORCUS,17417-orcus,OotA,245.0,https://www.dndbeyond.com/monsters/17417-orcus,fiend,huge,legacy,LL,26.0,8,90000.0,8.0,2.0,7.0,5.0,5.0,7.0,8,10,15,5,13,7,0.0,1.0,0.0,1.0,1.0,0.0,0.0,0.0,0.0,0.0,1.0,0.0,0.0,0.0,0.0,0.2,0.2,0.2,1.0,0.5,0.5,1.0,0.5,0.0,0.0,1.0,1.0,1.0,2.0,1.25,20.0,20.0,405.0,618.8,9.7,13.7,18.0,18.0,,218.33333,218.33333,235.0,185.0,235.0,0.0,= 2*34 + 3*39 + 50,= 2*34 + 3*39,= 2*34 + 3*39 + 50,,Assumes 50 damage on two rounds from power word kill lair actions.
Orcus,17417-orcus,MToF,153.0,https://www.dndbeyond.com/monsters/17417-orcus,fiend,huge,legacy,LL,26.0,8,90000.0,8.0,2.0,7.0,5.0,5.0,7.0,8,10,15,5,13,7,0.0,1.0,0.0,1.0,1.0,0.0,0.0,0.0,0.0,0.0,1.0,0.0,0.0,0.0,0.0,0.2,0.2,0.2,1.0,0.5,0.5,1.0,0.5,0.0,0.0,1.0,1.0,1.0,2.0,1.25,20.0,20.0,405.0,618.8,9.7,13.7,18.0,18.0,,160.5,177.16667,160.5,160.5,160.5,50.0,= 2*34.5 + 3*30.5,= 2*34.5 + 3*30.5,= 2*34.5 + 3*30.5,= 50,Assumes +50 damage from lair actions.
Orcus,2560897-orcus,MPMotM,204.0,https://www.dndbeyond.com/monsters/2560897-orcus,fiend,huge,unique,LL,26.0,8,90000.0,8.0,2.0,7.0,5.0,5.0,7.0,8,10,15,5,13,7,0.0,1.0,0.0,1.0,1.0,0.0,0.0,0.0,0.0,0.0,1.0,0.0,0.0,0.0,0.0,0.2,0.2,0.2,1.0,0.5,0.5,1.0,0.5,0.0,0.0,1.0,1.0,1.0,2.0,1.25,20.0,20.0,405.0,618.8,9.7,13.7,18.0,18.0,,204.0,220.66667,204.0,204.0,204.0,50.0,= 3*37.5 + 3*30.5,= 3*37.5 + 3*30.5,= 3*37.5 + 3*30.5,= 50,Assumes +50 damage from lair actions.
Oread,909499-oread,MOoT,237.0,https://www.dndbeyond.com/monsters/909499-oread,fey,medium,generic,N,4.0,2,1100.0,2.0,2.0,1.0,0.0,1.0,4.0,2,2,1,0,1,4,0.0,1.0,0.0,0.0,1.0,0.0,0.0,0.0,0.0,0.0,1.0,0.0,0.0,0.0,0.0,1.0,1.0,1.0,1.0,1.0,0.0,1.0,1.0,1.0,0.0,1.0,1.0,1.0,2.0,1.0,16.0,16.0,49.5,49.5,1.7,5.7,6.0,6.0,,25.666666,25.666666,37.0,20.0,20.0,0.0,= 3*7 + 16,= 2*10,= 2*10,,
Oreioth,17454-oreioth,PotA,211.0,https://www.dndbeyond.com/monsters/17454-oreioth,humanoid,medium,unique,N,2.0,2,450.0,-1.0,1.0,2.0,3.0,-1.0,0.0,-1,1,2,3,1,0,0.0,0.0,0.0,0.0,0.0,0.0,0.0,0.0,0.0,0.0,0.0,0.0,0.0,0.0,0.0,1.0,1.0,1.0,1.0,1.0,1.0,1.0,1.0,1.0,1.0,1.0,1.0,1.0,1.0,1.0,14.0,14.0,39.0,50.0,1.0,1.0,5.0,5.0,13.0,25.5,25.5,25.5,25.5,25.5,0.0,= 17*1.5,= 17*1.5,= 17*1.5,,Assumes +11 hp from casting false life before combat. 50% increase in damage for magic missile to account for increased chance to hit.
Oriq Blood Mage,2160315-oriq-blood-mage,SACoC,201.0,https://www.dndbeyond.com/monsters/2160315-oriq-blood-mage,humanoid,medium,generic,N,9.0,4,5000.0,0.0,2.0,4.0,5.0,1.0,1.0,0,2,8,9,5,5,0.0,0.0,0.0,1.0,0.0,0.0,0.0,0.0,0.0,0.0,0.0,0.0,0.0,0.0,0.0,1.0,1.0,1.0,1.0,1.0,1.0,1.0,1.0,0.5,1.0,1.0,1.0,1.0,2.0,1.0,16.0,16.0,127.5,167.5,4.8,4.8,9.0,9.0,17.0,65.666664,65.666664,77.0,43.0,77.0,0.0,= 2*38.5,= 2*21.5,= 2*38.5,,Assumes +4*10 from Blood Boil.
Oriq Recruiter,2160316-oriq-recruiter,SACoC,202.0,https://www.dndbeyond.com/monsters/2160316-oriq-recruiter,humanoid,medium,generic,N,4.0,2,1100.0,0.0,2.0,1.0,3.0,2.0,4.0,0,2,1,5,4,6,0.0,1.0,0.0,0.0,1.0,0.0,0.0,0.0,0.0,0.0,0.0,0.0,0.0,0.0,0.0,1.0,1.0,1.0,1.0,1.0,1.0,1.0,1.0,1.0,1.0,0.5,1.0,1.0,2.0,1.0,16.0,16.0,55.0,55.0,3.0,3.0,6.0,6.0,14.0,43.0,43.0,43.0,43.0,43.0,0.0,= 2*21.5,= 2*21.5,= 2*21.5,,
Orog,17189-orog,MM (2014),247.0,https://www.dndbeyond.com/monsters/17189-orog,humanoid,medium,generic,N,2.0,2,450.0,4.0,1.0,4.0,1.0,0.0,1.0,4,1,4,1,0,1,0.0,0.0,0.0,0.0,0.0,0.0,0.0,0.0,0.0,0.0,0.0,0.0,0.0,0.0,0.0,1.0,1.0,1.0,1.0,1.0,1.0,1.0,1.0,1.0,1.0,1.0,1.0,1.0,1.0,1.0,18.0,18.0,42.5,42.5,1.8,1.8,6.0,6.0,,21.0,21.0,21.0,21.0,21.0,0.0,= 2*10.5,= 2*10.5,= 2*10.5,,
Orthon,95094-orthon,MToF,169.0,https://www.dndbeyond.com/monsters/95094-orthon,fiend,large,legacy,N,10.0,4,5900.0,6.0,3.0,5.0,2.0,2.0,3.0,6,7,9,2,6,3,0.0,1.0,0.0,1.0,0.0,0.0,0.0,0.0,0.0,0.0,1.0,0.0,0.0,0.0,0.0,0.8,0.8,0.8,1.0,0.5,0.0,1.0,1.0,1.0,0.0,1.0,1.0,1.0,3.0,1.5,17.0,21.0,105.0,187.5,5.5,9.5,10.0,12.0,17.0,38.666668,50.666668,36.0,40.0,40.0,36.0,= 14 + 22,= 14 + 2*13,= 14 + 2*13,= 2*18,Assumes +2*10 HP from Paralysis option. Assumes +4 AC from Invisibility Field (invisible). Assumes +2 AB from Invisibility Field.
Orthon,2560898-orthon,MPMotM,205.0,https://www.dndbeyond.com/monsters/2560898-orthon,fiend,large,generic,N,10.0,4,5900.0,6.0,3.0,5.0,2.0,2.0,3.0,6,7,9,2,6,3,0.0,1.0,0.0,1.0,0.0,0.0,0.0,0.0,0.0,0.0,1.0,0.0,0.0,0.0,0.0,0.8,0.8,0.8,1.0,0.5,0.0,1.0,1.0,1.0,0.0,1.0,1.0,1.0,3.0,1.5,17.0,21.0,105.0,187.5,5.5,9.5,10.0,11.0,17.0,37.333332,49.333332,36.0,40.0,36.0,36.0,= 14 + 22,= 14 + 2*13,= 14 + 22,= 2*18,Assumes +2*10 HP from Paralysis option. Assumes +4 AC from Invisibility Field (invisible). Assumes +4 SB from Invisibility Field. Assumes +1 AB from Invisibility Field.
Orzhov Giant,175944-orzhov-giant,GGtR,202.0,https://www.dndbeyond.com/monsters/175944-orzhov-giant,giant,large,generic,N,6.0,3,2300.0,6.0,1.0,5.0,1.0,1.0,-1.0,6,4,8,1,4,-1,0.0,0.0,0.0,0.0,0.0,0.0,0.0,0.0,0.0,0.0,0.0,0.0,0.0,0.0,0.0,1.0,1.0,1.0,1.0,1.0,1.0,1.0,1.0,1.0,1.0,1.0,1.0,1.0,1.0,1.0,18.0,18.0,84.0,84.0,3.7,3.7,9.0,11.0,,50.0,50.0,50.0,50.0,50.0,0.0,=2*25,=2*25,=2*25,,Assumes +2 AB from Focus.
Oshundo the Alhoon,3805761-oshundo-the-alhoon,PaBTSO,153.0,https://www.dndbeyond.com/monsters/3805761-oshundo-the-alhoon,undead,medium,unique,N,10.0,4,5900.0,0.0,1.0,3.0,4.0,3.0,3.0,0,1,7,8,7,7,0.0,1.0,0.0,1.0,1.0,0.0,0.0,0.0,1.0,0.0,1.0,0.0,0.0,0.0,0.0,1.0,1.0,1.0,1.0,0.5,1.0,1.0,0.5,0.5,0.0,1.0,1.0,1.0,1.0,1.5,15.0,17.0,150.0,150.0,5.0,14.0,8.0,8.0,16.0,52.0,65.86667,44.0,56.0,56.0,41.6,=2*22,= 2*28,= 2*28,= SUM(BL1741:BN1741)*(4/15),Assumes +2 AC from flying. Assumes +5 SB from Negate Spell. Assumes +26% DPR from Thundering Blast (Stunned).
Otherworldly Corrupter,3960627-otherworldly-corrupter,TBoMT,47.0,https://www.dndbeyond.com/monsters/3960627-otherworldly-corrupter,aberration,medium,legendary,L,17.0,6,18000.0,1.0,6.0,3.0,6.0,4.0,5.0,1,12,3,12,4,5,0.0,1.0,0.0,0.0,1.0,0.0,0.0,0.0,0.0,0.0,0.0,0.0,0.0,0.0,0.0,1.0,1.0,1.0,1.0,1.0,1.0,1.0,1.0,1.0,1.0,0.5,1.0,1.0,6.0,1.0,19.0,19.0,217.5,352.5,6.2,6.2,12.0,12.0,20.0,109.5,131.5,109.5,109.5,109.5,66.0,= 3*24.5 + 2*18,= 3*24.5 + 2*18,= 3*24.5 + 2*18,= 66,Assumes +15 HP per round from Uncanny Dodge. Assumes +66 damage from Debilitating Touch.
Otherworldly Corrupter,3960627-otherworldly-corrupter,TBoMT,47.0,https://www.dndbeyond.com/monsters/3960627-otherworldly-corrupter,aberration,medium,legendary,LL,18.0,6,20000.0,1.0,6.0,3.0,6.0,4.0,5.0,1,12,3,12,4,5,0.0,1.0,0.0,0.0,1.0,0.0,0.0,0.0,0.0,0.0,0.0,0.0,0.0,0.0,0.0,1.0,1.0,1.0,1.0,1.0,1.0,1.0,1.0,1.0,1.0,0.5,1.0,1.0,6.0,1.0,19.0,19.0,217.5,352.5,6.2,6.2,12.0,12.0,20.0,128.16667,150.16667,137.5,109.5,137.5,66.0,= 3*24.5 + 2*18 + 2*14,= 3*24.5 + 2*18,= 3*24.5 + 2*18 + 2*14,= 66,Assumes +15 HP per round from Uncanny Dodge. Assumes +66 damage from Debilitating Touch.
Otto,268341-otto,WDotMM,96.0,https://www.dndbeyond.com/monsters/268341-otto,dragon,large,unique,N,3.0,2,700.0,4.0,5.0,1.0,2.0,1.0,3.0,4,5,1,2,1,3,0.0,0.0,0.0,0.0,0.0,0.0,0.0,0.0,0.0,0.0,0.0,0.0,0.0,0.0,0.0,1.0,1.0,1.0,1.0,1.0,1.0,1.0,1.0,1.0,1.0,1.0,1.0,1.0,5.0,1.0,15.0,17.0,104.0,104.0,2.7,6.7,7.0,7.0,,11.0,11.0,11.0,11.0,11.0,0.0,= 11,= 11,= 11,,
Otyugh,16973-otyugh,MM (2014),248.0,https://www.dndbeyond.com/monsters/16973-otyugh,aberration,large,generic,N,5.0,3,1800.0,3.0,0.0,4.0,-2.0,1.0,-2.0,3,0,7,-2,1,-2,0.0,0.0,0.0,0.0,0.0,0.0,0.0,0.0,0.0,0.0,0.0,0.0,0.0,0.0,0.0,1.0,1.0,1.0,1.0,1.0,1.0,1.0,1.0,1.0,1.0,1.0,1.0,1.0,0.0,1.0,14.0,14.0,114.0,114.0,1.2,1.2,6.0,6.0,14.0,36.0,36.0,36.0,36.0,36.0,0.0,= 12 + 2*12,= 12 + 2*12,= 12 + 2*12,,
Otyugh Mutate,3805762-otyugh-mutate,PaBTSO,213.0,https://www.dndbeyond.com/monsters/3805762-otyugh-mutate,aberration,large,generic,N,6.0,3,2300.0,4.0,0.0,4.0,0.0,2.0,-2.0,7,0,7,0,2,-2,0.0,0.0,0.0,0.0,0.0,0.0,0.0,0.0,0.0,0.0,1.0,0.0,0.0,0.0,0.0,1.0,1.0,1.0,1.0,1.0,1.0,1.0,1.0,1.0,0.0,1.0,1.0,1.0,0.0,1.0,16.0,16.0,76.0,106.0,2.3,2.3,7.0,7.0,15.0,29.5,33.0,29.5,29.5,29.5,10.5,= 13 + 16.5,= 13 + 16.5,= 13 + 16.5,= 3*3.5,Assumes +10 HP per round from Chitin Slam.
Owlbear,16975-owlbear,MM (2014),249.0,https://www.dndbeyond.com/monsters/16975-owlbear,monstrosity,large,generic,N,3.0,2,700.0,5.0,1.0,3.0,-4.0,1.0,-2.0,5,1,3,-4,1,-2,0.0,0.0,0.0,0.0,0.0,0.0,0.0,0.0,0.0,0.0,0.0,0.0,0.0,0.0,0.0,1.0,1.0,1.0,1.0,1.0,1.0,1.0,1.0,1.0,1.0,1.0,1.0,1.0,1.0,1.0,13.0,13.0,59.5,59.5,0.7,0.7,7.0,7.0,,24.0,24.0,24.0,24.0,24.0,0.0,= 10 + 14,= 10 + 14,= 10 + 14,,
Ox,24001-ox,VGtM,208.0,https://www.dndbeyond.com/monsters/24001-ox,beast,large,legacy,N,0.25,2,50.0,4.0,0.0,2.0,-4.0,0.0,-3.0,4,0,2,-4,0,-3,0.0,0.0,0.0,0.0,0.0,0.0,0.0,0.0,0.0,0.0,0.0,0.0,0.0,0.0,0.0,1.0,1.0,1.0,1.0,1.0,1.0,1.0,1.0,1.0,1.0,1.0,1.0,1.0,0.0,1.0,10.0,10.0,15.0,15.0,-0.2,-0.2,6.0,6.0,,9.833333,9.833333,14.5,7.5,7.5,0.0,= 14.5,= 7.5,= 7.5,,
Ox,2560899-ox,MPMotM,72.0,https://www.dndbeyond.com/monsters/2560899-ox,beast,large,generic,N,0.25,2,50.0,4.0,0.0,2.0,-4.0,0.0,-3.0,4,0,2,-4,0,-3,0.0,0.0,0.0,0.0,0.0,0.0,0.0,0.0,0.0,0.0,0.0,0.0,0.0,0.0,0.0,1.0,1.0,1.0,1.0,1.0,1.0,1.0,1.0,1.0,1.0,1.0,1.0,1.0,0.0,1.0,10.0,10.0,15.0,15.0,-0.2,-0.2,6.0,6.0,,9.833333,9.833333,14.5,7.5,7.5,0.0,= 14.5,= 7.5,= 7.5,,
Panther,16976-panther,MM (2014),333.0,https://www.dndbeyond.com/monsters/16976-panther,beast,medium,generic,N,0.25,2,50.0,2.0,2.0,0.0,-4.0,2.0,-2.0,2,2,0,-4,2,-2,0.0,0.0,0.0,0.0,0.0,0.0,0.0,0.0,0.0,0.0,0.0,0.0,0.0,0.0,0.0,1.0,1.0,1.0,1.0,1.0,1.0,1.0,1.0,1.0,1.0,1.0,1.0,1.0,2.0,1.0,12.0,12.0,13.5,13.5,0.0,0.0,4.0,4.0,,7.0,7.0,10.0,5.5,5.5,0.0,= 4.5 + 5.5,= 5.5,= 5.5,,
Pari,2739100-pari,JttRC,167.0,https://www.dndbeyond.com/monsters/2739100-pari,celestial,medium,generic,N,13.0,5,10000.0,5.0,5.0,5.0,5.0,6.0,6.0,5,5,10,5,11,11,0.0,1.0,0.0,1.0,1.0,0.0,0.0,0.0,0.0,0.0,0.0,0.0,0.0,0.0,0.0,0.7,0.7,0.7,1.0,1.0,0.5,1.0,1.0,1.0,1.0,1.0,0.5,1.0,5.0,1.25,16.0,16.0,180.5,225.6,7.8,11.8,10.0,10.0,,67.5,67.5,67.5,67.5,67.5,0.0,= 3*22.5,= 3*22.5,= 3*22.5,,
Pazrodine,3960628-pazrodine,TBoMT,113.0,https://www.dndbeyond.com/monsters/3960628-pazrodine,dragon,gargantuan,unique,L,21.0,7,33000.0,6.0,4.0,6.0,5.0,6.0,8.0,6,4,6,12,13,15,0.0,1.0,0.0,0.0,0.0,0.0,0.0,0.0,0.0,0.0,0.0,0.0,0.0,0.0,0.0,1.0,1.0,1.0,1.0,1.0,1.0,1.0,1.0,1.0,1.0,1.0,1.0,1.0,4.0,1.0,20.0,20.0,330.0,420.0,9.3,9.3,13.0,13.0,21.0,107.833336,107.833336,152.5,85.5,85.5,0.0,= 2*60.5 + 3*10.5,= 28 + 2*13 + 3*10.5,= 28 + 2*13 + 3*10.5,,
Pazrodine,3960628-pazrodine,TBoMT,113.0,https://www.dndbeyond.com/monsters/3960628-pazrodine,dragon,gargantuan,unique,LL,22.0,7,41000.0,6.0,4.0,6.0,5.0,6.0,8.0,6,4,6,12,13,15,0.0,1.0,0.0,0.0,0.0,0.0,0.0,0.0,0.0,0.0,0.0,0.0,0.0,0.0,0.0,1.0,1.0,1.0,1.0,1.0,1.0,1.0,1.0,1.0,1.0,1.0,1.0,1.0,4.0,1.0,20.0,20.0,330.0,420.0,9.3,9.3,13.0,13.0,21.0,107.833336,122.166664,152.5,85.5,85.5,43.0,= 2*60.5 + 3*10.5,= 28 + 2*13 + 3*10.5,= 28 + 2*13 + 3*10.5,= 34 + 9,"Assumes +34 damage from Overwhelming Senses, and +9 damage from Banish into Dream."
Pech,4353901-pech,QftIS,213.0,https://www.dndbeyond.com/monsters/4353901-pech,elemental,small,generic,N,4.0,2,1100.0,4.0,0.0,4.0,0.0,2.0,0.0,4,0,6,0,4,0,0.0,0.0,0.0,0.0,0.0,0.0,0.0,0.0,0.0,1.0,0.0,0.0,0.0,0.0,0.0,1.0,1.0,1.0,1.0,1.0,1.0,1.0,1.0,1.0,1.0,1.0,1.0,1.0,0.0,1.0,17.0,17.0,82.5,82.5,2.3,6.3,6.0,6.0,,22.0,22.0,22.0,22.0,22.0,0.0,= 2*11,= 2*11,= 2*11,,
Pegasus,16977-pegasus,MM (2014),250.0,https://www.dndbeyond.com/monsters/16977-pegasus,celestial,large,generic,N,2.0,2,450.0,4.0,2.0,3.0,0.0,2.0,1.0,4,4,3,0,4,3,0.0,0.0,0.0,0.0,0.0,0.0,0.0,0.0,0.0,0.0,0.0,0.0,0.0,0.0,0.0,1.0,1.0,1.0,1.0,1.0,1.0,1.0,1.0,1.0,1.0,1.0,1.0,1.0,2.0,1.0,12.0,12.0,59.5,59.5,3.0,3.0,6.0,6.0,,11.0,11.0,11.0,11.0,11.0,0.0,= 11,= 11,= 11,,
Pentadrone,17179-pentadrone,MM (2014),226.0,https://www.dndbeyond.com/monsters/17179-pentadrone,construct,large,generic,N,2.0,2,450.0,2.0,2.0,1.0,0.0,0.0,1.0,2,2,1,0,0,1,0.0,0.0,0.0,0.0,0.0,0.0,0.0,0.0,0.0,0.0,0.0,0.0,0.0,0.0,0.0,1.0,1.0,1.0,1.0,1.0,1.0,1.0,1.0,1.0,1.0,1.0,1.0,1.0,2.0,1.0,16.0,16.0,32.5,32.5,1.0,1.0,4.0,4.0,,27.5,27.5,27.5,27.5,27.5,0.0,= 5*5.5,= 5*5.5,= 5*5.5,,
Peryton,17190-peryton,MM (2014),251.0,https://www.dndbeyond.com/monsters/17190-peryton,monstrosity,medium,generic,N,2.0,2,450.0,3.0,1.0,1.0,-1.0,1.0,0.0,3,1,1,-1,1,0,0.0,0.0,0.0,0.0,0.0,0.0,0.0,0.0,0.0,0.0,0.0,0.0,0.0,0.0,0.0,0.7,0.7,0.7,1.0,1.0,1.0,1.0,1.0,1.0,1.0,1.0,1.0,1.0,1.0,2.0,13.0,13.0,33.0,33.0,0.8,0.8,5.0,5.0,,24.5,24.5,24.5,24.5,24.5,0.0,= 16.5 + 8,= 16.5 + 8,= 16.5 + 8,,
Pest Mascot,2160317-pest-mascot,SACoC,203.0,https://www.dndbeyond.com/monsters/2160317-pest-mascot,monstrosity,tiny,generic,N,0.25,2,50.0,0.0,2.0,3.0,-3.0,1.0,-3.0,0,2,3,-3,1,-3,0.0,0.0,0.0,0.0,0.0,0.0,0.0,0.0,0.0,0.0,0.0,0.0,0.0,0.0,0.0,1.0,1.0,1.0,1.0,1.0,1.0,1.0,1.0,1.0,1.0,1.0,1.0,1.0,2.0,1.0,13.0,13.0,22.0,37.0,0.0,0.0,4.0,4.0,,4.5,4.5,4.5,4.5,4.5,0.0,= 4.5,= 4.5,= 4.5,,
Phantom Warrior,17368-phantom-warrior,CoS,235.0,https://www.dndbeyond.com/monsters/17368-phantom-warrior,undead,medium,generic,N,3.0,2,700.0,3.0,0.0,3.0,-1.0,0.0,2.0,3,0,3,-1,0,2,0.0,1.0,0.0,1.0,1.0,1.0,0.0,0.0,1.0,1.0,1.0,1.0,1.0,0.0,0.0,0.7,0.7,0.7,1.0,0.0,1.0,1.0,1.0,0.0,0.0,1.0,1.0,1.0,0.0,2.0,16.0,16.0,45.0,90.0,1.2,1.2,5.0,5.0,,14.0,14.0,14.0,14.0,14.0,0.0,= 2*7,= 2*7,= 2*7,,
Pharblex Spattergoo,17475-pharblex-spattergoo,HotDQ,91.0,https://www.dndbeyond.com/monsters/17475-pharblex-spattergoo,humanoid,medium,unique,N,3.0,2,700.0,2.0,1.0,4.0,0.0,3.0,-2.0,4,1,6,0,3,-2,0.0,0.0,0.0,0.0,0.0,0.0,0.0,0.0,0.0,0.0,0.0,0.0,0.0,0.0,0.0,1.0,1.0,1.0,1.0,1.0,1.0,1.0,1.0,1.0,1.0,1.0,1.0,1.0,1.0,1.0,15.0,15.0,59.5,59.5,2.0,2.0,5.0,5.0,13.0,36.0,36.0,36.0,36.0,36.0,0.0,= 2*18,= 2*18,= 2*18,,
Phase Spider,16978-phase-spider,MM (2014),334.0,https://www.dndbeyond.com/monsters/16978-phase-spider,monstrosity,large,generic,N,3.0,2,700.0,2.0,2.0,1.0,-2.0,0.0,-2.0,2,2,1,-2,0,-2,0.0,0.0,0.0,0.0,0.0,0.0,0.0,0.0,0.0,0.0,0.0,0.0,0.0,0.0,0.0,1.0,1.0,1.0,1.0,1.0,1.0,1.0,1.0,1.0,1.0,1.0,1.0,1.0,2.0,1.0,13.0,13.0,32.5,65.0,0.2,0.2,4.0,4.0,11.0,25.0,25.0,25.0,25.0,25.0,0.0,= 25,= 25,= 25,,Assumes hp doubles from Etherial Jaunt.
Phisarazu Spyder-Fiend,4468334-phisarazu-spyder-fiend,VEoR,235.0,https://www.dndbeyond.com/monsters/4468334-phisarazu-spyder-fiend,fiend,large,generic,N,13.0,5,10000.0,4.0,2.0,3.0,0.0,2.0,1.0,4,7,8,0,7,1,0.0,0.0,0.0,0.0,0.0,0.0,0.0,0.0,0.0,0.0,1.0,0.0,0.0,0.0,0.0,0.7,0.7,0.7,1.0,0.5,0.5,1.0,0.5,1.0,0.0,1.0,1.0,1.0,2.0,1.25,17.0,17.0,170.0,212.5,4.5,8.5,9.0,9.0,16.0,60.666668,78.666664,46.0,68.0,68.0,54.0,= 24 + 1*22,= 24 + 2*22,= 24 + 2*22,= 54,Assumes +54 damage from Scintillating Spray.
Phoenix,97297-phoenix,MToF,199.0,https://www.dndbeyond.com/monsters/97297-phoenix,elemental,gargantuan,legacy,L,16.0,5,15000.0,4.0,8.0,7.0,-4.0,5.0,4.0,4,8,7,-4,10,9,0.0,0.0,0.0,1.0,0.0,1.0,0.0,0.0,1.0,1.0,1.0,1.0,1.0,1.0,0.0,0.7,0.7,0.7,1.0,1.0,0.0,1.0,1.0,1.0,0.0,1.0,1.0,1.0,8.0,1.25,18.0,18.0,175.0,331.3,5.7,5.7,13.0,13.0,20.0,91.666664,124.666664,77.0,77.0,121.0,99.0,= 15 + 17 + 3*15,= 15 + 17 + 3*15,= 15 + 17 + 3*15 + 2*22,= 6*5.5 + 3*4*5.5,"Assumes +2*5.5 DPR from Fire Form, and +6*5.5 damage rom Beak."
Phoenix,2560900-phoenix,MPMotM,206.0,https://www.dndbeyond.com/monsters/2560900-phoenix,elemental,gargantuan,legendary,L,16.0,5,15000.0,4.0,8.0,7.0,-4.0,5.0,4.0,4,8,7,-4,10,9,0.0,0.0,0.0,1.0,0.0,1.0,0.0,0.0,1.0,1.0,1.0,1.0,1.0,1.0,0.0,0.7,0.7,0.7,1.0,1.0,0.0,1.0,1.0,1.0,0.0,1.0,1.0,1.0,8.0,1.25,18.0,18.0,175.0,331.3,5.7,5.7,13.0,13.0,20.0,91.666664,102.666664,77.0,77.0,121.0,33.0,= 15 + 17 + 3*15,= 15 + 17 + 3*15,= 15 + 17 + 3*15 + 2*22,= 3*2*5.5,Assumes 2*5.5 DPR from Fire Form.
Phylaskia,909500-phylaskia,MOoT,239.0,https://www.dndbeyond.com/monsters/909500-phylaskia,undead,large,generic,N,9.0,4,5000.0,5.0,2.0,4.0,0.0,3.0,2.0,5,2,8,0,7,2,1.0,1.0,1.0,1.0,1.0,0.0,0.0,0.0,0.0,0.0,1.0,0.0,0.0,0.0,0.0,1.0,1.0,1.0,1.0,1.0,1.0,1.0,1.0,0.0,0.0,1.0,1.0,1.0,2.0,1.0,18.0,18.0,104.5,118.5,4.0,4.0,9.0,9.0,,66.0,66.0,66.0,66.0,66.0,0.0,= 2*27 + 12,= 2*27 + 12,= 2*27 + 12,,
Pidlwick II,17369-pidlwick-ii,CoS,236.0,https://www.dndbeyond.com/monsters/17369-pidlwick-ii,construct,small,unique,N,0.25,2,50.0,0.0,2.0,0.0,-1.0,1.0,0.0,0,2,0,-1,1,0,0.0,0.0,0.0,0.0,0.0,0.0,0.0,0.0,1.0,1.0,1.0,0.0,0.0,0.0,0.0,1.0,1.0,1.0,1.0,1.0,1.0,1.0,1.0,1.0,0.0,1.0,1.0,1.0,2.0,1.0,14.0,14.0,10.5,10.5,0.3,0.3,4.0,5.0,,4.0,4.0,4.0,4.0,4.0,0.0,= 4,= 4,= 4,,
Piercer,17191-piercer,MM (2014),252.0,https://www.dndbeyond.com/monsters/17191-piercer,monstrosity,medium,generic,N,0.5,2,100.0,0.0,1.0,3.0,-5.0,-2.0,-4.0,0,1,3,-5,-2,-4,0.0,0.0,0.0,0.0,0.0,0.0,0.0,0.0,0.0,0.0,0.0,0.0,0.0,0.0,0.0,1.0,1.0,1.0,1.0,1.0,1.0,1.0,1.0,1.0,1.0,1.0,1.0,1.0,1.0,1.0,15.0,15.0,22.5,12.5,-1.2,-1.2,3.0,3.0,,7.0,7.0,21.0,0.0,0.0,0.0,= 21,= 0,= 0,,Assumes -10 hp from drop attack.
Pirate Bosun,316598-pirate-bosun,GoS,247.0,https://www.dndbeyond.com/monsters/316598-pirate-bosun,humanoid,medium,generic,N,0.5,2,100.0,3.0,0.0,1.0,0.0,0.0,1.0,3,0,1,0,0,1,0.0,0.0,0.0,0.0,0.0,0.0,0.0,0.0,0.0,0.0,0.0,0.0,0.0,0.0,0.0,1.0,1.0,1.0,1.0,1.0,1.0,1.0,1.0,1.0,1.0,1.0,1.0,1.0,0.0,1.0,12.0,12.0,27.5,27.5,0.8,0.8,5.0,5.0,,7.0,7.0,7.0,7.0,7.0,0.0,= 7,= 7,= 7,,
Pirate Captain,316600-pirate-captain,GoS,247.0,https://www.dndbeyond.com/monsters/316600-pirate-captain,humanoid,medium,generic,N,2.0,2,450.0,3.0,2.0,2.0,0.0,0.0,2.0,3,2,2,0,0,2,0.0,0.0,0.0,0.0,0.0,0.0,0.0,0.0,0.0,0.0,0.0,0.0,0.0,0.0,0.0,1.0,1.0,1.0,1.0,1.0,1.0,1.0,1.0,1.0,1.0,1.0,1.0,1.0,2.0,1.0,14.0,14.0,45.5,45.5,1.5,1.5,5.0,6.0,,14.0,14.0,14.0,14.0,14.0,0.0,= 5 + 9,= 5 + 9,= 5 + 9,,"Assumes +1 AB from Shape Up, Ye Dog."
Pirate Deck Wizard,316603-pirate-deck-wizard,GoS,248.0,https://www.dndbeyond.com/monsters/316603-pirate-deck-wizard,humanoid,medium,generic,N,1.0,2,200.0,0.0,2.0,2.0,3.0,1.0,0.0,0,2,2,3,1,0,0.0,0.0,0.0,0.0,0.0,0.0,0.0,0.0,0.0,0.0,0.0,0.0,0.0,0.0,0.0,1.0,1.0,1.0,1.0,1.0,1.0,1.0,1.0,1.0,1.0,1.0,1.0,1.0,2.0,1.0,15.0,18.0,32.5,32.5,1.3,1.3,5.0,5.0,13.0,15.0,15.0,15.0,15.0,15.0,0.0,= 15,= 15,= 15,,
Pirate First Mate,316611-pirate-first-mate,GoS,248.0,https://www.dndbeyond.com/monsters/316611-pirate-first-mate,humanoid,medium,generic,N,1.0,2,200.0,2.0,0.0,2.0,0.0,0.0,1.0,2,0,2,0,0,1,0.0,0.0,0.0,0.0,0.0,0.0,0.0,0.0,0.0,0.0,0.0,0.0,0.0,0.0,0.0,1.0,1.0,1.0,1.0,1.0,1.0,1.0,1.0,1.0,1.0,1.0,1.0,1.0,0.0,1.0,16.0,16.0,26.0,26.0,0.8,0.8,4.0,4.0,,14.0,14.0,14.0,14.0,14.0,0.0,= 2*7,= 2*7,= 2*7,,
Pit Fiend,16979-pit-fiend,MM (2014),77.0,https://www.dndbeyond.com/monsters/16979-pit-fiend,fiend,large,generic,N,20.0,6,25000.0,8.0,2.0,7.0,6.0,4.0,7.0,8,8,13,6,10,7,0.0,0.0,0.0,0.0,0.0,0.0,0.0,0.0,0.0,0.0,1.0,0.0,0.0,0.0,0.0,0.8,0.8,0.8,1.0,0.5,0.0,1.0,1.0,1.0,0.0,1.0,1.0,1.0,2.0,1.0,19.0,19.0,300.0,300.0,8.7,12.7,14.0,14.0,21.0,120.0,120.0,120.0,120.0,120.0,0.0,= 22 + 17 + 36 + 24 + 21,= 22 + 17 + 36 + 24 + 21,= 22 + 17 + 36 + 24 + 21,,
Pixie,17192-pixie,MM (2014),253.0,https://www.dndbeyond.com/monsters/17192-pixie,fey,tiny,generic,N,0.25,2,50.0,-4.0,5.0,-1.0,0.0,2.0,2.0,-4,5,-1,0,2,2,0.0,0.0,0.0,0.0,0.0,0.0,0.0,0.0,0.0,0.0,0.0,0.0,0.0,0.0,0.0,1.0,1.0,1.0,1.0,1.0,1.0,1.0,1.0,1.0,1.0,1.0,1.0,1.0,5.0,1.0,15.0,19.0,1.5,1.5,0.7,4.7,4.0,4.0,12.0,0.0,0.0,0.0,0.0,0.0,0.0,= 0,= 0,= 0,,Assumes +4 AC from Superior Invisibility. Assumes +4 SB from Superior Invisibility.
Planar Incarnate (Celestial Form),3883557-planar-incarnate-celestial-form,PAitM:MPP,41.0,https://www.dndbeyond.com/monsters/3883557-planar-incarnate-celestial-form,celestial,gargantuan,legendary,L,22.0,7,41000.0,8.0,0.0,8.0,2.0,5.0,5.0,8,0,8,2,5,5,0.0,1.0,0.0,1.0,1.0,1.0,0.0,0.0,1.0,1.0,1.0,0.0,1.0,1.0,1.0,0.2,0.2,0.2,1.0,1.0,1.0,1.0,1.0,0.0,0.0,1.0,0.0,1.0,0.0,1.25,20.0,20.0,333.0,528.8,4.7,8.7,15.0,15.0,20.0,120.833336,120.833336,153.5,104.5,104.5,0.0,= 2*52 + 3*16.5,= 2*27.5 + 3*16.5,= 2*27.5 + 3*16.5,,
Planar Incarnate (Fiend Form),3883558-planar-incarnate-fiend-form,PAitM:MPP,41.0,https://www.dndbeyond.com/monsters/3883558-planar-incarnate-fiend-form,fiend,gargantuan,legendary,L,22.0,7,41000.0,8.0,0.0,8.0,2.0,5.0,5.0,8,0,8,2,5,5,0.0,1.0,0.0,1.0,1.0,1.0,0.0,0.0,1.0,1.0,1.0,0.0,1.0,1.0,1.0,0.2,0.2,0.2,1.0,1.0,1.0,1.0,1.0,0.0,0.0,1.0,0.0,1.0,0.0,1.25,20.0,20.0,333.0,528.8,4.7,8.7,15.0,15.0,20.0,120.833336,120.833336,153.5,104.5,104.5,0.0,= 2*52 + 3*16.5,= 2*27.5 + 3*16.5,= 2*27.5 + 3*16.5,,
Planetar,16980-planetar,MM (2014),17.0,https://www.dndbeyond.com/monsters/16980-planetar,celestial,large,generic,N,16.0,5,15000.0,7.0,5.0,7.0,4.0,6.0,7.0,7,5,12,4,11,12,0.0,1.0,0.0,1.0,1.0,0.0,0.0,0.0,0.0,0.0,0.0,0.0,0.0,0.0,0.0,0.7,0.7,0.7,1.0,1.0,1.0,1.0,1.0,1.0,1.0,1.0,0.5,1.0,5.0,1.25,19.0,19.0,200.0,250.0,8.5,12.5,12.0,12.0,20.0,86.0,86.0,86.0,86.0,86.0,0.0,= 2*43,= 2*43,= 2*43,,
Plasmoid Boss,2821188-plasmoid-boss,SAiS:BAM,42.0,https://www.dndbeyond.com/monsters/2821188-plasmoid-boss,ooze,large,generic,N,4.0,2,1100.0,4.0,1.0,2.0,2.0,1.0,2.0,4,1,4,2,3,2,0.0,0.0,0.0,0.0,0.0,0.0,0.0,0.0,0.0,0.0,0.0,0.0,0.0,0.0,0.0,1.0,1.0,1.0,0.5,1.0,1.0,1.0,1.0,1.0,0.5,1.0,1.0,1.0,1.0,1.0,11.0,11.0,82.5,91.5,2.7,2.7,6.0,7.0,,11.0,11.0,11.0,11.0,11.0,0.0,= 11,= 11,= 11,,Assumes +3 HP per round from Uncanny Dodge. Assumes +1 AB from Pseudopod (advantage).
Plasmoid Explorer,2821189-plasmoid-explorer,SAiS:BAM,43.0,https://www.dndbeyond.com/monsters/2821189-plasmoid-explorer,ooze,medium,generic,N,0.25,2,50.0,1.0,1.0,1.0,0.0,2.0,0.0,1,1,1,0,2,0,0.0,0.0,0.0,0.0,0.0,0.0,0.0,0.0,0.0,0.0,0.0,0.0,0.0,0.0,0.0,1.0,1.0,1.0,0.5,1.0,1.0,1.0,1.0,1.0,0.5,1.0,1.0,1.0,1.0,1.0,11.0,11.0,16.5,16.5,0.8,0.8,3.0,3.0,,8.0,8.0,8.0,8.0,8.0,0.0,= 3.5 + 4.5,= 3.5 + 4.5,= 3.5 + 4.5,,
Plasmoid Warrior,2821190-plasmoid-warrior,SAiS:BAM,43.0,https://www.dndbeyond.com/monsters/2821190-plasmoid-warrior,ooze,medium,generic,N,3.0,2,700.0,3.0,2.0,2.0,0.0,0.0,0.0,3,2,2,0,0,0,0.0,0.0,0.0,0.0,0.0,0.0,0.0,0.0,0.0,0.0,0.0,0.0,0.0,0.0,0.0,1.0,1.0,1.0,0.5,1.0,1.0,1.0,1.0,1.0,0.5,1.0,1.0,1.0,2.0,1.0,16.0,16.0,71.5,71.5,1.2,1.2,5.0,5.0,,19.5,19.5,19.5,19.5,19.5,0.0,= 3*6.5,= 3*6.5,= 3*6.5,,
Plesiosaurus,16981-plesiosaurus,MM (2014),80.0,https://www.dndbeyond.com/monsters/16981-plesiosaurus,beast,large,generic,N,2.0,2,450.0,4.0,2.0,3.0,-4.0,1.0,-3.0,4,2,3,-4,1,-3,0.0,0.0,0.0,0.0,0.0,0.0,0.0,0.0,0.0,0.0,0.0,0.0,0.0,0.0,0.0,1.0,1.0,1.0,1.0,1.0,1.0,1.0,1.0,1.0,1.0,1.0,1.0,1.0,2.0,1.0,13.0,13.0,68.0,68.0,0.5,0.5,6.0,6.0,,14.5,14.5,14.5,14.5,14.5,0.0,= 14.5,= 14.5,= 14.5,,
Podling,1680935-podling,VRGtR,227.0,https://www.dndbeyond.com/monsters/1680935-podling,plant,medium,generic,N,0.5,2,100.0,2.0,0.0,2.0,0.0,0.0,0.0,2,0,2,0,0,0,0.0,1.0,0.0,0.0,1.0,0.0,0.0,0.0,0.0,0.0,0.0,0.0,0.0,0.0,0.0,1.0,1.0,1.0,1.0,1.0,1.0,1.0,1.0,1.0,1.0,1.0,1.0,1.0,0.0,1.0,10.0,10.0,26.0,26.0,0.7,0.7,4.0,4.0,,5.5,5.5,5.5,5.5,5.5,0.0,= 5.5,= 5.5,= 5.5,,
Poison Weird,273050-poison-weird,WDotMM,127.0,https://www.dndbeyond.com/monsters/273050-poison-weird,elemental,large,generic,N,4.0,2,1100.0,3.0,3.0,1.0,0.0,0.0,0.0,3,3,1,0,0,0,0.0,0.0,0.0,1.0,0.0,1.0,0.0,0.0,1.0,0.0,1.0,1.0,1.0,0.0,1.0,0.7,0.7,0.7,1.0,1.0,0.5,1.0,1.0,1.0,0.0,1.0,1.0,1.0,3.0,2.0,13.0,17.0,58.5,117.0,1.2,1.2,5.0,9.0,,23.0,23.0,23.0,23.0,23.0,0.0,= 13 + 10,= 13 + 10,= 13 + 10,,Assumes advantage from being in water or restrained target.
Poisonous Snake,16982-poisonous-snake,MM (2014),334.0,https://www.dndbeyond.com/monsters/16982-poisonous-snake,beast,tiny,generic,N,0.125,2,25.0,-4.0,3.0,0.0,-5.0,0.0,-4.0,-4,3,0,-5,0,-4,0.0,0.0,0.0,0.0,0.0,0.0,0.0,0.0,0.0,0.0,0.0,0.0,0.0,0.0,0.0,1.0,1.0,1.0,1.0,1.0,1.0,1.0,1.0,1.0,1.0,1.0,1.0,1.0,3.0,1.0,13.0,13.0,2.5,2.5,-1.7,-1.7,5.0,5.0,10.0,6.0,6.0,6.0,6.0,6.0,0.0,= 6,= 6,= 6,,
Polar Bear,16983-polar-bear,MM (2014),334.0,https://www.dndbeyond.com/monsters/16983-polar-bear,beast,large,generic,N,2.0,2,450.0,5.0,0.0,3.0,-4.0,1.0,-2.0,5,0,3,-4,1,-2,0.0,0.0,0.0,0.0,0.0,0.0,0.0,0.0,0.0,0.0,0.0,0.0,0.0,0.0,0.0,1.0,1.0,1.0,1.0,1.0,1.0,1.0,1.0,1.0,1.0,1.0,1.0,1.0,0.0,1.0,12.0,12.0,42.5,42.5,0.5,0.5,7.0,7.0,,21.5,21.5,21.5,21.5,21.5,0.0,= 9.5 + 12,= 9.5 + 12,= 9.5 + 12,,
Pollenella the Honeybee,1979800-pollenella-the-honeybee,TWBtW,135.0,https://www.dndbeyond.com/monsters/1979800-pollenella-the-honeybee,beast,tiny,unique,N,0.0,2,10.0,-5.0,3.0,-1.0,-5.0,0.0,-5.0,-5,3,-1,-5,0,-5,0.0,0.0,0.0,0.0,0.0,0.0,0.0,0.0,0.0,0.0,0.0,0.0,0.0,0.0,0.0,1.0,1.0,1.0,1.0,1.0,1.0,1.0,1.0,1.0,1.0,1.0,1.0,1.0,3.0,1.0,13.0,13.0,1.5,1.5,-2.2,-2.2,5.0,5.0,,3.0,3.0,3.0,3.0,3.0,0.0,= 3,= 3,= 3,,
Poltergeist,17202-poltergeist,MM (2014),279.0,https://www.dndbeyond.com/monsters/17202-poltergeist,undead,medium,generic,N,2.0,2,450.0,-5.0,2.0,0.0,0.0,0.0,0.0,-5,2,0,0,0,0,0.0,1.0,0.0,1.0,0.0,1.0,0.0,0.0,1.0,1.0,1.0,1.0,1.0,0.0,1.0,0.7,0.7,0.7,0.5,0.5,0.5,1.0,0.5,0.0,0.0,1.0,1.0,0.5,2.0,2.0,12.0,12.0,22.5,22.5,-0.5,-0.5,4.0,4.0,,10.5,10.5,10.5,10.5,10.5,0.0,= 10.5,= 10.5,= 10.5,,
Polukranos,909501-polukranos,MOoT,231.0,https://www.dndbeyond.com/monsters/909501-polukranos,monstrosity,gargantuan,unique,L,19.0,6,22000.0,7.0,2.0,5.0,-3.0,2.0,0.0,7,2,5,-3,2,0,0.0,0.0,0.0,0.0,0.0,0.0,0.0,0.0,0.0,0.0,0.0,0.0,0.0,0.0,0.0,1.0,1.0,1.0,0.0,1.0,1.0,1.0,1.0,1.0,1.0,1.0,1.0,1.0,2.0,1.0,17.0,17.0,232.5,322.5,2.2,2.2,13.0,13.0,21.0,164.0,164.0,164.0,164.0,164.0,0.0,= 5*18 + 3*18 + 2*10,= 5*18 + 3*18 + 2*10,= 5*18 + 3*18 + 2*10,,
Pony,16984-pony,MM (2014),335.0,https://www.dndbeyond.com/monsters/16984-pony,beast,medium,generic,N,0.125,2,25.0,2.0,0.0,1.0,-4.0,0.0,-2.0,2,0,1,-4,0,-2,0.0,0.0,0.0,0.0,0.0,0.0,0.0,0.0,0.0,0.0,0.0,0.0,0.0,0.0,0.0,1.0,1.0,1.0,1.0,1.0,1.0,1.0,1.0,1.0,1.0,1.0,1.0,1.0,0.0,1.0,10.0,10.0,11.0,11.0,-0.5,-0.5,4.0,4.0,,7.0,7.0,7.0,7.0,7.0,0.0,= 7,= 7,= 7,,
Precognitive Mage,175785-precognitive-mage,GGtR,228.0,https://www.dndbeyond.com/monsters/175785-precognitive-mage,humanoid,medium,generic,N,3.0,2,700.0,-1.0,1.0,0.0,4.0,1.0,0.0,-1,1,0,6,3,0,0.0,0.0,0.0,0.0,0.0,0.0,0.0,0.0,0.0,0.0,0.0,0.0,0.0,0.0,0.0,1.0,1.0,1.0,1.0,1.0,1.0,1.0,1.0,1.0,1.0,1.0,1.0,1.0,1.0,1.0,14.0,14.0,63.0,63.0,1.5,1.5,6.0,6.0,14.0,11.0,11.0,27.0,3.0,3.0,0.0,= 18*1.5,= 3,= 3,,
Priest,16985-priest,MM (2014),348.0,https://www.dndbeyond.com/monsters/16985-priest,humanoid,medium,generic,N,2.0,2,450.0,0.0,0.0,1.0,1.0,3.0,1.0,0,0,1,1,3,1,0.0,0.0,0.0,0.0,0.0,0.0,0.0,0.0,0.0,0.0,0.0,0.0,0.0,0.0,0.0,1.0,1.0,1.0,1.0,1.0,1.0,1.0,1.0,1.0,1.0,1.0,1.0,1.0,0.0,1.0,13.0,13.0,27.5,27.5,1.0,1.0,5.0,5.0,13.0,39.833332,39.833332,27.0,48.0,44.5,0.0,= 2*13.5,= 2*13.5 + 21,= 2*13.5 + 17.5,,
Priest of Osybus,1680942-priest-of-osybus,VRGtR,241.0,https://www.dndbeyond.com/monsters/1680942-priest-of-osybus,humanoid,medium,generic,N,6.0,3,2300.0,0.0,2.0,3.0,4.0,3.0,0.0,0,2,3,7,6,3,0.0,0.0,0.0,0.0,1.0,0.0,0.0,0.0,0.0,0.0,0.0,0.0,0.0,0.0,0.0,1.0,1.0,1.0,1.0,1.0,1.0,1.0,1.0,1.0,1.0,1.0,1.0,1.0,2.0,1.0,14.0,14.0,60.0,91.0,3.5,3.5,7.0,7.0,,44.0,44.0,44.0,44.0,44.0,0.0,= 2*17.5 + 9,= 2*17.5 + 9,= 2*17.5 + 9,,Adds the tattoo and shadow's hit points. Assumes the shadow deals damage each round.
Priest of Osybus (Deathly),1680937-priest-of-osybus-deathly,VRGtR,241.0,https://www.dndbeyond.com/monsters/1680937-priest-of-osybus-deathly,undead,medium,generic,N,7.0,3,2900.0,0.0,2.0,3.0,4.0,3.0,0.0,0,2,3,7,6,3,0.0,0.0,0.0,0.0,1.0,0.0,0.0,0.0,0.0,0.0,0.0,0.0,0.0,0.0,0.0,1.0,1.0,1.0,1.0,1.0,1.0,1.0,1.0,1.0,1.0,1.0,1.0,1.0,2.0,1.0,14.0,14.0,60.0,91.0,3.5,3.5,7.0,7.0,,60.333332,60.333332,93.0,44.0,44.0,0.0,= 3*28 + 9,= 2*17.5 + 9,= 2*17.5 + 9,,Adds the tattoo and shadow's hit points. Assumes the shadow deals damage each round.
Priest of Osybus (Dread),1680938-priest-of-osybus-dread,VRGtR,241.0,https://www.dndbeyond.com/monsters/1680938-priest-of-osybus-dread,undead,medium,generic,N,6.0,3,2300.0,0.0,2.0,3.0,4.0,3.0,0.0,0,2,3,7,6,3,0.0,0.0,0.0,0.0,1.0,0.0,0.0,0.0,0.0,0.0,0.0,0.0,0.0,0.0,0.0,1.0,1.0,1.0,1.0,1.0,1.0,1.0,1.0,1.0,1.0,1.0,1.0,1.0,2.0,1.0,14.0,16.0,60.0,91.0,3.5,3.5,7.0,7.0,,44.0,44.0,44.0,44.0,44.0,0.0,= 2*17.5 + 9,= 2*17.5 + 9,= 2*17.5 + 9,,Adds the tattoo and shadow's hit points. Assumes +2 AC from Boon of Dread (similar to Stench). Assumes the shadow deals damage each round.
Priest of Osybus (Ectoplasmic),1680939-priest-of-osybus-ectoplasmic,VRGtR,241.0,https://www.dndbeyond.com/monsters/1680939-priest-of-osybus-ectoplasmic,undead,medium,generic,N,6.0,3,2300.0,0.0,2.0,3.0,4.0,3.0,0.0,0,2,3,7,6,3,0.0,0.0,0.0,0.0,1.0,0.0,0.0,0.0,0.0,0.0,0.0,0.0,0.0,0.0,0.0,1.0,1.0,1.0,1.0,1.0,1.0,1.0,1.0,1.0,1.0,1.0,1.0,1.0,2.0,1.0,14.0,14.0,60.0,91.0,3.5,3.5,7.0,7.0,,44.0,44.0,44.0,44.0,44.0,0.0,= 2*17.5 + 9,= 2*17.5 + 9,= 2*17.5 + 9,,Adds the tattoo and shadow's hit points. Assumes the shadow deals damage each round.
Priest of Osybus (Spectral),1680940-priest-of-osybus-spectral,VRGtR,241.0,https://www.dndbeyond.com/monsters/1680940-priest-of-osybus-spectral,undead,medium,generic,N,7.0,3,2900.0,0.0,2.0,3.0,4.0,3.0,0.0,0,2,3,7,6,3,0.0,0.0,0.0,0.0,1.0,0.0,0.0,0.0,0.0,0.0,0.0,0.0,0.0,0.0,0.0,1.0,1.0,1.0,1.0,1.0,1.0,0.5,1.0,1.0,1.0,0.5,0.5,1.0,2.0,1.5,14.0,14.0,60.0,129.0,3.5,3.5,7.0,7.0,,44.0,44.0,44.0,44.0,44.0,0.0,= 2*17.5 + 9,= 2*17.5 + 9,= 2*17.5 + 9,,Adds the tattoo and shadow's hit points. Assumes the shadow deals damage each round.
Priest of Osybus (Vampiric),1680941-priest-of-osybus-vampiric,VRGtR,241.0,https://www.dndbeyond.com/monsters/1680941-priest-of-osybus-vampiric,undead,medium,generic,N,6.0,3,2300.0,0.0,2.0,3.0,4.0,3.0,0.0,0,2,3,7,6,3,0.0,0.0,0.0,0.0,1.0,0.0,0.0,0.0,0.0,0.0,0.0,0.0,0.0,0.0,0.0,1.0,1.0,1.0,1.0,1.0,1.0,1.0,1.0,1.0,1.0,1.0,1.0,1.0,2.0,1.0,14.0,14.0,60.0,115.0,3.5,3.5,7.0,7.0,,44.0,44.0,44.0,44.0,44.0,0.0,= 2*17.5 + 9,= 2*17.5 + 9,= 2*17.5 + 9,,Adds the tattoo and shadow's hit points. Assumes 3*8 hit points from Vampiric Boon. Assumes the shadow deals damage each round.
Prismari Apprentice,2160318-prismari-apprentice,SACoC,205.0,https://www.dndbeyond.com/monsters/2160318-prismari-apprentice,humanoid,medium,generic,N,2.0,2,450.0,0.0,2.0,1.0,1.0,1.0,2.0,0,4,1,1,1,4,0.0,0.0,0.0,0.0,0.0,0.0,0.0,0.0,0.0,0.0,0.0,0.0,0.0,0.0,0.0,1.0,1.0,1.0,1.0,1.0,1.0,1.0,1.0,1.0,1.0,1.0,1.0,1.0,2.0,1.0,15.0,15.0,44.0,44.0,1.8,1.8,4.0,6.0,12.0,10.5,10.5,10.5,10.5,10.5,0.0,= 10.5,= 10.5,= 10.5,,Assumes +2 AB from Surge of Artistry.
Prismari Pledgemage,2160319-prismari-pledgemage,SACoC,205.0,https://www.dndbeyond.com/monsters/2160319-prismari-pledgemage,humanoid,medium,generic,N,4.0,2,1100.0,0.0,2.0,1.0,1.0,2.0,3.0,0,4,1,1,2,5,0.0,0.0,0.0,0.0,0.0,0.0,0.0,0.0,0.0,0.0,0.0,0.0,0.0,0.0,0.0,1.0,1.0,1.0,1.0,1.0,1.0,1.0,1.0,1.0,1.0,1.0,1.0,1.0,2.0,1.0,15.0,16.0,66.0,73.0,2.2,2.2,5.0,6.0,13.0,26.0,26.0,28.0,25.0,25.0,0.0,= 28,= 2*12.5,= 2*12.5,,Assumes +7 hit points from Showstopper. Assumes +1 AB from Surge of Artistry.
Prismari Professor of Expression,2160320-prismari-professor-of-expression,SACoC,206.0,https://www.dndbeyond.com/monsters/2160320-prismari-professor-of-expression,humanoid,medium,generic,N,7.0,3,2900.0,2.0,3.0,2.0,2.0,1.0,4.0,2,6,2,5,4,7,0.0,0.0,0.0,0.0,0.0,0.0,0.0,0.0,0.0,0.0,0.0,0.0,0.0,0.0,0.0,1.0,1.0,1.0,1.0,1.0,0.5,1.0,0.5,1.0,1.0,1.0,1.0,1.0,3.0,1.0,16.0,16.0,97.5,97.5,4.3,4.3,7.0,7.0,15.0,63.333332,63.333332,84.0,53.0,53.0,0.0,= 2*35 + 2*7,= 3*13 + 2*7,= 3*13 + 2*7,,
Prismari Professor of Perfection,2160321-prismari-professor-of-perfection,SACoC,206.0,https://www.dndbeyond.com/monsters/2160321-prismari-professor-of-perfection,humanoid,medium,generic,N,7.0,3,2900.0,2.0,3.0,2.0,2.0,1.0,4.0,2,6,2,5,4,7,0.0,0.0,0.0,0.0,0.0,0.0,0.0,0.0,0.0,0.0,0.0,0.0,0.0,0.0,0.0,1.0,1.0,1.0,1.0,0.5,1.0,1.0,1.0,1.0,1.0,1.0,1.0,1.0,3.0,1.0,16.0,16.0,97.5,97.5,4.3,4.3,7.0,9.0,15.0,39.0,39.0,39.0,39.0,39.0,0.0,= 3*13,= 3*13,= 3*13,,Assumes +2 AB from Rushing Wave.
Prisoner 13,3259781-prisoner-13,KftGV,68.0,https://www.dndbeyond.com/monsters/3259781-prisoner-13,humanoid,medium,unique,N,5.0,3,1800.0,2.0,3.0,4.0,3.0,2.0,3.0,2,3,7,3,5,3,0.0,1.0,0.0,0.0,0.0,0.0,0.0,0.0,0.0,0.0,0.0,0.0,0.0,0.0,0.0,1.0,1.0,1.0,1.0,1.0,1.0,1.0,1.0,1.0,0.5,0.0,1.0,1.0,3.0,1.0,17.0,17.0,102.0,102.0,3.8,3.8,6.0,6.0,15.0,36.666668,36.666668,38.0,36.0,36.0,0.0,= 2*13 + 12,= 2*12 + 12,= 2*12 + 12,,
Prisoner 237,1123116-prisoner-237,IDRotF,160.0,https://www.dndbeyond.com/monsters/1123116-prisoner-237,humanoid,medium,unique,N,1.0,2,200.0,-1.0,1.0,2.0,3.0,0.0,2.0,-1,1,2,3,0,2,0.0,0.0,0.0,0.0,0.0,0.0,0.0,0.0,0.0,0.0,0.0,0.0,0.0,0.0,0.0,1.0,1.0,1.0,1.0,1.0,1.0,1.0,1.0,1.0,1.0,1.0,1.0,1.0,1.0,1.0,11.0,13.0,32.5,32.5,1.2,1.2,5.0,5.0,13.0,9.0,9.0,9.0,9.0,9.0,0.0,= 9,= 9,= 9,,Assumes +2 AC from two uses of counterspell.
Pseudodragon,16986-pseudodragon,MM (2014),254.0,https://www.dndbeyond.com/monsters/16986-pseudodragon,dragon,tiny,generic,N,0.25,2,50.0,-2.0,2.0,1.0,0.0,1.0,0.0,-2,2,1,0,1,0,0.0,0.0,0.0,0.0,0.0,0.0,0.0,0.0,0.0,0.0,0.0,0.0,0.0,0.0,0.0,1.0,1.0,1.0,1.0,1.0,1.0,1.0,1.0,1.0,1.0,1.0,1.0,1.0,2.0,1.0,13.0,13.0,7.0,7.0,0.3,4.3,4.0,4.0,,4.5,4.5,4.5,4.5,4.5,0.0,= 4.5,= 4.5,= 4.5,,
Psionic Ashenwight,3805763-psionic-ashenwight,PaBTSO,204.0,https://www.dndbeyond.com/monsters/3805763-psionic-ashenwight,undead,medium,generic,N,7.0,3,2900.0,4.0,1.0,2.0,3.0,2.0,-2.0,7,1,5,6,5,-2,0.0,1.0,0.0,1.0,1.0,0.0,0.0,0.0,1.0,0.0,1.0,0.0,0.0,0.0,1.0,1.0,1.0,1.0,1.0,1.0,1.0,1.0,1.0,0.5,0.5,0.5,1.0,1.0,1.0,1.5,16.0,16.0,78.0,162.0,3.7,3.7,7.0,7.0,14.0,33.0,39.0,33.0,33.0,33.0,18.0,= 2*16.5,= 2*16.5,= 2*16.5,= 2*9,Assumes +15 HP for two rounds from Psionic Crown. Assumes +9 damage for two rounds from Psionic Crown.
Psurlon,2821193-psurlon,SAiS:BAM,44.0,https://www.dndbeyond.com/monsters/2821193-psurlon,aberration,medium,generic,N,2.0,2,450.0,2.0,2.0,2.0,3.0,0.0,-2.0,2,2,2,3,0,-2,1.0,1.0,0.0,0.0,0.0,0.0,0.0,0.0,0.0,0.0,0.0,0.0,0.0,0.0,0.0,1.0,1.0,1.0,1.0,1.0,1.0,1.0,1.0,1.0,1.0,0.5,1.0,1.0,2.0,1.0,15.0,15.0,45.5,45.5,1.2,1.2,4.0,4.0,,15.5,15.5,15.5,15.5,15.5,0.0,= 6.5 + 2*4.5,= 6.5 + 2*4.5,= 6.5 + 2*4.5,,
Psurlon Leader,2821191-psurlon-leader,SAiS:BAM,45.0,https://www.dndbeyond.com/monsters/2821191-psurlon-leader,aberration,medium,generic,N,6.0,3,2300.0,3.0,2.0,3.0,5.0,0.0,-2.0,3,2,3,5,3,1,1.0,1.0,0.0,0.0,0.0,0.0,0.0,0.0,0.0,0.0,0.0,0.0,0.0,0.0,0.0,1.0,1.0,1.0,1.0,1.0,1.0,1.0,1.0,1.0,1.0,0.5,1.0,1.0,2.0,1.0,15.0,15.0,127.5,127.5,2.8,2.8,6.0,6.0,16.0,47.5,47.5,47.5,47.5,47.5,0.0,= 2*7.5 + 2*5.5 + 21.5,= 2*7.5 + 2*5.5 + 21.5,= 2*7.5 + 2*5.5 + 21.5,,
Psurlon Ringer,2821192-psurlon-ringer,SAiS:BAM,45.0,https://www.dndbeyond.com/monsters/2821192-psurlon-ringer,aberration,medium,generic,N,1.0,2,200.0,0.0,0.0,0.0,3.0,0.0,-2.0,0,0,0,3,0,-2,0.0,1.0,0.0,0.0,0.0,0.0,0.0,0.0,0.0,0.0,0.0,0.0,0.0,0.0,0.0,1.0,1.0,1.0,1.0,1.0,1.0,1.0,1.0,1.0,1.0,0.5,1.0,1.0,0.0,1.0,13.0,13.0,31.5,31.5,0.2,0.2,4.0,4.0,12.0,12.5,12.5,12.5,12.5,12.5,0.0,= 12.5,= 12.5,= 12.5,,
Psychic Gray Ooze,17186-psychic-gray-ooze,MM (2014),240.0,https://www.dndbeyond.com/monsters/17186-psychic-gray-ooze,ooze,medium,generic,N,0.5,2,100.0,1.0,-2.0,3.0,-2.0,-2.0,-4.0,1,-2,3,-2,-2,-4,1.0,1.0,1.0,1.0,1.0,0.0,0.0,0.0,0.0,0.0,0.0,1.0,0.0,0.0,0.0,1.0,1.0,1.0,0.5,0.5,0.5,1.0,1.0,1.0,1.0,1.0,1.0,1.0,-2.0,2.0,8.0,8.0,22.5,22.5,-1.0,-1.0,3.0,3.0,,11.5,11.5,11.5,11.5,11.5,0.0,= 11.5,= 11.5,= 11.5,,
Pterafolk,33242-pterafolk,ToA,229.0,https://www.dndbeyond.com/monsters/33242-pterafolk,monstrosity,large,generic,N,1.0,2,200.0,2.0,1.0,1.0,-1.0,0.0,0.0,2,1,1,-1,0,0,0.0,0.0,0.0,0.0,0.0,0.0,0.0,0.0,0.0,0.0,0.0,0.0,0.0,0.0,0.0,1.0,1.0,1.0,1.0,1.0,1.0,1.0,1.0,1.0,1.0,1.0,1.0,1.0,1.0,1.0,12.0,14.0,26.0,26.0,0.5,0.5,4.0,4.0,,18.0,18.0,18.0,18.0,18.0,0.0,= 2*9,= 2*9,= 2*9,,
Pteranodon,17093-pteranodon,MM (2014),80.0,https://www.dndbeyond.com/monsters/17093-pteranodon,beast,medium,generic,N,0.25,2,50.0,1.0,2.0,0.0,-4.0,-1.0,-3.0,1,2,0,-4,-1,-3,0.0,0.0,0.0,0.0,0.0,0.0,0.0,0.0,0.0,0.0,0.0,0.0,0.0,0.0,0.0,1.0,1.0,1.0,1.0,1.0,1.0,1.0,1.0,1.0,1.0,1.0,1.0,1.0,2.0,1.0,13.0,17.0,13.5,13.5,-0.8,-0.8,3.0,3.0,,6.0,6.0,6.0,6.0,6.0,0.0,= 6,= 6,= 6,,Assumes +4 AC from flying with Flyby.
Pudding King,17406-pudding-king,OotA,233.0,https://www.dndbeyond.com/monsters/17406-pudding-king,humanoid,small,unique,N,4.0,2,1100.0,0.0,3.0,2.0,1.0,-1.0,3.0,0,3,4,1,-1,5,0.0,0.0,0.0,0.0,0.0,0.0,0.0,0.0,0.0,0.0,1.0,0.0,0.0,0.0,0.0,1.0,1.0,1.0,0.5,1.0,1.0,1.0,1.0,1.0,0.5,1.0,1.0,1.0,3.0,1.0,16.0,18.0,49.5,65.5,2.0,2.0,6.0,6.0,14.0,38.666668,38.666668,44.0,36.0,36.0,0.0,=2*22,= 36,= 36,,Assumes +16 hp from casting 3rd level false life prior to combat.
Purple Worm,16987-purple-worm,MM (2014),255.0,https://www.dndbeyond.com/monsters/16987-purple-worm,monstrosity,gargantuan,generic,N,15.0,5,13000.0,9.0,-2.0,6.0,-5.0,-1.0,-3.0,9,-2,11,-5,4,-3,0.0,0.0,0.0,0.0,0.0,0.0,0.0,0.0,0.0,0.0,0.0,0.0,0.0,0.0,0.0,1.0,1.0,1.0,1.0,1.0,1.0,1.0,1.0,1.0,1.0,1.0,1.0,1.0,-2.0,1.0,18.0,18.0,247.5,247.5,2.3,2.3,14.0,14.0,19.0,98.0,98.0,84.0,105.0,105.0,0.0,= 22.5 + 61.5,= 22.5 + 61.5 + 21,= 22.5 + 61.5 + 21,,
Purple Wormling,17352-purple-wormling,SKT,242.0,https://www.dndbeyond.com/monsters/17352-purple-wormling,monstrosity,large,generic,N,2.0,2,450.0,3.0,-2.0,3.0,-5.0,-2.0,-4.0,3,-2,3,-5,-2,-4,0.0,0.0,0.0,0.0,0.0,0.0,0.0,0.0,0.0,0.0,0.0,0.0,0.0,0.0,0.0,1.0,1.0,1.0,1.0,1.0,1.0,1.0,1.0,1.0,1.0,1.0,1.0,1.0,-2.0,1.0,12.0,12.0,42.5,42.5,-1.2,-1.2,5.0,5.0,13.0,22.0,22.0,22.0,22.0,22.0,0.0,= 7 + 15,= 7 + 15,= 7 + 15,,
Quadrone,17178-quadrone,MM (2014),226.0,https://www.dndbeyond.com/monsters/17178-quadrone,construct,medium,generic,N,1.0,2,200.0,1.0,2.0,1.0,0.0,0.0,0.0,1,2,1,0,0,0,0.0,0.0,0.0,0.0,0.0,0.0,0.0,0.0,0.0,0.0,0.0,0.0,0.0,0.0,0.0,1.0,1.0,1.0,1.0,1.0,1.0,1.0,1.0,1.0,1.0,1.0,1.0,1.0,2.0,1.0,16.0,20.0,22.0,22.0,0.7,0.7,4.0,4.0,,20.0,20.0,20.0,20.0,20.0,0.0,= 4*5,= 4*5,= 4*5,,Assumes +4 AC from flying.
Quaggoth,17193-quaggoth,MM (2014),256.0,https://www.dndbeyond.com/monsters/17193-quaggoth,humanoid,medium,generic,N,2.0,2,450.0,3.0,1.0,3.0,-2.0,1.0,-2.0,3,1,3,-2,1,-2,0.0,0.0,0.0,0.0,0.0,0.0,0.0,0.0,0.0,0.0,1.0,0.0,0.0,0.0,0.0,1.0,1.0,1.0,1.0,1.0,1.0,1.0,1.0,1.0,0.0,1.0,1.0,1.0,1.0,1.0,13.0,13.0,45.0,45.0,0.7,0.7,5.0,5.0,,13.0,13.0,13.0,13.0,13.0,0.0,= 2*6.5,= 2*6.5,= 2*6.5,,
Quaggoth Spore Servant,17182-quaggoth-spore-servant,MM (2014),230.0,https://www.dndbeyond.com/monsters/17182-quaggoth-spore-servant,plant,medium,generic,N,1.0,2,200.0,3.0,1.0,3.0,-4.0,-2.0,-5.0,3,1,3,-4,-2,-5,1.0,1.0,0.0,0.0,1.0,0.0,0.0,0.0,1.0,0.0,1.0,0.0,0.0,0.0,0.0,1.0,1.0,1.0,1.0,1.0,1.0,1.0,1.0,1.0,0.0,1.0,1.0,1.0,1.0,1.0,13.0,13.0,45.0,45.0,-0.7,-0.7,5.0,5.0,,12.0,12.0,12.0,12.0,12.0,0.0,= 2*6,= 2*6,= 2*6,,
Quaggoth Thonot,17194-quaggoth-thonot,MM (2014),256.0,https://www.dndbeyond.com/monsters/17194-quaggoth-thonot,humanoid,medium,generic,N,3.0,2,700.0,3.0,1.0,3.0,-2.0,1.0,-2.0,3,1,3,-2,1,-2,0.0,0.0,0.0,0.0,0.0,0.0,0.0,0.0,0.0,0.0,1.0,0.0,0.0,0.0,0.0,1.0,1.0,1.0,1.0,1.0,1.0,1.0,1.0,1.0,0.0,1.0,1.0,1.0,1.0,1.0,13.0,13.0,45.0,45.0,0.7,0.7,5.0,5.0,,21.666666,21.666666,9.0,21.0,35.0,0.0,= 9,= 2*6 + 9,= 2*13 + 9,,Uses heat metal first round.
Quandrix Apprentice,2160322-quandrix-apprentice,SACoC,208.0,https://www.dndbeyond.com/monsters/2160322-quandrix-apprentice,humanoid,medium,generic,N,2.0,2,450.0,0.0,1.0,1.0,2.0,2.0,0.0,0,1,1,4,4,0,0.0,0.0,0.0,0.0,0.0,0.0,0.0,0.0,0.0,0.0,0.0,0.0,0.0,0.0,0.0,1.0,1.0,1.0,1.0,1.0,1.0,1.0,1.0,1.0,1.0,1.0,1.0,1.0,1.0,1.0,14.0,14.0,44.0,44.0,1.7,1.7,4.0,4.0,,29.0,29.0,29.0,29.0,29.0,0.0,= 2*14.5,= 2*14.5,= 2*14.5,,
Quandrix Pledgemage,2160323-quandrix-pledgemage,SACoC,208.0,https://www.dndbeyond.com/monsters/2160323-quandrix-pledgemage,humanoid,medium,generic,N,4.0,2,1100.0,0.0,2.0,1.0,3.0,2.0,0.0,0,2,1,5,4,0,0.0,0.0,0.0,0.0,0.0,0.0,0.0,0.0,0.0,0.0,0.0,0.0,0.0,0.0,0.0,1.0,1.0,1.0,1.0,1.0,1.0,1.0,1.0,1.0,1.0,1.0,1.0,1.0,2.0,1.0,15.0,15.0,66.0,66.0,2.0,2.0,5.0,5.0,13.0,37.666668,42.333332,47.0,33.0,33.0,14.0,= 2*16.5 + 2*7,= 2*16.5,= 2*16.5,= 2*7,Assumes +2*7 damage from Vortex Calculus recharging.
Quandrix Professor of Substance,2160324-quandrix-professor-of-substance,SACoC,209.0,https://www.dndbeyond.com/monsters/2160324-quandrix-professor-of-substance,humanoid,medium,generic,N,7.0,3,2900.0,0.0,2.0,2.0,4.0,2.0,1.0,0,2,5,7,5,4,0.0,0.0,0.0,0.0,0.0,0.0,0.0,0.0,0.0,0.0,0.0,0.0,0.0,0.0,0.0,1.0,1.0,1.0,1.0,1.0,1.0,0.5,1.0,1.0,1.0,1.0,1.0,1.0,2.0,1.0,15.0,17.0,104.0,124.0,3.8,3.8,7.0,7.0,,44.0,44.0,44.0,44.0,44.0,0.0,=2*22,=2*22,=2*22,,Assumes +2*10 hit points from Avoidant Translation. Assumes +2 AC from Avoidant Translation.
Quandrix Professor of Theory,2160325-quandrix-professor-of-theory,SACoC,209.0,https://www.dndbeyond.com/monsters/2160325-quandrix-professor-of-theory,humanoid,medium,generic,N,7.0,3,2900.0,0.0,2.0,2.0,4.0,2.0,1.0,0,2,5,7,5,4,0.0,1.0,0.0,0.0,1.0,0.0,0.0,0.0,0.0,0.0,0.0,0.0,0.0,0.0,0.0,1.0,1.0,1.0,1.0,1.0,1.0,1.0,1.0,1.0,1.0,0.5,1.0,1.0,2.0,1.0,15.0,15.0,97.5,157.5,3.8,3.8,7.0,7.0,15.0,32.666668,39.333332,46.0,26.0,26.0,20.0,= 2*13 + 2*10,= 2*13,= 2*13,= 2*10,Assumes +4*10 hit points from Overriding Theorem. Assumes +2*10 damage from Overriding Theorem.
Quasit,16988-quasit,MM (2014),63.0,https://www.dndbeyond.com/monsters/16988-quasit,fiend,tiny,generic,N,1.0,2,200.0,-3.0,3.0,0.0,-2.0,0.0,0.0,-3,3,0,-2,0,0,0.0,0.0,0.0,0.0,0.0,0.0,0.0,0.0,0.0,0.0,1.0,0.0,0.0,0.0,0.0,0.7,0.7,0.7,1.0,0.5,0.5,1.0,0.5,1.0,0.0,1.0,1.0,1.0,3.0,2.0,13.0,13.0,7.5,15.0,-0.3,3.7,4.0,4.0,,9.0,9.0,9.0,9.0,9.0,0.0,= 9,= 9,= 9,,
Quavilithku Spyder-Fiend,4468335-quavilithku-spyder-fiend,VEoR,236.0,https://www.dndbeyond.com/monsters/4468335-quavilithku-spyder-fiend,fiend,large,generic,N,17.0,6,18000.0,4.0,3.0,4.0,3.0,2.0,1.0,4,9,10,3,8,1,0.0,0.0,0.0,0.0,0.0,0.0,0.0,0.0,0.0,0.0,1.0,0.0,0.0,0.0,0.0,1.0,1.0,1.0,0.0,0.5,0.5,1.0,0.5,1.0,0.0,1.0,1.0,1.0,3.0,1.0,19.0,19.0,256.5,256.5,5.8,9.8,10.0,12.0,18.0,72.666664,72.666664,88.0,65.0,65.0,0.0,= 2*44,= 2*32.5,= 2*32.5,,Assumes +2 AB from Assess Weakness.
Quenthel Baenre,301053-quenthel-baenre,OotA,204.0,https://www.dndbeyond.com/monsters/301053-quenthel-baenre,humanoid,medium,unique,N,22.0,7,41000.0,0.0,2.0,1.0,4.0,5.0,4.0,0,2,8,4,12,11,0.0,0.0,0.0,0.0,0.0,0.0,0.0,0.0,0.0,0.0,0.0,0.0,0.0,0.0,0.0,1.0,1.0,1.0,1.0,1.0,1.0,1.0,1.0,1.0,1.0,1.0,1.0,1.0,2.0,1.0,19.0,19.0,132.0,244.0,6.2,6.2,12.0,12.0,20.0,75.0,75.0,75.0,75.0,75.0,0.0,= 75,= 75,= 75,,Assumes +28 hp from death ward and +28 hp each round from regenerate (Undead Fortitude).
Quetzalcoatlus,17242-quetzalcoatlus,VGtM,140.0,https://www.dndbeyond.com/monsters/17242-quetzalcoatlus,beast,huge,legacy,N,2.0,2,450.0,2.0,1.0,1.0,-4.0,0.0,-3.0,2,1,1,-4,0,-3,0.0,0.0,0.0,0.0,0.0,0.0,0.0,0.0,0.0,0.0,0.0,0.0,0.0,0.0,0.0,1.0,1.0,1.0,1.0,1.0,1.0,1.0,1.0,1.0,1.0,1.0,1.0,1.0,1.0,1.0,13.0,15.0,30.0,30.0,-0.5,-0.5,4.0,4.0,,12.5,23.0,12.5,12.5,12.5,31.5,= 12.5,= 12.5,= 12.5,= 3*10.5,Assumes +10.5 DPR from Bite.
Quetzalcoatlus,2560901-quetzalcoatlus,MPMotM,96.0,https://www.dndbeyond.com/monsters/2560901-quetzalcoatlus,beast,huge,generic,N,2.0,2,450.0,2.0,1.0,1.0,-4.0,0.0,-3.0,2,1,1,-4,0,-3,0.0,0.0,0.0,0.0,0.0,0.0,0.0,0.0,0.0,0.0,0.0,0.0,0.0,0.0,0.0,1.0,1.0,1.0,1.0,1.0,1.0,1.0,1.0,1.0,1.0,1.0,1.0,1.0,1.0,1.0,13.0,15.0,30.0,30.0,-0.5,-0.5,4.0,4.0,,12.5,23.0,12.5,12.5,12.5,31.5,= 12.5,= 12.5,= 12.5,= 3*10.5,Assumes +10.5 DPR from Bite.
Quickling,2556176-quickling,MPMotM,208.0,https://www.dndbeyond.com/monsters/2556176-quickling,fey,tiny,generic,N,1.0,2,200.0,-3.0,6.0,1.0,0.0,1.0,-2.0,-3,6,1,0,1,-2,0.0,0.0,0.0,0.0,0.0,0.0,0.0,0.0,0.0,0.0,0.0,0.0,0.0,0.0,0.0,1.0,1.0,1.0,1.0,1.0,1.0,1.0,1.0,1.0,1.0,1.0,1.0,1.0,6.0,1.0,16.0,21.0,10.5,10.5,0.5,0.5,8.0,8.0,,25.5,25.5,25.5,25.5,25.5,0.0,= 3*8.5,= 3*8.5,= 3*8.5,,"Assumes +4 AC from Blurred Movement, and +1 AC from Evasion."
Quickling,2556176-quickling,VGtM,187.0,https://www.dndbeyond.com/monsters/2556176-quickling,fey,tiny,legacy,N,1.0,2,200.0,-3.0,6.0,1.0,0.0,1.0,-2.0,-3,6,1,0,1,-2,0.0,0.0,0.0,0.0,0.0,0.0,0.0,0.0,0.0,0.0,0.0,0.0,0.0,0.0,0.0,1.0,1.0,1.0,1.0,1.0,1.0,1.0,1.0,1.0,1.0,1.0,1.0,1.0,6.0,1.0,16.0,21.0,10.5,10.5,0.5,0.5,8.0,8.0,,25.5,25.5,25.5,25.5,25.5,0.0,= 3*8.5,= 3*8.5,= 3*8.5,,"Assumes +4 AC from Blurred Movement, and +1 AC from Evasion."
Qunbraxel,3805765-qunbraxel,PaBTSO,135.0,https://www.dndbeyond.com/monsters/3805765-qunbraxel,aberration,medium,unique,N,9.0,4,5000.0,0.0,2.0,3.0,4.0,2.0,4.0,0,2,3,8,6,8,0.0,0.0,0.0,0.0,0.0,0.0,0.0,0.0,0.0,0.0,0.0,0.0,0.0,0.0,0.0,1.0,1.0,1.0,1.0,1.0,1.0,1.0,1.0,1.0,1.0,1.0,1.0,1.0,2.0,1.0,15.0,15.0,112.5,112.5,4.5,8.5,8.0,10.0,16.0,47.833332,66.96667,53.0,35.5,55.0,57.4,= 2*26.5,= 20.5 + 15,= 55,= SUM(BL1838:BN1838)*(2/5),Assumes +2 AB from Mind Blast and Tentacle (Stunned). Assumes +40% DPR from Mind Blast and Tentacle.
Radiant Idol,487750-radiant-idol,ERftLW,308.0,https://www.dndbeyond.com/monsters/487750-radiant-idol,celestial,large,generic,N,11.0,4,7200.0,6.0,4.0,4.0,3.0,5.0,5.0,6,4,4,3,9,9,0.0,1.0,0.0,1.0,1.0,0.0,0.0,0.0,0.0,0.0,0.0,0.0,0.0,0.0,0.0,0.7,0.7,0.7,1.0,1.0,1.0,1.0,1.0,1.0,1.0,1.0,0.5,1.0,4.0,1.25,18.0,18.0,142.5,178.1,5.8,9.8,10.0,10.0,,61.333332,61.333332,72.0,56.0,56.0,0.0,= 2*36,= 2*28,= 2*28,,
Rahadin,17370-rahadin,CoS,237.0,https://www.dndbeyond.com/monsters/17370-rahadin,humanoid,medium,unique,N,10.0,4,5900.0,2.0,6.0,3.0,2.0,3.0,4.0,2,6,7,2,7,4,0.0,0.0,0.0,0.0,0.0,0.0,0.0,0.0,0.0,0.0,0.0,0.0,0.0,0.0,0.0,1.0,1.0,1.0,1.0,1.0,1.0,1.0,1.0,1.0,1.0,1.0,1.0,1.0,6.0,1.0,18.0,18.0,135.0,135.0,4.7,4.7,10.0,10.0,,59.0,59.0,59.0,59.0,59.0,0.0,= 3*9 + 2*16,= 3*9 + 2*16,= 3*9 + 2*16,,
Rak Tulkhesh,486677-rak-tulkhesh,ERftLW,303.0,https://www.dndbeyond.com/monsters/486677-rak-tulkhesh,fiend,huge,unique,L,28.0,8,120000.0,9.0,4.0,8.0,5.0,6.0,8.0,17,4,16,5,14,16,0.0,1.0,0.0,1.0,1.0,0.0,0.0,0.0,1.0,0.0,1.0,0.0,0.0,1.0,0.0,0.2,0.2,0.2,1.0,0.5,0.5,1.0,0.5,1.0,0.0,1.0,1.0,1.0,4.0,1.25,25.0,25.0,478.5,710.6,12.0,16.0,17.0,17.0,,210.0,210.0,210.0,210.0,210.0,0.0,= 4*28 + 3*28 + 1*14,= 4*28 + 3*28 + 1*14,= 4*28 + 3*28 + 1*14,,
Rakdos,175985-rakdos,GGtR,247.0,https://www.dndbeyond.com/monsters/175985-rakdos,fiend,huge,unique,L,24.0,7,62000.0,8.0,2.0,6.0,2.0,4.0,10.0,15,2,13,2,11,17,0.0,1.0,0.0,1.0,1.0,0.0,0.0,0.0,0.0,0.0,1.0,0.0,0.0,0.0,0.0,0.7,0.7,0.7,1.0,1.0,0.0,1.0,1.0,0.5,0.0,1.0,1.0,1.0,2.0,1.0,20.0,20.0,300.0,465.0,10.0,14.0,15.0,15.0,,161.0,161.0,161.0,161.0,161.0,0.0,= 2*37 + 37 + 17 + 33,= 2*37 + 37 + 17 + 33,= 2*37 + 37 + 17 + 33,,Assumes 25 temp hp each round from Cruel Entertainment. Assumes 17 damage per round from Sadistic Revelry.
Rakdos Lampooner,176775-rakdos-lampooner,GGtR,248.0,https://www.dndbeyond.com/monsters/176775-rakdos-lampooner,humanoid,medium,generic,N,2.0,2,450.0,0.0,1.0,1.0,1.0,-1.0,4.0,0,1,1,1,-1,4,0.0,0.0,0.0,0.0,0.0,0.0,0.0,0.0,0.0,0.0,0.0,0.0,0.0,0.0,0.0,1.0,1.0,1.0,1.0,1.0,1.0,1.0,1.0,1.0,1.0,1.0,1.0,1.0,1.0,1.0,12.0,12.0,27.5,27.5,1.0,1.0,6.0,6.0,14.0,26.0,26.0,26.0,26.0,26.0,0.0,= 2*13,= 2*13,= 2*13,,
Rakdos Performer,176779-rakdos-performer,GGtR,248.0,https://www.dndbeyond.com/monsters/176779-rakdos-performer,humanoid,medium,generic,N,1.0,2,200.0,1.0,3.0,1.0,0.0,-1.0,2.0,1,5,1,0,-1,4,0.0,0.0,0.0,0.0,0.0,0.0,0.0,0.0,0.0,0.0,0.0,0.0,0.0,0.0,0.0,1.0,1.0,1.0,1.0,1.0,1.0,1.0,1.0,1.0,1.0,1.0,1.0,1.0,3.0,1.0,13.0,15.0,22.0,22.0,1.7,1.7,5.0,5.0,13.0,15.0,15.0,15.0,15.0,15.0,0.0,= 3*5,= 3*5,= 3*5,,Assumes +2 AC from Nimble.
Raklupis Spyder-Fiend,4468336-raklupis-spyder-fiend,VEoR,236.0,https://www.dndbeyond.com/monsters/4468336-raklupis-spyder-fiend,fiend,large,generic,N,19.0,6,22000.0,3.0,5.0,2.0,4.0,3.0,6.0,3,11,8,4,9,6,0.0,0.0,0.0,0.0,0.0,0.0,0.0,0.0,0.0,0.0,1.0,0.0,0.0,0.0,0.0,1.0,1.0,1.0,1.0,0.0,0.0,1.0,0.0,1.0,0.0,1.0,1.0,1.0,5.0,1.25,19.0,19.0,210.0,375.0,6.8,10.8,11.0,11.0,20.0,116.0,116.0,116.0,116.0,116.0,0.0,= 34 + 1*37 + 45,= 34 + 1*37 + 45,= 34 + 1*37 + 45,,Assumes +30 HP per round from Bite (incapacitated).
Rakshasa,16990-rakshasa,MM (2014),257.0,https://www.dndbeyond.com/monsters/16990-rakshasa,fiend,medium,generic,N,13.0,5,10000.0,2.0,3.0,4.0,1.0,3.0,5.0,2,3,4,1,3,5,0.0,0.0,0.0,0.0,0.0,0.0,0.0,0.0,0.0,0.0,0.0,0.0,0.0,0.0,0.0,0.2,1.0,0.2,1.0,1.0,1.0,1.0,1.0,1.0,1.0,1.0,1.0,1.0,3.0,1.0,16.0,16.0,110.5,165.8,3.0,7.0,7.0,7.0,18.0,18.0,18.0,18.0,18.0,18.0,0.0,= 2*9,= 2*9,= 2*9,,
Ras Nsi,33253-ras-nsi,ToA,230.0,https://www.dndbeyond.com/monsters/33253-ras-nsi,monstrosity,medium,unique,N,7.0,3,2900.0,3.0,3.0,3.0,4.0,4.0,5.0,3,3,6,4,7,5,0.0,0.0,0.0,0.0,0.0,0.0,0.0,0.0,0.0,0.0,1.0,0.0,0.0,0.0,0.0,1.0,1.0,1.0,1.0,1.0,1.0,1.0,1.0,1.0,0.0,1.0,1.0,1.0,3.0,1.0,15.0,20.0,127.5,127.5,4.7,8.7,6.0,6.0,,72.0,72.0,76.0,70.0,70.0,0.0,=2*38,= 2*35,= 2*35,,
Rath Modar,17476-rath-modar,HotDQ,92.0,https://www.dndbeyond.com/monsters/17476-rath-modar,humanoid,medium,unique,N,6.0,3,2300.0,0.0,3.0,2.0,4.0,2.0,0.0,0,3,2,7,5,0,0.0,0.0,0.0,0.0,0.0,0.0,0.0,0.0,0.0,0.0,0.0,0.0,0.0,0.0,0.0,1.0,1.0,1.0,1.0,1.0,1.0,1.0,1.0,1.0,1.0,1.0,1.0,1.0,3.0,1.0,16.0,20.0,71.5,86.5,2.8,2.8,7.0,7.0,15.0,70.0,70.0,70.0,70.0,70.0,0.0,= 2*35,= 2*35,= 2*35,,Assumes +15 hp from Illusory Self. Assumes +4 AC from counterspell.
Razerblast,17439-razerblast,PotA,201.0,https://www.dndbeyond.com/monsters/17439-razerblast,humanoid,medium,generic,N,5.0,3,1800.0,3.0,0.0,3.0,-1.0,0.0,1.0,3,0,3,-1,0,1,0.0,0.0,0.0,0.0,0.0,0.0,0.0,0.0,0.0,0.0,0.0,0.0,0.0,0.0,0.0,1.0,1.0,1.0,1.0,1.0,0.0,1.0,1.0,1.0,1.0,1.0,1.0,1.0,0.0,1.0,17.0,17.0,142.5,142.5,1.0,1.0,6.0,6.0,12.0,47.0,47.0,33.0,33.0,75.0,0.0,= 3*11,= 3*11,=3*11 + 2*21,,
Razorvine Blight,3883559-razorvine-blight,PAitM:MPP,42.0,https://www.dndbeyond.com/monsters/3883559-razorvine-blight,plant,medium,generic,N,1.0,2,200.0,0.0,2.0,1.0,-3.0,0.0,-4.0,0,2,1,-3,0,-4,1.0,0.0,1.0,0.0,0.0,0.0,0.0,0.0,0.0,0.0,0.0,0.0,0.0,0.0,0.0,1.0,1.0,1.0,1.0,1.0,1.0,1.0,1.0,1.0,1.0,1.0,1.0,1.0,2.0,1.0,12.0,14.0,27.5,27.5,-0.7,-0.7,4.0,4.0,12.0,13.333333,13.333333,18.0,11.0,11.0,0.0,= 2*9,= 2*5.5,= 2*5.5,,Assumes +2 AC from Spider Climb.
Reaper of Bhaal,417140-reaper-of-bhaal,BGDiA,233.0,https://www.dndbeyond.com/monsters/417140-reaper-of-bhaal,humanoid,medium,generic,N,2.0,2,450.0,0.0,5.0,1.0,2.0,1.0,3.0,0,5,1,2,1,3,0.0,0.0,0.0,0.0,0.0,0.0,0.0,0.0,0.0,0.0,0.0,0.0,0.0,0.0,0.0,1.0,1.0,1.0,1.0,1.0,1.0,1.0,1.0,1.0,1.0,1.0,1.0,1.0,5.0,1.0,15.0,20.0,27.5,27.5,2.0,2.0,7.0,9.0,,30.0,30.0,30.0,30.0,30.0,0.0,= 2*15,= 2*15,= 2*15,,Assumes +5 AC from Shroud Self. Assumes +2 AB from Shroud Self.
Reckoner,175830-reckoner,GGtR,231.0,https://www.dndbeyond.com/monsters/175830-reckoner,humanoid,medium,generic,N,4.0,2,1100.0,3.0,1.0,2.0,2.0,1.0,0.0,3,1,2,2,1,0,0.0,0.0,0.0,0.0,0.0,0.0,0.0,0.0,0.0,0.0,0.0,0.0,0.0,0.0,0.0,1.0,1.0,1.0,1.0,1.0,1.0,1.0,1.0,1.0,1.0,1.0,1.0,1.0,1.0,1.0,18.0,23.0,52.0,52.0,1.5,1.5,4.0,4.0,12.0,54.666668,54.666668,56.0,56.0,52.0,0.0,= 2*28,= 2*28,= 2*13 + 26,,
Red Abishai,94605-red-abishai,MToF,162.0,https://www.dndbeyond.com/monsters/94605-red-abishai,fiend,medium,legacy,N,19.0,6,22000.0,6.0,3.0,4.0,2.0,2.0,4.0,12,3,10,2,8,4,0.0,0.0,0.0,0.0,0.0,0.0,0.0,0.0,0.0,0.0,1.0,0.0,0.0,0.0,0.0,0.8,0.8,0.8,1.0,0.5,0.0,1.0,1.0,1.0,0.0,1.0,1.0,1.0,3.0,1.0,22.0,22.0,255.0,255.0,6.5,10.5,12.0,12.0,,88.5,88.5,88.5,88.5,88.5,0.0,= 10.5 + 17 + 61,= 10.5 + 17 + 61,= 10.5 + 17 + 61,,
Red Abishai,2560902-red-abishai,MPMotM,40.0,https://www.dndbeyond.com/monsters/2560902-red-abishai,fiend,medium,generic,N,19.0,6,22000.0,6.0,3.0,4.0,2.0,2.0,4.0,12,3,10,2,8,4,0.0,0.0,0.0,0.0,1.0,0.0,0.0,0.0,0.0,0.0,1.0,0.0,0.0,0.0,0.0,0.8,0.8,0.8,1.0,0.5,0.0,1.0,1.0,1.0,0.0,1.0,1.0,1.0,3.0,1.0,22.0,22.0,289.0,289.0,6.5,10.5,12.0,12.0,,89.0,89.0,89.0,89.0,89.0,0.0,= 61 + 28,= 61 + 28,= 61 + 28,,
Red Dragon Wyrmling,16993-red-dragon-wyrmling,MM (2014),98.0,https://www.dndbeyond.com/monsters/16993-red-dragon-wyrmling,dragon,medium,generic,N,4.0,2,1100.0,4.0,0.0,3.0,1.0,0.0,2.0,4,2,5,1,2,4,0.0,0.0,0.0,0.0,0.0,0.0,0.0,0.0,0.0,0.0,0.0,0.0,0.0,0.0,0.0,1.0,1.0,1.0,1.0,1.0,0.0,1.0,1.0,1.0,1.0,1.0,1.0,1.0,0.0,1.0,17.0,17.0,75.0,75.0,3.0,3.0,6.0,6.0,13.0,24.0,24.0,48.0,12.0,12.0,0.0,= 2*24,= 12,= 12,,
Red Greatwyrm,2059752-red-greatwyrm,FToD,168.0,https://www.dndbeyond.com/monsters/2059752-red-greatwyrm,dragon,gargantuan,legendary,L,27.0,8,105000.0,10.0,2.0,10.0,5.0,5.0,8.0,10,10,18,5,13,16,0.0,1.0,0.0,0.0,1.0,0.0,0.0,0.0,0.0,0.0,1.0,0.0,0.0,0.0,0.0,1.0,1.0,1.0,1.0,1.0,0.0,1.0,1.0,1.0,1.0,1.0,1.0,1.0,2.0,1.0,22.0,22.0,533.0,653.0,12.0,12.0,18.0,18.0,26.0,183.0,183.0,291.0,129.0,129.0,0.0,= 3*78 + 3*19,= 34 + 2*19 + 3*19,= 34 + 2*19 + 3*19,,
Red Guard Drake,17269-red-guard-drake,VGtM,158.0,https://www.dndbeyond.com/monsters/17269-red-guard-drake,dragon,medium,legacy,N,2.0,2,450.0,3.0,0.0,3.0,-3.0,0.0,-2.0,3,0,3,-3,0,-2,0.0,0.0,0.0,0.0,0.0,0.0,0.0,0.0,0.0,0.0,0.0,0.0,0.0,0.0,0.0,1.0,1.0,1.0,1.0,1.0,0.5,1.0,1.0,1.0,1.0,1.0,1.0,1.0,0.0,1.0,14.0,14.0,52.5,52.5,0.2,0.2,5.0,5.0,,14.0,14.0,14.0,14.0,14.0,0.0,= 7.5 + 6.5,= 7.5 + 6.5,= 7.5 + 6.5,,
Red Guard Drake,2560903-red-guard-drake,MPMotM,151.0,https://www.dndbeyond.com/monsters/2560903-red-guard-drake,dragon,medium,generic,N,2.0,2,450.0,3.0,0.0,3.0,-3.0,0.0,-2.0,3,0,3,-3,0,-2,0.0,0.0,0.0,0.0,0.0,0.0,0.0,0.0,0.0,0.0,0.0,0.0,0.0,0.0,0.0,1.0,1.0,1.0,1.0,1.0,0.5,1.0,1.0,1.0,1.0,1.0,1.0,1.0,0.0,1.0,14.0,14.0,52.5,52.5,0.2,0.2,5.0,5.0,,14.0,14.0,14.0,14.0,14.0,0.0,= 7.5 + 6.5,= 7.5 + 6.5,= 7.5 + 6.5,,
Red Ruin,3081119-red-ruin,DSotDQ,208.0,https://www.dndbeyond.com/monsters/3081119-red-ruin,humanoid,medium,unique,N,10.0,4,5900.0,4.0,1.0,3.0,1.0,2.0,2.0,8,5,3,1,2,2,0.0,0.0,0.0,0.0,0.0,0.0,0.0,0.0,0.0,0.0,0.0,0.0,0.0,0.0,0.0,1.0,1.0,1.0,1.0,1.0,0.5,1.0,1.0,1.0,1.0,1.0,1.0,1.0,1.0,1.0,20.0,20.0,150.0,150.0,3.5,5.5,8.0,8.0,15.0,58.333332,58.333332,70.0,52.5,52.5,0.0,= 2*35,= 3*17.5,= 3*17.5,,"Assumes +2 SB from Mounted Evasion (i.e., Avoidance)."
Red Slaad,17116-red-slaad,MM (2014),276.0,https://www.dndbeyond.com/monsters/17116-red-slaad,aberration,large,generic,N,5.0,3,1800.0,3.0,1.0,3.0,-2.0,-2.0,-2.0,3,1,3,-2,-2,-2,0.0,0.0,0.0,0.0,0.0,0.0,0.0,0.0,0.0,0.0,0.0,0.0,0.0,0.0,0.0,1.0,1.0,1.0,0.5,0.5,0.5,1.0,0.5,1.0,1.0,1.0,1.0,0.5,1.0,1.5,14.0,14.0,93.5,185.3,0.2,4.2,6.0,6.0,,22.0,22.0,22.0,22.0,22.0,0.0,= 8 + 2*7,= 8 + 2*7,= 8 + 2*7,,
Redbrand Ruffian,3805766-redbrand-ruffian,PaBTSO,216.0,https://www.dndbeyond.com/monsters/3805766-redbrand-ruffian,humanoid,medium,generic,N,0.5,2,100.0,2.0,0.0,1.0,-1.0,-1.0,0.0,2,0,1,-1,-1,0,0.0,0.0,0.0,0.0,0.0,0.0,0.0,0.0,0.0,0.0,0.0,0.0,0.0,0.0,0.0,1.0,1.0,1.0,1.0,1.0,1.0,1.0,1.0,1.0,1.0,1.0,1.0,1.0,0.0,1.0,11.0,11.0,16.5,16.5,0.2,0.2,4.0,4.0,,5.5,5.5,5.5,5.5,5.5,0.0,= 5.5,= 5.5,= 5.5,,
Redcap,17300-redcap,MPMotM,208.0,https://www.dndbeyond.com/monsters/17300-redcap,fey,small,generic,N,3.0,2,700.0,4.0,1.0,4.0,0.0,1.0,-1.0,4,1,4,0,1,-1,0.0,0.0,0.0,0.0,0.0,0.0,0.0,0.0,0.0,0.0,0.0,0.0,0.0,0.0,0.0,1.0,1.0,1.0,1.0,1.0,1.0,1.0,1.0,1.0,1.0,1.0,1.0,1.0,1.0,1.0,14.0,14.0,45.0,45.0,1.5,1.5,6.0,6.0,,27.0,27.0,27.0,27.0,27.0,0.0,= 3*9,= 3*9,= 3*9,,
Redcap,2556141-redcap,VGtM,188.0,https://www.dndbeyond.com/monsters/2556141-redcap,fey,small,legacy,N,3.0,2,700.0,4.0,1.0,4.0,0.0,1.0,-1.0,4,1,4,0,1,-1,0.0,0.0,0.0,0.0,0.0,0.0,0.0,0.0,0.0,0.0,0.0,0.0,0.0,0.0,0.0,1.0,1.0,1.0,1.0,1.0,1.0,1.0,1.0,1.0,1.0,1.0,1.0,1.0,1.0,1.0,14.0,14.0,45.0,45.0,1.5,1.5,6.0,6.0,14.0,27.0,27.0,27.0,27.0,27.0,0.0,= 3*9,= 3*9,= 3*9,,
Reef Shark,16994-reef-shark,MM (2014),336.0,https://www.dndbeyond.com/monsters/16994-reef-shark,beast,medium,generic,N,0.5,2,100.0,2.0,1.0,1.0,-5.0,0.0,-3.0,2,1,1,-5,0,-3,0.0,0.0,0.0,0.0,0.0,0.0,0.0,0.0,0.0,0.0,0.0,0.0,0.0,0.0,0.0,1.0,1.0,1.0,1.0,1.0,1.0,1.0,1.0,1.0,1.0,1.0,1.0,1.0,1.0,1.0,12.0,12.0,22.0,22.0,-0.7,-0.7,4.0,5.0,,6.0,6.0,6.0,6.0,6.0,0.0,= 6,= 6,= 6,,
Refraction of Ilvaash,3805767-refraction-of-ilvaash,PaBTSO,197.0,https://www.dndbeyond.com/monsters/3805767-refraction-of-ilvaash,aberration,huge,unique,L,15.0,5,13000.0,3.0,0.0,3.0,6.0,5.0,6.0,3,0,3,11,10,6,0.0,0.0,0.0,1.0,0.0,1.0,0.0,0.0,1.0,1.0,1.0,1.0,1.0,0.0,0.0,0.7,0.7,0.7,1.0,1.0,1.0,1.0,1.0,1.0,0.0,0.0,1.0,1.0,0.0,1.25,11.0,13.0,199.5,436.9,5.5,9.5,11.0,11.0,19.0,81.833336,103.666664,92.5,76.5,76.5,65.5,= 2*33.5 + 25.5,= 2*25.5 + 25.5,= 2*25.5 + 25.5,= SUM(BL1870:BN1870)*(4/15),Assumes +2 AC from Mindbreaker (disadvantage). Assumes +25% DPR from Mind Blast (Stunned).
Regisaur,3731038-regisaur,BPGotG,130.0,https://www.dndbeyond.com/monsters/3731038-regisaur,monstrosity,gargantuan,generic,N,14.0,5,11500.0,8.0,-1.0,6.0,-3.0,1.0,-2.0,8,-1,6,-3,1,-2,0.0,0.0,0.0,0.0,0.0,0.0,0.0,0.0,0.0,0.0,0.0,0.0,0.0,0.0,0.0,1.0,1.0,1.0,1.0,1.0,1.0,1.0,1.0,1.0,1.0,1.0,1.0,1.0,-1.0,1.0,17.0,17.0,181.5,181.5,1.5,5.5,13.0,13.0,,82.333336,82.333336,87.0,87.0,73.0,0.0,= 47 + 26 + 2*7,= 47 + 26 + 2*7,= 47 + 26,,
Reigar,2821194-reigar,SAiS:BAM,47.0,https://www.dndbeyond.com/monsters/2821194-reigar,celestial,medium,generic,N,8.0,3,3900.0,4.0,2.0,1.0,4.0,3.0,7.0,4,5,4,4,6,10,0.0,0.0,0.0,0.0,0.0,0.0,0.0,0.0,0.0,0.0,0.0,0.0,0.0,0.0,0.0,1.0,1.0,1.0,1.0,1.0,1.0,1.0,1.0,1.0,1.0,1.0,1.0,1.0,2.0,1.0,19.0,19.0,82.5,165.0,5.5,5.5,7.0,7.0,,32.0,32.0,0.0,48.0,48.0,0.0,= 0,= 2*12 + 2*12,= 2*12 + 2*12,,Assumes 2x HP from Summon Duplicate.
Relentless Impaler,4468337-relentless-impaler,VEoR,231.0,https://www.dndbeyond.com/monsters/4468337-relentless-impaler,fiend,large,legendary,L,15.0,5,13000.0,6.0,3.0,6.0,1.0,2.0,4.0,11,8,6,1,2,9,0.0,1.0,0.0,1.0,1.0,0.0,0.0,0.0,0.0,0.0,0.0,0.0,0.0,0.0,0.0,1.0,1.0,1.0,1.0,1.0,1.0,1.0,1.0,1.0,1.0,1.0,1.0,1.0,3.0,1.0,16.0,16.0,184.0,274.0,6.2,6.2,11.0,11.0,19.0,117.333336,117.333336,126.0,113.0,113.0,0.0,= 2*40.5 + 3*15,= 15 + 2*26.5 + 3*15,= 15 + 2*26.5 + 3*15,,
Relentless Juggernaut,1680943-relentless-juggernaut,VRGtR,243.0,https://www.dndbeyond.com/monsters/1680943-relentless-juggernaut,fiend,large,legendary,L,12.0,4,8400.0,6.0,1.0,6.0,-1.0,2.0,3.0,6,5,6,-1,6,7,0.0,1.0,0.0,1.0,1.0,0.0,0.0,0.0,0.0,0.0,0.0,0.0,0.0,0.0,0.0,1.0,1.0,1.0,1.0,1.0,1.0,1.0,1.0,1.0,1.0,1.0,1.0,1.0,1.0,1.0,17.0,17.0,161.0,311.0,4.8,4.8,10.0,10.0,18.0,61.0,61.0,66.0,58.5,58.5,0.0,= 17 + 14 + 1*10.5 + 14 + 1*10.5,= 2*17 + 14 + 1*10.5,= 2*17 + 14 + 1*10.5,,
Relentless Slasher,1680944-relentless-slasher,VRGtR,242.0,https://www.dndbeyond.com/monsters/1680944-relentless-slasher,fiend,medium,legendary,L,8.0,3,3900.0,1.0,4.0,2.0,2.0,2.0,3.0,4,7,5,2,5,3,0.0,1.0,0.0,0.0,1.0,0.0,0.0,0.0,0.0,0.0,0.0,0.0,0.0,0.0,0.0,1.0,1.0,1.0,1.0,1.0,1.0,1.0,1.0,1.0,1.0,1.0,1.0,1.0,4.0,1.0,15.0,15.0,84.5,104.5,4.3,4.3,7.0,7.0,,98.5,98.5,98.5,98.5,98.5,0.0,= 2*27.5 + 10.5 + 3*11,= 2*27.5 + 10.5 + 3*11,= 2*27.5 + 10.5 + 3*11,,
Relic Sloth,2160326-relic-sloth,SACoC,210.0,https://www.dndbeyond.com/monsters/2160326-relic-sloth,beast,huge,generic,N,2.0,2,450.0,5.0,-1.0,3.0,-4.0,1.0,-1.0,5,-1,3,-4,1,-1,0.0,0.0,0.0,0.0,0.0,0.0,0.0,0.0,0.0,0.0,0.0,0.0,0.0,0.0,0.0,1.0,1.0,1.0,1.0,1.0,1.0,1.0,1.0,1.0,1.0,1.0,1.0,1.0,-1.0,1.0,13.0,13.0,76.0,76.0,0.5,0.5,7.0,7.0,,14.0,14.0,14.0,14.0,14.0,0.0,= 14,= 14,= 14,,
Remallia Haventree,149049-remallia-haventree,WDH,214.0,https://www.dndbeyond.com/monsters/149049-remallia-haventree,humanoid,medium,unique,N,9.0,4,5000.0,0.0,2.0,1.0,4.0,2.0,3.0,0,2,1,8,6,3,0.0,0.0,0.0,0.0,0.0,0.0,0.0,0.0,0.0,0.0,0.0,0.0,0.0,0.0,0.0,1.0,1.0,1.0,1.0,1.0,1.0,1.0,1.0,1.0,1.0,1.0,1.0,1.0,2.0,1.0,15.0,20.0,66.0,162.0,3.3,3.3,8.0,8.0,16.0,76.666664,76.666664,84.0,76.0,70.0,0.0,= 2*42,=2*38,= 2*35,,"Assumes 1.5x hp from casting stoneskin prior to combat, and + 42 hp from Arcane Ward."
Remorhaz,16995-remorhaz,MM (2014),258.0,https://www.dndbeyond.com/monsters/16995-remorhaz,monstrosity,huge,generic,N,11.0,4,7200.0,7.0,1.0,5.0,-3.0,0.0,-3.0,7,1,5,-3,0,-3,0.0,0.0,0.0,0.0,0.0,0.0,0.0,0.0,0.0,0.0,0.0,0.0,0.0,0.0,0.0,1.0,1.0,1.0,1.0,0.0,0.0,1.0,1.0,1.0,1.0,1.0,1.0,1.0,1.0,1.0,17.0,17.0,195.5,195.5,1.2,1.2,11.0,11.0,,85.5,85.5,71.5,92.5,92.5,0.0,= 50.5 + 2*10.5,= 50.5 + 21 + 2*10.5,= 50.5 + 21 + 2*10.5,,Assumes +2*10 DPR from Heated Body.
Retriever,96134-retriever,MToF,222.0,https://www.dndbeyond.com/monsters/96134-retriever,construct,large,legacy,N,14.0,5,11500.0,6.0,3.0,5.0,-4.0,0.0,-3.0,6,8,10,-4,5,-3,0.0,1.0,0.0,1.0,1.0,0.0,0.0,0.0,1.0,0.0,1.0,0.0,0.0,0.0,0.0,0.3,0.3,0.3,1.0,1.0,1.0,1.0,1.0,0.0,0.0,0.0,1.0,1.0,3.0,1.5,19.0,19.0,210.0,315.0,3.7,3.7,11.0,11.0,16.0,57.5,57.5,57.5,57.5,57.5,0.0,= 2*15 + 27.5,= 2*15 + 27.5,= 2*15 + 27.5,,
Retriever,2560904-retriever,MPMotM,209.0,https://www.dndbeyond.com/monsters/2560904-retriever,construct,large,generic,N,14.0,5,11500.0,6.0,3.0,5.0,-4.0,0.0,-3.0,6,8,10,-4,5,-3,0.0,1.0,0.0,1.0,1.0,0.0,0.0,0.0,1.0,0.0,1.0,0.0,0.0,0.0,0.0,0.3,0.3,0.3,1.0,1.0,1.0,1.0,1.0,0.0,0.0,0.0,1.0,1.0,3.0,1.5,19.0,19.0,210.0,315.0,3.7,3.7,11.0,11.0,16.0,57.5,57.5,57.5,57.5,57.5,0.0,= 2*15 + 27.5,= 2*15 + 27.5,= 2*15 + 27.5,,
Returned Drifter,909502-returned-drifter,MOoT,240.0,https://www.dndbeyond.com/monsters/909502-returned-drifter,undead,medium,generic,N,0.25,2,50.0,2.0,2.0,1.0,0.0,1.0,0.0,2,2,1,0,1,0,0.0,0.0,0.0,0.0,0.0,0.0,0.0,0.0,0.0,0.0,1.0,0.0,0.0,0.0,0.0,1.0,1.0,1.0,1.0,1.0,1.0,1.0,1.0,0.5,0.0,1.0,1.0,1.0,2.0,1.0,13.0,13.0,11.0,11.0,1.0,1.0,4.0,4.0,,9.0,9.0,9.0,9.0,9.0,0.0,= 9,= 9,= 9,,
Returned Kakomantis,909503-returned-kakomantis,MOoT,240.0,https://www.dndbeyond.com/monsters/909503-returned-kakomantis,undead,medium,generic,N,4.0,2,1100.0,0.0,3.0,2.0,1.0,1.0,2.0,0,3,2,1,1,2,0.0,0.0,0.0,0.0,0.0,0.0,0.0,0.0,0.0,0.0,1.0,0.0,0.0,0.0,0.0,1.0,1.0,1.0,1.0,1.0,1.0,1.0,1.0,0.5,0.0,1.0,1.0,1.0,3.0,1.0,15.0,15.0,65.0,65.0,1.5,1.5,4.0,8.0,,17.0,17.0,17.0,17.0,17.0,0.0,= 17,= 17,= 17,,Assumes +4 AB from Fleeting Anger.
Returned Palamnite,909504-returned-palamnite,MOoT,241.0,https://www.dndbeyond.com/monsters/909504-returned-palamnite,undead,medium,generic,N,4.0,2,1100.0,0.0,3.0,2.0,1.0,1.0,2.0,0,3,2,1,1,2,0.0,0.0,0.0,0.0,0.0,0.0,0.0,0.0,0.0,0.0,1.0,0.0,0.0,0.0,0.0,1.0,1.0,1.0,1.0,1.0,1.0,1.0,1.0,0.5,0.0,1.0,1.0,1.0,3.0,1.0,15.0,15.0,65.0,65.0,1.5,1.5,5.0,9.0,,32.0,32.0,32.0,32.0,32.0,0.0,= 2*16,= 2*16,= 2*16,,Assumes +4 AB from Fleeting Anger.
Returned Sentry,909505-returned-sentry,MOoT,241.0,https://www.dndbeyond.com/monsters/909505-returned-sentry,undead,medium,generic,N,1.0,2,200.0,3.0,2.0,1.0,0.0,1.0,0.0,3,2,1,0,1,0,0.0,0.0,0.0,0.0,0.0,0.0,0.0,0.0,0.0,0.0,1.0,0.0,0.0,0.0,0.0,1.0,1.0,1.0,1.0,1.0,1.0,1.0,1.0,0.5,0.0,1.0,1.0,1.0,2.0,1.0,15.0,15.0,22.0,22.0,1.2,1.2,5.0,6.0,,13.0,13.0,13.0,13.0,13.0,0.0,= 13,= 13,= 13,,
Revenant,17196-revenant,MM (2014),259.0,https://www.dndbeyond.com/monsters/17196-revenant,undead,medium,generic,N,5.0,3,1800.0,4.0,2.0,4.0,1.0,3.0,4.0,7,2,7,1,6,7,0.0,1.0,0.0,1.0,1.0,0.0,0.0,0.0,1.0,0.0,1.0,0.0,0.0,1.0,0.0,1.0,1.0,1.0,1.0,1.0,1.0,1.0,1.0,0.5,0.0,0.5,1.0,1.0,2.0,1.0,13.0,13.0,136.0,166.0,5.0,5.0,7.0,7.0,15.0,22.0,22.0,22.0,22.0,22.0,0.0,= 2*11,= 2*11,= 2*11,,
Rezmir,17477-rezmir,HotDQ,93.0,https://www.dndbeyond.com/monsters/17477-rezmir,humanoid,medium,unique,L,7.0,3,2900.0,4.0,3.0,3.0,2.0,1.0,2.0,4,6,3,2,4,2,0.0,1.0,0.0,0.0,1.0,0.0,0.0,0.0,0.0,0.0,0.0,0.0,0.0,0.0,0.0,1.0,1.0,1.0,0.0,1.0,1.0,1.0,1.0,1.0,1.0,1.0,1.0,1.0,3.0,1.0,15.0,15.0,90.0,110.0,3.5,3.5,9.0,9.0,14.0,68.0,68.0,84.0,60.0,60.0,0.0,= 2*22 + 2*20,= 20 + 2*20,= 20 + 2*20,,
Rhinoceros,16996-rhinoceros,MM (2014),336.0,https://www.dndbeyond.com/monsters/16996-rhinoceros,beast,large,generic,N,2.0,2,450.0,5.0,-1.0,2.0,-4.0,1.0,-2.0,5,-1,2,-4,1,-2,0.0,0.0,0.0,0.0,0.0,0.0,0.0,0.0,0.0,0.0,0.0,0.0,0.0,0.0,0.0,1.0,1.0,1.0,1.0,1.0,1.0,1.0,1.0,1.0,1.0,1.0,1.0,1.0,-1.0,1.0,11.0,11.0,45.0,45.0,0.2,0.2,7.0,7.0,15.0,17.0,17.0,23.0,14.0,14.0,0.0,= 23,= 14,= 14,,
Rhundorth,301281-rhundorth,PotA,140.0,https://www.dndbeyond.com/monsters/301281-rhundorth,humanoid,medium,unique,N,0.125,2,25.0,4.0,1.0,1.0,0.0,0.0,0.0,4,1,1,0,0,0,0.0,0.0,0.0,0.0,0.0,0.0,0.0,0.0,0.0,0.0,0.0,0.0,0.0,0.0,0.0,1.0,1.0,1.0,1.0,1.0,1.0,1.0,1.0,1.0,1.0,1.0,1.0,1.0,1.0,1.0,11.0,11.0,11.0,11.0,1.0,1.0,6.0,6.0,,10.5,10.5,10.5,10.5,10.5,0.0,= 10.5,= 10.5,= 10.5,,
Rictavio,17371-rictavio,CoS,238.0,https://www.dndbeyond.com/monsters/17371-rictavio,humanoid,medium,unique,N,5.0,3,1800.0,-1.0,1.0,1.0,3.0,4.0,3.0,-1,1,4,3,7,3,0.0,0.0,0.0,0.0,0.0,0.0,0.0,0.0,0.0,0.0,0.0,0.0,0.0,0.0,0.0,1.0,1.0,1.0,1.0,1.0,1.0,1.0,1.0,1.0,1.0,1.0,1.0,1.0,1.0,1.0,12.0,17.0,77.0,77.0,2.8,2.8,4.0,4.0,,9.0,30.0,9.0,9.0,9.0,63.0,= 2*4.5,= 2*4.5,= 2*4.5,= 6*10.5,
Riding Horse,16997-riding-horse,MM (2014),336.0,https://www.dndbeyond.com/monsters/16997-riding-horse,beast,large,generic,N,0.25,2,50.0,3.0,0.0,1.0,-4.0,0.0,-2.0,3,0,1,-4,0,-2,0.0,0.0,0.0,0.0,0.0,0.0,0.0,0.0,0.0,0.0,0.0,0.0,0.0,0.0,0.0,1.0,1.0,1.0,1.0,1.0,1.0,1.0,1.0,1.0,1.0,1.0,1.0,1.0,0.0,1.0,10.0,10.0,13.0,13.0,-0.3,-0.3,5.0,5.0,,8.0,8.0,8.0,8.0,8.0,0.0,= 8,= 8,= 8,,
Riffler,3960630-riffler,TBoMT,181.0,https://www.dndbeyond.com/monsters/3960630-riffler,fey,small,generic,N,5.0,3,1800.0,-1.0,3.0,1.0,0.0,2.0,3.0,-1,6,1,0,2,6,0.0,0.0,0.0,0.0,0.0,0.0,0.0,0.0,0.0,0.0,0.0,0.0,0.0,0.0,0.0,1.0,1.0,1.0,1.0,1.0,1.0,1.0,1.0,0.5,1.0,1.0,0.5,1.0,3.0,1.0,15.0,17.0,90.0,90.0,2.3,2.3,6.0,6.0,14.0,37.0,37.0,55.0,28.0,28.0,0.0,= 2*27.5,= 2*14,= 2*14,,Assumes +2 AC from Shuffle Destiny.
Rilsa Rael,421349-rilsa-rael,BGDiA,199.0,https://www.dndbeyond.com/monsters/421349-rilsa-rael,humanoid,medium,unique,N,3.0,2,700.0,2.0,4.0,2.0,0.0,0.0,2.0,2,6,2,0,2,2,0.0,0.0,0.0,0.0,0.0,0.0,0.0,0.0,0.0,0.0,0.0,0.0,0.0,0.0,0.0,1.0,1.0,1.0,1.0,1.0,1.0,1.0,1.0,1.0,1.0,1.0,1.0,1.0,4.0,1.0,15.0,15.0,52.0,52.0,2.3,2.3,6.0,10.0,,25.0,25.0,25.0,25.0,25.0,0.0,= 3*7 + 4,= 3*7 + 4,= 3*7 + 4,,Assumes +4 AB from Focus. Assumes +4 DPR from Cunning Action.
Rime Hulk,3731039-rime-hulk,BPGotG,162.0,https://www.dndbeyond.com/monsters/3731039-rime-hulk,elemental,large,generic,N,5.0,3,1800.0,4.0,0.0,4.0,-1.0,-1.0,-2.0,4,0,4,-1,-1,-2,0.0,0.0,0.0,1.0,0.0,0.0,0.0,0.0,0.0,0.0,1.0,0.0,0.0,0.0,0.0,1.0,1.0,1.0,1.0,0.0,1.0,1.0,1.0,1.0,0.0,1.0,1.0,1.0,0.0,1.0,15.0,15.0,85.5,85.5,0.7,0.7,7.0,7.0,15.0,39.333332,46.333332,44.0,37.0,37.0,21.0,=2*22,= 2*18.5,= 2*18.5,= 2*10.5,
Ringlerun,1979802-ringlerun,TWBtW,227.0,https://www.dndbeyond.com/monsters/1979802-ringlerun,humanoid,medium,unique,N,5.0,3,1800.0,-1.0,0.0,-1.0,3.0,1.0,0.0,2,3,2,6,4,3,0.0,0.0,0.0,0.0,0.0,0.0,0.0,0.0,0.0,0.0,0.0,0.0,0.0,0.0,0.0,1.0,1.0,1.0,1.0,1.0,1.0,1.0,1.0,1.0,1.0,1.0,1.0,1.0,0.0,1.0,12.0,12.0,42.0,74.0,3.3,3.3,8.0,8.0,,102.0,102.0,54.0,126.0,126.0,0.0,= 2*27,= 2*27 + 2*36,= 2*27 + 2*36,,Assumes +4*8 HP from casting wall of force.
Rip Tide Priest,316628-rip-tide-priest,GoS,248.0,https://www.dndbeyond.com/monsters/316628-rip-tide-priest,humanoid,medium,generic,N,2.0,2,450.0,2.0,0.0,2.0,0.0,0.0,3.0,2,0,2,0,0,3,0.0,0.0,0.0,0.0,0.0,0.0,0.0,0.0,0.0,0.0,0.0,0.0,0.0,0.0,0.0,1.0,1.0,1.0,1.0,1.0,1.0,1.0,1.0,1.0,1.0,1.0,1.0,1.0,0.0,1.0,13.0,18.0,52.0,52.0,1.2,1.2,5.0,11.0,13.0,16.0,16.0,17.0,17.0,14.0,0.0,= 17,= 17,= 14,,Assumes +6 AB to account for magic missile always hitting.
Riverine,2739101-riverine,JttRC,133.0,https://www.dndbeyond.com/monsters/2739101-riverine,fey,large,legendary,L,12.0,4,8400.0,5.0,4.0,3.0,1.0,3.0,5.0,5,4,3,5,7,9,0.0,0.0,0.0,0.0,0.0,0.0,0.0,0.0,0.0,0.0,0.0,0.0,0.0,0.0,0.0,1.0,1.0,1.0,0.5,1.0,0.5,1.0,1.0,1.0,1.0,1.0,1.0,1.0,4.0,1.0,14.0,14.0,204.0,294.0,5.5,5.5,9.0,9.0,17.0,76.0,76.0,76.0,76.0,76.0,0.0,= 2*24.5 + 2*11 + 5,= 2*24.5 + 2*11 + 5,= 2*24.5 + 2*11 + 5,,
Riverine,2739101-riverine,JttRC,133.0,https://www.dndbeyond.com/monsters/2739101-riverine,fey,large,legendary,LL,13.0,5,10000.0,5.0,4.0,3.0,1.0,3.0,5.0,5,4,3,5,7,9,0.0,0.0,0.0,0.0,0.0,0.0,0.0,0.0,0.0,0.0,0.0,0.0,0.0,0.0,0.0,1.0,1.0,1.0,0.5,1.0,0.5,1.0,1.0,1.0,1.0,1.0,1.0,1.0,4.0,1.0,14.0,14.0,204.0,294.0,5.5,5.5,9.0,9.0,17.0,87.166664,87.166664,90.0,81.5,90.0,0.0,= 2*24.5 + 2*11 + 5 + 2*7,= 2*24.5 + 2*11 + 5 + 5.5,= 2*24.5 + 2*11 + 5 + 2*7,,
Roc,16998-roc,MM (2014),260.0,https://www.dndbeyond.com/monsters/16998-roc,monstrosity,gargantuan,generic,N,11.0,4,7200.0,9.0,0.0,5.0,-4.0,0.0,-1.0,9,4,9,-4,4,3,0.0,0.0,0.0,0.0,0.0,0.0,0.0,0.0,0.0,0.0,0.0,0.0,0.0,0.0,0.0,1.0,1.0,1.0,1.0,1.0,1.0,1.0,1.0,1.0,1.0,1.0,1.0,1.0,0.0,1.0,15.0,16.0,248.0,248.0,4.2,4.2,13.0,15.0,,50.0,50.0,50.0,50.0,50.0,0.0,= 27 + 23,= 27 + 23,= 27 + 23,,Assumes +1 AC from Talons (restrained). Assumes +2 AB from Talons (restrained).
Roper,16999-roper,MM (2014),261.0,https://www.dndbeyond.com/monsters/16999-roper,monstrosity,large,generic,N,5.0,3,1800.0,4.0,-1.0,3.0,-2.0,3.0,-2.0,4,-1,3,-2,3,-2,0.0,0.0,0.0,0.0,0.0,0.0,0.0,0.0,0.0,0.0,0.0,0.0,0.0,0.0,0.0,1.0,1.0,1.0,1.0,1.0,1.0,1.0,1.0,1.0,1.0,1.0,1.0,1.0,-1.0,1.0,20.0,20.0,93.5,153.5,0.8,0.8,7.0,11.0,,22.0,22.0,22.0,22.0,22.0,0.0,= 22,= 22,= 22,,Assumes +4 from advantage while biting restrained creatures.
Rot Troll,94210-rot-troll,MToF,244.0,https://www.dndbeyond.com/monsters/94210-rot-troll,giant,large,legacy,N,9.0,4,5000.0,4.0,1.0,6.0,-3.0,-1.0,-3.0,4,1,6,-3,-1,-3,0.0,0.0,0.0,0.0,0.0,0.0,0.0,0.0,0.0,0.0,0.0,0.0,0.0,0.0,0.0,1.0,1.0,1.0,1.0,1.0,1.0,1.0,1.0,0.0,1.0,1.0,1.0,1.0,1.0,1.0,16.0,16.0,138.0,138.0,0.7,0.7,8.0,8.0,,68.0,68.0,68.0,68.0,68.0,0.0,= 24 + 2*16.5 + 11,= 24 + 2*16.5 + 11,= 24 + 2*16.5 + 11,,
Rot Troll,2560905-rot-troll,MPMotM,247.0,https://www.dndbeyond.com/monsters/2560905-rot-troll,giant,large,generic,N,9.0,4,5000.0,4.0,1.0,6.0,-3.0,-1.0,-3.0,4,1,6,-3,-1,-3,0.0,0.0,0.0,0.0,0.0,0.0,0.0,0.0,0.0,0.0,0.0,0.0,0.0,0.0,0.0,1.0,1.0,1.0,1.0,1.0,1.0,1.0,1.0,0.0,1.0,1.0,1.0,1.0,1.0,1.0,16.0,16.0,138.0,138.0,0.7,0.7,8.0,8.0,,73.0,73.0,73.0,73.0,73.0,0.0,= 26 + 2*18 + 11,= 26 + 2*18 + 11,= 26 + 2*18 + 11,,
Rothé,24005-rothe,VGtM,207.0,https://www.dndbeyond.com/monsters/24005-rothe,beast,large,generic,N,0.25,2,50.0,4.0,0.0,2.0,-4.0,0.0,-3.0,4,0,2,-4,0,-3,0.0,0.0,0.0,0.0,0.0,0.0,0.0,0.0,0.0,0.0,0.0,0.0,0.0,0.0,0.0,1.0,1.0,1.0,1.0,1.0,1.0,1.0,1.0,1.0,1.0,1.0,1.0,1.0,0.0,1.0,10.0,10.0,15.0,15.0,-0.2,-0.2,6.0,6.0,,9.833333,9.833333,14.5,7.5,7.5,0.0,= 14.5,= 7.5,= 7.5,,
Rubblebelt Stalker,175906-rubblebelt-stalker,GGtR,239.0,https://www.dndbeyond.com/monsters/175906-rubblebelt-stalker,humanoid,medium,generic,N,0.5,2,100.0,0.0,2.0,1.0,0.0,2.0,-1.0,0,2,1,0,2,-1,0.0,0.0,0.0,0.0,0.0,0.0,0.0,0.0,0.0,0.0,0.0,0.0,0.0,0.0,0.0,1.0,1.0,1.0,1.0,1.0,1.0,1.0,1.0,1.0,1.0,1.0,1.0,1.0,2.0,1.0,14.0,18.0,11.0,11.0,0.7,0.7,4.0,8.0,,11.0,11.0,11.0,11.0,11.0,0.0,= 2*5.5,= 2*5.5,= 2*5.5,,
Rug of Smothering,17000-rug-of-smothering,MM (2014),20.0,https://www.dndbeyond.com/monsters/17000-rug-of-smothering,construct,large,generic,N,2.0,2,450.0,3.0,2.0,0.0,-5.0,-4.0,-5.0,3,2,0,-5,-4,-5,1.0,1.0,1.0,0.0,1.0,0.0,0.0,0.0,1.0,1.0,1.0,0.0,0.0,0.0,0.0,1.0,1.0,1.0,1.0,1.0,1.0,1.0,1.0,1.0,0.0,0.0,1.0,1.0,2.0,1.0,12.0,12.0,33.0,66.0,-1.5,-1.5,5.0,5.0,,10.0,21.0,10.0,10.0,10.0,33.0,= 10,= 10,= 10,= 33,Assumes +33 damage from Damage Transfer.
Ruidium Elephant,2407560-ruidium-elephant,CRCotN,95.0,https://www.dndbeyond.com/monsters/2407560-ruidium-elephant,construct,huge,generic,N,8.0,3,3900.0,7.0,-1.0,5.0,-4.0,0.0,-2.0,7,-1,5,-4,0,-2,0.0,1.0,0.0,0.0,1.0,0.0,0.0,0.0,0.0,0.0,0.0,0.0,0.0,0.0,0.0,1.0,1.0,1.0,1.0,1.0,1.0,1.0,1.0,1.0,1.0,1.0,1.0,1.0,-1.0,1.0,16.0,16.0,138.0,138.0,0.8,0.8,10.0,10.0,,46.666668,46.666668,68.0,36.0,36.0,0.0,= 32 + 36,= 36,= 36,,
Ruin Grinder,2160327-ruin-grinder,SACoC,211.0,https://www.dndbeyond.com/monsters/2160327-ruin-grinder,construct,large,generic,N,5.0,3,1800.0,6.0,1.0,2.0,-4.0,0.0,-5.0,6,1,2,-4,0,-5,0.0,1.0,0.0,1.0,1.0,0.0,0.0,0.0,0.0,1.0,1.0,0.0,0.0,0.0,0.0,1.0,1.0,1.0,1.0,1.0,0.0,1.0,1.0,1.0,0.0,1.0,1.0,1.0,1.0,1.0,16.0,16.0,82.5,82.5,0.0,0.0,9.0,9.0,,26.0,26.0,26.0,26.0,26.0,0.0,= 2*13,= 2*13,= 2*13,,
Ruin Spider,3960631-ruin-spider,TBoMT,182.0,https://www.dndbeyond.com/monsters/3960631-ruin-spider,monstrosity,large,generic,N,5.0,3,1800.0,3.0,4.0,2.0,-4.0,1.0,-3.0,3,4,2,-4,1,-3,0.0,0.0,0.0,0.0,0.0,0.0,0.0,0.0,0.0,0.0,0.0,0.0,0.0,0.0,0.0,1.0,1.0,1.0,0.0,1.0,1.0,1.0,1.0,1.0,1.0,1.0,1.0,1.0,4.0,1.0,16.0,18.0,105.0,105.0,0.5,0.5,7.0,9.0,,35.0,35.0,35.0,35.0,35.0,0.0,= 2*17.5,= 2*17.5,= 2*17.5,,Assumes +2 AC from Ruinous Bite (corrosion). Assumes +2 AB from Ruinous Bite (corrosion).
Runic Colossus,3731040-runic-colossus,BPGotG,163.0,https://www.dndbeyond.com/monsters/3731040-runic-colossus,construct,gargantuan,generic,N,21.0,7,33000.0,7.0,-1.0,7.0,-4.0,0.0,-5.0,7,-1,7,-4,0,-5,0.0,1.0,0.0,1.0,1.0,0.0,0.0,0.0,1.0,1.0,1.0,0.0,0.0,0.0,0.0,0.2,0.2,0.2,0.5,0.5,0.5,1.0,0.5,1.0,0.0,0.0,1.0,1.0,-1.0,1.25,20.0,20.0,315.0,443.8,0.7,4.7,14.0,14.0,22.0,111.0,111.0,143.0,108.0,82.0,0.0,= 2*58.5 + 26,= 2*26.5 + 29 + 26,= 2*26.5 + 29,,Assumes +2*20 HP from Spell Reflection.
Rust Monster,17001-rust-monster,MM (2014),262.0,https://www.dndbeyond.com/monsters/17001-rust-monster,monstrosity,medium,generic,N,0.5,2,100.0,1.0,1.0,1.0,-4.0,1.0,-2.0,1,1,1,-4,1,-2,0.0,0.0,0.0,0.0,0.0,0.0,0.0,0.0,0.0,0.0,0.0,0.0,0.0,0.0,0.0,1.0,1.0,1.0,1.0,1.0,1.0,1.0,1.0,1.0,1.0,1.0,1.0,1.0,1.0,1.0,14.0,14.0,27.5,27.5,-0.3,-0.3,3.0,3.0,,5.0,5.0,5.0,5.0,5.0,0.0,= 5,= 5,= 5,,
Rutterkin,94272-rutterkin,MToF,136.0,https://www.dndbeyond.com/monsters/94272-rutterkin,fiend,medium,legacy,N,2.0,2,450.0,2.0,2.0,3.0,-3.0,1.0,-2.0,2,2,3,-3,1,-2,0.0,1.0,0.0,0.0,1.0,0.0,0.0,0.0,0.0,0.0,1.0,0.0,0.0,0.0,0.0,1.0,1.0,1.0,1.0,0.5,0.5,1.0,0.5,1.0,0.0,1.0,1.0,1.0,2.0,2.0,12.0,12.0,37.5,93.8,0.5,0.5,4.0,6.0,,12.5,12.5,12.5,12.5,12.5,0.0,= 12.5,= 12.5,= 12.5,,Assumes +25% HP from Immobilizing Fear. Assumes +2 AB from Immobilizing Fear.
Rutterkin,2560906-rutterkin,MPMotM,210.0,https://www.dndbeyond.com/monsters/2560906-rutterkin,fiend,medium,generic,N,2.0,2,450.0,2.0,2.0,3.0,-3.0,1.0,-2.0,2,2,3,-3,1,-2,0.0,1.0,0.0,0.0,1.0,0.0,0.0,0.0,0.0,0.0,1.0,0.0,0.0,0.0,0.0,1.0,1.0,1.0,1.0,0.5,0.5,1.0,0.5,1.0,0.0,1.0,1.0,1.0,2.0,2.0,12.0,12.0,37.5,93.8,0.5,0.5,4.0,6.0,,12.5,12.5,12.5,12.5,12.5,0.0,= 12.5,= 12.5,= 12.5,,Assumes +25% HP from Immobilizing Fear. Assumes +2 AB from Immobilizing Fear.
Ruxithid the Chosen,3805768-ruxithid-the-chosen,PaBTSO,99.0,https://www.dndbeyond.com/monsters/3805768-ruxithid-the-chosen,aberration,medium,unique,L,5.0,3,1800.0,2.0,4.0,1.0,4.0,2.0,1.0,2,4,1,7,5,1,0.0,0.0,0.0,0.0,0.0,0.0,0.0,0.0,0.0,0.0,0.0,0.0,0.0,0.0,0.0,1.0,1.0,1.0,1.0,1.0,1.0,1.0,1.0,1.0,1.0,0.5,1.0,1.0,4.0,1.0,15.0,15.0,88.0,134.0,3.3,3.3,7.0,7.0,,43.0,43.0,45.0,42.0,42.0,0.0,= 2*18 + 9,= 2*18 + 6,= 2*18 + 6,,Assumes +6 HP from Brain Tendrils (Stunned).
Saber-Toothed Tiger,17002-saber-toothed-tiger,MM (2014),336.0,https://www.dndbeyond.com/monsters/17002-saber-toothed-tiger,beast,large,generic,N,2.0,2,450.0,4.0,2.0,2.0,-4.0,1.0,-1.0,4,2,2,-4,1,-1,0.0,0.0,0.0,0.0,0.0,0.0,0.0,0.0,0.0,0.0,0.0,0.0,0.0,0.0,0.0,1.0,1.0,1.0,1.0,1.0,1.0,1.0,1.0,1.0,1.0,1.0,1.0,1.0,2.0,1.0,12.0,12.0,52.5,52.5,0.7,0.7,6.0,6.0,,15.5,15.5,22.5,12.0,12.0,0.0,= 12 + 10.5,= 12,= 12,,
Sacred Stone Monk,17431-sacred-stone-monk,PotA,196.0,https://www.dndbeyond.com/monsters/17431-sacred-stone-monk,humanoid,medium,generic,N,0.5,2,100.0,1.0,2.0,1.0,0.0,2.0,-1.0,1,2,1,0,2,-1,0.0,0.0,0.0,0.0,0.0,0.0,0.0,0.0,0.0,0.0,0.0,0.0,0.0,0.0,0.0,1.0,1.0,1.0,1.0,1.0,1.0,1.0,1.0,1.0,1.0,1.0,1.0,1.0,2.0,1.0,14.0,15.0,22.0,22.0,0.8,0.8,4.0,4.0,,10.0,10.0,10.0,10.0,10.0,0.0,= 2*5,= 2*5,= 2*5,,
Saeth Cromley,280428-saeth-cromley,WDH,215.0,https://www.dndbeyond.com/monsters/280428-saeth-cromley,humanoid,medium,unique,N,3.0,2,700.0,3.0,1.0,2.0,0.0,0.0,2.0,3,1,2,0,0,2,0.0,0.0,0.0,0.0,0.0,0.0,0.0,0.0,0.0,0.0,0.0,0.0,0.0,0.0,0.0,1.0,1.0,1.0,1.0,1.0,1.0,1.0,1.0,1.0,1.0,1.0,1.0,1.0,1.0,1.0,17.0,17.0,58.5,58.5,1.3,1.3,5.0,5.0,,20.0,20.0,20.0,20.0,20.0,0.0,= 2*7 + 6,= 2*7 + 6,= 2*7 + 6,,
Sage,1528979-sage,CM,9.0,https://www.dndbeyond.com/monsters/1528979-sage,humanoid,medium,generic,N,0.5,2,100.0,-1.0,0.0,0.0,4.0,2.0,0.0,-1,0,0,4,2,0,0.0,0.0,0.0,0.0,0.0,0.0,0.0,0.0,0.0,0.0,0.0,0.0,0.0,0.0,0.0,1.0,1.0,1.0,1.0,1.0,1.0,1.0,1.0,1.0,1.0,1.0,1.0,1.0,0.0,1.0,13.0,18.0,22.5,22.5,0.8,0.8,6.0,6.0,,9.0,9.0,9.0,9.0,9.0,0.0,= 9,= 9,= 9,,Assumes +5 AC from shield.
Sahuagin,17003-sahuagin,MM (2014),263.0,https://www.dndbeyond.com/monsters/17003-sahuagin,humanoid,medium,generic,N,0.5,2,100.0,1.0,0.0,1.0,1.0,1.0,-1.0,1,0,1,1,1,-1,0.0,0.0,0.0,0.0,0.0,0.0,0.0,0.0,0.0,0.0,0.0,0.0,0.0,0.0,0.0,1.0,1.0,1.0,1.0,1.0,1.0,1.0,1.0,1.0,1.0,1.0,1.0,1.0,0.0,1.0,12.0,12.0,22.0,22.0,0.5,0.5,3.0,7.0,,8.0,8.0,8.0,8.0,8.0,0.0,= 3 + 5,= 3 + 5,= 3 + 5,,
Sahuagin Baron,17198-sahuagin-baron,MM (2014),264.0,https://www.dndbeyond.com/monsters/17198-sahuagin-baron,humanoid,large,generic,N,5.0,3,1800.0,4.0,2.0,3.0,2.0,1.0,3.0,4,5,6,5,4,3,0.0,0.0,0.0,0.0,0.0,0.0,0.0,0.0,0.0,0.0,0.0,0.0,0.0,0.0,0.0,1.0,1.0,1.0,1.0,1.0,1.0,1.0,1.0,1.0,1.0,1.0,1.0,1.0,2.0,1.0,16.0,16.0,76.5,76.5,4.5,4.5,7.0,11.0,,35.0,35.0,35.0,35.0,35.0,0.0,= 9 + 2*13,= 9 + 2*13,= 9 + 2*13,,
Sahuagin Blademaster,316104-sahuagin-blademaster,GoS,249.0,https://www.dndbeyond.com/monsters/316104-sahuagin-blademaster,humanoid,medium,generic,N,6.0,3,2300.0,3.0,1.0,2.0,1.0,0.0,1.0,6,1,5,1,0,1,0.0,0.0,0.0,0.0,0.0,0.0,0.0,0.0,0.0,0.0,0.0,0.0,0.0,0.0,0.0,1.0,1.0,1.0,1.0,1.0,1.0,1.0,1.0,1.0,1.0,1.0,1.0,1.0,1.0,1.0,20.0,20.0,97.5,97.5,2.3,2.3,6.0,10.0,,36.0,36.0,36.0,36.0,36.0,0.0,= 3*12,= 3*12,= 3*12,,
Sahuagin Champion,316122-sahuagin-champion,GoS,249.0,https://www.dndbeyond.com/monsters/316122-sahuagin-champion,humanoid,medium,generic,N,3.0,2,700.0,3.0,2.0,1.0,1.0,1.0,-1.0,3,2,1,1,1,-1,0.0,0.0,0.0,0.0,0.0,0.0,0.0,0.0,0.0,0.0,0.0,0.0,0.0,0.0,0.0,1.0,1.0,1.0,1.0,1.0,1.0,1.0,1.0,1.0,1.0,1.0,1.0,1.0,2.0,1.0,16.0,16.0,71.5,71.5,1.2,1.2,5.0,9.0,,21.0,21.0,21.0,21.0,21.0,0.0,= 3*7,= 3*7,= 3*7,,
Sahuagin Coral Smasher,316508-sahuagin-coral-smasher,GoS,249.0,https://www.dndbeyond.com/monsters/316508-sahuagin-coral-smasher,humanoid,medium,generic,N,1.0,2,200.0,3.0,1.0,1.0,1.0,1.0,-1.0,3,1,1,1,1,-1,0.0,0.0,0.0,0.0,0.0,0.0,0.0,0.0,0.0,0.0,0.0,0.0,0.0,0.0,0.0,1.0,1.0,1.0,1.0,1.0,1.0,1.0,1.0,1.0,1.0,1.0,1.0,1.0,1.0,1.0,14.0,14.0,33.0,33.0,1.0,1.0,5.0,9.0,,14.0,14.0,14.0,14.0,14.0,0.0,= 2*7,= 2*7,= 2*7,,
Sahuagin Deep Diver,316511-sahuagin-deep-diver,GoS,250.0,https://www.dndbeyond.com/monsters/316511-sahuagin-deep-diver,humanoid,medium,generic,N,4.0,2,1100.0,2.0,3.0,2.0,1.0,1.0,-1.0,2,3,4,1,3,-1,0.0,0.0,0.0,0.0,0.0,0.0,0.0,0.0,0.0,0.0,0.0,0.0,0.0,0.0,0.0,1.0,1.0,1.0,1.0,1.0,1.0,1.0,1.0,1.0,1.0,1.0,1.0,1.0,3.0,1.0,15.0,15.0,91.0,91.0,2.0,2.0,4.0,8.0,,26.0,26.0,26.0,26.0,26.0,0.0,= 2*13,= 2*13,= 2*13,,
Sahuagin Hatchling Swarm,316858-sahuagin-hatchling-swarm,GoS,250.0,https://www.dndbeyond.com/monsters/316858-sahuagin-hatchling-swarm,beast,large,generic,N,3.0,2,700.0,-1.0,4.0,1.0,-4.0,0.0,-4.0,-1,4,1,-4,0,-4,0.0,1.0,0.0,0.0,1.0,1.0,0.0,0.0,1.0,1.0,0.0,1.0,1.0,1.0,0.0,0.5,0.5,0.5,1.0,1.0,1.0,1.0,1.0,1.0,1.0,1.0,1.0,1.0,4.0,2.0,14.0,14.0,52.0,104.0,-0.7,-0.7,6.0,10.0,,14.0,14.0,14.0,14.0,14.0,0.0,= 14,= 14,= 14,,
Sahuagin High Priestess,316516-sahuagin-high-priestess,GoS,251.0,https://www.dndbeyond.com/monsters/316516-sahuagin-high-priestess,humanoid,medium,generic,N,5.0,3,1800.0,2.0,1.0,2.0,1.0,3.0,0.0,2,1,2,1,6,0,0.0,0.0,0.0,0.0,0.0,0.0,0.0,0.0,0.0,0.0,0.0,0.0,0.0,0.0,0.0,1.0,1.0,1.0,1.0,1.0,1.0,1.0,1.0,1.0,1.0,1.0,1.0,1.0,1.0,1.0,14.0,14.0,71.5,71.5,2.0,2.0,5.0,9.0,,34.0,34.0,34.0,34.0,34.0,0.0,= 2*11 + 12,= 2*11 + 12,= 2*11 + 12,,
Sahuagin Priestess,17197-sahuagin-priestess,MM (2014),264.0,https://www.dndbeyond.com/monsters/17197-sahuagin-priestess,humanoid,medium,generic,N,2.0,2,450.0,1.0,0.0,1.0,1.0,2.0,1.0,1,0,1,1,2,1,0.0,0.0,0.0,0.0,0.0,0.0,0.0,0.0,0.0,0.0,0.0,0.0,0.0,0.0,0.0,1.0,1.0,1.0,1.0,1.0,1.0,1.0,1.0,1.0,1.0,1.0,1.0,1.0,0.0,1.0,12.0,12.0,33.0,33.0,1.0,1.0,4.0,8.0,12.0,27.333334,27.333334,18.0,32.0,32.0,0.0,= 3.5 + 3.5 + 11,= 21 + 11,= 21 + 11,,Assumes +4 AB from Blood Frenzy.
Sahuagin Warlock of Uk'otoa,744332-sahuagin-warlock-of-ukotoa,EGtW,297.0,https://www.dndbeyond.com/monsters/744332-sahuagin-warlock-of-ukotoa,humanoid,medium,generic,N,3.0,2,700.0,2.0,0.0,0.0,-1.0,-1.0,3.0,2,0,0,-1,-1,3,0.0,0.0,0.0,0.0,0.0,0.0,0.0,0.0,0.0,0.0,0.0,0.0,0.0,0.0,0.0,1.0,1.0,1.0,1.0,1.0,1.0,1.0,1.0,1.0,1.0,1.0,1.0,1.0,0.0,1.0,14.0,15.0,22.5,42.5,0.5,0.5,4.0,8.0,13.0,12.0,13.666667,12.0,12.0,12.0,5.0,= 4.5 + 7.5,= 4.5 + 7.5,= 4.5 + 7.5,= 5,"Assumes  +5 hit points from armor of Agathys, +3*5 hit points from Sword of Fathoms. Assumes +1 AC from counterspell"
Sahuagin Wave Shaper,316524-sahuagin-wave-shaper,GoS,251.0,https://www.dndbeyond.com/monsters/316524-sahuagin-wave-shaper,humanoid,medium,generic,N,5.0,3,1800.0,0.0,1.0,1.0,3.0,2.0,1.0,0,1,1,6,2,1,0.0,0.0,0.0,0.0,0.0,0.0,0.0,0.0,0.0,0.0,0.0,0.0,0.0,0.0,0.0,1.0,1.0,1.0,1.0,1.0,1.0,1.0,1.0,1.0,1.0,1.0,1.0,1.0,1.0,1.0,14.0,14.0,60.5,60.5,1.8,1.8,4.0,8.0,,46.0,46.0,46.0,46.0,46.0,0.0,= 23 + 23,= 23 + 23,= 23 + 23,,
Salamander,17004-salamander,MM (2014),266.0,https://www.dndbeyond.com/monsters/17004-salamander,elemental,large,generic,N,5.0,3,1800.0,4.0,2.0,2.0,0.0,0.0,1.0,4,2,2,0,0,1,0.0,0.0,0.0,0.0,0.0,0.0,0.0,0.0,0.0,0.0,0.0,0.0,0.0,0.0,0.0,0.7,0.7,0.7,1.0,2.0,0.0,1.0,1.0,1.0,1.0,1.0,1.0,1.0,2.0,1.5,15.0,15.0,90.0,135.0,1.5,1.5,7.0,7.0,,41.5,41.5,41.5,41.5,41.5,0.0,= 16.5 + 18 + 7,= 16.5 + 18 + 7,= 16.5 + 18 + 7,,
Sanbalet,316526-sanbalet,GoS,252.0,https://www.dndbeyond.com/monsters/316526-sanbalet,humanoid,medium,unique,N,1.0,2,200.0,0.0,1.0,0.0,3.0,1.0,2.0,0,1,0,3,1,2,0.0,0.0,0.0,0.0,0.0,0.0,0.0,0.0,0.0,0.0,0.0,0.0,0.0,0.0,0.0,1.0,1.0,1.0,1.0,1.0,1.0,1.0,1.0,1.0,1.0,1.0,1.0,1.0,1.0,1.0,11.0,11.0,27.0,27.0,1.2,1.2,5.0,5.0,13.0,19.0,19.0,21.0,21.0,15.0,0.0,= 21,= 21,= 10*1.5,,
Sangzor,299431-sangzor,CoS,160.0,https://www.dndbeyond.com/monsters/299431-sangzor,beast,large,unique,N,1.0,2,200.0,3.0,0.0,1.0,-2.0,1.0,-2.0,3,0,1,-2,1,-2,0.0,0.0,0.0,0.0,0.0,0.0,0.0,0.0,0.0,0.0,0.0,0.0,0.0,0.0,0.0,0.7,0.7,0.7,1.0,1.0,1.0,1.0,1.0,1.0,1.0,1.0,1.0,1.0,0.0,2.0,11.0,11.0,19.5,66.0,0.2,0.2,5.0,5.0,,9.666667,9.666667,13.0,8.0,8.0,0.0,= 8 + 5,= 8,= 8,,
Sapphire Dragon Wyrmling,2059753-sapphire-dragon-wyrmling,FToD,216.0,https://www.dndbeyond.com/monsters/2059753-sapphire-dragon-wyrmling,dragon,medium,generic,N,3.0,2,700.0,3.0,2.0,3.0,2.0,1.0,2.0,3,4,5,2,3,4,0.0,0.0,0.0,0.0,1.0,0.0,0.0,0.0,0.0,0.0,0.0,0.0,0.0,0.0,0.0,1.0,1.0,1.0,1.0,1.0,1.0,1.0,0.5,1.0,1.0,1.0,1.0,0.5,2.0,1.0,16.0,16.0,45.0,55.0,3.5,3.5,5.0,5.0,13.0,22.666666,22.666666,44.0,12.0,12.0,0.0,=2*22,= 12,= 12,,Assumes 2*5 hit points from Debilitating Breath.
Sapphire Greatwyrm,2059754-sapphire-greatwyrm,FToD,201.0,https://www.dndbeyond.com/monsters/2059754-sapphire-greatwyrm,dragon,gargantuan,legendary,L,26.0,8,90000.0,9.0,2.0,9.0,10.0,7.0,7.0,9,10,17,10,15,15,0.0,1.0,0.0,0.0,1.0,0.0,0.0,0.0,0.0,0.0,1.0,1.0,0.0,0.0,0.0,1.0,1.0,1.0,1.0,1.0,1.0,1.0,1.0,1.0,1.0,1.0,1.0,0.0,2.0,1.0,21.0,21.0,507.0,627.0,12.7,12.7,17.0,17.0,25.0,173.83333,173.83333,268.5,126.5,126.5,0.0,= 3*71.5 + 3*18,= 36.5 + 2*18 + 3*18,= 36.5 + 2*18 + 3*18,,
Satyr,17005-satyr,MM (2014),267.0,https://www.dndbeyond.com/monsters/17005-satyr,fey,medium,generic,N,0.5,2,100.0,1.0,3.0,0.0,1.0,0.0,2.0,1,3,0,1,0,2,0.0,0.0,0.0,0.0,0.0,0.0,0.0,0.0,0.0,0.0,0.0,0.0,0.0,0.0,0.0,1.0,1.0,1.0,1.0,1.0,1.0,1.0,1.0,1.0,1.0,1.0,1.0,1.0,3.0,1.0,14.0,14.0,31.5,31.5,1.2,5.2,3.0,3.0,,6.0,6.0,6.0,6.0,6.0,0.0,= 6,= 6,= 6,,
Satyr Reveler,909506-satyr-reveler,MOoT,242.0,https://www.dndbeyond.com/monsters/909506-satyr-reveler,fey,medium,generic,N,1.0,2,200.0,1.0,3.0,1.0,1.0,0.0,3.0,1,3,1,1,0,3,0.0,0.0,0.0,0.0,0.0,0.0,0.0,0.0,0.0,0.0,0.0,0.0,0.0,0.0,0.0,1.0,1.0,1.0,1.0,1.0,1.0,1.0,1.0,1.0,1.0,1.0,1.0,1.0,3.0,1.0,13.0,13.0,33.0,33.0,1.5,5.5,5.0,5.0,,12.0,12.0,12.0,12.0,12.0,0.0,= 2*6,= 2*6,= 2*6,,
Satyr Thornbearer,909507-satyr-thornbearer,MOoT,243.0,https://www.dndbeyond.com/monsters/909507-satyr-thornbearer,fey,medium,generic,N,2.0,2,450.0,1.0,4.0,1.0,0.0,1.0,2.0,1,4,1,0,1,2,0.0,0.0,0.0,0.0,0.0,0.0,0.0,0.0,0.0,0.0,0.0,0.0,0.0,0.0,0.0,1.0,1.0,1.0,1.0,1.0,1.0,1.0,1.0,1.0,1.0,1.0,1.0,1.0,4.0,1.0,15.0,15.0,38.5,38.5,1.5,5.5,6.0,6.0,,25.333334,25.333334,34.0,21.0,21.0,0.0,= 2*17,= 3*7,= 3*7,,
Scaladar,183857-scaladar,WDotMM,315.0,https://www.dndbeyond.com/monsters/183857-scaladar,construct,huge,generic,N,8.0,3,3900.0,4.0,0.0,7.0,-5.0,1.0,-5.0,4,0,7,-5,1,-5,0.0,1.0,0.0,0.0,0.0,0.0,0.0,0.0,1.0,0.0,1.0,0.0,0.0,0.0,0.0,0.7,0.7,0.7,1.0,1.0,0.5,0.0,0.0,1.0,0.0,1.0,1.0,1.0,0.0,2.0,19.0,19.0,94.5,189.0,0.3,0.3,7.0,7.0,,51.0,51.0,51.0,51.0,51.0,0.0,= 2*10 + 20 + 11,= 2*10 + 20 + 11,= 2*10 + 20 + 11,,Assumes +11 DPR from Lightning Absorption.
Scarecrow,17200-scarecrow,MM (2014),268.0,https://www.dndbeyond.com/monsters/17200-scarecrow,construct,medium,generic,N,1.0,2,200.0,0.0,1.0,0.0,0.0,0.0,1.0,0,1,0,0,0,1,0.0,1.0,0.0,1.0,1.0,0.0,0.0,0.0,1.0,0.0,1.0,0.0,0.0,0.0,1.0,0.7,0.7,0.7,1.0,1.0,2.0,1.0,1.0,1.0,0.0,1.0,1.0,1.0,1.0,2.0,11.0,11.0,36.0,72.0,0.3,0.3,3.0,3.0,,12.0,12.0,12.0,12.0,12.0,0.0,= 2*6,= 2*6,= 2*6,,
Scholarly Agent,2407561-scholarly-agent,CRCotN,206.0,https://www.dndbeyond.com/monsters/2407561-scholarly-agent,humanoid,medium,generic,N,1.0,2,200.0,0.0,1.0,1.0,3.0,1.0,0.0,0,1,1,5,1,0,0.0,0.0,0.0,0.0,0.0,0.0,0.0,0.0,0.0,0.0,0.0,0.0,0.0,0.0,0.0,1.0,1.0,1.0,1.0,1.0,1.0,1.0,1.0,1.0,1.0,1.0,1.0,1.0,1.0,1.0,14.0,16.0,22.0,22.0,1.3,1.3,5.0,5.0,,14.0,14.0,14.0,14.0,14.0,0.0,= 14,= 14,= 14,,Assumes +2 AC from Glyph of Shielding.
Scholarly Excavator,2407562-scholarly-excavator,CRCotN,206.0,https://www.dndbeyond.com/monsters/2407562-scholarly-excavator,humanoid,medium,generic,N,3.0,2,700.0,2.0,2.0,3.0,2.0,2.0,1.0,2,2,5,4,2,1,0.0,0.0,0.0,0.0,0.0,0.0,0.0,0.0,0.0,0.0,0.0,0.0,0.0,0.0,0.0,1.0,1.0,1.0,1.0,1.0,1.0,1.0,1.0,1.0,1.0,1.0,1.0,1.0,2.0,1.0,16.0,16.0,67.5,67.5,2.7,2.7,4.0,4.0,,22.5,22.5,22.5,22.5,22.5,0.0,= 3*7.5,= 3*7.5,= 3*7.5,,
Scholarly Mastermind,2407563-scholarly-mastermind,CRCotN,207.0,https://www.dndbeyond.com/monsters/2407563-scholarly-mastermind,humanoid,medium,generic,N,5.0,3,1800.0,0.0,2.0,1.0,4.0,3.0,2.0,0,2,1,7,6,2,0.0,0.0,0.0,0.0,0.0,0.0,0.0,0.0,0.0,0.0,0.0,0.0,0.0,0.0,0.0,1.0,1.0,1.0,1.0,1.0,1.0,1.0,1.0,1.0,1.0,1.0,1.0,1.0,2.0,1.0,15.0,15.0,82.5,82.5,3.0,3.0,7.0,7.0,,52.0,52.0,52.0,52.0,52.0,0.0,= 2*26,= 2*26,= 2*26,,
Scion of Grolantor,3731041-scion-of-grolantor,BPGotG,165.0,https://www.dndbeyond.com/monsters/3731041-scion-of-grolantor,giant,gargantuan,legendary,L,22.0,7,41000.0,8.0,2.0,7.0,2.0,5.0,4.0,8,2,7,2,12,11,0.0,0.0,0.0,1.0,0.0,0.0,0.0,0.0,1.0,0.0,1.0,0.0,0.0,0.0,0.0,0.7,0.7,0.7,1.0,0.5,0.5,1.0,0.5,1.0,0.0,1.0,1.0,1.0,2.0,1.0,18.0,18.0,402.5,582.5,7.0,11.0,15.0,15.0,23.0,107.666664,107.666664,21.0,151.0,151.0,0.0,= 2*10.5,= 30 + 2*26 + 2*24 + 2*10.5,= 30 + 2*26 + 2*24 + 2*10.5,,
Scion of Memnor,3731042-scion-of-memnor,BPGotG,167.0,https://www.dndbeyond.com/monsters/3731042-scion-of-memnor,giant,gargantuan,legendary,L,26.0,8,90000.0,10.0,4.0,10.0,7.0,6.0,8.0,10,12,10,7,6,16,0.0,1.0,0.0,0.0,1.0,0.0,0.0,0.0,1.0,1.0,0.0,0.0,0.0,0.0,0.0,0.7,0.7,0.7,1.0,0.5,0.5,1.0,0.5,1.0,1.0,1.0,1.0,0.0,4.0,1.0,20.0,20.0,656.0,936.0,10.2,14.2,18.0,18.0,24.0,125.333336,145.33333,156.0,110.0,110.0,60.0,= 3*52,= 54 + 2*28,= 54 + 2*28,= 3*20,"Assumes +20 HP per round from Fog of Deception, and +40 HP from Thunderous Vortex (stunned). Assumes +20 DPR from Fog of Deception."
Scion of Skoraeus,3731043-scion-of-skoraeus,BPGotG,169.0,https://www.dndbeyond.com/monsters/3731043-scion-of-skoraeus,giant,gargantuan,legendary,L,23.0,7,50000.0,9.0,5.0,8.0,4.0,7.0,2.0,9,12,8,4,14,2,0.0,1.0,0.0,0.0,1.0,0.0,0.0,0.0,1.0,1.0,0.0,0.0,0.0,0.0,0.0,0.7,0.7,0.7,0.0,0.5,0.5,1.0,0.5,1.0,1.0,1.0,1.0,1.0,5.0,1.0,19.0,19.0,444.0,624.0,8.2,12.2,16.0,16.0,24.0,124.333336,124.333336,143.0,115.0,115.0,0.0,= 53 + 2*31 + 28,= 53 + 2*31,= 53 + 2*31,,
Scion of Stronmaus,3731044-scion-of-stronmaus,BPGotG,171.0,https://www.dndbeyond.com/monsters/3731044-scion-of-stronmaus,giant,gargantuan,legendary,L,27.0,8,105000.0,10.0,5.0,10.0,8.0,9.0,7.0,10,13,10,16,9,7,0.0,1.0,0.0,1.0,1.0,0.0,0.0,0.0,1.0,1.0,0.0,1.0,0.0,0.0,0.0,0.7,0.7,0.7,1.0,0.5,0.5,1.0,0.0,1.0,1.0,1.0,1.0,0.0,5.0,1.0,20.0,20.0,656.0,916.0,10.8,14.8,18.0,18.0,25.0,171.33333,171.33333,166.0,182.0,166.0,0.0,= 58 + 2*36 + 2*18,= 58 + 2*36 + 2*26,= 58 + 2*36 + 2*18,,Assumes +4*20 HP from Vengeful Storm (stunned).
Scion of Surtur,3731045-scion-of-surtur,BPGotG,173.0,https://www.dndbeyond.com/monsters/3731045-scion-of-surtur,giant,gargantuan,legendary,L,25.0,8,75000.0,10.0,3.0,9.0,5.0,7.0,5.0,10,11,9,5,7,13,0.0,1.0,0.0,1.0,1.0,0.0,0.0,0.0,1.0,1.0,0.0,0.0,0.0,0.0,0.0,0.7,0.7,0.7,1.0,0.5,0.0,1.0,0.5,1.0,1.0,1.0,1.0,1.0,3.0,1.0,20.0,20.0,546.0,726.0,9.2,13.2,18.0,18.0,25.0,159.16667,159.16667,209.5,134.0,134.0,0.0,= 3*60.5 + 2*14,= 50 + 2*28 + 2*14,= 50 + 2*28 + 2*14,,
Scion of Thrym,3731046-scion-of-thrym,BPGotG,175.0,https://www.dndbeyond.com/monsters/3731046-scion-of-thrym,giant,gargantuan,legendary,L,24.0,7,62000.0,10.0,3.0,8.0,3.0,5.0,5.0,10,3,8,3,12,12,0.0,1.0,0.0,1.0,1.0,0.0,0.0,0.0,1.0,1.0,0.0,0.0,0.0,0.0,0.0,0.7,0.7,0.7,1.0,0.0,0.5,1.0,0.5,1.0,1.0,1.0,1.0,1.0,3.0,1.0,19.0,19.0,499.5,679.5,8.0,12.0,17.0,17.0,25.0,163.0,163.0,181.0,190.0,118.0,0.0,= 2*90.5,= 54 + 2*32 + 2*36,= 54 + 2*32,,
Scorchbringer Guard,176757-scorchbringer-guard,GGtR,243.0,https://www.dndbeyond.com/monsters/176757-scorchbringer-guard,humanoid,medium,generic,N,0.5,2,100.0,1.0,2.0,1.0,0.0,-1.0,0.0,1,2,1,0,-1,0,0.0,0.0,0.0,0.0,0.0,0.0,0.0,0.0,0.0,0.0,0.0,0.0,0.0,0.0,0.0,1.0,1.0,1.0,1.0,1.0,1.0,1.0,1.0,1.0,1.0,1.0,1.0,1.0,2.0,1.0,16.0,16.0,11.0,11.0,0.5,0.5,4.0,4.0,12.0,12.333333,12.333333,14.0,4.5,18.5,0.0,= 2*7,= 4.5,= 4.5 + 2*7,,
Scout,17007-scout,MM (2014),349.0,https://www.dndbeyond.com/monsters/17007-scout,humanoid,medium,generic,N,0.5,2,100.0,0.0,2.0,1.0,0.0,1.0,0.0,0,2,1,0,1,0,0.0,0.0,0.0,0.0,0.0,0.0,0.0,0.0,0.0,0.0,0.0,0.0,0.0,0.0,0.0,1.0,1.0,1.0,1.0,1.0,1.0,1.0,1.0,1.0,1.0,1.0,1.0,1.0,2.0,1.0,13.0,13.0,16.5,16.5,0.7,0.7,4.0,4.0,,12.0,12.0,12.0,12.0,12.0,0.0,= 2*6,= 2*6,= 2*6,,
Scuttling Serpentmaw,2407564-scuttling-serpentmaw,CRCotN,208.0,https://www.dndbeyond.com/monsters/2407564-scuttling-serpentmaw,aberration,small,generic,N,4.0,2,1100.0,3.0,2.0,3.0,-4.0,0.0,-4.0,3,2,3,-4,0,-4,0.0,0.0,0.0,0.0,0.0,0.0,0.0,0.0,0.0,0.0,0.0,0.0,0.0,0.0,0.0,1.0,1.0,1.0,1.0,1.0,1.0,1.0,1.0,1.0,1.0,1.0,1.0,1.0,2.0,1.0,17.0,17.0,65.0,65.0,0.0,0.0,5.0,7.0,,32.0,32.0,32.0,32.0,32.0,0.0,= 17 + 2*7.5,= 17 + 2*7.5,= 17 + 2*7.5,,
Sea Fury,744333-sea-fury,EGtW,299.0,https://www.dndbeyond.com/monsters/744333-sea-fury,fey,medium,legendary,L,12.0,4,8400.0,4.0,2.0,3.0,1.0,1.0,4.0,4,2,3,1,1,4,0.0,0.0,0.0,0.0,0.0,0.0,0.0,0.0,1.0,0.0,1.0,0.0,0.0,0.0,0.0,0.3,0.3,0.3,1.0,0.0,0.0,1.0,1.0,1.0,0.0,1.0,1.0,1.0,2.0,1.5,14.0,14.0,105.0,400.5,2.5,6.5,8.0,8.0,16.0,26.0,49.333332,26.0,26.0,26.0,70.0,= 2*13,= 2*13,= 2*13,= 5*14,Assumes +3*36 hit points from Conjure Snakes. Assumes +5*14 damage from Conjure Snakes.
Sea Fury,744333-sea-fury,EGtW,299.0,https://www.dndbeyond.com/monsters/744333-sea-fury,fey,medium,legendary,LL,14.0,5,11500.0,4.0,2.0,3.0,1.0,1.0,4.0,4,2,3,1,1,4,0.0,0.0,0.0,0.0,0.0,0.0,0.0,0.0,1.0,0.0,1.0,0.0,0.0,0.0,0.0,0.3,0.3,0.3,1.0,0.0,0.0,1.0,1.0,1.0,0.0,1.0,1.0,1.0,2.0,1.5,14.0,14.0,105.0,444.5,2.5,6.5,8.0,8.0,16.0,26.0,56.0,26.0,26.0,26.0,90.0,= 2*13,= 2*13,= 2*13,= 5*14 + 2*10,"Assumes +3*36 hit points from Conjure Snakes, and +2*22 hit point from lair action. Assumes +5*14 damage from Conjure Snakes, +2*10 damage from lair action."
Sea Hag,17008-sea-hag,MM (2014),179.0,https://www.dndbeyond.com/monsters/17008-sea-hag,fey,medium,generic,N,2.0,2,450.0,3.0,1.0,3.0,1.0,1.0,1.0,3,1,3,1,1,1,0.0,0.0,0.0,0.0,0.0,0.0,0.0,0.0,0.0,0.0,0.0,0.0,0.0,0.0,0.0,1.0,1.0,1.0,1.0,1.0,1.0,1.0,1.0,1.0,1.0,1.0,1.0,1.0,1.0,1.0,14.0,14.0,52.5,52.5,1.7,1.7,5.0,5.0,,10.0,10.0,10.0,10.0,10.0,0.0,= 10,= 10,= 10,,
Sea Lion,22655-sea-lion,TftYP,242.0,https://www.dndbeyond.com/monsters/22655-sea-lion,monstrosity,large,generic,N,5.0,3,1800.0,3.0,2.0,2.0,-4.0,1.0,-1.0,3,2,2,-4,1,-1,0.0,0.0,0.0,0.0,0.0,0.0,0.0,0.0,0.0,0.0,0.0,0.0,0.0,0.0,0.0,1.0,1.0,1.0,1.0,1.0,1.0,1.0,1.0,1.0,1.0,1.0,1.0,1.0,2.0,1.0,15.0,15.0,90.0,90.0,0.5,0.5,6.0,7.0,,36.0,36.0,36.0,36.0,36.0,0.0,= 12 + 2*12,= 12 + 2*12,= 12 + 2*12,,
Sea Spawn,17301-sea-spawn,VGtM,189.0,https://www.dndbeyond.com/monsters/17301-sea-spawn,humanoid,medium,legacy,N,1.0,2,200.0,2.0,-1.0,2.0,-2.0,0.0,-1.0,2,-1,2,-2,0,-1,0.0,0.0,0.0,0.0,0.0,0.0,0.0,0.0,0.0,0.0,0.0,0.0,0.0,0.0,0.0,1.0,1.0,1.0,1.0,1.0,1.0,1.0,1.0,1.0,1.0,1.0,1.0,1.0,-1.0,1.0,11.0,11.0,32.5,32.5,0.0,0.0,4.0,4.0,,14.5,14.5,14.5,14.5,14.5,0.0,= 2*4.5 + 5.5,= 2*4.5 + 5.5,= 2*4.5 + 5.5,,
Sea Spawn,2560908-sea-spawn,MPMotM,211.0,https://www.dndbeyond.com/monsters/2560908-sea-spawn,monstrosity,medium,generic,N,1.0,2,200.0,2.0,-1.0,2.0,-2.0,0.0,-1.0,2,-1,2,-2,0,-1,0.0,0.0,0.0,0.0,0.0,0.0,0.0,0.0,0.0,0.0,0.0,0.0,0.0,0.0,0.0,1.0,1.0,1.0,1.0,1.0,1.0,1.0,1.0,1.0,1.0,1.0,1.0,1.0,-1.0,1.0,11.0,11.0,32.5,32.5,0.0,0.0,4.0,4.0,,14.5,14.5,14.5,14.5,14.5,0.0,= 2*4.5 + 5.5,= 2*4.5 + 5.5,= 2*4.5 + 5.5,,
Seal,1123121-seal,IDRotF,308.0,https://www.dndbeyond.com/monsters/1123121-seal,beast,medium,generic,N,0.0,2,10.0,0.0,1.0,0.0,-4.0,1.0,-3.0,0,1,0,-4,1,-3,0.0,0.0,0.0,0.0,0.0,0.0,0.0,0.0,0.0,0.0,0.0,0.0,0.0,0.0,0.0,1.0,1.0,1.0,1.0,1.0,1.0,1.0,1.0,1.0,1.0,1.0,1.0,1.0,1.0,1.0,11.0,11.0,9.0,9.0,-0.8,-0.8,2.0,2.0,,1.0,1.0,1.0,1.0,1.0,0.0,= 1,= 1,= 1,,
Selenelion Twin,1979803-selenelion-twin,TWBtW,241.0,https://www.dndbeyond.com/monsters/1979803-selenelion-twin,humanoid,medium,unique,N,2.0,2,450.0,-2.0,4.0,1.0,1.0,0.0,3.0,-2,6,1,1,0,5,0.0,0.0,0.0,0.0,0.0,0.0,0.0,0.0,0.0,0.0,0.0,0.0,0.0,0.0,0.0,1.0,1.0,1.0,1.0,1.0,1.0,1.0,1.0,1.0,1.0,1.0,1.0,1.0,4.0,1.0,14.0,14.0,33.0,60.0,1.8,1.8,5.0,5.0,13.0,12.0,12.0,12.0,12.0,12.0,0.0,= 12,= 12,= 12,,Assumes +4*3 HP from Moon Ray or Sun Ray.
Sephek Kaltro,1123122-sephek-kaltro,IDRotF,23.0,https://www.dndbeyond.com/monsters/1123122-sephek-kaltro,undead,medium,unique,N,3.0,2,700.0,3.0,2.0,3.0,0.0,3.0,4.0,3,2,3,0,3,4,0.0,1.0,0.0,0.0,1.0,0.0,0.0,0.0,0.0,0.0,0.0,0.0,0.0,0.0,0.0,1.0,1.0,1.0,1.0,0.0,1.0,1.0,1.0,1.0,1.0,1.0,1.0,1.0,2.0,1.0,12.0,12.0,75.0,90.0,2.5,2.5,5.0,5.0,,26.0,26.0,26.0,26.0,26.0,0.0,= 2*13,= 2*13,= 2*13,,
Septon Modron,3883560-septon-modron,PAitM:MPP,40.0,https://www.dndbeyond.com/monsters/3883560-septon-modron,construct,large,generic,N,12.0,4,8400.0,4.0,2.0,3.0,4.0,3.0,2.0,4,2,3,8,7,2,0.0,0.0,0.0,0.0,0.0,0.0,0.0,0.0,0.0,0.0,0.0,0.0,0.0,0.0,0.0,1.0,1.0,1.0,1.0,1.0,1.0,1.0,0.5,1.0,1.0,0.5,1.0,1.0,2.0,1.0,17.0,17.0,204.0,204.0,4.3,4.3,8.0,8.0,16.0,126.0,168.0,126.0,126.0,126.0,126.0,= 4*15 + 2*33,= 4*15 + 2*33,= 4*15 + 2*33,= 126,Assumes +126 damage from Lightning Network (stunned).
Servitor Thrull,175356-servitor-thrull,GGtR,221.0,https://www.dndbeyond.com/monsters/175356-servitor-thrull,construct,small,generic,N,0.25,2,50.0,0.0,1.0,2.0,-2.0,-2.0,-4.0,0,1,2,-2,-2,-4,0.0,0.0,0.0,1.0,0.0,0.0,0.0,0.0,0.0,0.0,1.0,0.0,0.0,0.0,0.0,1.0,1.0,1.0,1.0,1.0,1.0,1.0,1.0,1.0,0.0,1.0,1.0,1.0,1.0,1.0,11.0,11.0,22.0,22.0,-0.8,-0.8,3.0,3.0,,5.5,5.5,5.5,5.5,5.5,0.0,= 5.5,= 5.5,= 5.5,,
Setessan Hoplite,909508-setessan-hoplite,MOoT,229.0,https://www.dndbeyond.com/monsters/909508-setessan-hoplite,humanoid,medium,generic,N,4.0,2,1100.0,2.0,3.0,2.0,1.0,3.0,0.0,2,5,2,1,5,0,0.0,0.0,0.0,0.0,0.0,0.0,0.0,0.0,0.0,0.0,0.0,0.0,0.0,0.0,0.0,1.0,1.0,1.0,1.0,1.0,1.0,1.0,1.0,1.0,1.0,1.0,1.0,1.0,3.0,1.0,16.0,16.0,58.5,58.5,2.5,2.5,5.0,6.0,,34.0,34.0,34.0,34.0,34.0,0.0,= 2*17,= 2*17,= 2*17,,
Severin,21914-severin,RoT,92.0,https://www.dndbeyond.com/monsters/21914-severin,humanoid,medium,unique,L,11.0,4,7200.0,0.0,1.0,3.0,3.0,1.0,5.0,0,5,3,3,5,5,0.0,1.0,0.0,0.0,1.0,0.0,0.0,0.0,0.0,0.0,1.0,0.0,0.0,0.0,0.0,0.7,0.7,0.7,0.5,0.5,0.0,1.0,0.5,1.0,0.5,1.0,1.0,1.0,1.0,1.25,16.0,16.0,150.0,375.0,3.5,3.5,5.0,5.0,17.0,184.0,184.0,184.0,184.0,184.0,0.0,= 40.5 + 3*40.5 + 4*5.5,= 40.5 + 3*40.5 + 4*5.5,= 40.5 + 3*40.5 + 4*5.5,,
Shadar-kai Gloom Weaver,2560909-shadar-kai-gloom-weaver,MPMotM,213.0,https://www.dndbeyond.com/monsters/2560909-shadar-kai-gloom-weaver,humanoid,medium,generic,N,9.0,4,5000.0,0.0,4.0,2.0,2.0,1.0,4.0,0,8,6,2,1,4,0.0,1.0,0.0,1.0,0.0,0.0,0.0,0.0,0.0,0.0,0.0,0.0,0.0,0.0,0.0,1.0,1.0,1.0,1.0,1.0,1.0,1.0,1.0,0.0,1.0,1.0,1.0,1.0,4.0,1.0,17.0,19.0,104.0,104.0,3.5,3.5,8.0,8.0,,100.5,100.5,100.5,100.5,100.5,0.0,= 3*33.5,= 3*33.5,= 3*33.5,,Assumes +2 AC from Misty Escape.
Shadar-kai Shadow Dancer,2560910-shadar-kai-shadow-dancer,MPMotM,213.0,https://www.dndbeyond.com/monsters/2560910-shadar-kai-shadow-dancer,humanoid,medium,generic,N,7.0,3,2900.0,1.0,3.0,1.0,0.0,1.0,1.0,1,6,1,0,1,4,0.0,1.0,0.0,1.0,0.0,0.0,0.0,0.0,0.0,0.0,0.0,0.0,0.0,0.0,0.0,1.0,1.0,1.0,1.0,1.0,1.0,1.0,1.0,0.5,1.0,1.0,1.0,1.0,3.0,1.0,15.0,15.0,71.5,71.5,2.2,2.2,6.0,6.0,14.0,96.0,96.0,96.0,96.0,96.0,0.0,= 3*32,= 3*32,= 3*32,,
Shadar-kai Soul Monger,2560911-shadar-kai-soul-monger,MPMotM,214.0,https://www.dndbeyond.com/monsters/2560911-shadar-kai-soul-monger,humanoid,medium,generic,N,11.0,4,7200.0,-1.0,3.0,2.0,4.0,3.0,1.0,-1,7,2,4,7,5,0.0,1.0,0.0,1.0,1.0,0.0,0.0,0.0,0.0,0.0,0.0,0.0,0.0,0.0,0.0,1.0,1.0,1.0,1.0,1.0,1.0,1.0,1.0,0.0,1.0,0.0,1.0,1.0,3.0,1.0,15.0,15.0,136.5,204.8,4.0,8.0,7.0,7.0,16.0,81.666664,81.666664,90.0,65.0,90.0,0.0,= 2*45,= 2*32.5,= 2*45,,Assumes +50% HP from Soul Thirst.
Shadow,17010-shadow,MM (2014),269.0,https://www.dndbeyond.com/monsters/17010-shadow,undead,medium,generic,N,0.5,2,100.0,-2.0,2.0,1.0,-2.0,0.0,-1.0,-2,2,1,-2,0,-1,0.0,0.0,0.0,1.0,1.0,1.0,0.0,0.0,1.0,1.0,1.0,1.0,1.0,0.0,0.0,0.7,0.7,0.7,0.5,0.5,0.5,1.0,0.5,0.0,0.0,1.0,2.0,0.5,2.0,2.0,12.0,16.0,16.5,33.0,-0.3,3.7,4.0,8.0,,9.0,9.0,9.0,9.0,9.0,0.0,= 9,= 9,= 9,,Assumes +4 AC from Shadow Stealth. Assumes +4 SB from Shadow Stealth. Assumes +4 AB from Shadow Stealth.
Shadow Assassin,183860-shadow-assassin,WDotMM,316.0,https://www.dndbeyond.com/monsters/183860-shadow-assassin,undead,medium,generic,N,9.0,4,5000.0,-2.0,4.0,2.0,1.0,1.0,2.0,-2,8,2,5,1,2,0.0,0.0,0.0,1.0,1.0,1.0,0.0,0.0,1.0,1.0,1.0,1.0,1.0,0.0,0.0,0.7,0.7,0.7,0.5,0.5,0.5,1.0,0.5,0.0,0.0,1.0,2.0,0.5,4.0,1.5,14.0,18.0,78.0,117.0,2.7,2.7,8.0,12.0,,36.0,36.0,36.0,36.0,36.0,0.0,= 2*18,= 2*18,= 2*18,,
Shadow Dancer,95441-shadow-dancer,MToF,225.0,https://www.dndbeyond.com/monsters/95441-shadow-dancer,humanoid,medium,legacy,N,7.0,3,2900.0,1.0,3.0,1.0,0.0,1.0,1.0,1,6,1,0,1,4,0.0,1.0,0.0,1.0,0.0,0.0,0.0,0.0,0.0,0.0,0.0,0.0,0.0,0.0,0.0,1.0,1.0,1.0,1.0,1.0,1.0,1.0,1.0,0.5,1.0,1.0,1.0,1.0,3.0,1.0,15.0,15.0,71.5,71.5,2.2,2.2,6.0,6.0,14.0,96.0,96.0,96.0,96.0,96.0,0.0,= 3*(10 + 22),= 3*(10 + 22),= 3*(10 + 22),,
Shadow Demon,17131-shadow-demon,MM (2014),64.0,https://www.dndbeyond.com/monsters/17131-shadow-demon,fiend,medium,generic,N,4.0,2,1100.0,-5.0,3.0,1.0,2.0,1.0,2.0,-5,5,1,2,1,4,0.0,0.0,0.0,1.0,0.0,1.0,0.0,0.0,1.0,1.0,1.0,1.0,1.0,0.0,0.0,0.7,0.7,0.7,0.5,0.0,0.5,1.0,0.0,0.5,0.0,1.0,2.0,0.5,3.0,2.0,13.0,17.0,66.0,132.0,1.3,5.3,5.0,9.0,,17.0,17.0,17.0,17.0,17.0,0.0,= 17,= 17,= 17,,Assumes +4 AC from Shadow Stealth. Assumes +4 SB from Shadow Stealth. Assumes +4 AB from Shadow Stealth.
Shadow Mastiff,17302-shadow-mastiff,VGtM,190.0,https://www.dndbeyond.com/monsters/17302-shadow-mastiff,monstrosity,medium,legacy,N,2.0,2,450.0,3.0,2.0,1.0,-3.0,1.0,-3.0,3,2,1,-3,1,-3,0.0,0.0,0.0,0.0,0.0,0.0,0.0,0.0,0.0,0.0,0.0,0.0,0.0,0.0,0.0,0.8,0.8,0.8,1.0,1.0,1.0,1.0,1.0,1.0,1.0,1.0,1.0,1.0,2.0,2.0,12.0,16.0,33.0,66.0,0.2,0.2,5.0,9.0,,10.0,10.0,10.0,10.0,10.0,0.0,= 10,= 10,= 10,,Assumes +4 AC from Shadow Blend. Assumes +4 AB from Shadow Blend.
Shadow Mastiff,2560913-shadow-mastiff,MPMotM,215.0,https://www.dndbeyond.com/monsters/2560913-shadow-mastiff,monstrosity,medium,generic,N,2.0,2,450.0,3.0,2.0,1.0,-3.0,1.0,-3.0,3,2,1,-3,1,-3,0.0,0.0,0.0,0.0,0.0,0.0,0.0,0.0,0.0,0.0,0.0,0.0,0.0,0.0,0.0,0.8,0.8,0.8,1.0,1.0,1.0,1.0,1.0,1.0,1.0,1.0,1.0,1.0,2.0,2.0,12.0,16.0,33.0,66.0,0.2,0.2,5.0,9.0,,10.0,10.0,10.0,10.0,10.0,0.0,= 10,= 10,= 10,,Assumes +4 AC from Shadow Blend. Assumes +4 AB from Shadow Blend.
Shadow Mastiff Alpha,17347-shadow-mastiff-alpha,VGtM,190.0,https://www.dndbeyond.com/monsters/17347-shadow-mastiff-alpha,monstrosity,medium,legacy,N,2.0,2,450.0,3.0,2.0,1.0,-2.0,1.0,-3.0,3,2,1,-2,1,-3,0.0,0.0,0.0,0.0,0.0,0.0,0.0,0.0,0.0,0.0,0.0,0.0,0.0,0.0,0.0,0.8,0.8,0.8,1.0,1.0,1.0,1.0,1.0,1.0,1.0,1.0,1.0,1.0,2.0,2.0,12.0,16.0,33.0,82.5,0.3,0.3,5.0,9.0,,10.0,10.0,10.0,10.0,10.0,0.0,= 10,= 10,= 10,,Assumes +25% HP from Terrifying Howl. Assumes +4 AC from Shadow Blend. Assumes +4 AB from Shadow Blend.
Shadow Mastiff Alpha,2560912-shadow-mastiff-alpha,MPMotM,215.0,https://www.dndbeyond.com/monsters/2560912-shadow-mastiff-alpha,monstrosity,medium,generic,N,3.0,2,700.0,3.0,2.0,1.0,-2.0,1.0,-3.0,3,2,1,-2,1,-3,0.0,0.0,0.0,0.0,0.0,0.0,0.0,0.0,0.0,0.0,0.0,0.0,0.0,0.0,0.0,0.8,0.8,0.8,1.0,1.0,1.0,1.0,1.0,1.0,1.0,1.0,1.0,1.0,2.0,2.0,12.0,16.0,44.0,110.0,0.3,0.3,5.0,9.0,,10.0,10.0,10.0,10.0,10.0,0.0,= 10,= 10,= 10,,Assumes +25% HP from Terrifying Howl. Assumes +4 AC from Shadow Blend. Assumes +4 AB from Shadow Blend.
Shadowghast,744334-shadowghast,EGtW,299.0,https://www.dndbeyond.com/monsters/744334-shadowghast,undead,medium,generic,N,5.0,3,1800.0,2.0,5.0,1.0,1.0,0.0,-1.0,2,5,1,1,0,-1,0.0,1.0,0.0,1.0,0.0,0.0,0.0,0.0,0.0,0.0,1.0,0.0,0.0,0.0,0.0,1.0,1.0,1.0,1.0,1.0,1.0,1.0,1.0,0.5,0.0,1.0,1.0,1.0,5.0,1.0,15.0,19.0,49.5,64.5,1.3,1.3,8.0,12.0,12.0,28.5,28.5,28.5,28.5,28.5,0.0,= 16.5 + 12,= 16.5 + 12,= 16.5 + 12,,Assumes +3*5 hit points from Claws.
Shadrix Silverquill,2160329-shadrix-silverquill,SACoC,212.0,https://www.dndbeyond.com/monsters/2160329-shadrix-silverquill,dragon,gargantuan,unique,L,22.0,7,41000.0,7.0,2.0,6.0,4.0,4.0,8.0,7,9,13,4,11,15,0.0,0.0,0.0,0.0,0.0,0.0,0.0,0.0,0.0,0.0,0.0,0.0,0.0,0.0,0.0,1.0,1.0,1.0,1.0,1.0,1.0,1.0,1.0,1.0,1.0,0.0,0.0,1.0,2.0,1.0,21.0,23.0,363.0,453.0,9.8,9.8,14.0,14.0,21.0,98.833336,98.833336,157.5,69.5,69.5,0.0,= 2*63 + 3*10.5,= 17 + 2*10.5 + 3*10.5,= 17 + 2*10.5 + 3*10.5,,Assumes +2 AC from Claw (disadvantage).
Shambling Mound,17011-shambling-mound,MM (2014),270.0,https://www.dndbeyond.com/monsters/17011-shambling-mound,plant,large,generic,N,5.0,3,1800.0,4.0,-1.0,3.0,-3.0,0.0,-3.0,4,-1,3,-3,0,-3,1.0,0.0,1.0,1.0,0.0,0.0,0.0,0.0,0.0,0.0,0.0,0.0,0.0,0.0,0.0,1.0,1.0,1.0,1.0,0.5,0.5,1.0,0.0,1.0,1.0,1.0,1.0,1.0,-1.0,1.0,15.0,15.0,136.0,136.0,0.0,0.0,7.0,7.0,14.0,34.666668,34.666668,26.0,39.0,39.0,0.0,= 2*13,= 2*13 + 13,= 2*13 + 13,,
Sharwyn Hucrele,23114-sharwyn-hucrele,TftYP,242.0,https://www.dndbeyond.com/monsters/23114-sharwyn-hucrele,humanoid,medium,unique,N,0.5,2,100.0,0.0,1.0,2.0,3.0,2.0,-1.0,0,1,2,3,2,-1,0.0,0.0,0.0,0.0,0.0,0.0,0.0,0.0,0.0,0.0,0.0,0.0,0.0,0.0,0.0,1.0,1.0,1.0,1.0,1.0,1.0,1.0,1.0,1.0,1.0,1.0,1.0,1.0,1.0,1.0,16.0,16.0,13.0,13.0,1.2,1.2,5.0,5.0,,10.0,10.0,13.0,13.0,4.0,0.0,= 13,= 13,= 4,,
Shator Demodand,3883561-shator-demodand,PAitM:MPP,28.0,https://www.dndbeyond.com/monsters/3883561-shator-demodand,fiend,large,generic,N,16.0,5,15000.0,7.0,2.0,3.0,5.0,3.0,5.0,7,7,3,5,8,5,0.0,1.0,0.0,0.0,1.0,0.0,0.0,0.0,1.0,0.0,1.0,0.0,1.0,0.0,0.0,1.0,1.0,1.0,0.0,0.5,0.5,1.0,1.0,1.0,0.0,1.0,1.0,1.0,2.0,1.0,19.0,21.0,195.5,195.5,5.8,9.8,12.0,12.0,16.0,80.0,101.333336,81.0,79.5,79.5,64.0,= 2*40.5,= 43.5 + 2*18,= 43.5 + 2*18,= 64,Assumes +2 AC from Numbing Secretions (disadvantage). Assumes +64 damage fro Inhibitory Spray (paralyzed).
Shell Shark,316819-shell-shark,GoS,252.0,https://www.dndbeyond.com/monsters/316819-shell-shark,monstrosity,medium,generic,N,2.0,2,450.0,2.0,1.0,2.0,-4.0,0.0,-2.0,4,1,2,-4,0,-2,0.0,0.0,0.0,0.0,0.0,0.0,0.0,0.0,0.0,0.0,0.0,0.0,0.0,0.0,0.0,1.0,1.0,1.0,1.0,1.0,1.0,1.0,1.0,1.0,1.0,1.0,1.0,1.0,1.0,1.0,18.0,18.0,32.5,32.5,0.2,4.2,4.0,8.0,,26.0,26.0,26.0,26.0,26.0,0.0,= 2*13,= 2*13,= 2*13,,
Shemeshka,3883562-shemeshka,PAitM:MPP,46.0,https://www.dndbeyond.com/monsters/3883562-shemeshka,fiend,medium,unique,L,14.0,5,11500.0,5.0,2.0,2.0,5.0,3.0,4.0,5,7,2,10,8,9,0.0,1.0,0.0,0.0,0.0,0.0,0.0,0.0,0.0,0.0,1.0,0.0,0.0,0.0,0.0,0.7,0.7,0.7,0.0,0.5,0.5,1.0,0.5,1.0,0.0,1.0,1.0,1.0,2.0,1.25,17.0,17.0,162.5,446.9,6.8,10.8,10.0,10.0,18.0,69.5,69.5,69.5,69.5,69.5,0.0,= 45.5 + 24,= 45.5 + 24,= 45.5 + 24,,Assumes +25 HP per round from Fell Counterspell.
Shemshime,1528981-shemshime,CM,69.0,https://www.dndbeyond.com/monsters/1528981-shemshime,undead,medium,unique,N,4.0,2,1100.0,-2.0,3.0,0.0,3.0,2.0,3.0,-2,3,0,5,4,3,0.0,1.0,0.0,1.0,1.0,1.0,0.0,0.0,1.0,1.0,1.0,1.0,1.0,0.0,0.0,0.5,0.5,0.5,0.5,0.0,0.5,1.0,0.5,0.0,0.0,1.0,1.0,0.5,3.0,2.0,13.0,13.0,31.5,83.0,2.2,2.2,5.0,5.0,13.0,24.333334,24.333334,21.0,26.0,26.0,0.0,= 21,= 2*7.5 + 2*5.5,= 2*7.5 + 2*5.5,,Assumes +10 HP from Howling Babble stun effect.
Shield Guardian,17012-shield-guardian,MM (2014),271.0,https://www.dndbeyond.com/monsters/17012-shield-guardian,construct,large,generic,N,7.0,3,2900.0,4.0,-1.0,4.0,-2.0,0.0,-4.0,4,-1,4,-2,0,-4,0.0,1.0,0.0,1.0,1.0,0.0,0.0,0.0,1.0,0.0,1.0,0.0,0.0,0.0,0.0,1.0,1.0,1.0,1.0,1.0,1.0,1.0,1.0,1.0,0.0,1.0,1.0,1.0,-1.0,1.0,17.0,17.0,142.5,172.5,0.2,0.2,7.0,7.0,,35.333332,35.333332,62.0,22.0,22.0,0.0,= 2*31,= 2*11,= 2*11,,
Shifter,489478-shifter,ERftLW,319.0,https://www.dndbeyond.com/monsters/489478-shifter,humanoid,medium,generic,N,0.5,2,100.0,1.0,3.0,2.0,0.0,2.0,0.0,1,3,2,0,2,0,0.0,0.0,0.0,0.0,0.0,0.0,0.0,0.0,0.0,0.0,0.0,0.0,0.0,0.0,0.0,1.0,1.0,1.0,1.0,1.0,1.0,1.0,1.0,1.0,1.0,1.0,1.0,1.0,3.0,1.0,14.0,14.0,19.5,24.5,1.3,1.3,5.0,5.0,,12.0,12.0,12.0,12.0,12.0,0.0,= 6.5 + 5.5,= 6.5 + 5.5,= 6.5 + 5.5,,
Shoalar Quanderil,17450-shoalar-quanderil,PotA,208.0,https://www.dndbeyond.com/monsters/17450-shoalar-quanderil,humanoid,medium,unique,N,4.0,2,1100.0,0.0,1.0,3.0,2.0,0.0,3.0,0,1,3,2,0,3,0.0,0.0,0.0,0.0,0.0,0.0,0.0,0.0,0.0,0.0,0.0,0.0,0.0,0.0,0.0,1.0,1.0,1.0,0.5,1.0,1.0,1.0,1.0,1.0,1.0,1.0,1.0,1.0,1.0,1.0,13.0,13.0,60.0,60.0,1.5,1.5,5.0,5.0,13.0,31.0,31.0,36.0,36.0,21.0,0.0,= 2*18,= 2*18,= 14*1.5,,Increased magic missile damage by 50% to account for chance to hit.
Shockerstomper,300106-shockerstomper,WDotMM,174.0,https://www.dndbeyond.com/monsters/300106-shockerstomper,construct,gargantuan,unique,N,14.0,5,11500.0,6.0,0.0,5.0,-5.0,-5.0,-5.0,6,0,5,-5,-5,-5,1.0,1.0,1.0,0.0,1.0,0.0,0.0,0.0,1.0,0.0,1.0,0.0,0.0,0.0,0.0,1.0,1.0,1.0,1.0,1.0,1.0,1.0,1.0,1.0,0.0,0.0,1.0,1.0,0.0,1.0,20.0,20.0,310.0,310.0,-0.7,-0.7,8.0,8.0,15.0,176.0,176.0,176.0,176.0,176.0,0.0,= 3*44 + 2*22,= 3*44 + 2*22,= 3*44 + 2*22,,
Shoosuva,17236-shoosuva,VGtM,137.0,https://www.dndbeyond.com/monsters/17236-shoosuva,fiend,large,legacy,N,8.0,3,3900.0,4.0,1.0,3.0,-2.0,2.0,-1.0,4,4,6,-2,5,-1,0.0,1.0,0.0,0.0,1.0,0.0,0.0,0.0,0.0,0.0,1.0,0.0,0.0,0.0,0.0,0.7,0.7,0.7,1.0,0.5,0.5,1.0,0.5,1.0,0.0,1.0,1.0,1.0,1.0,1.5,14.0,14.0,110.5,210.8,2.7,2.7,7.0,7.0,14.0,39.0,52.0,39.0,39.0,39.0,39.0,= 26 + 13,= 26 + 13,= 26 + 13,= 3*13,Assumes +10 HPR from Tail Stinger. Assumes +13 DPR from Rampage.
Shoosuva,2560914-shoosuva,MPMotM,216.0,https://www.dndbeyond.com/monsters/2560914-shoosuva,fiend,large,generic,N,8.0,3,3900.0,4.0,1.0,3.0,-2.0,2.0,-1.0,4,4,6,-2,5,-1,0.0,1.0,0.0,0.0,1.0,0.0,0.0,0.0,0.0,0.0,1.0,0.0,0.0,0.0,0.0,1.0,1.0,1.0,1.0,0.5,0.5,1.0,0.5,1.0,0.0,1.0,1.0,1.0,1.0,1.5,14.0,14.0,136.0,249.0,2.7,2.7,7.0,7.0,14.0,39.0,52.0,39.0,39.0,39.0,39.0,= 26 + 13,= 26 + 13,= 26 + 13,= 3*13,Assumes +10 HPR from Tail Stinger. Assumes +13 DPR from Rampage.
Shrieker,17013-shrieker,MM (2014),138.0,https://www.dndbeyond.com/monsters/17013-shrieker,plant,medium,generic,N,0.0,2,10.0,-5.0,-5.0,0.0,-5.0,-4.0,-5.0,-5,-5,0,-5,-4,-5,1.0,0.0,1.0,0.0,1.0,0.0,0.0,0.0,0.0,0.0,0.0,0.0,0.0,0.0,0.0,1.0,1.0,1.0,1.0,1.0,1.0,1.0,1.0,1.0,1.0,1.0,1.0,1.0,-5.0,1.0,5.0,5.0,13.5,13.5,-4.0,-4.0,0.0,0.0,,0.0,0.0,0.0,0.0,0.0,0.0,= 0,= 0,= 0,,
Sibriex,94512-sibriex,MToF,137.0,https://www.dndbeyond.com/monsters/94512-sibriex,fiend,huge,legacy,L,18.0,6,20000.0,0.0,-4.0,6.0,7.0,7.0,7.0,0,-4,6,13,7,13,0.0,0.0,0.0,0.0,0.0,0.0,0.0,0.0,0.0,0.0,1.0,0.0,0.0,0.0,0.0,0.7,0.7,0.7,1.0,0.5,0.5,1.0,0.5,1.0,0.0,1.0,1.0,1.0,-4.0,1.0,19.0,19.0,150.0,240.0,5.8,9.8,10.0,10.0,20.0,200.0,209.33333,200.0,200.0,200.0,28.0,= 35 + 3*20 + 3*35,= 35 + 3*20 + 3*35,= 35 + 3*20 + 3*35,= 2*14,Assumes 2*14 damage from Contamination.
Sibriex,2560915-sibriex,MPMotM,217.0,https://www.dndbeyond.com/monsters/2560915-sibriex,fiend,huge,legendary,L,18.0,6,20000.0,0.0,-4.0,6.0,7.0,7.0,7.0,0,-4,6,13,7,13,0.0,0.0,0.0,0.0,0.0,0.0,0.0,0.0,0.0,0.0,1.0,0.0,0.0,0.0,0.0,0.7,0.7,0.7,1.0,0.5,0.5,1.0,0.5,1.0,0.0,1.0,1.0,1.0,-4.0,1.0,19.0,19.0,150.0,240.0,5.8,9.8,13.0,13.0,20.0,186.0,195.33333,186.0,186.0,186.0,28.0,= 3*20 + 31.5 + 3*31.5,= 3*20 + 31.5 + 3*31.5,= 3*20 + 31.5 + 3*31.5,= 2*14,Assumes 2*14 damage from Contamination.
Sildar Hallwinter,3805769-sildar-hallwinter,PaBTSO,22.0,https://www.dndbeyond.com/monsters/3805769-sildar-hallwinter,humanoid,medium,unique,N,1.0,2,200.0,1.0,0.0,1.0,0.0,0.0,0.0,3,0,3,0,0,0,0.0,0.0,0.0,0.0,0.0,0.0,0.0,0.0,0.0,0.0,0.0,0.0,0.0,0.0,0.0,1.0,1.0,1.0,1.0,1.0,1.0,1.0,1.0,1.0,1.0,1.0,1.0,1.0,0.0,1.0,16.0,18.0,27.5,27.5,1.0,1.0,3.0,3.0,,13.0,13.0,13.0,13.0,13.0,0.0,= 2*6.5,= 2*6.5,= 2*6.5,,Assumes +2 AC from Parry.
Silver Dragon Wyrmling,17014-silver-dragon-wyrmling,MM (2014),118.0,https://www.dndbeyond.com/monsters/17014-silver-dragon-wyrmling,dragon,medium,generic,N,2.0,2,450.0,4.0,0.0,3.0,1.0,0.0,2.0,4,2,5,1,2,4,0.0,0.0,0.0,0.0,0.0,0.0,0.0,0.0,0.0,0.0,0.0,0.0,0.0,0.0,0.0,1.0,1.0,1.0,1.0,0.0,1.0,1.0,1.0,1.0,1.0,1.0,1.0,1.0,0.0,1.0,17.0,17.0,45.0,45.0,3.0,3.0,6.0,6.0,13.0,18.333334,18.333334,36.0,9.5,9.5,0.0,= 2*18,= 9.5,= 9.5,,
Silver Greatwyrm,2059755-silver-greatwyrm,FToD,208.0,https://www.dndbeyond.com/monsters/2059755-silver-greatwyrm,dragon,gargantuan,legendary,L,28.0,8,120000.0,10.0,3.0,9.0,5.0,6.0,10.0,10,11,17,13,14,18,0.0,1.0,0.0,0.0,1.0,0.0,0.0,0.0,0.0,0.0,1.0,0.0,0.0,0.0,0.0,1.0,1.0,1.0,1.0,0.0,1.0,1.0,1.0,1.0,1.0,1.0,1.0,1.0,3.0,1.0,22.0,22.0,565.5,685.5,13.8,13.8,18.0,18.0,25.0,195.0,195.0,315.0,135.0,135.0,0.0,= 3*84 + 3*21,= 34 + 2*19 + 3*21,= 34 + 2*19 + 3*21,,
Silverquill Apprentice,2160330-silverquill-apprentice,SACoC,214.0,https://www.dndbeyond.com/monsters/2160330-silverquill-apprentice,humanoid,medium,generic,N,2.0,2,450.0,0.0,2.0,1.0,1.0,0.0,2.0,0,4,1,1,0,4,0.0,0.0,0.0,0.0,0.0,0.0,0.0,0.0,0.0,0.0,0.0,0.0,0.0,0.0,0.0,1.0,1.0,1.0,1.0,1.0,1.0,1.0,1.0,1.0,1.0,1.0,1.0,1.0,2.0,1.0,15.0,15.0,44.0,44.0,1.7,1.7,4.0,4.0,,14.5,14.5,14.5,14.5,14.5,0.0,= 14.5,= 14.5,= 14.5,,
Silverquill Pledgemage,2160331-silverquill-pledgemage,SACoC,214.0,https://www.dndbeyond.com/monsters/2160331-silverquill-pledgemage,humanoid,medium,generic,N,4.0,2,1100.0,0.0,3.0,1.0,1.0,0.0,3.0,0,5,1,1,2,5,0.0,0.0,0.0,0.0,0.0,0.0,0.0,0.0,0.0,0.0,0.0,0.0,0.0,0.0,0.0,1.0,1.0,1.0,1.0,1.0,1.0,1.0,1.0,1.0,1.0,1.0,1.0,1.0,3.0,1.0,16.0,19.0,66.0,66.0,2.3,2.3,5.0,5.0,13.0,29.0,29.0,29.0,29.0,29.0,0.0,= 16 + 13,= 16 + 13,= 16 + 13,,"Assumes +2 AC from Demotivate, +1 AC from Rousing Verse. Assumes +13 DPR from Demotivate."
Silverquill Professor of Radiance,2160332-silverquill-professor-of-radiance,SACoC,215.0,https://www.dndbeyond.com/monsters/2160332-silverquill-professor-of-radiance,humanoid,medium,generic,N,7.0,3,2900.0,0.0,2.0,2.0,3.0,1.0,4.0,0,5,2,6,4,7,0.0,0.0,0.0,0.0,0.0,0.0,0.0,0.0,0.0,0.0,0.0,0.0,0.0,0.0,0.0,1.0,1.0,1.0,1.0,1.0,1.0,1.0,1.0,1.0,1.0,1.0,0.5,1.0,2.0,1.0,15.0,17.0,97.5,97.5,4.0,4.0,7.0,9.0,15.0,35.0,35.0,35.0,35.0,35.0,0.0,= 2*17.5,= 2*17.5,= 2*17.5,,Assumes +2 AC from Radiant Strike (blinded). Assumes +2 AB from Radiant Strike (blinded).
Silverquill Professor of Shadow,2160333-silverquill-professor-of-shadow,SACoC,215.0,https://www.dndbeyond.com/monsters/2160333-silverquill-professor-of-shadow,humanoid,medium,generic,N,7.0,3,2900.0,0.0,2.0,2.0,3.0,1.0,4.0,0,5,2,6,4,7,0.0,0.0,0.0,0.0,0.0,0.0,0.0,0.0,0.0,0.0,0.0,0.0,0.0,0.0,0.0,1.0,1.0,1.0,1.0,1.0,1.0,1.0,1.0,0.5,1.0,1.0,1.0,1.0,2.0,1.0,15.0,17.0,97.5,97.5,4.0,4.0,7.0,9.0,15.0,35.0,35.0,35.0,35.0,35.0,0.0,= 2*17.5,= 2*17.5,= 2*17.5,,Assumes +2 AC from Ink Lance (blinded). Assumes +2 AB from Ink Lance (blinded).
Sion,4635158-sion,QftIS,216.0,https://www.dndbeyond.com/monsters/4635158-sion,humanoid,medium,unique,N,2.0,2,450.0,3.0,2.0,1.0,1.0,2.0,3.0,3,2,3,1,2,5,0.0,0.0,0.0,0.0,0.0,0.0,0.0,0.0,0.0,0.0,0.0,0.0,0.0,0.0,0.0,1.0,1.0,1.0,1.0,1.0,1.0,1.0,1.0,1.0,1.0,1.0,1.0,1.0,2.0,1.0,12.0,12.0,49.5,64.5,2.7,6.7,5.0,5.0,13.0,14.0,14.0,14.0,14.0,14.0,0.0,= 14,= 14,= 14,,Assumes +5 HP per round from Affix Shadow.
Sir Braford,23115-sir-braford,TftYP,243.0,https://www.dndbeyond.com/monsters/23115-sir-braford,humanoid,medium,unique,N,0.5,2,100.0,3.0,-1.0,2.0,0.0,1.0,2.0,3,-1,2,0,1,2,0.0,0.0,0.0,0.0,0.0,0.0,0.0,0.0,0.0,0.0,0.0,0.0,0.0,0.0,0.0,1.0,1.0,1.0,1.0,1.0,1.0,1.0,1.0,1.0,1.0,1.0,1.0,1.0,-1.0,1.0,18.0,18.0,19.5,19.5,1.2,1.2,6.0,6.0,,8.0,8.0,8.0,8.0,8.0,0.0,= 8,= 8,= 8,,
Sir Godfrey Gwilym,297564-sir-godfrey-gwilym,CoS,139.0,https://www.dndbeyond.com/monsters/297564-sir-godfrey-gwilym,undead,medium,unique,N,6.0,3,2300.0,4.0,2.0,4.0,1.0,3.0,4.0,7,2,7,1,6,7,0.0,1.0,0.0,1.0,1.0,0.0,0.0,0.0,1.0,0.0,1.0,0.0,0.0,1.0,0.0,1.0,1.0,1.0,1.0,1.0,1.0,1.0,1.0,0.5,0.0,0.5,1.0,1.0,2.0,1.0,13.0,13.0,136.0,166.0,5.0,5.0,7.0,7.0,15.0,46.333332,46.333332,48.0,48.0,43.0,0.0,= 2*15 + 18,= 2*15 + 18,= 2*15 + 13,,
Sir Jared,3960633-sir-jared,TBoMT,80.0,https://www.dndbeyond.com/monsters/3960633-sir-jared,humanoid,medium,unique,N,5.0,3,1800.0,4.0,1.0,3.0,1.0,2.0,3.0,7,1,6,1,2,3,1.0,1.0,0.0,0.0,1.0,0.0,0.0,0.0,0.0,0.0,0.0,0.0,0.0,0.0,0.0,1.0,1.0,1.0,1.0,1.0,1.0,1.0,1.0,1.0,1.0,1.0,1.0,1.0,1.0,1.0,20.0,20.0,90.0,90.0,3.3,3.3,7.0,8.0,,39.0,39.0,39.0,39.0,39.0,0.0,= 3*13,= 3*13,= 3*13,,Assumes +1 AB from Longsword (crit range).
Sire of Insanity,175311-sire-of-insanity,GGtR,197.0,https://www.dndbeyond.com/monsters/175311-sire-of-insanity,fiend,huge,generic,N,12.0,4,8400.0,6.0,-2.0,4.0,2.0,4.0,6.0,6,-2,8,6,8,10,0.0,0.0,0.0,0.0,0.0,0.0,0.0,0.0,0.0,0.0,1.0,0.0,0.0,0.0,0.0,0.7,0.7,0.7,1.0,0.5,0.5,1.0,0.5,1.0,0.0,1.0,1.0,1.0,-2.0,1.25,17.0,17.0,157.5,196.9,6.0,10.0,10.0,10.0,18.0,60.0,60.0,60.0,60.0,60.0,0.0,= 41 + 19,= 41 + 19,= 41 + 19,,
Siren,23117-siren,TftYP,243.0,https://www.dndbeyond.com/monsters/23117-siren,fey,medium,generic,N,3.0,2,700.0,0.0,4.0,1.0,1.0,2.0,3.0,0,4,1,1,2,3,0.0,0.0,0.0,0.0,0.0,0.0,0.0,0.0,0.0,0.0,0.0,0.0,0.0,0.0,0.0,1.0,1.0,1.0,1.0,1.0,1.0,1.0,1.0,1.0,1.0,1.0,1.0,1.0,4.0,1.0,14.0,19.0,38.5,53.5,1.8,5.8,5.0,5.0,13.0,13.0,13.0,13.0,13.0,13.0,0.0,= 13,= 13,= 13,,Assumes +3*5 hp from Stupefying Touch. Assumes +5 AC from casting greater invisibility before combat.
Sivak Draconian,3081121-sivak-draconian,DSotDQ,199.0,https://www.dndbeyond.com/monsters/3081121-sivak-draconian,monstrosity,large,generic,N,4.0,2,1100.0,4.0,0.0,4.0,1.0,0.0,0.0,6,0,4,1,2,0,0.0,0.0,0.0,0.0,0.0,0.0,0.0,0.0,0.0,0.0,0.0,0.0,0.0,0.0,0.0,1.0,1.0,1.0,1.0,1.0,1.0,1.0,1.0,1.0,1.0,1.0,1.0,1.0,0.0,1.0,16.0,16.0,57.0,57.0,2.2,2.2,6.0,6.0,,34.5,34.5,34.5,34.5,34.5,0.0,= 2*13 + 8.5,= 2*13 + 8.5,= 2*13 + 8.5,,
Skabatha Nightshade,1979806-skabatha-nightshade,TWBtW,218.0,https://www.dndbeyond.com/monsters/1979806-skabatha-nightshade,fey,medium,unique,N,8.0,3,3900.0,4.0,-1.0,3.0,1.0,3.0,2.0,4,-1,6,4,6,5,0.0,0.0,0.0,0.0,0.0,0.0,0.0,0.0,0.0,0.0,0.0,0.0,0.0,0.0,0.0,1.0,1.0,1.0,1.0,1.0,1.0,1.0,1.0,1.0,1.0,1.0,1.0,1.0,-1.0,1.0,16.0,16.0,150.0,150.0,4.0,4.0,7.0,7.0,,50.0,50.0,50.0,50.0,50.0,0.0,=2*25,=2*25,=2*25,,
Skeemo Weirdbottle,149862-skeemo-weirdbottle,WDH,200.0,https://www.dndbeyond.com/monsters/149862-skeemo-weirdbottle,humanoid,small,generic,N,6.0,3,2300.0,-1.0,2.0,1.0,3.0,1.0,2.0,-1,2,1,6,4,2,0.0,0.0,0.0,0.0,0.0,0.0,0.0,0.0,0.0,0.0,0.0,0.0,0.0,0.0,0.0,1.0,1.0,1.0,1.0,1.0,1.0,1.0,1.0,1.0,1.0,1.0,1.0,1.0,2.0,1.0,15.0,22.0,72.0,72.0,2.3,2.3,6.0,6.0,14.0,64.666664,64.666664,70.0,62.0,62.0,0.0,= 2*35,= 2*31,= 2*31,,Assumes +2 AC from Gnome Cunning.
Skeletal Alchemist,316828-skeletal-alchemist,GoS,253.0,https://www.dndbeyond.com/monsters/316828-skeletal-alchemist,undead,medium,generic,N,0.5,2,100.0,-1.0,1.0,2.0,2.0,0.0,-1.0,-1,1,2,2,0,-1,0.0,0.0,0.0,1.0,0.0,0.0,0.0,0.0,0.0,0.0,1.0,0.0,0.0,0.0,0.0,2.0,1.0,1.0,1.0,1.0,1.0,1.0,1.0,1.0,0.0,1.0,1.0,1.0,1.0,1.0,11.0,11.0,32.5,32.5,0.5,4.5,3.0,3.0,,10.0,10.0,10.0,10.0,10.0,0.0,= 2*5,= 2*5,= 2*5,,
Skeletal Juggernaut,316830-skeletal-juggernaut,GoS,253.0,https://www.dndbeyond.com/monsters/316830-skeletal-juggernaut,undead,large,generic,N,5.0,3,1800.0,3.0,2.0,2.0,-2.0,-1.0,-3.0,3,2,2,-2,-1,-3,0.0,0.0,0.0,1.0,0.0,0.0,0.0,0.0,0.0,0.0,1.0,0.0,0.0,0.0,0.0,2.0,1.0,1.0,1.0,1.0,1.0,1.0,1.0,1.0,0.0,1.0,1.0,1.0,2.0,1.0,13.0,15.0,142.5,142.5,0.2,0.2,6.0,6.0,,36.0,36.0,24.0,24.0,60.0,0.0,= 2*12,= 2*12,= 60,,Assumes skeletons attack for one turn and offset the hp lost from Falling Apart.
Skeletal Knight,3081122-skeletal-knight,DSotDQ,208.0,https://www.dndbeyond.com/monsters/3081122-skeletal-knight,undead,medium,generic,N,7.0,3,2900.0,5.0,0.0,3.0,1.0,2.0,0.0,5,0,6,1,5,0,0.0,0.0,0.0,1.0,0.0,0.0,0.0,0.0,0.0,0.0,1.0,0.0,0.0,0.0,0.0,1.0,1.0,1.0,1.0,1.0,1.0,1.0,1.0,1.0,0.0,1.0,1.0,1.0,0.0,1.0,18.0,18.0,112.5,126.5,2.8,2.8,8.0,8.0,,46.5,46.5,46.5,46.5,46.5,0.0,= 3*15.5,= 3*15.5,= 3*15.5,,
Skeletal Swarm,316845-skeletal-swarm,GoS,254.0,https://www.dndbeyond.com/monsters/316845-skeletal-swarm,undead,large,generic,N,2.0,2,450.0,1.0,2.0,2.0,-2.0,-1.0,-3.0,1,2,2,-2,-1,-3,0.0,1.0,0.0,1.0,1.0,0.0,0.0,0.0,1.0,1.0,1.0,1.0,1.0,1.0,0.0,2.0,0.5,0.5,1.0,1.0,1.0,1.0,1.0,1.0,0.0,1.0,1.0,1.0,2.0,1.0,13.0,13.0,60.0,120.0,-0.2,-0.2,4.0,4.0,,11.0,11.0,11.0,11.0,11.0,0.0,= 11,= 11,= 11,,
Skeleton,17015-skeleton,MM (2014),272.0,https://www.dndbeyond.com/monsters/17015-skeleton,undead,medium,generic,N,0.25,2,50.0,0.0,2.0,2.0,-2.0,-1.0,-3.0,0,2,2,-2,-1,-3,0.0,0.0,0.0,1.0,0.0,0.0,0.0,0.0,0.0,0.0,1.0,0.0,0.0,0.0,0.0,2.0,1.0,1.0,1.0,1.0,1.0,1.0,1.0,1.0,0.0,1.0,1.0,1.0,2.0,1.0,13.0,13.0,13.0,13.0,-0.3,-0.3,4.0,4.0,,5.5,5.5,5.5,5.5,5.5,0.0,= 5.5,= 5.5,= 5.5,,
Sken Zabriss,744336-sken-zabriss,EGtW,221.0,https://www.dndbeyond.com/monsters/744336-sken-zabriss,humanoid,medium,unique,N,1.0,2,200.0,3.0,0.0,2.0,1.0,0.0,1.0,3,0,2,1,0,1,0.0,0.0,0.0,0.0,0.0,0.0,0.0,0.0,0.0,0.0,0.0,0.0,0.0,0.0,0.0,1.0,1.0,1.0,1.0,1.0,1.0,1.0,1.0,1.0,1.0,1.0,1.0,1.0,0.0,1.0,16.0,16.0,45.5,54.0,1.2,1.2,5.0,5.0,,7.5,7.5,7.5,7.5,7.5,0.0,= 7.5,= 7.5,= 7.5,,Assumes +8.5 hit points from Stone's Endurance.
Skittering Horror,175398-skittering-horror,GGtR,205.0,https://www.dndbeyond.com/monsters/175398-skittering-horror,aberration,huge,generic,N,15.0,5,13000.0,6.0,3.0,3.0,-4.0,2.0,4.0,6,3,3,-4,2,4,0.0,0.0,0.0,0.0,1.0,0.0,0.0,0.0,0.0,0.0,0.0,0.0,0.0,0.0,0.0,1.0,1.0,1.0,1.0,1.0,1.0,1.0,1.0,1.0,1.0,1.0,2.0,1.0,3.0,1.0,17.0,17.0,228.0,288.0,2.3,2.3,11.0,14.0,17.0,76.0,76.0,76.0,76.0,76.0,0.0,= 28 + 2*24,= 28 + 2*24,= 28 + 2*24,,Assuming Maddening Presence saves 20 hp on average each round. Assumes Maddening Presence increases effective attack bonus by +3 on average.
Skitterwidget,1528982-skitterwidget,CM,136.0,https://www.dndbeyond.com/monsters/1528982-skitterwidget,construct,medium,generic,N,5.0,3,1800.0,3.0,2.0,4.0,-4.0,0.0,-5.0,3,2,4,-4,0,-5,1.0,0.0,1.0,1.0,0.0,0.0,0.0,0.0,1.0,1.0,1.0,0.0,0.0,0.0,0.0,1.0,1.0,1.0,1.0,1.0,1.0,1.0,0.0,1.0,0.0,1.0,1.0,1.0,2.0,1.0,18.0,18.0,85.0,115.0,0.0,0.0,6.0,6.0,,27.0,27.0,27.0,27.0,27.0,0.0,= 10 + 17,= 10 + 17,= 10 + 17,,Assumes +30 HP from stunning effect from tail attack.
Skulk,95328-skulk,MToF,227.0,https://www.dndbeyond.com/monsters/95328-skulk,humanoid,medium,legacy,N,0.5,2,100.0,-2.0,4.0,0.0,0.0,-2.0,-5.0,-2,4,2,0,-2,-5,1.0,0.0,0.0,0.0,0.0,0.0,0.0,0.0,0.0,0.0,0.0,0.0,0.0,0.0,0.0,1.0,1.0,1.0,1.0,1.0,1.0,1.0,1.0,1.0,1.0,1.0,0.0,1.0,4.0,1.0,14.0,18.0,18.0,18.0,-0.5,-0.5,6.0,10.0,,13.5,13.5,13.5,13.5,13.5,0.0,= 6.5 + 7,= 6.5 + 7,= 6.5 + 7,,Assumes +4 AC from Fallible Invisibility. Assumes +4 AB from Fallible Invisibility.
Skulk,2560916-skulk,MPMotM,219.0,https://www.dndbeyond.com/monsters/2560916-skulk,monstrosity,medium,generic,N,0.5,2,100.0,-2.0,4.0,0.0,0.0,-2.0,-5.0,-2,4,2,0,-2,-5,1.0,0.0,0.0,0.0,0.0,0.0,0.0,0.0,0.0,0.0,0.0,0.0,0.0,0.0,0.0,1.0,1.0,1.0,1.0,1.0,1.0,1.0,1.0,1.0,1.0,1.0,1.0,1.0,4.0,1.0,14.0,18.0,18.0,18.0,-0.5,-0.5,6.0,10.0,,10.0,10.0,10.0,10.0,10.0,0.0,= 10,= 10,= 10,,Assumes +4 AC from Fallible Invisibility. Assumes +4 AB from Fallible Invisibility.
Skull Lasher of Myrkul,416952-skull-lasher-of-myrkul,BGDiA,234.0,https://www.dndbeyond.com/monsters/416952-skull-lasher-of-myrkul,humanoid,medium,generic,N,1.0,2,200.0,0.0,2.0,2.0,3.0,1.0,0.0,0,2,2,3,3,0,0.0,0.0,0.0,0.0,0.0,0.0,0.0,0.0,0.0,0.0,0.0,0.0,0.0,0.0,0.0,1.0,1.0,1.0,1.0,1.0,1.0,1.0,1.0,1.0,1.0,1.0,1.0,1.0,2.0,1.0,12.0,17.0,32.5,32.5,1.7,1.7,2.0,2.0,,22.0,22.0,22.0,22.0,22.0,0.0,= 2*11,= 2*11,= 2*11,,
Skull Lord,95325-skull-lord,MToF,230.0,https://www.dndbeyond.com/monsters/95325-skull-lord,undead,medium,legacy,L,15.0,5,13000.0,2.0,3.0,3.0,3.0,2.0,5.0,2,3,3,3,2,5,1.0,1.0,1.0,1.0,1.0,0.0,0.0,0.0,0.0,0.0,1.0,0.0,0.0,1.0,1.0,0.7,0.7,0.7,1.0,0.5,1.0,1.0,1.0,0.5,0.0,1.0,1.0,1.0,3.0,1.25,18.0,18.0,105.0,243.8,3.0,5.0,10.0,10.0,18.0,130.5,130.5,139.5,130.5,121.5,0.0,=2*45 + 3*16.5,=2*40.5 + 3*16.5,=2*36 + 3*16.5,,Assumes +2 SB from Evasion.
Skull Lord,2560917-skull-lord,MPMotM,220.0,https://www.dndbeyond.com/monsters/2560917-skull-lord,undead,medium,legendary,L,15.0,5,13000.0,2.0,3.0,3.0,3.0,2.0,5.0,2,3,3,3,2,5,1.0,1.0,1.0,1.0,1.0,0.0,0.0,0.0,0.0,0.0,1.0,0.0,0.0,1.0,1.0,0.7,0.7,0.7,1.0,0.5,1.0,1.0,1.0,0.5,0.0,1.0,1.0,1.0,3.0,1.25,18.0,18.0,112.5,253.1,3.0,5.0,10.0,10.0,18.0,162.0,162.0,162.0,162.0,162.0,0.0,= 3*27 + 3*27,= 3*27 + 3*27,= 3*27 + 3*27,,Assumes +2 SB from Evasion.
Skum,316647-skum,GoS,254.0,https://www.dndbeyond.com/monsters/316647-skum,aberration,medium,generic,N,5.0,3,1800.0,4.0,0.0,4.0,-2.0,1.0,-1.0,4,0,4,-2,1,-1,0.0,0.0,0.0,0.0,0.0,0.0,0.0,0.0,0.0,0.0,0.0,0.0,0.0,0.0,0.0,1.0,1.0,1.0,1.0,1.0,1.0,1.0,1.0,1.0,1.0,0.5,1.0,1.0,0.0,1.0,14.0,14.0,93.5,93.5,1.0,1.0,7.0,7.0,,32.0,32.0,32.0,32.0,32.0,0.0,= 2*7 + 18,= 2*7 + 18,= 2*7 + 18,,
Skyjek Roc,175365-skyjek-roc,GGtR,219.0,https://www.dndbeyond.com/monsters/175365-skyjek-roc,monstrosity,large,generic,N,2.0,2,450.0,5.0,1.0,2.0,-4.0,0.0,-1.0,5,3,2,-4,2,-1,0.0,0.0,0.0,0.0,0.0,0.0,0.0,0.0,0.0,0.0,0.0,0.0,0.0,0.0,0.0,1.0,1.0,1.0,1.0,1.0,1.0,1.0,1.0,1.0,1.0,1.0,1.0,1.0,1.0,1.0,15.0,15.0,37.5,37.5,1.2,1.2,7.0,7.0,,19.0,19.0,19.0,19.0,19.0,0.0,= 9 + 10,= 9 + 10,= 9 + 10,,
Skylla,1979807-skylla,TWBtW,220.0,https://www.dndbeyond.com/monsters/1979807-skylla,humanoid,medium,unique,N,2.0,2,450.0,-1.0,0.0,2.0,1.0,2.0,3.0,-1,0,2,1,4,5,0.0,0.0,0.0,0.0,0.0,0.0,0.0,0.0,0.0,0.0,0.0,0.0,0.0,0.0,0.0,1.0,1.0,1.0,1.0,1.0,1.0,1.0,1.0,1.0,1.0,1.0,1.0,1.0,0.0,1.0,13.0,13.0,39.0,59.0,1.8,1.8,2.0,2.0,,7.5,22.5,4.5,9.0,9.0,45.0,= 4.5,= 2*4.5,= 2*4.5,= 10*4.5,Assumes +2*10 HP from casting hypnotic pattern on the first round.
Skyswimmer,175360-skyswimmer,GGtR,220.0,https://www.dndbeyond.com/monsters/175360-skyswimmer,monstrosity,gargantuan,generic,N,13.0,5,10000.0,6.0,2.0,3.0,-2.0,1.0,-2.0,6,2,8,-2,1,-2,0.0,0.0,0.0,0.0,0.0,0.0,0.0,0.0,0.0,0.0,0.0,0.0,0.0,0.0,0.0,1.0,1.0,1.0,1.0,1.0,1.0,1.0,1.0,1.0,1.0,1.0,1.0,1.0,2.0,1.0,18.0,18.0,216.0,216.0,2.2,2.2,11.0,11.0,,74.0,74.0,60.0,81.0,81.0,0.0,= 22 + 2*19,= 22 + 21 + 2*19,= 22 + 21 + 2*19,,
Skyweaver,17424-skyweaver,PotA,191.0,https://www.dndbeyond.com/monsters/17424-skyweaver,humanoid,medium,generic,N,3.0,2,700.0,-1.0,2.0,1.0,0.0,0.0,3.0,-1,2,1,0,0,3,0.0,0.0,0.0,0.0,0.0,0.0,0.0,0.0,0.0,0.0,0.0,0.0,0.0,0.0,0.0,1.0,1.0,1.0,1.0,1.0,1.0,1.0,1.0,1.0,1.0,1.0,1.0,1.0,2.0,1.0,15.0,15.0,44.0,44.0,0.8,0.8,5.0,5.0,13.0,56.0,56.0,56.0,56.0,56.0,0.0,= 2*28,= 2*28,= 2*28,,
Slaad Tadpole,17117-slaad-tadpole,MM (2014),276.0,https://www.dndbeyond.com/monsters/17117-slaad-tadpole,aberration,tiny,generic,N,0.125,2,25.0,-2.0,2.0,0.0,-4.0,-3.0,-4.0,-2,2,0,-4,-3,-4,0.0,0.0,0.0,0.0,0.0,0.0,0.0,0.0,0.0,0.0,0.0,0.0,0.0,0.0,0.0,1.0,1.0,1.0,0.5,0.5,0.5,1.0,0.5,1.0,1.0,1.0,1.0,0.5,2.0,2.0,12.0,12.0,10.0,20.0,-1.8,2.2,4.0,4.0,,4.5,4.5,4.5,4.5,4.5,0.0,= 4.5,= 4.5,= 4.5,,
Slarkrethel,300568-slarkrethel,SKT,224.0,https://www.dndbeyond.com/monsters/300568-slarkrethel,monstrosity,gargantuan,unique,LL,25.0,8,75000.0,10.0,0.0,7.0,6.0,4.0,5.0,18,8,15,14,12,5,0.0,0.0,0.0,0.0,1.0,0.0,0.0,0.0,1.0,0.0,0.0,0.0,0.0,0.0,0.0,0.2,0.2,0.2,1.0,1.0,1.0,1.0,0.0,1.0,1.0,1.0,1.0,1.0,0.0,1.25,18.0,18.0,472.5,703.1,12.0,12.0,17.0,17.0,23.0,332.5,332.5,332.5,332.5,332.5,0.0,= 2*90 + 3*44 + 20.5,= 2*90 + 3*44 + 20.5,= 2*90 + 3*44 + 20.5,,Assumes vulnerability to lightning each round from lair actions.
Slithering Bloodfin,2407567-slithering-bloodfin,CRCotN,209.0,https://www.dndbeyond.com/monsters/2407567-slithering-bloodfin,aberration,large,generic,N,9.0,4,5000.0,5.0,2.0,3.0,-4.0,0.0,-4.0,5,2,3,-4,0,-4,0.0,0.0,0.0,0.0,0.0,0.0,0.0,0.0,0.0,0.0,1.0,0.0,0.0,0.0,0.0,1.0,1.0,1.0,1.0,1.0,1.0,1.0,1.0,1.0,0.0,1.0,1.0,1.0,2.0,1.0,16.0,16.0,93.5,121.5,0.3,0.3,9.0,13.0,15.0,33.0,54.0,33.0,33.0,33.0,63.0,= 14 + 19,= 14 + 19,= 14 + 19,= 3*14 + 2*10.5,
Slithering Tracker,17303-slithering-tracker,VGtM,191.0,https://www.dndbeyond.com/monsters/17303-slithering-tracker,ooze,medium,legacy,N,3.0,2,700.0,3.0,4.0,2.0,0.0,2.0,0.0,3,4,2,0,2,0,1.0,0.0,1.0,1.0,0.0,1.0,0.0,0.0,1.0,1.0,0.0,1.0,1.0,0.0,1.0,1.0,1.0,1.0,1.0,2.0,2.0,1.0,1.0,1.0,1.0,1.0,1.0,1.0,4.0,1.0,14.0,14.0,32.5,65.0,1.8,1.8,5.0,5.0,13.0,22.166666,32.166668,16.5,25.0,25.0,30.0,= 16.5,= 16.5 + 8.5,= 16.5 + 8.5,= 3*10,Assumes +10 DPR from Damage Transfer.
Slithering Tracker,2560918-slithering-tracker,MPMotM,221.0,https://www.dndbeyond.com/monsters/2560918-slithering-tracker,ooze,medium,generic,N,3.0,2,700.0,3.0,4.0,2.0,0.0,2.0,0.0,3,4,2,0,2,0,1.0,0.0,1.0,1.0,0.0,1.0,0.0,0.0,1.0,1.0,0.0,1.0,1.0,0.0,1.0,0.7,0.7,0.7,1.0,2.0,2.0,1.0,1.0,1.0,1.0,1.0,1.0,1.0,4.0,2.0,14.0,14.0,39.0,78.0,1.8,1.8,5.0,5.0,13.0,22.166666,22.166666,16.5,25.0,25.0,0.0,= 16.5,= 8.5 + 16.5,= 8.5 + 16.5,,
Smiler the Defiler,417410-smiler-the-defiler,BGDiA,133.0,https://www.dndbeyond.com/monsters/417410-smiler-the-defiler,fey,medium,unique,N,7.0,3,2900.0,2.0,5.0,3.0,4.0,0.0,4.0,2,5,3,4,0,4,0.0,0.0,0.0,0.0,0.0,0.0,0.0,0.0,0.0,0.0,0.0,0.0,0.0,0.0,0.0,0.7,0.7,0.7,1.0,1.0,1.0,1.0,1.0,1.0,1.0,1.0,1.0,1.0,5.0,1.5,18.0,18.0,165.0,247.5,3.0,7.0,9.0,9.0,,18.0,18.0,18.0,18.0,18.0,0.0,= 2*9,= 2*9,= 2*9,,
Smoke Mephit,17174-smoke-mephit,MM (2014),217.0,https://www.dndbeyond.com/monsters/17174-smoke-mephit,elemental,small,generic,N,0.25,2,50.0,-2.0,2.0,1.0,0.0,0.0,0.0,-2,2,1,0,0,0,0.0,0.0,0.0,0.0,0.0,0.0,0.0,0.0,0.0,0.0,1.0,0.0,0.0,0.0,0.0,1.0,1.0,1.0,1.0,1.0,0.0,1.0,1.0,1.0,0.0,1.0,1.0,1.0,2.0,1.0,12.0,12.0,22.5,22.5,0.2,0.2,4.0,4.0,,4.5,4.5,4.5,4.5,4.5,0.0,= 4.5,= 4.5,= 4.5,,
Snarla,294077-snarla,TftYP,102.0,https://www.dndbeyond.com/monsters/294077-snarla,humanoid,medium,unique,N,5.0,3,1800.0,2.0,1.0,2.0,3.0,0.0,0.0,2,1,2,3,0,0,0.0,0.0,0.0,0.0,0.0,0.0,0.0,0.0,0.0,0.0,0.0,0.0,0.0,0.0,0.0,0.3,0.3,0.3,1.0,1.0,1.0,1.0,1.0,1.0,1.0,1.0,1.0,1.0,1.0,2.0,12.0,17.0,58.5,117.0,1.3,1.3,4.0,4.0,,36.0,36.0,36.0,36.0,36.0,0.0,= 2*18,= 2*18,= 2*18,,
Snow Golem,1123123-snow-golem,IDRotF,308.0,https://www.dndbeyond.com/monsters/1123123-snow-golem,construct,medium,generic,N,3.0,2,700.0,2.0,-2.0,2.0,-5.0,-2.0,-5.0,2,-2,2,-5,-2,-5,0.0,1.0,0.0,1.0,1.0,0.0,0.0,0.0,1.0,1.0,1.0,0.0,0.0,0.0,0.0,0.2,0.2,0.2,1.0,0.0,2.0,1.0,1.0,1.0,0.0,1.0,1.0,1.0,-2.0,2.0,8.0,8.0,39.0,78.0,-1.7,-1.7,4.0,4.0,,36.0,36.0,36.0,36.0,36.0,0.0,= 3*12,= 3*12,= 3*12,,
Snowy Owlbear,1123124-snowy-owlbear,IDRotF,309.0,https://www.dndbeyond.com/monsters/1123124-snowy-owlbear,monstrosity,large,generic,N,3.0,2,700.0,5.0,1.0,3.0,-4.0,1.0,-2.0,5,1,3,-4,1,-2,0.0,0.0,0.0,0.0,0.0,0.0,0.0,0.0,0.0,0.0,0.0,0.0,0.0,0.0,0.0,1.0,1.0,1.0,1.0,1.0,1.0,1.0,1.0,1.0,1.0,1.0,1.0,1.0,1.0,1.0,13.0,13.0,59.5,59.5,0.7,0.7,7.0,7.0,,24.0,24.0,24.0,24.0,24.0,0.0,= 10 + 14,= 10 + 14,= 10 + 14,,
Snurrevin,293875-snurrevin,TftYP,53.0,https://www.dndbeyond.com/monsters/293875-snurrevin,humanoid,medium,unique,N,2.0,2,450.0,2.0,0.0,2.0,2.0,0.0,-1.0,2,0,2,2,0,-1,0.0,0.0,0.0,0.0,0.0,0.0,0.0,0.0,0.0,0.0,0.0,0.0,0.0,0.0,0.0,1.0,1.0,1.0,1.0,1.0,1.0,1.0,1.0,1.0,0.5,1.0,1.0,1.0,0.0,1.0,16.0,21.0,45.5,45.5,0.8,0.8,4.0,4.0,12.0,21.0,21.0,26.0,26.0,11.0,0.0,= 2*13,= 2*13,= 11,,
Society of Sensation Muse,3883563-society-of-sensation-muse,PAitM:MPP,61.0,https://www.dndbeyond.com/monsters/3883563-society-of-sensation-muse,humanoid,medium,generic,N,3.0,2,700.0,-1.0,3.0,1.0,2.0,2.0,3.0,-1,5,1,2,2,5,0.0,0.0,0.0,0.0,0.0,0.0,0.0,0.0,0.0,0.0,0.0,0.0,0.0,0.0,0.0,1.0,1.0,1.0,1.0,1.0,1.0,1.0,1.0,1.0,1.0,1.0,1.0,1.0,3.0,1.0,14.0,15.0,44.0,44.0,2.3,2.3,5.0,5.0,,18.0,24.0,18.0,18.0,18.0,18.0,= 2*9,= 2*9,= 2*9,= 18,Assumes +1 AC from Beguiling Resonance. Assumes +18 damage from Enchanting Presence.
Solar,17016-solar,MM (2014),18.0,https://www.dndbeyond.com/monsters/17016-solar,celestial,large,legendary,L,21.0,7,33000.0,8.0,6.0,8.0,7.0,7.0,10.0,8,6,8,14,14,17,0.0,1.0,0.0,1.0,1.0,0.0,0.0,0.0,0.0,0.0,1.0,0.0,0.0,0.0,0.0,0.7,0.7,0.7,1.0,1.0,1.0,1.0,1.0,0.0,0.0,1.0,0.5,1.0,6.0,1.0,21.0,21.0,243.0,243.0,11.2,15.2,15.0,15.0,23.0,126.0,126.0,126.0,126.0,126.0,0.0,= 2*49 + 28,= 2*49 + 28,= 2*49 + 28,,
Solar Bastion Knight,3960634-solar-bastion-knight,TBoMT,75.0,https://www.dndbeyond.com/monsters/3960634-solar-bastion-knight,humanoid,medium,generic,N,9.0,4,5000.0,4.0,0.0,3.0,2.0,3.0,3.0,4,0,3,2,7,7,1.0,1.0,0.0,0.0,1.0,0.0,0.0,0.0,0.0,0.0,0.0,0.0,0.0,0.0,0.0,1.0,1.0,1.0,1.0,1.0,1.0,1.0,1.0,1.0,1.0,1.0,1.0,1.0,0.0,1.0,20.0,22.0,150.0,150.0,3.8,3.8,8.0,8.0,15.0,43.666668,43.666668,44.0,43.5,43.5,0.0,=2*22,= 3*14.5,= 3*14.5,,
Solar Dragon Wyrmling,2821195-solar-dragon-wyrmling,SAiS:BAM,53.0,https://www.dndbeyond.com/monsters/2821195-solar-dragon-wyrmling,dragon,medium,generic,N,3.0,2,700.0,3.0,2.0,4.0,0.0,1.0,0.0,3,4,6,0,3,2,1.0,0.0,0.0,0.0,0.0,0.0,0.0,0.0,0.0,0.0,0.0,0.0,0.0,0.0,0.0,1.0,1.0,1.0,1.0,1.0,1.0,1.0,1.0,1.0,1.0,1.0,0.0,1.0,2.0,1.0,15.0,19.0,51.0,51.0,3.0,3.0,5.0,5.0,14.0,25.0,25.0,44.0,15.5,15.5,0.0,=2*22,= 10 + 5.5,= 10 + 5.5,,Assumes +2 AC from flying with Flyby.
Soldier,175769-soldier,GGtR,226.0,https://www.dndbeyond.com/monsters/175769-soldier,humanoid,medium,generic,N,0.5,2,100.0,1.0,1.0,1.0,0.0,0.0,0.0,1,1,1,0,0,0,0.0,0.0,0.0,0.0,0.0,0.0,0.0,0.0,0.0,0.0,0.0,0.0,0.0,0.0,0.0,1.0,1.0,1.0,1.0,1.0,1.0,1.0,1.0,1.0,1.0,1.0,1.0,1.0,1.0,1.0,18.0,19.0,16.5,16.5,0.5,0.5,3.0,3.0,,13.0,13.0,13.0,13.0,13.0,0.0,= 2*6.5,= 2*6.5,= 2*6.5,,Assumes +1 AC from Formation Tactics.
Soul Monger,95330-soul-monger,MToF,226.0,https://www.dndbeyond.com/monsters/95330-soul-monger,humanoid,medium,legacy,N,11.0,4,7200.0,-1.0,3.0,2.0,4.0,3.0,1.0,-1,7,2,4,7,5,0.0,1.0,0.0,1.0,1.0,0.0,0.0,0.0,0.0,0.0,0.0,0.0,0.0,0.0,0.0,1.0,1.0,1.0,1.0,1.0,1.0,1.0,1.0,0.0,1.0,0.0,1.0,1.0,3.0,1.0,15.0,15.0,123.5,185.3,4.0,8.0,7.0,7.0,16.0,105.0,105.0,90.0,135.0,90.0,0.0,= 2*45,= 3*45,= 2*45,,Assumes +50% HP from Soul Thirst.
Soul Shaker,2739103-soul-shaker,JttRC,47.0,https://www.dndbeyond.com/monsters/2739103-soul-shaker,undead,large,generic,N,4.0,2,1100.0,5.0,-1.0,4.0,-1.0,0.0,2.0,5,-1,4,-1,0,2,0.0,1.0,0.0,1.0,1.0,1.0,0.0,0.0,1.0,1.0,1.0,1.0,1.0,0.0,0.0,1.0,1.0,1.0,1.0,1.0,1.0,1.0,1.0,0.5,0.0,1.0,1.0,1.0,-1.0,1.0,13.0,13.0,76.0,97.0,1.5,1.5,7.0,7.0,14.0,21.0,21.0,21.0,21.0,21.0,0.0,= 14 + 7,= 14 + 7,= 14 + 7,,Assumes +3 HP per round from Consume Vitality.
Space Clown,2821196-space-clown,SAiS:BAM,54.0,https://www.dndbeyond.com/monsters/2821196-space-clown,fiend,medium,generic,N,2.0,2,450.0,3.0,3.0,2.0,0.0,0.0,3.0,3,3,2,0,0,3,0.0,0.0,0.0,0.0,0.0,0.0,0.0,0.0,0.0,0.0,0.0,0.0,0.0,0.0,0.0,1.0,1.0,1.0,1.0,1.0,1.0,1.0,1.0,1.0,1.0,1.0,1.0,1.0,3.0,1.0,13.0,13.0,58.5,58.5,1.8,1.8,5.0,5.0,12.0,17.0,20.5,17.0,17.0,17.0,10.5,= 17,= 17,= 17,= 10.5,
Space Eel,2821197-space-eel,SAiS:BAM,55.0,https://www.dndbeyond.com/monsters/2821197-space-eel,beast,small,generic,N,0.5,2,100.0,1.0,4.0,0.0,-5.0,0.0,-5.0,1,4,0,-5,0,-5,0.0,0.0,0.0,0.0,0.0,0.0,0.0,0.0,0.0,0.0,0.0,0.0,0.0,0.0,0.0,1.0,1.0,1.0,1.0,1.0,1.0,1.0,1.0,1.0,1.0,1.0,1.0,1.0,4.0,1.0,14.0,14.0,7.0,7.0,-0.8,-0.8,3.0,6.0,10.0,8.0,9.666667,8.0,8.0,8.0,5.0,= 4.5 + 3.5,= 4.5 + 3.5,= 4.5 + 3.5,= 5,Assumes +3 AB from Tail Spine (paralyzed). Assumes +5 damage from Tail Spine (paralyzed).
Space Guppy,2821198-space-guppy,SAiS:BAM,55.0,https://www.dndbeyond.com/monsters/2821198-space-guppy,beast,small,generic,N,0.0,2,10.0,-4.0,3.0,0.0,-5.0,0.0,-5.0,-4,3,0,-5,0,-5,0.0,0.0,0.0,0.0,0.0,0.0,0.0,0.0,0.0,0.0,0.0,0.0,0.0,0.0,0.0,1.0,1.0,1.0,1.0,1.0,1.0,1.0,1.0,1.0,1.0,1.0,1.0,1.0,3.0,1.0,13.0,13.0,3.5,3.5,-1.8,-1.8,5.0,5.0,,1.0,1.0,1.0,1.0,1.0,0.0,= 1,= 1,= 1,,
Space Hamster,2821199-space-hamster,SAiS:BAM,56.0,https://www.dndbeyond.com/monsters/2821199-space-hamster,monstrosity,tiny,generic,N,0.25,2,50.0,-5.0,5.0,0.0,-2.0,1.0,-2.0,-5,5,0,-2,1,-2,0.0,0.0,0.0,0.0,0.0,0.0,0.0,0.0,0.0,0.0,0.0,0.0,0.0,0.0,0.0,1.0,1.0,1.0,1.0,1.0,1.0,1.0,1.0,1.0,1.0,1.0,1.0,1.0,5.0,1.0,15.0,15.0,10.0,10.0,-0.5,-0.5,7.0,7.0,,3.5,3.5,8.5,1.0,1.0,0.0,= 8.5,= 1,= 1,,
Space Mollymawk,2821200-space-mollymawk,SAiS:BAM,57.0,https://www.dndbeyond.com/monsters/2821200-space-mollymawk,beast,small,generic,N,0.0,2,10.0,-2.0,2.0,0.0,-4.0,1.0,-4.0,-2,2,0,-4,1,-4,0.0,0.0,0.0,0.0,0.0,0.0,0.0,0.0,0.0,0.0,0.0,0.0,0.0,0.0,0.0,1.0,1.0,1.0,1.0,1.0,1.0,1.0,1.0,1.0,1.0,1.0,1.0,1.0,2.0,1.0,12.0,14.0,3.5,3.5,-1.2,-1.2,4.0,4.0,,4.5,4.5,4.5,4.5,4.5,0.0,= 4.5,= 4.5,= 4.5,,Assumes +2 AC from Flyby.
Space Swine,2821201-space-swine,SAiS:BAM,57.0,https://www.dndbeyond.com/monsters/2821201-space-swine,beast,medium,generic,N,0.25,2,50.0,1.0,1.0,1.0,-3.0,0.0,-4.0,1,1,1,-3,0,-4,0.0,0.0,0.0,0.0,0.0,0.0,0.0,0.0,0.0,0.0,0.0,0.0,0.0,0.0,0.0,1.0,1.0,1.0,1.0,1.0,1.0,1.0,1.0,1.0,1.0,1.0,1.0,1.0,1.0,1.0,16.0,16.0,22.0,22.0,-0.7,-0.7,3.0,3.0,,4.5,4.5,4.5,4.5,4.5,0.0,= 4.5,= 4.5,= 4.5,,
Spawn of Kyuss,17304-spawn-of-kyuss,VGtM,192.0,https://www.dndbeyond.com/monsters/17304-spawn-of-kyuss,undead,medium,legacy,N,5.0,3,1800.0,3.0,0.0,4.0,-3.0,-2.0,-4.0,3,0,4,-3,1,-4,0.0,0.0,0.0,1.0,0.0,0.0,0.0,0.0,0.0,0.0,1.0,0.0,0.0,0.0,0.0,1.0,1.0,1.0,1.0,1.0,1.0,1.0,1.0,1.0,0.0,1.0,1.0,1.0,0.0,1.0,10.0,10.0,76.5,106.5,0.2,0.2,6.0,6.0,11.0,40.0,40.0,40.0,40.0,40.0,0.0,= 2*13 + 2*7,= 2*13 + 2*7,= 2*13 + 2*7,,Assumes each Burrowing Worm deals damage twice. 
Spawn of Kyuss,2560919-spawn-of-kyuss,MPMotM,225.0,https://www.dndbeyond.com/monsters/2560919-spawn-of-kyuss,undead,medium,generic,N,5.0,3,1800.0,3.0,0.0,4.0,-3.0,-2.0,-4.0,3,0,4,-3,1,-4,0.0,0.0,0.0,1.0,0.0,0.0,0.0,0.0,0.0,0.0,1.0,0.0,0.0,0.0,0.0,1.0,1.0,1.0,1.0,1.0,1.0,1.0,1.0,1.0,0.0,1.0,1.0,1.0,0.0,1.0,10.0,10.0,76.5,106.5,0.2,0.2,6.0,6.0,,13.5,30.5,13.5,13.5,13.5,51.0,= 13.5,= 13.5,= 13.5,= 6*8.5,Assumes +51 damage from Burrowing Worm.
Spectator,17094-spectator,MM (2014),30.0,https://www.dndbeyond.com/monsters/17094-spectator,aberration,medium,generic,N,3.0,2,700.0,-1.0,2.0,2.0,1.0,2.0,0.0,-1,2,2,1,2,0,0.0,0.0,0.0,0.0,0.0,0.0,0.0,0.0,0.0,0.0,0.0,1.0,0.0,0.0,0.0,1.0,1.0,1.0,1.0,1.0,1.0,1.0,1.0,1.0,1.0,1.0,1.0,1.0,2.0,1.0,14.0,18.0,39.0,39.0,1.0,1.0,5.0,5.0,13.0,32.0,32.0,32.0,32.0,32.0,0.0,= 2*16,= 2*16,= 2*16,,Assumes +4 AC from flying. Assumes both rays are as effective as Wounding Ray.
Specter,17017-specter,MM (2014),279.0,https://www.dndbeyond.com/monsters/17017-specter,undead,medium,generic,N,1.0,2,200.0,-5.0,2.0,0.0,0.0,0.0,0.0,-5,2,0,0,0,0,0.0,1.0,0.0,1.0,0.0,1.0,0.0,0.0,1.0,1.0,1.0,1.0,1.0,0.0,1.0,0.7,0.7,0.7,0.5,0.5,0.5,1.0,0.5,0.0,0.0,1.0,1.0,0.5,2.0,2.0,12.0,12.0,22.5,45.0,-0.5,-0.5,4.0,4.0,,10.5,10.5,10.5,10.5,10.5,0.0,= 10.5,= 10.5,= 10.5,,
Spectral Cloud,3731047-spectral-cloud,BPGotG,176.0,https://www.dndbeyond.com/monsters/3731047-spectral-cloud,undead,huge,generic,N,13.0,5,10000.0,7.0,1.0,4.0,1.0,3.0,3.0,7,6,4,1,3,8,0.0,1.0,0.0,1.0,1.0,1.0,0.0,0.0,1.0,1.0,1.0,1.0,1.0,0.0,0.0,0.7,0.7,0.7,1.0,0.5,1.0,1.0,1.0,0.5,0.0,1.0,1.0,0.0,1.0,1.25,11.0,13.0,189.0,261.3,4.8,4.8,12.0,12.0,20.0,67.0,67.0,77.0,62.0,62.0,0.0,= 2*38.5,= 2*31,= 2*31,,Assumes +2*10 HP from Chilling Winds (incapacitated). Assumes +2 AC from Blurred Form (disadvantage).
Spellix Romwod,1123125-spellix-romwod,IDRotF,144.0,https://www.dndbeyond.com/monsters/1123125-spellix-romwod,humanoid,small,unique,N,0.5,2,100.0,-2.0,2.0,2.0,2.0,-1.0,3.0,-2,2,2,2,-1,3,0.0,0.0,0.0,0.0,0.0,0.0,0.0,0.0,0.0,0.0,0.0,0.0,0.0,0.0,0.0,1.0,1.0,1.0,1.0,1.0,1.0,1.0,1.0,1.0,1.0,1.0,1.0,1.0,2.0,1.0,14.0,18.0,33.0,33.0,1.0,1.0,5.0,5.0,13.0,7.6666665,7.6666665,13.0,5.0,5.0,0.0,= 13,= 5,= 5,,"Assumes +2 AC from Gnome Cunning, and +2 AC from single use of the shield spell."
Sperm Whale,1123126-sperm-whale,IDRotF,309.0,https://www.dndbeyond.com/monsters/1123126-sperm-whale,beast,gargantuan,generic,N,8.0,3,3900.0,8.0,-1.0,3.0,-4.0,1.0,-3.0,8,-1,3,-4,1,-3,0.0,0.0,0.0,0.0,0.0,0.0,0.0,0.0,0.0,0.0,0.0,0.0,0.0,0.0,0.0,1.0,1.0,1.0,1.0,1.0,1.0,1.0,1.0,1.0,1.0,1.0,1.0,1.0,-1.0,1.0,13.0,13.0,189.0,189.0,0.7,0.7,11.0,11.0,,42.0,42.0,42.0,42.0,42.0,0.0,= 21 + 18 + 3,= 21 + 18 + 3,= 21 + 18 + 3,,
Sphinx of Judgment,953892-sphinx-of-judgment,GGtR,183.0,https://www.dndbeyond.com/monsters/953892-sphinx-of-judgment,monstrosity,large,legendary,L,11.0,4,7200.0,4.0,2.0,3.0,4.0,4.0,4.0,4,2,3,4,4,4,0.0,1.0,0.0,0.0,1.0,0.0,0.0,0.0,0.0,0.0,0.0,0.0,0.0,0.0,0.0,0.7,0.7,0.7,1.0,1.0,1.0,1.0,1.0,1.0,1.0,0.0,1.0,1.0,2.0,1.25,17.0,17.0,136.0,233.8,3.5,3.5,8.0,8.0,,82.0,82.0,82.0,82.0,82.0,0.0,= 2*13 + 17 + 3*13,= 2*13 + 17 + 3*13,= 2*13 + 17 + 3*13,,Assumes +17 HPR from Counterspell.
Spiderdragon,4468338-spiderdragon,VEoR,233.0,https://www.dndbeyond.com/monsters/4468338-spiderdragon,monstrosity,huge,generic,N,11.0,4,7200.0,5.0,4.0,3.0,-2.0,2.0,4.0,9,8,3,-2,2,4,0.0,0.0,0.0,0.0,0.0,0.0,0.0,0.0,0.0,0.0,0.0,0.0,0.0,0.0,0.0,1.0,1.0,1.0,1.0,1.0,1.0,1.0,1.0,1.0,0.5,0.5,1.0,1.0,4.0,1.0,17.0,17.0,152.0,152.0,4.0,8.0,9.0,9.0,15.0,75.666664,75.666664,132.0,47.5,47.5,0.0,= 2*66,= 23.5 + 2*12,= 23.5 + 2*12,,
Spined Devil,17214-spined-devil,MM (2014),78.0,https://www.dndbeyond.com/monsters/17214-spined-devil,fiend,small,generic,N,2.0,2,450.0,0.0,2.0,1.0,0.0,2.0,-1.0,0,2,1,0,2,-1,0.0,0.0,0.0,0.0,0.0,0.0,0.0,0.0,0.0,0.0,1.0,0.0,0.0,0.0,0.0,0.8,0.8,0.8,1.0,0.5,0.0,1.0,1.0,1.0,0.0,1.0,1.0,1.0,2.0,2.0,13.0,17.0,22.5,22.5,0.7,4.7,4.0,4.0,,16.0,16.0,16.0,16.0,16.0,0.0,= 2*8,= 2*8,= 2*8,,Assumes +4 AC from flying with Flyby.
Spirit Naga,17019-spirit-naga,MM (2014),234.0,https://www.dndbeyond.com/monsters/17019-spirit-naga,monstrosity,large,generic,N,8.0,3,3900.0,4.0,3.0,2.0,3.0,2.0,3.0,4,6,5,3,5,6,0.0,1.0,0.0,0.0,0.0,0.0,0.0,0.0,0.0,0.0,1.0,0.0,0.0,0.0,0.0,1.0,1.0,1.0,1.0,1.0,1.0,1.0,1.0,1.0,0.0,1.0,1.0,1.0,3.0,1.0,15.0,15.0,75.0,75.0,4.8,4.8,6.0,6.0,14.0,70.0,70.0,70.0,70.0,70.0,0.0,= 2*35,= 2*35,= 2*35,,
Spirit Statue Mascot,2160334-spirit-statue-mascot,SACoC,216.0,https://www.dndbeyond.com/monsters/2160334-spirit-statue-mascot,construct,medium,generic,N,0.25,2,50.0,2.0,-1.0,2.0,1.0,1.0,-1.0,2,-1,2,1,1,-1,0.0,0.0,0.0,0.0,0.0,0.0,0.0,0.0,0.0,0.0,0.0,0.0,0.0,0.0,0.0,1.0,1.0,1.0,1.0,1.0,1.0,1.0,1.0,1.0,1.0,1.0,1.0,1.0,-1.0,1.0,14.0,14.0,26.0,26.0,0.7,0.7,4.0,4.0,12.0,5.5,6.6666665,5.5,5.5,5.5,3.5,= 5.5,= 5.5,= 5.5,= 1*3.5,
Spirit Troll,94196-spirit-troll,MToF,244.0,https://www.dndbeyond.com/monsters/94196-spirit-troll,giant,large,legacy,N,11.0,4,7200.0,-5.0,3.0,1.0,-1.0,-1.0,3.0,-5,3,1,-1,-1,3,0.0,0.0,0.0,1.0,0.0,1.0,0.0,0.0,1.0,1.0,0.0,1.0,1.0,0.0,1.0,0.2,0.2,0.2,0.5,0.5,0.5,1.0,0.5,1.0,1.0,1.0,1.0,0.5,3.0,1.5,17.0,17.0,97.5,281.3,0.0,0.0,7.0,7.0,15.0,47.5,47.5,47.5,47.5,47.5,0.0,= 19.5 + 2*14,= 19.5 + 2*14,= 19.5 + 2*14,,Assumes +20 HP per round from Bite.
Spirit Troll,2560920-spirit-troll,MPMotM,247.0,https://www.dndbeyond.com/monsters/2560920-spirit-troll,giant,large,generic,N,11.0,4,7200.0,-5.0,3.0,1.0,-1.0,-1.0,3.0,-5,3,1,-1,-1,3,0.0,0.0,0.0,1.0,0.0,1.0,0.0,0.0,1.0,1.0,0.0,1.0,1.0,0.0,1.0,0.7,0.7,0.7,0.5,0.5,0.5,1.0,1.0,1.0,1.0,1.0,1.0,1.0,3.0,1.25,17.0,17.0,130.0,275.0,0.0,0.0,7.0,7.0,15.0,58.5,58.5,58.5,58.5,58.5,0.0,= 19.5 + 2*19.5,= 19.5 + 2*19.5,= 19.5 + 2*19.5,,Assumes +20 HP per round from Bite.
Spitting Mimic,1123127-spitting-mimic,IDRotF,302.0,https://www.dndbeyond.com/monsters/1123127-spitting-mimic,monstrosity,large,generic,N,5.0,3,1800.0,5.0,1.0,3.0,-1.0,2.0,0.0,5,1,3,-1,2,0,0.0,0.0,0.0,0.0,0.0,0.0,0.0,0.0,0.0,0.0,0.0,1.0,0.0,0.0,0.0,1.0,1.0,1.0,0.0,1.0,1.0,1.0,1.0,1.0,1.0,1.0,1.0,1.0,1.0,1.0,14.0,14.0,85.0,85.0,1.7,5.7,8.0,10.0,,37.0,37.0,37.0,37.0,37.0,0.0,= 2*10 + 17,= 2*10 + 17,= 2*10 + 17,,Assumes +2 AB from Grappler.
Spotted Lion,3731048-spotted-lion,BPGotG,177.0,https://www.dndbeyond.com/monsters/3731048-spotted-lion,beast,huge,generic,N,3.0,2,700.0,6.0,2.0,3.0,-3.0,1.0,0.0,6,2,3,-3,1,0,0.0,0.0,0.0,0.0,0.0,0.0,0.0,0.0,0.0,0.0,0.0,0.0,0.0,0.0,0.0,1.0,1.0,1.0,1.0,1.0,1.0,1.0,1.0,1.0,1.0,1.0,1.0,1.0,2.0,1.0,15.0,15.0,66.5,66.5,1.5,1.5,8.0,9.0,,20.0,20.0,30.0,15.0,15.0,0.0,= 15 + 15,= 15,= 15,,
Spring Eladrin,96548-spring-eladrin,MToF,196.0,https://www.dndbeyond.com/monsters/96548-spring-eladrin,fey,medium,legacy,N,10.0,4,5900.0,2.0,3.0,3.0,4.0,0.0,4.0,2,3,3,4,0,4,0.0,0.0,0.0,0.0,0.0,0.0,0.0,0.0,0.0,0.0,0.0,0.0,0.0,0.0,0.0,0.7,0.7,0.7,1.0,1.0,1.0,1.0,1.0,1.0,1.0,1.0,1.0,1.0,3.0,1.5,19.0,19.0,127.5,239.1,2.7,6.7,7.0,7.0,16.0,24.0,24.0,24.0,24.0,24.0,0.0,= 2*12,= 2*12,= 2*12,,Assumes +25% HP from Joyful Presence.
Spring Eladrin,2560921-spring-eladrin,MPMotM,116.0,https://www.dndbeyond.com/monsters/2560921-spring-eladrin,fey,medium,generic,N,10.0,4,5900.0,2.0,3.0,3.0,4.0,0.0,4.0,2,3,3,4,0,4,0.0,0.0,0.0,0.0,0.0,0.0,0.0,0.0,0.0,0.0,0.0,0.0,0.0,0.0,0.0,1.0,1.0,1.0,1.0,1.0,1.0,1.0,1.0,1.0,1.0,0.5,1.0,1.0,3.0,1.0,19.0,19.0,165.0,206.3,2.7,6.7,7.0,7.0,13.0,60.0,60.0,60.0,60.0,60.0,0.0,= 2*30,= 2*30,= 2*30,,Assumes +25% HP from Joyful Presence.
Sprite,17020-sprite,MM (2014),283.0,https://www.dndbeyond.com/monsters/17020-sprite,fey,tiny,generic,N,0.25,2,50.0,-4.0,4.0,0.0,2.0,1.0,0.0,-4,4,0,2,1,0,0.0,0.0,0.0,0.0,0.0,0.0,0.0,0.0,0.0,0.0,0.0,0.0,0.0,0.0,0.0,1.0,1.0,1.0,1.0,1.0,1.0,1.0,1.0,1.0,1.0,1.0,1.0,1.0,4.0,1.0,15.0,17.0,2.5,2.5,0.5,0.5,6.0,6.0,,1.0,1.0,1.0,1.0,1.0,0.0,= 1,= 1,= 1,,Assumes +2 AC from Shortbow (poisoned).
Spy,17021-spy,MM (2014),349.0,https://www.dndbeyond.com/monsters/17021-spy,humanoid,medium,generic,N,1.0,2,200.0,0.0,2.0,0.0,1.0,2.0,3.0,0,2,0,1,2,3,0.0,0.0,0.0,0.0,0.0,0.0,0.0,0.0,0.0,0.0,0.0,0.0,0.0,0.0,0.0,1.0,1.0,1.0,1.0,1.0,1.0,1.0,1.0,1.0,1.0,1.0,1.0,1.0,2.0,1.0,12.0,12.0,27.0,27.0,1.3,1.3,4.0,4.0,,18.0,18.0,18.0,18.0,18.0,0.0,= 2*5.5 + 7,= 2*5.5 + 7,= 2*5.5 + 7,,
Squirt the Oilcan,1979808-squirt-the-oilcan,TWBtW,110.0,https://www.dndbeyond.com/monsters/1979808-squirt-the-oilcan,construct,tiny,unique,N,0.25,2,50.0,-4.0,2.0,0.0,0.0,-1.0,2.0,-4,2,0,0,-1,2,0.0,0.0,0.0,1.0,0.0,0.0,0.0,0.0,1.0,0.0,1.0,0.0,0.0,0.0,1.0,1.0,1.0,1.0,1.0,1.0,1.0,1.0,1.0,1.0,0.0,1.0,1.0,1.0,2.0,1.0,15.0,15.0,17.5,17.5,-0.2,-0.2,4.0,4.0,,4.5,4.5,4.5,4.5,4.5,0.0,= 4.5,= 4.5,= 4.5,,
Ssurran Defiler,2821202-ssurran-defiler,SAiS:BAM,58.0,https://www.dndbeyond.com/monsters/2821202-ssurran-defiler,monstrosity,medium,generic,N,3.0,2,700.0,1.0,1.0,3.0,2.0,2.0,-2.0,1,1,5,4,2,-2,0.0,0.0,0.0,0.0,0.0,0.0,0.0,0.0,0.0,0.0,0.0,0.0,0.0,0.0,0.0,1.0,1.0,1.0,1.0,1.0,1.0,1.0,1.0,0.5,1.0,1.0,1.0,1.0,1.0,1.0,16.0,16.0,52.5,62.5,1.8,1.8,3.0,3.0,11.0,32.666668,32.666668,62.0,18.0,18.0,0.0,= 2*9 + 2*22,= 2*9,= 2*9,,Assumes +10 HP from Defile.
Ssurran Poisoner,2821203-ssurran-poisoner,SAiS:BAM,58.0,https://www.dndbeyond.com/monsters/2821203-ssurran-poisoner,monstrosity,medium,generic,N,0.5,2,100.0,1.0,1.0,1.0,1.0,1.0,-2.0,1,1,1,1,1,-2,0.0,0.0,0.0,0.0,0.0,0.0,0.0,0.0,0.0,0.0,0.0,0.0,0.0,0.0,0.0,1.0,1.0,1.0,1.0,1.0,1.0,1.0,1.0,1.0,1.0,1.0,1.0,1.0,1.0,1.0,16.0,16.0,22.0,22.0,0.5,0.5,3.0,3.0,11.0,13.0,13.0,21.0,9.0,9.0,0.0,= 2*10.5,= 2*4.5,= 2*4.5,,
Stalker of Baphomet,3731049-stalker-of-baphomet,BPGotG,178.0,https://www.dndbeyond.com/monsters/3731049-stalker-of-baphomet,fiend,huge,generic,N,12.0,4,8400.0,7.0,3.0,6.0,1.0,3.0,1.0,7,7,6,1,7,1,0.0,1.0,0.0,0.0,1.0,0.0,0.0,0.0,0.0,0.0,0.0,0.0,0.0,0.0,0.0,1.0,1.0,1.0,1.0,1.0,1.0,1.0,1.0,1.0,1.0,1.0,1.0,1.0,3.0,1.0,17.0,17.0,200.0,200.0,4.8,8.8,11.0,11.0,15.0,54.0,54.0,54.0,54.0,54.0,0.0,= 2*27,= 2*27,= 2*27,,
Star Angler,4468339-star-angler,VEoR,237.0,https://www.dndbeyond.com/monsters/4468339-star-angler,monstrosity,large,generic,N,8.0,3,3900.0,5.0,2.0,3.0,-4.0,2.0,-2.0,5,2,3,-4,2,-2,0.0,0.0,0.0,0.0,0.0,0.0,0.0,0.0,0.0,0.0,0.0,0.0,0.0,0.0,0.0,1.0,1.0,1.0,1.0,1.0,1.0,1.0,1.0,1.0,1.0,1.0,1.0,1.0,2.0,1.0,15.0,16.0,119.0,164.0,1.0,1.0,8.0,8.0,,48.0,48.0,48.0,48.0,48.0,0.0,= 3*16,= 3*16,= 3*16,,Assumes +15 HP per round from Lure Charm.
Star Spawn Grue,94989-star-spawn-grue,MToF,234.0,https://www.dndbeyond.com/monsters/94989-star-spawn-grue,aberration,small,legacy,N,0.25,2,50.0,-2.0,1.0,0.0,-1.0,0.0,-2.0,-2,1,0,-1,0,-2,0.0,0.0,0.0,0.0,0.0,0.0,0.0,0.0,0.0,0.0,0.0,0.0,0.0,0.0,0.0,1.0,1.0,1.0,1.0,1.0,1.0,1.0,1.0,1.0,1.0,0.0,1.0,1.0,1.0,1.0,11.0,11.0,17.5,17.5,-0.7,-0.7,3.0,3.0,,6.0,6.0,6.0,6.0,6.0,0.0,= 6,= 6,= 6,,
Star Spawn Grue,2560922-star-spawn-grue,MPMotM,227.0,https://www.dndbeyond.com/monsters/2560922-star-spawn-grue,aberration,small,generic,N,0.25,2,50.0,-2.0,1.0,0.0,-1.0,0.0,-2.0,-2,1,0,-1,0,-2,0.0,0.0,0.0,0.0,0.0,0.0,0.0,0.0,0.0,0.0,0.0,0.0,0.0,0.0,0.0,1.0,1.0,1.0,1.0,1.0,1.0,1.0,1.0,1.0,1.0,0.0,1.0,1.0,1.0,1.0,11.0,11.0,17.5,17.5,-0.7,-0.7,3.0,3.0,,6.0,6.0,6.0,6.0,6.0,0.0,= 6,= 6,= 6,,
Star Spawn Hulk,94993-star-spawn-hulk,MToF,234.0,https://www.dndbeyond.com/monsters/94993-star-spawn-hulk,aberration,large,legacy,N,10.0,4,5900.0,5.0,-1.0,5.0,-2.0,1.0,-1.0,5,3,5,-2,5,-1,0.0,1.0,0.0,0.0,1.0,0.0,0.0,0.0,0.0,0.0,0.0,0.0,0.0,0.0,0.0,0.7,0.7,0.7,1.0,1.0,1.0,1.0,1.0,1.0,1.0,1.0,1.0,1.0,-1.0,1.5,16.0,16.0,136.5,249.8,2.5,2.5,9.0,9.0,,32.666668,38.666668,42.0,28.0,28.0,18.0,= 3*14,= 2*14,= 2*14,= 2*9,Assumes +2*15 HP from Multiattack. Assumes +2*9 damage from Multiattack.
Star Spawn Hulk,2560923-star-spawn-hulk,MPMotM,227.0,https://www.dndbeyond.com/monsters/2560923-star-spawn-hulk,aberration,large,generic,N,10.0,4,5900.0,5.0,-1.0,5.0,-2.0,1.0,-1.0,5,3,5,-2,5,-1,0.0,1.0,0.0,0.0,1.0,0.0,0.0,0.0,0.0,0.0,0.0,0.0,0.0,0.0,0.0,0.7,0.7,0.7,1.0,1.0,1.0,1.0,1.0,1.0,1.0,1.0,1.0,1.0,-1.0,1.5,16.0,16.0,136.5,249.8,2.5,2.5,9.0,9.0,,32.666668,38.666668,42.0,28.0,28.0,18.0,= 3*14,= 2*14,= 2*14,= 2*9,Assumes +2*15 HP from Multiattack. Assumes +2*9 damage from Multiattack.
Star Spawn Larva Mage,95000-star-spawn-larva-mage,MToF,235.0,https://www.dndbeyond.com/monsters/95000-star-spawn-larva-mage,aberration,medium,legacy,L,16.0,5,15000.0,3.0,1.0,6.0,4.0,1.0,3.0,3,6,6,4,6,8,0.0,1.0,0.0,0.0,1.0,0.0,0.0,0.0,1.0,1.0,1.0,0.0,1.0,0.0,0.0,0.7,0.7,0.7,1.0,0.5,1.0,1.0,1.0,1.0,1.0,0.0,1.0,1.0,1.0,1.25,16.0,16.0,168.0,262.5,5.5,5.5,8.0,8.0,16.0,68.666664,98.666664,72.0,83.0,51.0,90.0,= 2*22.5 + 2*13.5,= 2*28 + 2*13.5,= 25.5 + 25.5,= 4*22.5,"Assumes +3*10 HP from Feed on Weakness, and +2*6 from Feed. Assumes +4*22.5 damage from Plague of Worms."
Star Spawn Larva Mage,2560924-star-spawn-larva-mage,MPMotM,228.0,https://www.dndbeyond.com/monsters/2560924-star-spawn-larva-mage,aberration,medium,legendary,L,16.0,5,15000.0,3.0,1.0,6.0,4.0,1.0,3.0,3,6,6,4,6,8,0.0,1.0,0.0,0.0,1.0,0.0,0.0,0.0,1.0,1.0,1.0,0.0,1.0,0.0,0.0,0.7,0.7,0.7,1.0,0.5,1.0,1.0,1.0,1.0,1.0,0.0,1.0,1.0,1.0,1.25,16.0,16.0,168.0,262.5,5.5,5.5,8.0,8.0,19.0,81.0,111.0,72.0,85.5,85.5,90.0,= 2*22.5 + 2*13.5,= 3*19.5 + 2*13.5,= 3*19.5 + 19.5 + 7.5,= 4*22.5,"Assumes +3*10 HP from Feed on Weakness, and +2*6 from Feed. Assumes +4*22.5 damage from Plague of Worms."
Star Spawn Mangler,95006-star-spawn-mangler,MToF,236.0,https://www.dndbeyond.com/monsters/95006-star-spawn-mangler,aberration,medium,legacy,N,5.0,3,1800.0,-1.0,4.0,1.0,0.0,1.0,-2.0,-1,7,4,0,1,-2,0.0,1.0,0.0,0.0,1.0,0.0,0.0,0.0,0.0,0.0,0.0,1.0,0.0,0.0,0.0,1.0,1.0,1.0,1.0,0.5,1.0,1.0,1.0,1.0,1.0,0.0,1.0,1.0,4.0,1.0,14.0,18.0,71.5,71.5,1.5,1.5,7.0,7.0,,39.666668,70.0,51.0,17.0,51.0,91.0,= 6*8.5,= 2*8.5,= 6*8.5,= 13*7,Assumes +13*7 damage from Claw.
Star Spawn Mangler,2560925-star-spawn-mangler,MPMotM,229.0,https://www.dndbeyond.com/monsters/2560925-star-spawn-mangler,aberration,medium,generic,N,5.0,3,1800.0,-1.0,4.0,1.0,0.0,1.0,-2.0,-1,7,4,0,1,-2,0.0,1.0,0.0,0.0,1.0,0.0,0.0,0.0,0.0,0.0,0.0,1.0,0.0,0.0,0.0,1.0,1.0,1.0,1.0,0.5,1.0,1.0,1.0,1.0,1.0,0.0,1.0,1.0,4.0,1.0,14.0,18.0,71.5,89.4,1.5,1.5,7.0,7.0,,28.333334,47.0,51.0,17.0,17.0,56.0,= 6*8.5,= 2*8.5,= 2*8.5,= 8*7,Assumes +25% HP from Ambusher. Assumes +3*7 damage from Claw.
Star Spawn Seer,95011-star-spawn-seer,MToF,236.0,https://www.dndbeyond.com/monsters/95011-star-spawn-seer,aberration,medium,legacy,N,13.0,5,10000.0,2.0,1.0,4.0,6.0,4.0,3.0,2,6,4,11,9,8,0.0,1.0,0.0,0.0,1.0,0.0,0.0,0.0,0.0,0.0,0.0,0.0,0.0,0.0,0.0,0.7,0.7,0.7,1.0,0.5,1.0,1.0,1.0,1.0,1.0,0.0,1.0,1.0,1.0,1.25,17.0,17.0,153.0,241.3,6.7,6.7,11.0,11.0,19.0,64.0,69.5,78.0,57.0,57.0,16.5,= 2*39,= 2*28.5,= 2*28.5,= 3*5.5,Inserts +4*10 HP from Comet Staff. Assumes +5.5 DPR from Out-of-Phase Movement.
Star Spawn Seer,2560926-star-spawn-seer,MPMotM,230.0,https://www.dndbeyond.com/monsters/2560926-star-spawn-seer,aberration,medium,generic,N,13.0,5,10000.0,2.0,1.0,4.0,6.0,4.0,3.0,2,6,4,11,9,8,0.0,1.0,0.0,0.0,1.0,0.0,0.0,0.0,0.0,0.0,0.0,0.0,0.0,0.0,0.0,0.7,0.7,0.7,1.0,0.5,1.0,1.0,1.0,1.0,1.0,0.0,1.0,1.0,1.0,1.25,17.0,17.0,153.0,241.3,6.7,6.7,11.0,11.0,19.0,64.0,75.0,78.0,57.0,57.0,33.0,= 2*39,= 2*28.5,= 2*28.5,= 3*2*5.5,Inserts +4*10 HP from Comet Staff. Assumes +11 DPR from Out-of-Phase Movement.
Starlight Apparition,2821204-starlight-apparition,SAiS:BAM,59.0,https://www.dndbeyond.com/monsters/2821204-starlight-apparition,celestial,medium,generic,N,5.0,3,1800.0,-5.0,0.0,0.0,4.0,3.0,3.0,-5,0,0,4,3,3,1.0,1.0,0.0,1.0,1.0,1.0,0.0,0.0,1.0,1.0,1.0,1.0,1.0,0.0,0.0,0.7,0.7,0.7,0.5,0.5,0.5,1.0,1.0,1.0,0.0,1.0,0.0,1.0,0.0,1.5,10.0,10.0,72.0,216.0,0.8,0.8,6.0,6.0,,20.5,20.5,20.5,20.5,20.5,0.0,= 20.5,= 20.5,= 20.5,,
Statue of Lolth,273136-statue-of-lolth,WDotMM,142.0,https://www.dndbeyond.com/monsters/273136-statue-of-lolth,construct,huge,unique,N,11.0,4,7200.0,6.0,-1.0,5.0,-4.0,0.0,-5.0,6,-1,5,-4,0,-5,0.0,1.0,0.0,1.0,1.0,0.0,0.0,0.0,1.0,1.0,1.0,0.0,0.0,0.0,0.0,0.3,0.3,0.3,1.0,1.0,1.0,1.0,1.0,1.0,0.0,0.0,1.0,1.0,-1.0,1.5,17.0,17.0,230.0,345.0,0.2,4.2,10.0,10.0,,38.0,38.0,38.0,38.0,38.0,0.0,= 2*19,= 2*19,= 2*19,,
Steam Mephit,17022-steam-mephit,MM (2014),217.0,https://www.dndbeyond.com/monsters/17022-steam-mephit,elemental,small,generic,N,0.25,2,50.0,-3.0,0.0,0.0,0.0,0.0,1.0,-3,0,0,0,0,1,0.0,0.0,0.0,0.0,0.0,0.0,0.0,0.0,0.0,0.0,1.0,0.0,0.0,0.0,0.0,1.0,1.0,1.0,1.0,1.0,0.0,1.0,1.0,1.0,0.0,1.0,1.0,1.0,0.0,1.0,10.0,10.0,21.0,21.0,-0.3,-0.3,2.0,2.0,10.0,7.8333335,7.8333335,9.0,5.0,9.5,0.0,= 2*4.5,= 5,= 5 + 4.5,,
Steel Crane,1528983-steel-crane,CM,164.0,https://www.dndbeyond.com/monsters/1528983-steel-crane,humanoid,medium,unique,N,8.0,3,3900.0,1.0,4.0,4.0,1.0,3.0,2.0,1,7,4,4,3,2,0.0,0.0,0.0,0.0,0.0,0.0,0.0,0.0,0.0,0.0,0.0,0.0,0.0,0.0,0.0,1.0,1.0,1.0,1.0,1.0,1.0,1.0,1.0,1.0,0.5,0.5,1.0,1.0,4.0,1.0,17.0,17.0,76.5,183.0,3.5,3.5,7.0,7.0,15.0,25.5,25.5,25.5,25.5,25.5,0.0,= 3*8.5,= 3*8.5,= 3*8.5,,"Assumes +60 HP from stunning attack, and +46 HP from deflect missiles."
Steel Predator,94643-steel-predator,MToF,239.0,https://www.dndbeyond.com/monsters/94643-steel-predator,construct,large,legacy,N,16.0,5,15000.0,7.0,3.0,6.0,-3.0,2.0,-2.0,7,3,6,-3,2,-2,0.0,1.0,0.0,1.0,1.0,0.0,0.0,0.0,1.0,1.0,1.0,0.0,0.0,1.0,0.0,0.2,0.2,0.2,1.0,0.5,1.0,1.0,0.5,0.5,0.0,0.0,1.0,0.5,3.0,1.5,20.0,20.0,207.0,370.5,2.2,6.2,12.0,12.0,19.0,49.0,49.0,55.0,46.0,46.0,0.0,= 2*27.5,= 14 + 2*16,= 14 + 2*16,,Assumes +4*10 HP from Stunning Roar.
Steel Predator,2560927-steel-predator,MPMotM,232.0,https://www.dndbeyond.com/monsters/2560927-steel-predator,construct,large,generic,N,16.0,5,15000.0,7.0,3.0,6.0,-3.0,2.0,-2.0,7,3,6,-3,2,-2,0.0,1.0,0.0,1.0,1.0,0.0,0.0,0.0,1.0,1.0,1.0,0.0,0.0,1.0,0.0,0.2,0.2,0.2,1.0,0.5,1.0,1.0,0.5,0.5,0.0,0.0,1.0,0.5,3.0,1.5,20.0,20.0,207.0,370.5,2.2,6.2,12.0,12.0,19.0,55.333332,55.333332,66.0,50.0,50.0,0.0,= 2*33,= 18 + 2*16,= 18 + 2*16,,Assumes +4*10 HP from Stunning Roar.
Stegosaurus,17244-stegosaurus,VGtM,140.0,https://www.dndbeyond.com/monsters/17244-stegosaurus,beast,huge,legacy,N,4.0,2,1100.0,5.0,-1.0,3.0,-4.0,0.0,-3.0,5,-1,3,-4,0,-3,0.0,0.0,0.0,0.0,0.0,0.0,0.0,0.0,0.0,0.0,0.0,0.0,0.0,0.0,0.0,1.0,1.0,1.0,1.0,1.0,1.0,1.0,1.0,1.0,1.0,1.0,1.0,1.0,-1.0,1.0,13.0,13.0,76.0,76.0,0.0,0.0,7.0,7.0,,26.0,26.0,26.0,26.0,26.0,0.0,= 26,= 26,= 26,,
Stegosaurus,2560928-stegosaurus,MPMotM,96.0,https://www.dndbeyond.com/monsters/2560928-stegosaurus,beast,huge,generic,N,4.0,2,1100.0,5.0,-1.0,3.0,-4.0,0.0,-3.0,5,-1,3,-4,0,-3,0.0,0.0,0.0,0.0,0.0,0.0,0.0,0.0,0.0,0.0,0.0,0.0,0.0,0.0,0.0,1.0,1.0,1.0,1.0,1.0,1.0,1.0,1.0,1.0,1.0,1.0,1.0,1.0,-1.0,1.0,13.0,13.0,76.0,76.0,0.0,0.0,7.0,7.0,,26.0,26.0,26.0,26.0,26.0,0.0,= 26,= 26,= 26,,
Stench Kow,24007-stench-kow,VGtM,207.0,https://www.dndbeyond.com/monsters/24007-stench-kow,beast,large,legacy,N,0.25,2,50.0,4.0,0.0,2.0,-4.0,0.0,-3.0,4,0,2,-4,0,-3,0.0,0.0,0.0,0.0,0.0,0.0,0.0,0.0,0.0,0.0,0.0,0.0,0.0,0.0,0.0,1.0,1.0,1.0,1.0,0.5,0.5,1.0,1.0,1.0,0.5,1.0,1.0,1.0,0.0,2.0,10.0,11.0,15.0,15.0,-0.2,-0.2,6.0,6.0,,9.833333,9.833333,14.5,7.5,7.5,0.0,= 14.5,= 7.5,= 7.5,,
Stench Kow,2560929-stench-kow,MPMotM,72.0,https://www.dndbeyond.com/monsters/2560929-stench-kow,fiend,large,generic,N,0.25,2,50.0,4.0,0.0,2.0,-4.0,0.0,-3.0,4,0,2,-4,0,-3,0.0,0.0,0.0,0.0,0.0,0.0,0.0,0.0,0.0,0.0,0.0,0.0,0.0,0.0,0.0,1.0,1.0,1.0,1.0,0.5,0.5,1.0,1.0,1.0,0.5,1.0,1.0,1.0,0.0,2.0,10.0,10.0,15.0,15.0,-0.2,-0.2,6.0,6.0,,7.5,9.833333,7.5,7.5,7.5,7.0,= 7.5,= 7.5,= 7.5,= 7,
Stirge,17023-stirge,MM (2014),284.0,https://www.dndbeyond.com/monsters/17023-stirge,beast,tiny,generic,N,0.125,2,25.0,-3.0,3.0,0.0,-4.0,-1.0,-2.0,-3,3,0,-4,-1,-2,0.0,0.0,0.0,0.0,0.0,0.0,0.0,0.0,0.0,0.0,0.0,0.0,0.0,0.0,0.0,1.0,1.0,1.0,1.0,1.0,1.0,1.0,1.0,1.0,1.0,1.0,1.0,1.0,3.0,1.0,14.0,14.0,2.5,2.5,-1.2,-1.2,5.0,5.0,,5.5,5.5,5.5,5.5,5.5,0.0,= 5.5,= 5.5,= 5.5,,
Stone Cursed,94620-stone-cursed,MToF,240.0,https://www.dndbeyond.com/monsters/94620-stone-cursed,construct,medium,legacy,N,1.0,2,200.0,3.0,-3.0,2.0,-3.0,-1.0,-2.0,3,-3,2,-3,-1,-2,0.0,1.0,0.0,1.0,1.0,0.0,0.0,0.0,0.0,1.0,1.0,0.0,0.0,0.0,0.0,2.0,1.0,1.0,1.0,1.0,1.0,1.0,1.0,1.0,0.0,1.0,1.0,1.0,-3.0,1.0,17.0,19.0,17.5,27.5,-0.7,-0.7,5.0,7.0,12.0,12.166667,12.166667,8.5,14.0,14.0,0.0,= 8.5,= 14,= 14,,Assumes +10 hp from petrifying one PC. Assumes +2 AC from Petrifying Claws. Assumes +2 AB from Petrifying Claws.
Stone Cursed,2560930-stone-cursed,MPMotM,233.0,https://www.dndbeyond.com/monsters/2560930-stone-cursed,construct,medium,generic,N,1.0,2,200.0,3.0,-3.0,2.0,-3.0,-1.0,-2.0,3,-3,2,-3,-1,-2,0.0,1.0,0.0,1.0,1.0,0.0,0.0,0.0,0.0,1.0,1.0,0.0,0.0,0.0,0.0,2.0,1.0,1.0,1.0,1.0,1.0,1.0,1.0,1.0,0.0,1.0,1.0,1.0,-3.0,1.0,17.0,19.0,19.5,29.5,-0.7,-0.7,5.0,7.0,12.0,12.0,12.0,12.0,12.0,12.0,0.0,= 12,= 12,= 12,,Assumes +10 hp from petrifying one PC. Assumes +2 AC from Petrifying Claws. Assumes +2 AB from Petrifying Claws.
Stone Defender,93871-stone-defender,MToF,126.0,https://www.dndbeyond.com/monsters/93871-stone-defender,construct,medium,legacy,N,4.0,2,1100.0,4.0,0.0,3.0,-4.0,0.0,-5.0,4,0,3,-4,0,-5,0.0,1.0,0.0,1.0,1.0,0.0,0.0,0.0,1.0,1.0,1.0,0.0,0.0,0.0,0.0,0.3,0.3,0.3,1.0,1.0,1.0,1.0,1.0,1.0,0.0,1.0,1.0,1.0,0.0,2.0,16.0,18.0,52.5,105.0,-0.3,3.7,6.0,6.0,,11.0,11.0,11.0,11.0,11.0,0.0,= 11,= 11,= 11,,Assumes +2 AC from Intercept Attack.
Stone Giant,17024-stone-giant,MM (2014),156.0,https://www.dndbeyond.com/monsters/17024-stone-giant,giant,huge,generic,N,7.0,3,2900.0,6.0,2.0,5.0,0.0,1.0,-1.0,6,5,8,0,4,-1,0.0,0.0,0.0,0.0,0.0,0.0,0.0,0.0,0.0,0.0,0.0,0.0,0.0,0.0,0.0,1.0,1.0,1.0,1.0,1.0,1.0,1.0,1.0,1.0,1.0,1.0,1.0,1.0,2.0,1.0,17.0,17.0,126.5,126.5,3.7,3.7,9.0,9.0,17.0,39.0,39.0,39.0,39.0,39.0,0.0,= 2*19.5,= 2*19.5,= 2*19.5,,
Stone Giant Dreamwalker,17255-stone-giant-dreamwalker,VGtM,150.0,https://www.dndbeyond.com/monsters/17255-stone-giant-dreamwalker,giant,huge,legacy,N,10.0,4,5900.0,6.0,2.0,5.0,0.0,-1.0,1.0,6,6,9,0,3,1,0.0,1.0,0.0,0.0,1.0,0.0,0.0,0.0,0.0,0.0,0.0,0.0,0.0,0.0,0.0,1.0,1.0,1.0,1.0,1.0,1.0,1.0,1.0,1.0,1.0,1.0,1.0,1.0,2.0,1.0,18.0,18.0,161.0,176.0,4.2,4.2,10.0,10.0,17.0,38.0,38.0,38.0,38.0,38.0,0.0,= 2*19,= 2*19,= 2*19,,
Stone Giant Dreamwalker,2560931-stone-giant-dreamwalker,MPMotM,234.0,https://www.dndbeyond.com/monsters/2560931-stone-giant-dreamwalker,giant,huge,generic,N,10.0,4,5900.0,6.0,2.0,5.0,0.0,-1.0,1.0,6,6,9,0,3,1,0.0,1.0,0.0,0.0,1.0,0.0,0.0,0.0,0.0,0.0,0.0,0.0,0.0,0.0,0.0,1.0,1.0,1.0,1.0,1.0,1.0,1.0,1.0,1.0,1.0,1.0,1.0,1.0,2.0,1.0,18.0,18.0,161.0,181.0,4.2,4.2,10.0,10.0,13.0,48.0,48.0,48.0,48.0,48.0,0.0,= 2*24,= 2*24,= 2*24,,Assumes +20 HP from Dreamer's Charm.
Stone Giant of Deadstone Cleft,299644-stone-giant-of-deadstone-cleft,SKT,146.0,https://www.dndbeyond.com/monsters/299644-stone-giant-of-deadstone-cleft,giant,huge,generic,N,7.0,3,2900.0,6.0,2.0,5.0,0.0,1.0,-1.0,6,5,8,0,4,-1,0.0,0.0,0.0,0.0,0.0,0.0,0.0,0.0,0.0,0.0,0.0,0.0,0.0,0.0,0.0,1.0,1.0,1.0,1.0,1.0,1.0,1.0,1.0,1.0,1.0,1.0,1.0,1.0,2.0,1.0,17.0,17.0,126.5,189.8,3.7,3.7,9.0,9.0,,38.0,38.0,38.0,38.0,38.0,0.0,= 2*19,= 2*19,= 2*19,,Assumes resistance to non-magical martial attacks from stoneskin after casting time stop.
Stone Giant of Evil Earth,3731050-stone-giant-of-evil-earth,BPGotG,179.0,https://www.dndbeyond.com/monsters/3731050-stone-giant-of-evil-earth,giant,huge,generic,N,9.0,4,5000.0,6.0,1.0,6.0,0.0,1.0,-1.0,10,1,10,0,1,-1,0.0,0.0,0.0,0.0,0.0,0.0,0.0,0.0,0.0,0.0,0.0,0.0,0.0,0.0,0.0,1.0,1.0,1.0,1.0,1.0,1.0,1.0,1.0,1.0,1.0,1.0,1.0,1.0,1.0,1.0,20.0,20.0,137.5,137.5,3.5,3.5,10.0,10.0,,75.0,75.0,75.0,75.0,75.0,0.0,= 2*16.5 + 4*10.5,= 2*16.5 + 4*10.5,= 2*16.5 + 4*10.5,,
Stone Giant Rockspeaker,3731051-stone-giant-rockspeaker,BPGotG,180.0,https://www.dndbeyond.com/monsters/3731051-stone-giant-rockspeaker,giant,huge,legendary,L,16.0,5,15000.0,6.0,2.0,5.0,4.0,2.0,0.0,6,7,10,9,7,0,0.0,0.0,0.0,0.0,0.0,0.0,0.0,0.0,0.0,0.0,0.0,0.0,0.0,0.0,0.0,1.0,1.0,1.0,1.0,1.0,1.0,1.0,1.0,1.0,1.0,1.0,1.0,1.0,2.0,1.0,19.0,19.0,276.0,366.0,6.5,6.5,11.0,11.0,,90.0,90.0,90.0,90.0,90.0,0.0,= 3*30,= 3*30,= 3*30,,
Stone Golem,17025-stone-golem,MM (2014),170.0,https://www.dndbeyond.com/monsters/17025-stone-golem,construct,large,generic,N,10.0,4,5900.0,6.0,-1.0,5.0,-4.0,0.0,-5.0,6,-1,5,-4,0,-5,0.0,1.0,0.0,1.0,1.0,0.0,0.0,0.0,1.0,1.0,1.0,0.0,0.0,0.0,0.0,0.3,0.3,0.3,1.0,1.0,1.0,1.0,1.0,1.0,0.0,0.0,1.0,1.0,-1.0,2.0,17.0,17.0,178.5,357.0,0.2,4.2,10.0,10.0,,39.0,39.0,39.0,39.0,39.0,0.0,= 2*19.5,= 2*19.5,= 2*19.5,,
Stone Juggernaut,33254-stone-juggernaut,ToA,231.0,https://www.dndbeyond.com/monsters/33254-stone-juggernaut,construct,large,unique,N,12.0,4,8400.0,6.0,-5.0,5.0,-4.0,0.0,-4.0,6,-5,5,-4,0,-4,1.0,1.0,1.0,1.0,1.0,0.0,0.0,0.0,1.0,1.0,1.0,1.0,0.0,0.0,0.0,0.3,0.3,0.3,1.0,1.0,1.0,1.0,1.0,1.0,0.0,1.0,1.0,1.0,-5.0,1.5,15.0,15.0,157.5,196.9,-0.3,-0.3,10.0,10.0,17.0,80.0,80.0,80.0,80.0,80.0,0.0,= 25 + 55,= 25 + 55,= 25 + 55,,
Stonemelder,17432-stonemelder,PotA,197.0,https://www.dndbeyond.com/monsters/17432-stonemelder,humanoid,medium,generic,N,4.0,2,1100.0,2.0,0.0,3.0,1.0,0.0,3.0,2,0,3,1,0,3,0.0,0.0,0.0,0.0,0.0,0.0,0.0,0.0,0.0,0.0,0.0,0.0,0.0,0.0,0.0,1.0,1.0,1.0,1.0,1.0,1.0,1.0,1.0,1.0,1.0,1.0,1.0,1.0,0.0,1.0,17.0,22.0,75.0,75.0,1.5,1.5,5.0,5.0,13.0,38.0,38.0,38.0,38.0,38.0,0.0,= 2*19,= 2*19,= 2*19,,
Storm Crab,3731052-storm-crab,BPGotG,181.0,https://www.dndbeyond.com/monsters/3731052-storm-crab,monstrosity,gargantuan,generic,N,11.0,4,7200.0,6.0,0.0,5.0,-3.0,2.0,-1.0,10,0,9,-3,2,-1,0.0,0.0,0.0,0.0,0.0,0.0,0.0,0.0,0.0,0.0,0.0,0.0,0.0,0.0,0.0,1.0,1.0,1.0,1.0,0.5,0.5,1.0,0.5,1.0,1.0,1.0,1.0,1.0,0.0,1.25,18.0,18.0,155.0,231.3,2.8,2.8,10.0,12.0,17.0,61.5,61.5,61.5,61.5,61.5,0.0,= 2*19.5 + 22.5,= 2*19.5 + 22.5,= 2*19.5 + 22.5,,Assumes +10 HP per round from Stinger (paralyzed). Assumes +2 AB from Paralyzed.
Storm Giant,17026-storm-giant,MM (2014),156.0,https://www.dndbeyond.com/monsters/17026-storm-giant,giant,huge,generic,N,13.0,5,10000.0,9.0,2.0,5.0,3.0,4.0,4.0,14,2,10,3,9,9,0.0,0.0,0.0,0.0,0.0,0.0,0.0,0.0,0.0,0.0,0.0,0.0,0.0,0.0,0.0,1.0,1.0,1.0,1.0,0.5,1.0,1.0,0.0,1.0,1.0,1.0,1.0,0.0,2.0,1.0,16.0,16.0,230.0,230.0,7.8,7.8,14.0,14.0,17.0,76.0,76.0,108.0,60.0,60.0,0.0,=2*54,= 2*30,= 2*30,,
Storm Giant Quintessent,17256-storm-giant-quintessent,VGtM,151.0,https://www.dndbeyond.com/monsters/17256-storm-giant-quintessent,giant,huge,legacy,LL,16.0,5,15000.0,9.0,2.0,5.0,3.0,5.0,4.0,14,2,10,3,10,9,0.0,0.0,0.0,0.0,0.0,0.0,0.0,0.0,0.0,0.0,0.0,0.0,0.0,0.0,0.0,0.7,0.7,0.7,1.0,0.5,1.0,1.0,0.0,1.0,1.0,1.0,1.0,0.0,2.0,1.25,12.0,12.0,230.0,287.5,8.0,8.0,14.0,14.0,18.0,102.0,102.0,102.0,102.0,102.0,0.0,= 2*40 + 22,= 2*40 + 22,= 2*40 + 22,,
Storm Giant Quintessent,2560932-storm-giant-quintessent,MPMotM,235.0,https://www.dndbeyond.com/monsters/2560932-storm-giant-quintessent,giant,huge,legendary,LL,16.0,5,15000.0,9.0,2.0,5.0,3.0,5.0,4.0,14,2,10,3,10,9,0.0,0.0,0.0,0.0,0.0,0.0,0.0,0.0,0.0,0.0,0.0,0.0,0.0,0.0,0.0,0.7,0.7,0.7,1.0,0.5,1.0,1.0,0.0,1.0,1.0,1.0,1.0,0.0,2.0,1.25,12.0,12.0,230.0,325.0,8.0,8.0,14.0,14.0,18.0,125.0,125.0,125.0,125.0,125.0,0.0,= 2*40.5 + 2*22,= 2*40.5 + 2*22,= 2*40.5 + 2*22,,
Storm Giant Skeleton,1528984-storm-giant-skeleton,CM,208.0,https://www.dndbeyond.com/monsters/1528984-storm-giant-skeleton,undead,huge,generic,N,16.0,5,15000.0,9.0,2.0,2.0,-4.0,-1.0,-5.0,14,2,7,-4,-1,-5,0.0,0.0,0.0,1.0,0.0,0.0,0.0,0.0,0.0,0.0,1.0,0.0,0.0,0.0,0.0,2.0,1.0,1.0,1.0,0.5,1.0,1.0,0.0,1.0,0.0,1.0,1.0,0.0,2.0,1.5,13.0,13.0,204.0,306.0,2.2,2.2,14.0,14.0,,100.0,100.0,108.0,96.0,96.0,0.0,=2*54,= 2*48,= 2*48,,
Storm Giant Tempest Caller,3731053-storm-giant-tempest-caller,BPGotG,182.0,https://www.dndbeyond.com/monsters/3731053-storm-giant-tempest-caller,giant,huge,legendary,L,20.0,6,25000.0,9.0,2.0,5.0,5.0,4.0,7.0,15,2,11,5,10,13,0.0,0.0,0.0,0.0,0.0,0.0,0.0,0.0,0.0,0.0,0.0,0.0,0.0,0.0,0.0,1.0,1.0,1.0,1.0,0.5,1.0,1.0,0.0,1.0,1.0,1.0,1.0,0.0,2.0,1.0,17.0,17.0,310.5,400.5,9.3,9.3,15.0,15.0,,117.0,117.0,117.0,117.0,117.0,0.0,= 3*39,= 3*39,= 3*39,,
Storm Herald,3731054-storm-herald,BPGotG,183.0,https://www.dndbeyond.com/monsters/3731054-storm-herald,aberration,huge,generic,N,17.0,6,18000.0,8.0,2.0,6.0,7.0,4.0,4.0,8,2,6,7,10,10,0.0,1.0,0.0,0.0,1.0,0.0,0.0,0.0,0.0,0.0,0.0,0.0,0.0,0.0,0.0,1.0,1.0,1.0,1.0,0.5,1.0,1.0,0.0,1.0,1.0,0.5,1.0,0.0,2.0,1.0,16.0,16.0,287.5,377.5,7.2,11.2,14.0,16.0,21.0,84.5,84.5,70.5,91.5,91.5,0.0,= 3*23.5,= 18.5 + 21.5 + 35 + 16.5,= 18.5 + 21.5 + 35 + 16.5,,Assumes +6*15 HP from Psychic Wave (stunned). Assumes +2 AB from Psychic Wave (stunned).
Strahd von Zarovich,17374-strahd-von-zarovich,CoS,239.0,https://www.dndbeyond.com/monsters/17374-strahd-von-zarovich,undead,medium,unique,LL,15.0,5,13000.0,4.0,4.0,4.0,5.0,2.0,4.0,4,9,4,5,7,9,0.0,0.0,0.0,0.0,0.0,0.0,0.0,0.0,0.0,0.0,0.0,0.0,0.0,0.0,0.0,0.7,0.7,0.7,1.0,1.0,1.0,1.0,1.0,0.5,1.0,1.0,1.0,1.0,4.0,1.25,16.0,16.0,144.5,408.1,6.3,6.3,9.0,9.0,,130.66667,130.66667,136.0,128.0,128.0,0.0,= 2*35 + 3*22,= 2*31 + 3*22,= 2*31 + 3*22,,Assumes 2*16 additional hp from lair actions to summon shadows.
Strahd Zombie,17375-strahd-zombie,CoS,241.0,https://www.dndbeyond.com/monsters/17375-strahd-zombie,undead,medium,generic,N,1.0,2,200.0,1.0,-2.0,3.0,-4.0,-2.0,-3.0,1,-2,3,-4,0,-3,0.0,0.0,0.0,0.0,0.0,0.0,0.0,0.0,0.0,0.0,1.0,0.0,0.0,0.0,0.0,1.0,1.0,1.0,1.0,1.0,1.0,1.0,1.0,1.0,0.0,1.0,1.0,1.0,-2.0,1.0,8.0,8.0,30.0,30.0,-0.8,-0.8,3.0,3.0,,11.0,11.0,11.0,11.0,11.0,0.0,= 3 + 2*4,= 3 + 2*4,= 3 + 2*4,,
"Strahd, Master of Death House",4468340-strahd-master-of-death-house,VEoR,251.0,https://www.dndbeyond.com/monsters/4468340-strahd-master-of-death-house,undead,medium,unique,L,15.0,5,13000.0,4.0,4.0,4.0,5.0,2.0,4.0,4,9,4,5,7,9,0.0,0.0,0.0,0.0,0.0,0.0,0.0,0.0,0.0,0.0,0.0,0.0,0.0,0.0,0.0,0.7,0.7,0.7,1.0,1.0,1.0,1.0,1.0,0.5,1.0,1.0,1.0,1.0,4.0,1.25,16.0,16.0,136.0,357.5,6.3,6.3,9.0,9.0,18.0,96.666664,96.666664,119.0,85.5,85.5,0.0,= 1*22.5 + 2*28 + 18 + 22.5,= 2*22.5 + 18 + 22.5,= 2*22.5 + 18 + 22.5,,
Strahd’s Animated Armor,17360-strahds-animated-armor,CoS,227.0,https://www.dndbeyond.com/monsters/17360-strahds-animated-armor,construct,medium,unique,N,6.0,3,2300.0,3.0,1.0,3.0,-1.0,0.0,-1.0,3,1,3,-1,0,-1,1.0,1.0,1.0,1.0,1.0,0.0,0.0,0.0,1.0,1.0,1.0,0.0,0.0,0.0,0.0,1.0,1.0,1.0,1.0,0.5,0.5,1.0,0.0,1.0,0.0,1.0,1.0,1.0,1.0,1.0,21.0,21.0,112.5,112.5,0.8,0.8,6.0,6.0,,26.0,26.0,26.0,26.0,26.0,0.0,= 2*13,= 2*13,= 2*13,,
Strigoi,1680945-strigoi,VRGtR,246.0,https://www.dndbeyond.com/monsters/1680945-strigoi,monstrosity,medium,generic,N,4.0,2,1100.0,3.0,2.0,3.0,0.0,3.0,0.0,5,4,3,0,5,0,0.0,1.0,0.0,0.0,1.0,0.0,0.0,0.0,0.0,0.0,0.0,0.0,0.0,0.0,0.0,1.0,1.0,1.0,1.0,1.0,1.0,1.0,1.0,0.5,1.0,1.0,1.0,1.0,2.0,1.0,16.0,16.0,52.5,84.0,2.8,2.8,5.0,5.0,,33.0,33.0,33.0,33.0,33.0,0.0,= 14 + 19,= 14 + 19,= 14 + 19,,
Strixhaven Campus Guide,2160335-strixhaven-campus-guide,SACoC,217.0,https://www.dndbeyond.com/monsters/2160335-strixhaven-campus-guide,construct,small,generic,N,1.0,2,200.0,2.0,2.0,1.0,0.0,1.0,1.0,2,4,1,0,1,1,1.0,0.0,1.0,1.0,0.0,0.0,0.0,0.0,1.0,1.0,1.0,0.0,0.0,0.0,0.0,1.0,1.0,1.0,1.0,1.0,1.0,1.0,1.0,1.0,0.0,1.0,1.0,1.0,2.0,1.0,17.0,17.0,31.5,31.5,1.5,1.5,4.0,4.0,,13.0,13.0,13.0,13.0,13.0,0.0,= 2*6.5,= 2*6.5,= 2*6.5,,
Strongheart,1979809-strongheart,TWBtW,228.0,https://www.dndbeyond.com/monsters/1979809-strongheart,humanoid,medium,unique,N,4.0,2,1100.0,2.0,1.0,1.0,1.0,1.0,3.0,2,1,1,1,3,5,0.0,0.0,0.0,0.0,1.0,0.0,0.0,0.0,0.0,0.0,0.0,0.0,0.0,0.0,0.0,1.0,1.0,1.0,1.0,1.0,1.0,1.0,1.0,1.0,1.0,1.0,1.0,1.0,1.0,1.0,20.0,21.0,55.0,55.0,2.2,2.2,6.0,8.0,,25.5,25.5,25.5,25.5,25.5,0.0,= 3*8.5,= 3*8.5,= 3*8.5,,Assumes +1 AC from Steel. Assumes +2 AB from Steel.
Su-monster,33257-su-monster,ToA,232.0,https://www.dndbeyond.com/monsters/33257-su-monster,monstrosity,medium,generic,N,1.0,2,200.0,2.0,2.0,1.0,-1.0,1.0,-1.0,2,2,1,-1,1,-1,0.0,0.0,0.0,0.0,0.0,0.0,0.0,0.0,0.0,0.0,0.0,0.0,0.0,0.0,0.0,1.0,1.0,1.0,1.0,1.0,1.0,1.0,1.0,1.0,1.0,1.0,1.0,1.0,2.0,1.0,12.0,12.0,27.5,37.5,0.7,0.7,4.0,4.0,11.0,16.333334,16.333334,17.0,16.0,16.0,0.0,= 17,= 4 + 12,= 4 + 12,,Assumes +10 hp from Psychic Crush stunning one target.
Succubus,17027-succubus,MM (2014),285.0,https://www.dndbeyond.com/monsters/17027-succubus,fiend,medium,generic,N,4.0,2,1100.0,-1.0,3.0,1.0,2.0,1.0,5.0,-1,3,1,2,1,5,0.0,0.0,0.0,0.0,0.0,0.0,0.0,0.0,0.0,0.0,0.0,0.0,0.0,0.0,0.0,0.7,0.7,0.7,1.0,0.5,0.5,1.0,0.5,1.0,0.5,1.0,1.0,1.0,3.0,2.0,15.0,15.0,66.0,132.0,1.8,1.8,7.0,7.0,15.0,21.333334,21.333334,0.0,32.0,32.0,0.0,= 0,= 32,= 32,,
Sul Khatesh,486717-sul-khatesh,ERftLW,304.0,https://www.dndbeyond.com/monsters/486717-sul-khatesh,fiend,large,unique,L,28.0,8,120000.0,4.0,5.0,4.0,10.0,6.0,7.0,4,5,12,18,14,15,0.0,1.0,0.0,1.0,1.0,0.0,0.0,0.0,1.0,1.0,1.0,0.0,0.0,0.0,0.0,0.2,0.2,0.2,1.0,0.5,0.5,1.0,0.5,1.0,0.0,1.0,1.0,1.0,5.0,1.25,22.0,27.0,475.0,706.3,11.3,15.3,18.0,18.0,26.0,239.0,239.0,321.0,198.0,198.0,0.0,= 3*71 + 3*36,= 2*45 + 3*36,= 2*45 + 3*36,,Assumes +5 AC from Shield.
Summer Eladrin,96584-summer-eladrin,MToF,196.0,https://www.dndbeyond.com/monsters/96584-summer-eladrin,fey,medium,legacy,N,10.0,4,5900.0,4.0,5.0,3.0,2.0,1.0,4.0,4,5,3,2,1,4,0.0,0.0,0.0,0.0,0.0,0.0,0.0,0.0,0.0,0.0,0.0,0.0,0.0,0.0,0.0,0.7,0.7,0.7,1.0,1.0,1.0,1.0,1.0,1.0,1.0,1.0,1.0,1.0,5.0,1.5,19.0,21.0,127.5,239.1,3.2,7.2,8.0,8.0,16.0,39.0,39.0,39.0,39.0,39.0,0.0,= 2*19.5,= 2*19.5,= 2*19.5,,Assumes +25% HP from Fearsome Presence. Assumes +2 AC from Parry.
Summer Eladrin,2560933-summer-eladrin,MPMotM,116.0,https://www.dndbeyond.com/monsters/2560933-summer-eladrin,fey,medium,generic,N,10.0,4,5900.0,4.0,5.0,3.0,2.0,1.0,4.0,4,5,3,2,1,4,0.0,0.0,0.0,0.0,0.0,0.0,0.0,0.0,0.0,0.0,0.0,0.0,0.0,0.0,0.0,1.0,1.0,1.0,1.0,1.0,0.5,1.0,1.0,1.0,1.0,1.0,1.0,1.0,5.0,1.0,19.0,21.0,165.0,206.3,3.2,7.2,8.0,8.0,16.0,48.0,48.0,48.0,48.0,48.0,0.0,= 2*24,= 2*24,= 2*24,,Assumes +25% HP from Fearsome Presence. Assumes +2 AC from Parry.
Sunfly,3883564-sunfly,PAitM:MPP,47.0,https://www.dndbeyond.com/monsters/3883564-sunfly,celestial,tiny,generic,N,0.0,2,10.0,-3.0,3.0,0.0,-3.0,0.0,-2.0,-3,3,0,-3,0,-2,0.0,0.0,0.0,0.0,0.0,0.0,0.0,0.0,0.0,0.0,0.0,0.0,0.0,0.0,0.0,1.0,1.0,1.0,1.0,1.0,1.0,1.0,1.0,1.0,1.0,1.0,1.0,1.0,3.0,1.0,13.0,13.0,2.5,2.5,-0.8,-0.8,5.0,5.0,,2.5,2.5,2.5,2.5,2.5,0.0,= 2.5,= 2.5,= 2.5,,
Swarm of Animated Books,1528985-swarm-of-animated-books,CM,19.0,https://www.dndbeyond.com/monsters/1528985-swarm-of-animated-books,construct,medium,generic,N,0.25,2,50.0,0.0,1.0,1.0,-5.0,0.0,-5.0,0,1,1,-5,0,-5,0.0,1.0,0.0,1.0,1.0,1.0,0.0,0.0,1.0,1.0,1.0,1.0,1.0,1.0,0.0,1.0,1.0,1.0,1.0,1.0,2.0,1.0,1.0,1.0,0.0,0.0,1.0,1.0,1.0,1.0,12.0,12.0,22.0,22.0,-1.3,-1.3,3.0,3.0,,5.1666665,5.1666665,6.0,6.0,3.5,0.0,= 6,= 6,= 3.5,,
Swarm of Bats,17028-swarm-of-bats,MM (2014),337.0,https://www.dndbeyond.com/monsters/17028-swarm-of-bats,beast,medium,generic,N,0.25,2,50.0,-3.0,2.0,0.0,-4.0,1.0,-3.0,-3,2,0,-4,1,-3,0.0,1.0,0.0,0.0,1.0,1.0,0.0,0.0,1.0,1.0,0.0,1.0,1.0,1.0,0.0,0.5,0.5,0.5,1.0,1.0,1.0,1.0,1.0,1.0,1.0,1.0,1.0,1.0,2.0,2.0,12.0,12.0,22.5,45.0,-1.2,-1.2,4.0,4.0,,4.1666665,4.1666665,5.0,5.0,2.5,0.0,= 5,= 5,= 2.5,,
Swarm of Campestris,1979810-swarm-of-campestris,TWBtW,232.0,https://www.dndbeyond.com/monsters/1979810-swarm-of-campestris,plant,medium,generic,N,1.0,2,200.0,-4.0,-2.0,0.0,-3.0,0.0,-1.0,-4,-2,0,-3,0,-1,0.0,1.0,0.0,0.0,0.0,1.0,0.0,0.0,1.0,1.0,0.0,1.0,1.0,1.0,0.0,0.5,0.5,0.5,1.0,1.0,1.0,1.0,1.0,1.0,1.0,1.0,1.0,1.0,-2.0,2.0,12.0,12.0,27.0,54.0,-1.7,-1.7,0.0,0.0,,8.333333,8.333333,10.0,10.0,5.0,0.0,= 10,= 10,= 5,,
Swarm of Cranium Rats,17230-swarm-of-cranium-rats,VGtM,133.0,https://www.dndbeyond.com/monsters/17230-swarm-of-cranium-rats,beast,medium,legacy,N,5.0,3,1800.0,-1.0,2.0,0.0,2.0,0.0,2.0,-1,2,0,2,0,2,0.0,1.0,0.0,0.0,1.0,1.0,0.0,0.0,1.0,1.0,0.0,1.0,1.0,1.0,0.0,0.5,0.5,0.5,1.0,1.0,1.0,1.0,1.0,1.0,1.0,1.0,1.0,1.0,2.0,1.5,12.0,12.0,36.0,54.0,0.8,0.8,5.0,5.0,13.0,14.0,14.0,14.0,14.0,14.0,0.0,= 14,= 14,= 14,,
Swarm of Cranium Rats,2560934-swarm-of-cranium-rats,MPMotM,83.0,https://www.dndbeyond.com/monsters/2560934-swarm-of-cranium-rats,aberration,medium,generic,N,5.0,3,1800.0,-1.0,2.0,0.0,2.0,0.0,2.0,-1,2,0,2,0,2,0.0,1.0,0.0,0.0,1.0,1.0,0.0,0.0,1.0,1.0,0.0,1.0,1.0,1.0,0.0,0.5,0.5,0.5,1.0,1.0,1.0,1.0,1.0,1.0,1.0,1.0,1.0,1.0,2.0,1.5,12.0,12.0,76.5,114.8,0.8,0.8,5.0,5.0,,33.0,33.0,33.0,33.0,33.0,0.0,= 21/2 + 22.5,= 21/2 + 22.5,= 21/2 + 22.5,,
Swarm of Gibberlings,4635159-swarm-of-gibberlings,QftIS,202.0,https://www.dndbeyond.com/monsters/4635159-swarm-of-gibberlings,fiend,large,generic,N,3.0,2,700.0,4.0,2.0,0.0,-3.0,-2.0,-3.0,4,2,0,-3,-2,-3,0.0,1.0,0.0,0.0,1.0,1.0,0.0,0.0,1.0,1.0,0.0,1.0,1.0,1.0,0.0,0.5,0.5,0.5,1.0,1.0,1.0,1.0,1.0,1.0,1.0,1.0,1.0,1.0,2.0,2.0,12.0,12.0,38.5,77.0,-0.3,-0.3,6.0,6.0,,11.5,11.5,11.5,11.5,11.5,0.0,= 23/2,= 23/2,= 23/2,,
Swarm of Gremishkas,1680946-swarm-of-gremishkas,VRGtR,235.0,https://www.dndbeyond.com/monsters/1680946-swarm-of-gremishkas,monstrosity,medium,generic,N,2.0,2,450.0,1.0,2.0,0.0,1.0,2.0,-3.0,1,2,0,1,2,-3,0.0,1.0,0.0,0.0,1.0,1.0,0.0,0.0,1.0,1.0,0.0,1.0,1.0,1.0,0.0,0.5,0.5,0.5,1.0,1.0,1.0,1.0,1.0,1.0,1.0,1.0,1.0,1.0,2.0,2.0,12.0,16.0,24.5,49.0,0.5,0.5,4.0,4.0,,17.166666,17.166666,19.5,19.5,12.5,0.0,= 19.5,= 19.5,= 12.5,,Assumes +4 AC from Limited Spell Immunity.
Swarm of Hoard Scarabs,2059756-swarm-of-hoard-scarabs,FToD,205.0,https://www.dndbeyond.com/monsters/2059756-swarm-of-hoard-scarabs,monstrosity,medium,generic,N,2.0,2,450.0,-2.0,3.0,0.0,-4.0,-1.0,-2.0,-2,3,0,-4,-1,-2,0.0,1.0,0.0,0.0,1.0,1.0,0.0,0.0,1.0,1.0,0.0,1.0,1.0,1.0,0.0,0.5,0.5,0.5,1.0,1.0,1.0,1.0,1.0,1.0,1.0,1.0,1.0,1.0,3.0,2.0,14.0,15.0,31.5,63.0,-1.0,-1.0,5.0,5.0,,11.166667,11.166667,13.5,13.5,6.5,0.0,= 13.5,= 13.5,= 6.5,,Assumes +1 AC from Swarm of Bites.
Swarm of Insects,17029-swarm-of-insects,MM (2014),338.0,https://www.dndbeyond.com/monsters/17029-swarm-of-insects,beast,medium,generic,N,0.5,2,100.0,-4.0,1.0,0.0,-5.0,-2.0,-5.0,-4,1,0,-5,-2,-5,0.0,1.0,0.0,0.0,1.0,1.0,0.0,0.0,1.0,1.0,0.0,1.0,1.0,1.0,0.0,0.5,0.5,0.5,1.0,1.0,1.0,1.0,1.0,1.0,1.0,1.0,1.0,1.0,1.0,2.0,12.0,12.0,22.5,45.0,-2.5,-2.5,3.0,3.0,,7.5,7.5,7.5,7.5,7.5,0.0,= 0.5*(10 + 5),= 0.5*(10 + 5),= 0.5*(10 + 5),,
Swarm of Maggots,1680947-swarm-of-maggots,VRGtR,247.0,https://www.dndbeyond.com/monsters/1680947-swarm-of-maggots,beast,medium,generic,N,2.0,2,450.0,-4.0,1.0,0.0,-5.0,-2.0,-5.0,-4,1,0,-5,-2,-5,0.0,1.0,0.0,0.0,1.0,1.0,0.0,0.0,1.0,1.0,0.0,1.0,1.0,1.0,0.0,0.5,0.5,0.5,1.0,1.0,1.0,1.0,1.0,1.0,1.0,1.0,1.0,1.0,1.0,2.0,11.0,13.0,22.5,45.0,-2.5,-2.5,3.0,3.0,,8.333333,8.333333,10.0,10.0,5.0,0.0,= 10,= 10,= 5,,Assumes +2 AC from Infestation disease.
Swarm of Poisonous Snakes,17030-swarm-of-poisonous-snakes,MM (2014),338.0,https://www.dndbeyond.com/monsters/17030-swarm-of-poisonous-snakes,beast,medium,generic,N,2.0,2,450.0,-1.0,4.0,0.0,-5.0,0.0,-4.0,-1,4,0,-5,0,-4,0.0,1.0,0.0,0.0,1.0,1.0,0.0,0.0,1.0,1.0,0.0,1.0,1.0,1.0,0.0,0.5,0.5,0.5,1.0,1.0,1.0,1.0,1.0,1.0,1.0,1.0,1.0,1.0,4.0,2.0,14.0,14.0,36.0,72.0,-1.0,-1.0,6.0,6.0,10.0,19.833334,19.833334,21.0,21.0,17.5,0.0,= 7 + 14,= 7 + 14,= 3.5 + 14,,
Swarm of Quippers,17031-swarm-of-quippers,MM (2014),339.0,https://www.dndbeyond.com/monsters/17031-swarm-of-quippers,beast,medium,generic,N,1.0,2,200.0,1.0,3.0,-1.0,-5.0,-2.0,-4.0,1,3,-1,-5,-2,-4,0.0,1.0,0.0,0.0,1.0,1.0,0.0,0.0,1.0,1.0,0.0,1.0,1.0,1.0,0.0,0.5,0.5,0.5,1.0,1.0,1.0,1.0,1.0,1.0,1.0,1.0,1.0,1.0,3.0,2.0,13.0,13.0,28.0,56.0,-1.3,-1.3,5.0,7.0,,11.666667,11.666667,14.0,14.0,7.0,0.0,= 14,= 14,= 7,,Assumes +2 AB from Blood Frenzy (advantage).
Swarm of Rats,17032-swarm-of-rats,MM (2014),339.0,https://www.dndbeyond.com/monsters/17032-swarm-of-rats,beast,medium,generic,N,0.25,2,50.0,-1.0,0.0,-1.0,-4.0,0.0,-4.0,-1,0,-1,-4,0,-4,0.0,1.0,0.0,0.0,1.0,1.0,0.0,0.0,1.0,1.0,0.0,1.0,1.0,1.0,0.0,0.5,0.5,0.5,1.0,1.0,1.0,1.0,1.0,1.0,1.0,1.0,1.0,1.0,0.0,2.0,10.0,10.0,24.5,49.0,-1.7,-1.7,2.0,2.0,,5.8333335,5.8333335,7.0,7.0,3.5,0.0,= 7,= 7,= 3.5,,
Swarm of Ravens,17033-swarm-of-ravens,MM (2014),339.0,https://www.dndbeyond.com/monsters/17033-swarm-of-ravens,beast,medium,generic,N,0.25,2,50.0,-2.0,2.0,-1.0,-4.0,1.0,-2.0,-2,2,-1,-4,1,-2,0.0,1.0,0.0,0.0,1.0,1.0,0.0,0.0,1.0,1.0,0.0,1.0,1.0,1.0,0.0,0.5,0.5,0.5,1.0,1.0,1.0,1.0,1.0,1.0,1.0,1.0,1.0,1.0,2.0,2.0,12.0,12.0,24.5,49.0,-1.0,-1.0,4.0,4.0,,5.8333335,5.8333335,7.0,7.0,3.5,0.0,= 7,= 7,= 3.5,,
Swarm of Rot Grubs,17323-swarm-of-rot-grubs,VGtM,208.0,https://www.dndbeyond.com/monsters/17323-swarm-of-rot-grubs,beast,medium,legacy,N,0.5,2,100.0,-4.0,-2.0,0.0,-5.0,-4.0,-5.0,-4,-2,0,-5,-4,-5,0.0,1.0,0.0,0.0,1.0,1.0,0.0,0.0,1.0,1.0,0.0,1.0,1.0,0.0,0.0,1.0,0.5,0.5,1.0,1.0,1.0,1.0,1.0,1.0,1.0,1.0,1.0,1.0,-2.0,1.0,8.0,8.0,22.5,45.0,-3.3,-3.3,0.0,0.0,,10.5,10.5,10.5,10.5,10.5,0.0,= 3*3.5,= 3*3.5,= 3*3.5,,
Swarm of Rot Grubs,2560935-swarm-of-rot-grubs,MPMotM,237.0,https://www.dndbeyond.com/monsters/2560935-swarm-of-rot-grubs,beast,medium,generic,N,0.5,2,100.0,-4.0,-2.0,0.0,-5.0,-4.0,-5.0,-4,-2,0,-5,-4,-5,0.0,1.0,0.0,0.0,1.0,1.0,0.0,0.0,1.0,1.0,0.0,1.0,1.0,0.0,0.0,1.0,0.5,0.5,1.0,1.0,2.0,1.0,1.0,1.0,1.0,1.0,1.0,1.0,-2.0,1.0,8.0,8.0,22.5,22.5,-3.3,-3.3,0.0,0.0,10.0,14.0,14.0,14.0,14.0,14.0,0.0,= 7 + 7,= 7 + 7,= 7 + 7,,
Swarm of Scarabs,1680948-swarm-of-scarabs,VRGtR,247.0,https://www.dndbeyond.com/monsters/1680948-swarm-of-scarabs,beast,medium,generic,N,3.0,2,700.0,-4.0,2.0,1.0,-5.0,1.0,-5.0,-4,2,1,-5,1,-5,0.0,1.0,0.0,0.0,1.0,1.0,0.0,0.0,1.0,1.0,0.0,1.0,1.0,1.0,0.0,0.5,0.5,0.5,1.0,1.0,1.0,1.0,1.0,1.0,1.0,1.0,1.0,1.0,2.0,2.0,13.0,13.0,27.5,55.0,-1.7,-1.7,4.0,4.0,,18.666666,18.666666,21.0,21.0,14.0,0.0,= 14 + 2*3.5,= 14 + 2*3.5,= 7 + 2*3.5,,
Swarm of Sorrowfish,2407569-swarm-of-sorrowfish,CRCotN,210.0,https://www.dndbeyond.com/monsters/2407569-swarm-of-sorrowfish,aberration,medium,generic,N,6.0,3,2300.0,3.0,4.0,2.0,-5.0,0.0,-4.0,3,4,2,-5,0,-4,0.0,1.0,0.0,0.0,1.0,1.0,0.0,0.0,1.0,1.0,0.0,1.0,1.0,1.0,0.0,0.5,0.5,0.5,1.0,1.0,1.0,1.0,1.0,1.0,1.0,0.0,1.0,1.0,4.0,1.5,14.0,16.0,104.0,171.0,0.0,0.0,8.0,8.0,13.0,18.666666,18.666666,24.5,21.0,10.5,0.0,= 24.5,= 21,= 10.5,,Assumes +10 hp from Desolate Drain. Assumes +2 AC from Virulent Sorrow.
Swarm of Sunflies,3883565-swarm-of-sunflies,PAitM:MPP,47.0,https://www.dndbeyond.com/monsters/3883565-swarm-of-sunflies,celestial,medium,generic,N,1.0,2,200.0,-2.0,3.0,0.0,-3.0,0.0,-2.0,-2,3,0,-3,0,-2,0.0,0.0,0.0,0.0,0.0,0.0,0.0,0.0,0.0,0.0,0.0,0.0,0.0,0.0,0.0,1.0,1.0,1.0,1.0,1.0,1.0,1.0,1.0,1.0,1.0,1.0,1.0,1.0,3.0,1.0,13.0,13.0,22.5,22.5,-0.7,-0.7,5.0,5.0,,8.0,8.0,8.0,8.0,8.0,0.0,= (10.5 + 5.5)/2,= (10.5 + 5.5)/2,= (10.5 + 5.5)/2,,
Swarm of Zombie Limbs,1680949-swarm-of-zombie-limbs,VRGtR,254.0,https://www.dndbeyond.com/monsters/1680949-swarm-of-zombie-limbs,undead,medium,generic,N,1.0,2,200.0,2.0,0.0,0.0,-4.0,-1.0,-3.0,2,0,0,-4,-1,-3,0.0,1.0,0.0,1.0,1.0,1.0,0.0,0.0,1.0,1.0,1.0,1.0,1.0,1.0,0.0,0.5,0.5,0.5,1.0,1.0,1.0,1.0,1.0,1.0,0.0,1.0,1.0,1.0,0.0,2.0,10.0,10.0,22.5,45.0,-1.0,-1.0,4.0,6.0,12.0,19.166666,19.166666,19.5,19.5,18.5,0.0,= 5.5 + 2*7,= 5.5 + 2*7,= 4.5 + 2*7,,Assumes +2 AB from Grasping Limbs restrained condition.
Swashbuckler,17340-swashbuckler,VGtM,217.0,https://www.dndbeyond.com/monsters/17340-swashbuckler,humanoid,medium,legacy,N,3.0,2,700.0,1.0,4.0,1.0,2.0,0.0,2.0,1,4,1,2,0,2,0.0,0.0,0.0,0.0,0.0,0.0,0.0,0.0,0.0,0.0,0.0,0.0,0.0,0.0,0.0,1.0,1.0,1.0,1.0,1.0,1.0,1.0,1.0,1.0,1.0,1.0,1.0,1.0,4.0,1.0,17.0,17.0,66.0,66.0,1.7,1.7,6.0,6.0,,32.0,32.0,32.0,32.0,32.0,0.0,= 6 + 2*8 + 10,= 6 + 2*8 + 10,= 6 + 2*8 + 10,,Assumes +10 DPR from Lightfooted.
Swashbuckler,2560936-swashbuckler,MPMotM,238.0,https://www.dndbeyond.com/monsters/2560936-swashbuckler,humanoid,medium,generic,N,3.0,2,700.0,1.0,4.0,1.0,2.0,0.0,2.0,1,4,1,2,0,2,0.0,0.0,0.0,0.0,0.0,0.0,0.0,0.0,0.0,0.0,0.0,0.0,0.0,0.0,0.0,1.0,1.0,1.0,1.0,1.0,1.0,1.0,1.0,1.0,1.0,1.0,1.0,1.0,4.0,1.0,17.0,17.0,66.0,66.0,1.7,1.7,6.0,6.0,,23.5,23.5,23.5,23.5,23.5,0.0,= 6.5 + 2*8.5,= 6.5 + 2*8.5,= 6.5 + 2*8.5,,
Swavain Basilisk,744339-swavain-basilisk,EGtW,300.0,https://www.dndbeyond.com/monsters/744339-swavain-basilisk,monstrosity,huge,generic,N,7.0,3,2900.0,2.0,3.0,2.0,-4.0,-1.0,-2.0,2,3,2,-4,-1,-2,0.0,0.0,0.0,0.0,0.0,0.0,0.0,0.0,0.0,0.0,1.0,0.0,0.0,0.0,0.0,1.0,1.0,1.0,1.0,1.0,1.0,1.0,1.0,1.0,0.0,1.0,1.0,1.0,3.0,1.0,16.0,17.0,85.0,85.0,0.0,0.0,6.0,10.0,13.0,38.0,38.0,38.0,38.0,38.0,0.0,= 24 + 14,= 24 + 14,= 24 + 14,,Assumes +1 AC from Petrifying Secretions. Assumes +4 AB from Petrifying Secretions.
Sword Wraith Commander,94600-sword-wraith-commander,MToF,241.0,https://www.dndbeyond.com/monsters/94600-sword-wraith-commander,undead,medium,legacy,N,8.0,3,3900.0,4.0,2.0,4.0,0.0,1.0,2.0,4,2,4,0,1,2,0.0,0.0,0.0,1.0,1.0,0.0,0.0,0.0,0.0,0.0,1.0,0.0,0.0,0.0,1.0,0.7,0.7,0.7,1.0,1.0,1.0,1.0,1.0,0.5,0.0,1.0,1.0,1.0,2.0,1.5,18.0,14.0,127.5,191.3,2.2,2.2,7.0,7.0,,57.0,57.0,34.5,51.0,85.5,0.0,= 2*8.5 + 17.5,= 3*2*8.5,= 2*8.5 + 17.5 + 3*2*8.5,,Assumes -4 AC from Martial Fury. Assumes +17.5 DPR from Martial Fury.
Sword Wraith Commander,2407570-sword-wraith-commander,MPMotM,239.0,https://www.dndbeyond.com/monsters/2407570-sword-wraith-commander,undead,medium,generic,N,8.0,3,3900.0,4.0,2.0,4.0,0.0,1.0,2.0,4,2,4,0,1,2,0.0,0.0,0.0,1.0,1.0,0.0,0.0,0.0,0.0,0.0,1.0,0.0,0.0,0.0,1.0,0.7,0.7,0.7,1.0,1.0,1.0,1.0,1.0,0.5,0.0,1.0,1.0,1.0,2.0,1.5,18.0,14.0,127.5,191.3,2.2,2.2,7.0,7.0,,57.0,57.0,34.5,51.0,85.5,0.0,= 2*8.5 + 17.5,= 3*2*8.5,= 2*8.5 + 17.5 + 3*2*8.5,,Assumes -4 AC from Martial Fury. Assumes +17.5 DPR from Martial Fury.
Sword Wraith Warrior,94613-sword-wraith-warrior,MToF,241.0,https://www.dndbeyond.com/monsters/94613-sword-wraith-warrior,undead,medium,legacy,N,3.0,2,700.0,4.0,1.0,3.0,-2.0,-1.0,0.0,4,1,3,-2,-1,0,0.0,0.0,0.0,1.0,1.0,0.0,0.0,0.0,0.0,0.0,1.0,0.0,0.0,0.0,1.0,0.7,0.7,0.7,1.0,1.0,1.0,1.0,1.0,0.5,0.0,1.0,1.0,1.0,1.0,2.0,16.0,12.0,45.0,90.0,0.8,0.8,6.0,6.0,,17.0,17.0,17.0,17.0,17.0,0.0,= 8.5 + 8.5,= 2*8.5,= 2*8.5,,Assumes -4 AC from Martial Fury. Assumes +8.5 DPR from Martial Fury.
Sword Wraith Warrior,2407571-sword-wraith-warrior,MPMotM,239.0,https://www.dndbeyond.com/monsters/2407571-sword-wraith-warrior,undead,medium,generic,N,3.0,2,700.0,4.0,1.0,3.0,-2.0,-1.0,0.0,4,1,3,-2,-1,0,0.0,0.0,0.0,1.0,1.0,0.0,0.0,0.0,0.0,0.0,1.0,0.0,0.0,0.0,1.0,0.7,0.7,0.7,1.0,1.0,1.0,1.0,1.0,0.5,0.0,1.0,1.0,1.0,1.0,2.0,16.0,12.0,45.0,90.0,0.8,0.8,6.0,6.0,,17.0,17.0,17.0,17.0,17.0,0.0,= 8.5 + 8.5,= 8.5 + 8.5,= 8.5 + 8.5,,Assumes -4 AC from Martial Fury. Assumes +8.5 DPR from Martial Fury.
Sythian Skalderang,3276652-sythian-skalderang,KftGV,117.0,https://www.dndbeyond.com/monsters/3276652-sythian-skalderang,humanoid,medium,unique,N,7.0,3,2900.0,0.0,2.0,1.0,2.0,0.0,3.0,0,5,1,2,3,3,0.0,0.0,0.0,0.0,0.0,0.0,0.0,0.0,0.0,0.0,0.0,0.0,0.0,0.0,0.0,1.0,1.0,1.0,1.0,1.0,0.5,1.0,1.0,1.0,1.0,1.0,1.0,1.0,2.0,1.0,15.0,15.0,99.0,99.0,2.3,2.3,5.0,5.0,14.0,60.0,84.0,60.0,60.0,60.0,72.0,= 10 + 2*18 + 14,= 10 + 2*18 + 14,= 10 + 2*18 + 14,= 6*12,Assumes 24 DPR from Whisper of Azzagrat.
Tabaxi Hunter,33259-tabaxi-hunter,ToA,232.0,https://www.dndbeyond.com/monsters/33259-tabaxi-hunter,humanoid,medium,generic,N,1.0,2,200.0,0.0,3.0,0.0,1.0,2.0,2.0,0,3,0,1,2,2,0.0,0.0,0.0,0.0,0.0,0.0,0.0,0.0,0.0,0.0,0.0,0.0,0.0,0.0,0.0,1.0,1.0,1.0,1.0,1.0,1.0,1.0,1.0,1.0,1.0,1.0,1.0,1.0,3.0,1.0,14.0,14.0,40.5,40.5,1.3,1.3,5.0,5.0,,14.0,14.0,14.0,14.0,14.0,0.0,= 2*6 + 2,= 2*6 + 2,= 2*6 + 2,,Assumes +2 DPR from Feline Agility.
Tabaxi Minstrel,33262-tabaxi-minstrel,ToA,233.0,https://www.dndbeyond.com/monsters/33262-tabaxi-minstrel,humanoid,medium,generic,N,0.25,2,50.0,0.0,2.0,0.0,2.0,1.0,3.0,0,2,0,2,1,3,0.0,0.0,0.0,0.0,0.0,0.0,0.0,0.0,0.0,0.0,0.0,0.0,0.0,0.0,0.0,1.0,1.0,1.0,1.0,1.0,1.0,1.0,1.0,1.0,1.0,1.0,1.0,1.0,2.0,1.0,12.0,12.0,22.5,22.5,1.3,1.3,4.0,4.0,,8.0,8.0,8.0,8.0,8.0,0.0,= 2*4,= 2*4,= 2*4,,
Talis the White,17478-talis-the-white,HotDQ,93.0,https://www.dndbeyond.com/monsters/17478-talis-the-white,humanoid,medium,unique,N,5.0,3,1800.0,2.0,1.0,2.0,0.0,3.0,3.0,2,1,2,0,6,6,0.0,0.0,0.0,0.0,0.0,0.0,0.0,0.0,0.0,0.0,0.0,0.0,0.0,0.0,0.0,1.0,1.0,1.0,1.0,1.0,1.0,1.0,1.0,1.0,1.0,1.0,1.0,1.0,1.0,1.0,18.0,18.0,58.5,68.5,2.8,2.8,5.0,5.0,15.0,39.0,39.0,27.0,45.0,45.0,0.0,= 15 + 12,= 33 + 12,= 33 + 12,,Assumes +10 hp from deathward.
Talon Beast,3960635-talon-beast,TBoMT,183.0,https://www.dndbeyond.com/monsters/3960635-talon-beast,monstrosity,large,generic,N,7.0,3,2900.0,6.0,2.0,4.0,-3.0,1.0,-3.0,6,2,4,-3,1,-3,0.0,0.0,0.0,0.0,1.0,0.0,0.0,0.0,0.0,0.0,0.0,0.0,0.0,0.0,0.0,1.0,1.0,1.0,1.0,1.0,1.0,1.0,1.0,1.0,1.0,1.0,1.0,1.0,2.0,1.0,14.0,16.0,114.0,114.0,1.2,5.2,9.0,11.0,,32.0,32.0,32.0,32.0,32.0,0.0,= 15 + 17,= 15 + 17,= 15 + 17,,Assumes +2 AC from Beak (restrained). Assumes +2 AB from Beak (restrained).
Tanarukk,17298-tanarukk,VGtM,186.0,https://www.dndbeyond.com/monsters/17298-tanarukk,fiend,medium,legacy,N,5.0,3,1800.0,4.0,1.0,5.0,-1.0,-1.0,-1.0,4,1,5,-1,-1,-1,0.0,0.0,0.0,0.0,0.0,0.0,0.0,0.0,0.0,0.0,0.0,0.0,0.0,0.0,0.0,1.0,1.0,1.0,1.0,1.0,0.5,1.0,1.0,1.0,0.5,1.0,1.0,1.0,1.0,1.0,14.0,14.0,95.0,95.0,1.2,5.2,7.0,7.0,,39.0,39.0,39.0,39.0,39.0,0.0,= 8 + 11 + 9 + 11,= 8 + 11 + 9 + 11,= 8 + 11 + 9 + 11,,Assumes +9 DPR from Aggressive.
Tanarukk,2560937-tanarukk,MPMotM,240.0,https://www.dndbeyond.com/monsters/2560937-tanarukk,fiend,medium,generic,N,5.0,3,1800.0,4.0,1.0,5.0,-1.0,-1.0,-1.0,4,1,5,-1,-1,-1,0.0,0.0,0.0,0.0,0.0,0.0,0.0,0.0,0.0,0.0,0.0,0.0,0.0,0.0,0.0,1.0,1.0,1.0,1.0,1.0,0.5,1.0,1.0,1.0,0.5,1.0,1.0,1.0,1.0,1.0,14.0,14.0,95.0,95.0,1.2,5.2,7.0,7.0,,19.5,36.5,19.5,19.5,19.5,51.0,= 8.5 + 11,= 8.5 + 11,= 8.5 + 11,= 3*11 + 3*6,"Assumes +11 DPR from Unbridled Fury, and +6 DPR from Aggressive."
Tanazir Quandrix,2160336-tanazir-quandrix,SACoC,218.0,https://www.dndbeyond.com/monsters/2160336-tanazir-quandrix,dragon,gargantuan,unique,L,24.0,7,62000.0,9.0,2.0,8.0,9.0,4.0,3.0,9,9,15,9,11,10,0.0,0.0,0.0,0.0,0.0,0.0,0.0,0.0,0.0,0.0,0.0,0.0,0.0,0.0,0.0,1.0,1.0,1.0,1.0,1.0,1.0,0.0,1.0,1.0,1.0,0.0,1.0,1.0,2.0,1.0,21.0,21.0,444.0,534.0,10.5,10.5,16.0,16.0,23.0,144.33333,144.33333,230.0,101.5,101.5,0.0,= 2*91 + 3*16,= 21.5 + 2*16 + 3*16,= 21.5 + 2*16 + 3*16,,
Tarkanan Assassin,551095-tarkanan-assassin,ERftLW,319.0,https://www.dndbeyond.com/monsters/551095-tarkanan-assassin,humanoid,medium,generic,N,2.0,2,450.0,1.0,3.0,2.0,0.0,2.0,0.0,1,3,2,0,2,0,0.0,0.0,0.0,0.0,0.0,0.0,0.0,0.0,0.0,0.0,0.0,0.0,0.0,0.0,0.0,1.0,1.0,1.0,1.0,1.0,1.0,1.0,1.0,1.0,1.0,1.0,1.0,1.0,3.0,1.0,15.0,15.0,45.5,45.5,1.3,1.3,5.0,5.0,,26.0,26.0,26.0,26.0,26.0,0.0,= 2*13,= 2*13,= 2*13,,
Tarrasque,17034-tarrasque,MM (2014),286.0,https://www.dndbeyond.com/monsters/17034-tarrasque,monstrosity,gargantuan,unique,L,30.0,9,155000.0,10.0,0.0,10.0,-4.0,0.0,0.0,10,0,10,5,9,9,0.0,1.0,0.0,0.0,1.0,0.0,0.0,0.0,1.0,0.0,1.0,0.0,0.0,0.0,0.0,0.2,0.2,0.2,1.0,1.0,0.0,1.0,1.0,1.0,0.0,1.0,1.0,1.0,0.0,1.25,25.0,25.0,676.5,958.1,7.2,11.2,19.0,19.0,17.0,249.33333,249.33333,212.0,268.0,268.0,0.0,= 36 + 2*28 + 32 + 24 + 28 + 36,= 36 + 2*28 + 32 + 24 + 28 + 36 + 56,= 36 + 2*28 + 32 + 24 + 28 + 36 + 56,,
Tarul Var,23141-tarul-var,TftYP,244.0,https://www.dndbeyond.com/monsters/23141-tarul-var,undead,medium,unique,L,13.0,5,10000.0,0.0,3.0,3.0,4.0,2.0,3.0,0,3,8,9,7,3,0.0,1.0,0.0,1.0,1.0,0.0,0.0,0.0,1.0,0.0,1.0,0.0,0.0,0.0,0.0,0.7,0.7,0.7,1.0,0.5,1.0,1.0,0.5,0.5,0.0,1.0,1.0,1.0,3.0,1.25,16.0,21.0,105.0,243.8,5.0,5.0,9.0,9.0,17.0,121.833336,121.833336,126.5,119.5,119.5,0.0,= 2*38.5 + 3*16.5,= 2*35 + 3*16.5,= 2*35 + 3*16.5,,Assumes +5 AC from Shield.
Tasha the Witch,4468341-tasha-the-witch,VEoR,252.0,https://www.dndbeyond.com/monsters/4468341-tasha-the-witch,humanoid,medium,unique,L,19.0,6,22000.0,0.0,4.0,3.0,6.0,1.0,6.0,0,4,3,12,7,12,0.0,1.0,0.0,0.0,1.0,0.0,0.0,0.0,0.0,0.0,0.0,0.0,0.0,0.0,0.0,1.0,1.0,1.0,1.0,1.0,1.0,1.0,1.0,1.0,1.0,1.0,1.0,1.0,4.0,1.0,19.0,19.0,210.0,300.0,6.3,10.3,14.0,16.0,20.0,102.0,102.0,102.0,102.0,102.0,0.0,= 2*21 + 21 + 2*19.5,= 2*21 + 21 + 2*19.5,= 2*21 + 21 + 2*19.5,,Assumes +2 AB from Abyssal Visage (advantage).
Tashlyn Yafeera,149868-tashlyn-yafeera,WDH,200.0,https://www.dndbeyond.com/monsters/149868-tashlyn-yafeera,humanoid,medium,unique,N,9.0,4,5000.0,4.0,2.0,2.0,0.0,2.0,1.0,8,2,6,0,2,1,0.0,0.0,0.0,0.0,0.0,0.0,0.0,0.0,0.0,0.0,0.0,0.0,0.0,0.0,0.0,1.0,1.0,1.0,1.0,1.0,1.0,1.0,1.0,1.0,1.0,1.0,1.0,1.0,2.0,1.0,18.0,18.0,149.5,199.5,3.2,3.2,8.0,8.0,,31.333334,31.333334,36.0,36.0,22.0,0.0,= 2*18,= 2*18,= 2*11,,Assumes +2*15 hp from Indomitable.
Tecuziztecatl,23125-tecuziztecatl,TftYP,245.0,https://www.dndbeyond.com/monsters/23125-tecuziztecatl,monstrosity,large,unique,N,4.0,2,1100.0,3.0,0.0,3.0,2.0,3.0,1.0,3,0,3,2,3,1,0.0,0.0,0.0,0.0,0.0,0.0,0.0,0.0,0.0,0.0,0.0,0.0,0.0,0.0,0.0,1.0,1.0,1.0,0.0,1.0,1.0,1.0,1.0,1.0,1.0,1.0,1.0,1.0,0.0,1.0,13.0,13.0,102.0,102.0,2.0,2.0,5.0,5.0,13.0,28.0,28.0,36.0,24.0,24.0,0.0,= 2*18,= 2*12,= 2*12,,
Tempest Spirit,3731055-tempest-spirit,BPGotG,184.0,https://www.dndbeyond.com/monsters/3731055-tempest-spirit,undead,huge,legendary,L,15.0,5,13000.0,7.0,2.0,5.0,3.0,4.0,4.0,7,2,10,8,9,9,0.0,1.0,0.0,1.0,1.0,1.0,0.0,0.0,1.0,1.0,1.0,1.0,1.0,0.0,0.0,0.7,0.7,0.7,1.0,0.5,1.0,1.0,0.0,0.5,0.5,1.0,1.0,0.0,2.0,1.25,12.0,12.0,195.5,356.9,7.5,7.5,12.0,12.0,17.0,90.333336,90.333336,92.0,87.0,92.0,0.0,= 2*25 + 2*21,= 2*43.5,= 2*25 + 2*21,,
Thavius Kreeg,429696-thavius-kreeg,BGDiA,42.0,https://www.dndbeyond.com/monsters/429696-thavius-kreeg,humanoid,medium,unique,N,0.5,2,100.0,1.0,0.0,0.0,2.0,4.0,3.0,1,0,0,2,4,3,0.0,0.0,0.0,0.0,0.0,0.0,0.0,0.0,0.0,0.0,0.0,0.0,0.0,0.0,0.0,1.0,1.0,1.0,1.0,1.0,1.0,1.0,1.0,1.0,1.0,1.0,1.0,1.0,0.0,1.0,10.0,10.0,40.5,40.5,1.7,1.7,3.0,3.0,,4.0,4.0,4.0,4.0,4.0,0.0,= 4,= 4,= 4,,
Thayan Apprentice,23129-thayan-apprentice,TftYP,245.0,https://www.dndbeyond.com/monsters/23129-thayan-apprentice,humanoid,medium,generic,N,2.0,2,450.0,0.0,2.0,1.0,2.0,1.0,0.0,0,2,1,2,1,0,0.0,0.0,0.0,0.0,0.0,0.0,0.0,0.0,0.0,0.0,0.0,0.0,0.0,0.0,0.0,1.0,1.0,1.0,1.0,1.0,1.0,1.0,1.0,1.0,1.0,1.0,1.0,1.0,2.0,1.0,15.0,20.0,27.5,27.5,1.0,1.0,4.0,4.0,12.0,28.0,28.0,28.0,28.0,28.0,0.0,= 2*14,= 2*14,= 2*14,,
Thayan Warrior,23131-thayan-warrior,TftYP,246.0,https://www.dndbeyond.com/monsters/23131-thayan-warrior,humanoid,medium,generic,N,2.0,2,450.0,3.0,1.0,2.0,0.0,0.0,0.0,3,1,2,0,0,0,0.0,0.0,0.0,0.0,0.0,0.0,0.0,0.0,0.0,0.0,0.0,0.0,0.0,0.0,0.0,1.0,1.0,1.0,1.0,1.0,1.0,1.0,1.0,1.0,1.0,1.0,1.0,1.0,1.0,1.0,16.0,16.0,52.0,52.0,1.0,1.0,5.0,6.0,,14.0,14.0,14.0,14.0,14.0,0.0,= 2*7,= 2*7,= 2*7,,
The Angry,95059-the-angry,MToF,231.0,https://www.dndbeyond.com/monsters/95059-the-angry,monstrosity,medium,legacy,N,13.0,5,10000.0,3.0,0.0,4.0,-1.0,1.0,-2.0,3,0,4,-1,1,-2,0.0,0.0,0.0,0.0,0.0,0.0,0.0,0.0,0.0,0.0,0.0,0.0,0.0,0.0,0.0,0.6,0.6,0.6,1.0,1.0,1.0,1.0,1.0,1.0,1.0,1.0,1.0,1.0,0.0,1.25,18.0,18.0,255.0,318.8,0.8,0.8,8.0,12.0,,32.0,51.5,32.0,32.0,32.0,58.5,= 2*16,= 2*16,= 2*16,= 3*19.5,Assumes +19.5 DPR from Rising Anger.
The Gardener,4635160-the-gardener,QftIS,200.0,https://www.dndbeyond.com/monsters/4635160-the-gardener,fey,medium,unique,LL,12.0,4,8400.0,5.0,3.0,5.0,3.0,5.0,4.0,5,7,9,3,9,8,0.0,1.0,0.0,0.0,1.0,0.0,0.0,0.0,0.0,0.0,1.0,0.0,0.0,0.0,0.0,1.0,1.0,1.0,1.0,0.5,0.5,1.0,1.0,1.0,0.0,1.0,1.0,1.0,3.0,1.0,17.0,17.0,209.0,299.0,6.8,6.8,9.0,9.0,17.0,72.5,72.5,72.5,72.5,72.5,0.0,= 2*20.5 + 3*10.5,= 2*20.5 + 3*10.5,= 2*20.5 + 3*10.5,,
The Hungry,95289-the-hungry,MToF,232.0,https://www.dndbeyond.com/monsters/95289-the-hungry,monstrosity,medium,legacy,N,11.0,4,7200.0,4.0,0.0,3.0,-2.0,0.0,-2.0,4,0,3,-2,0,-2,0.0,0.0,0.0,0.0,0.0,0.0,0.0,0.0,0.0,0.0,0.0,0.0,0.0,0.0,0.0,0.6,0.6,0.6,1.0,1.0,1.0,1.0,1.0,1.0,1.0,1.0,1.0,1.0,0.0,1.25,17.0,17.0,225.0,281.3,0.5,0.5,8.0,10.0,,40.0,54.666668,40.0,40.0,40.0,44.0,= 22 + 18,= 22 + 18,= 22 + 18,=2*22,Assumes +2*22 damage from Life Hunger.
The Keeper,295790-the-keeper,TftYP,173.0,https://www.dndbeyond.com/monsters/295790-the-keeper,giant,huge,unique,N,7.0,3,2900.0,6.0,2.0,5.0,0.0,1.0,-1.0,6,5,8,0,4,-1,0.0,0.0,0.0,0.0,0.0,0.0,0.0,0.0,0.0,0.0,0.0,0.0,0.0,0.0,0.0,1.0,1.0,1.0,1.0,1.0,1.0,1.0,1.0,1.0,1.0,1.0,1.0,1.0,2.0,1.0,17.0,17.0,126.5,126.5,3.7,3.7,10.0,10.0,,40.0,40.0,40.0,40.0,40.0,0.0,= 2*20,= 2*20,= 2*20,,
The Lonely,95291-the-lonely,MToF,232.0,https://www.dndbeyond.com/monsters/95291-the-lonely,monstrosity,medium,legacy,N,9.0,4,5000.0,3.0,1.0,3.0,-2.0,0.0,-2.0,3,1,3,-2,0,-2,0.0,0.0,0.0,0.0,0.0,0.0,0.0,0.0,0.0,0.0,0.0,0.0,0.0,0.0,0.0,0.6,0.6,0.6,1.0,1.0,1.0,1.0,1.0,1.0,1.0,1.0,1.0,1.0,1.0,1.5,16.0,16.0,112.5,168.8,0.5,0.5,7.0,11.0,15.0,51.0,61.5,39.0,57.0,57.0,31.5,= 21 + 18,= 21 + 2*18,= 21 + 2*18,= 3*10.5,Assumes +4 AB from Thrives on Company. Assumes +10.5 DPR from Psychic Leech.
The Lord of Blades,486200-the-lord-of-blades,ERftLW,300.0,https://www.dndbeyond.com/monsters/486200-the-lord-of-blades,humanoid,medium,unique,L,18.0,6,20000.0,5.0,2.0,4.0,4.0,3.0,4.0,11,2,10,10,9,4,0.0,1.0,0.0,1.0,1.0,0.0,0.0,0.0,0.0,0.0,0.0,0.0,0.0,0.0,0.0,1.0,1.0,1.0,1.0,1.0,1.0,1.0,1.0,0.5,0.5,1.0,1.0,1.0,2.0,1.0,19.0,19.0,195.5,195.5,7.7,7.7,11.0,11.0,18.0,161.0,161.0,161.0,161.0,161.0,0.0,= 2*28 + 8 + 13 + 3*28,= 2*28 + 8 + 13 + 3*28,= 2*28 + 8 + 13 + 3*28,,
The Lost,95296-the-lost,MToF,233.0,https://www.dndbeyond.com/monsters/95296-the-lost,monstrosity,medium,legacy,N,7.0,3,2900.0,3.0,1.0,2.0,-2.0,-2.0,-3.0,3,1,2,-2,-2,-3,0.0,0.0,0.0,0.0,0.0,0.0,0.0,0.0,0.0,0.0,0.0,0.0,0.0,0.0,0.0,0.6,0.6,0.6,1.0,1.0,1.0,1.0,1.0,1.0,1.0,1.0,1.0,1.0,1.0,1.5,15.0,15.0,78.0,117.0,-0.2,-0.2,6.0,6.0,,45.0,72.0,43.0,46.0,46.0,81.0,= 25 + 18,= 2*14 + 18,= 2*14 + 18,= 3*27,Assumes +27 DPR from Embrace.
The Wretched,95303-the-wretched,MToF,233.0,https://www.dndbeyond.com/monsters/95303-the-wretched,monstrosity,small,legacy,N,0.25,2,50.0,-2.0,1.0,-1.0,-3.0,-2.0,-3.0,-2,1,-1,-3,-2,-3,0.0,0.0,0.0,0.0,0.0,0.0,0.0,0.0,0.0,0.0,0.0,0.0,0.0,0.0,0.0,0.6,0.6,0.6,1.0,1.0,1.0,1.0,1.0,1.0,1.0,1.0,1.0,1.0,1.0,2.0,15.0,15.0,10.0,20.0,-1.7,-1.7,3.0,4.0,,6.5,6.5,6.5,6.5,6.5,0.0,= 6.5,= 6.5,= 6.5,,
Theran Chimera,909509-theran-chimera,MOoT,216.0,https://www.dndbeyond.com/monsters/909509-theran-chimera,monstrosity,large,generic,N,7.0,3,2900.0,4.0,1.0,4.0,-4.0,2.0,0.0,4,1,7,-4,5,0,0.0,0.0,0.0,0.0,0.0,0.0,0.0,0.0,0.0,0.0,0.0,0.0,0.0,0.0,0.0,1.0,1.0,1.0,1.0,1.0,1.0,1.0,1.0,1.0,1.0,1.0,1.0,1.0,1.0,1.0,15.0,15.0,95.0,95.0,2.2,2.2,7.0,7.0,15.0,52.0,52.0,88.0,34.0,34.0,0.0,= 13 + 2*32 + 11,= 13 + 10 + 11,= 13 + 10 + 11,,
Thorn Slinger,23132-thorn-slinger,TftYP,246.0,https://www.dndbeyond.com/monsters/23132-thorn-slinger,plant,large,unique,N,0.5,2,100.0,1.0,1.0,1.0,-5.0,0.0,-5.0,1,1,1,-5,0,-5,1.0,0.0,1.0,0.0,1.0,0.0,0.0,0.0,0.0,0.0,0.0,0.0,0.0,0.0,0.0,1.0,1.0,1.0,1.0,1.0,1.0,1.0,1.0,1.0,1.0,1.0,1.0,1.0,1.0,1.0,11.0,11.0,32.5,32.5,-1.2,-1.2,3.0,3.0,,11.0,11.0,11.0,11.0,11.0,0.0,= 8 + 3,= 8 + 3,= 8 + 3,,
Thorny,17310-thorny,VGtM,197.0,https://www.dndbeyond.com/monsters/17310-thorny,plant,medium,legacy,N,1.0,2,200.0,1.0,1.0,1.0,-4.0,0.0,-2.0,1,1,1,-4,0,-2,0.0,0.0,0.0,0.0,0.0,0.0,0.0,0.0,0.0,0.0,0.0,0.0,0.0,0.0,0.0,1.0,0.5,1.0,1.0,1.0,1.0,1.0,0.5,1.0,1.0,1.0,1.0,1.0,1.0,1.0,14.0,14.0,27.5,42.5,-0.5,-0.5,3.0,3.0,,8.0,8.0,8.0,8.0,8.0,0.0,= 8,= 8,= 8,,
Thorny Vegepygmy,2560938-thorny-vegepygmy,MPMotM,253.0,https://www.dndbeyond.com/monsters/2560938-thorny-vegepygmy,plant,medium,generic,N,1.0,2,200.0,1.0,1.0,1.0,-4.0,0.0,-2.0,1,1,1,-4,0,-2,0.0,0.0,0.0,0.0,0.0,0.0,0.0,0.0,0.0,0.0,0.0,0.0,0.0,0.0,0.0,1.0,0.5,1.0,1.0,1.0,1.0,1.0,0.5,1.0,1.0,1.0,1.0,1.0,1.0,1.0,14.0,14.0,27.5,42.5,-0.5,-0.5,3.0,3.0,,10.0,10.0,10.0,10.0,10.0,0.0,= 10,= 10,= 10,,
Thorvin Twinbeard,280432-thorvin-twinbeard,WDH,216.0,https://www.dndbeyond.com/monsters/280432-thorvin-twinbeard,humanoid,medium,unique,N,0.0,2,10.0,0.0,0.0,0.0,3.0,0.0,0.0,0,0,0,3,0,0,0.0,0.0,0.0,0.0,0.0,0.0,0.0,0.0,0.0,0.0,0.0,0.0,0.0,0.0,0.0,1.0,1.0,1.0,1.0,1.0,1.0,1.0,1.0,1.0,0.5,1.0,1.0,1.0,0.0,1.0,10.0,10.0,4.5,4.5,0.5,0.5,2.0,2.0,,2.5,2.5,2.5,2.5,2.5,0.0,= 2.5,= 2.5,= 2.5,,
Thought Spy,175859-thought-spy,GGtR,233.0,https://www.dndbeyond.com/monsters/175859-thought-spy,humanoid,medium,generic,N,1.0,2,200.0,0.0,2.0,0.0,3.0,1.0,2.0,0,2,0,3,1,2,0.0,0.0,0.0,0.0,0.0,0.0,0.0,0.0,0.0,0.0,0.0,0.0,0.0,0.0,0.0,1.0,1.0,1.0,1.0,1.0,1.0,1.0,1.0,1.0,1.0,1.0,1.0,1.0,2.0,1.0,13.0,17.0,27.0,27.0,1.3,1.3,4.0,4.0,,12.0,12.0,12.0,12.0,12.0,0.0,= 3*4,= 3*4,= 3*4,,Assumes +4 AC from Cunning Action.
Thousand Teeth,309708-thousand-teeth,GoS,256.0,https://www.dndbeyond.com/monsters/309708-thousand-teeth,monstrosity,large,unique,L,6.0,3,2300.0,4.0,0.0,3.0,-4.0,0.0,-2.0,7,0,6,-4,0,-2,0.0,0.0,0.0,0.0,0.0,0.0,0.0,0.0,0.0,0.0,0.0,0.0,0.0,0.0,0.0,1.0,1.0,1.0,1.0,1.0,1.0,1.0,1.0,1.0,1.0,1.0,1.0,1.0,0.0,1.0,12.0,12.0,93.5,133.5,1.2,1.2,7.0,7.0,,43.0,43.0,43.0,43.0,43.0,0.0,= 15 + 8 + 15 + 5,= 15 + 8 + 15 + 5,= 15 + 8 + 15 + 5,,Assumes +5 DPR from Lunge legendary action.
Thri-kreen,17203-thri-kreen,MM (2014),288.0,https://www.dndbeyond.com/monsters/17203-thri-kreen,humanoid,medium,generic,N,1.0,2,200.0,1.0,2.0,1.0,-1.0,1.0,-2.0,1,2,1,-1,1,-2,0.0,0.0,0.0,0.0,0.0,0.0,0.0,0.0,0.0,0.0,0.0,0.0,0.0,0.0,0.0,1.0,1.0,1.0,1.0,1.0,1.0,1.0,1.0,1.0,1.0,1.0,1.0,1.0,2.0,1.0,15.0,15.0,33.0,33.0,0.3,0.3,3.0,3.0,,10.0,10.0,10.0,10.0,10.0,0.0,= 4 + 6,= 4 + 6,= 4 + 6,,
Thri-kreen Gladiator,2821205-thri-kreen-gladiator,SAiS:BAM,60.0,https://www.dndbeyond.com/monsters/2821205-thri-kreen-gladiator,monstrosity,medium,generic,N,7.0,3,2900.0,4.0,4.0,3.0,0.0,2.0,0.0,7,7,3,0,5,0,0.0,0.0,0.0,0.0,1.0,0.0,0.0,0.0,0.0,0.0,0.0,0.0,0.0,0.0,0.0,1.0,1.0,1.0,1.0,1.0,1.0,1.0,1.0,1.0,1.0,1.0,1.0,1.0,4.0,1.0,17.0,18.0,142.5,142.5,3.7,3.7,7.0,7.0,,33.5,33.5,33.5,33.5,33.5,0.0,= 2*13 + 7.5,= 2*13 + 7.5,= 2*13 + 7.5,,Assumes +1 AC from Parry.
Thri-kreen Hunter,2821206-thri-kreen-hunter,SAiS:BAM,61.0,https://www.dndbeyond.com/monsters/2821206-thri-kreen-hunter,monstrosity,medium,generic,N,2.0,2,450.0,2.0,3.0,1.0,0.0,2.0,-1.0,2,3,1,0,2,-1,0.0,0.0,0.0,0.0,0.0,0.0,0.0,0.0,0.0,0.0,0.0,0.0,0.0,0.0,0.0,1.0,1.0,1.0,1.0,1.0,1.0,1.0,1.0,1.0,1.0,1.0,1.0,1.0,3.0,1.0,16.0,17.0,60.5,60.5,1.2,1.2,5.0,5.0,,13.0,13.0,13.0,13.0,13.0,0.0,= 2*6.5,= 2*6.5,= 2*6.5,,
Thri-kreen Mystic,2821207-thri-kreen-mystic,SAiS:BAM,61.0,https://www.dndbeyond.com/monsters/2821207-thri-kreen-mystic,monstrosity,medium,generic,N,5.0,3,1800.0,1.0,2.0,1.0,1.0,3.0,0.0,1,2,1,1,3,0,0.0,0.0,0.0,0.0,0.0,0.0,0.0,0.0,0.0,0.0,0.0,0.0,0.0,0.0,0.0,1.0,1.0,1.0,1.0,1.0,1.0,1.0,1.0,1.0,1.0,1.0,1.0,1.0,2.0,1.0,15.0,15.0,99.0,99.0,1.3,1.3,6.0,6.0,14.0,28.166666,28.166666,32.5,26.0,26.0,0.0,= 32.5,= 4*6.5,= 4*6.5,,
Thug,17035-thug,MM (2014),350.0,https://www.dndbeyond.com/monsters/17035-thug,humanoid,medium,generic,N,0.5,2,100.0,2.0,0.0,2.0,0.0,0.0,0.0,2,0,2,0,0,0,0.0,0.0,0.0,0.0,0.0,0.0,0.0,0.0,0.0,0.0,0.0,0.0,0.0,0.0,0.0,1.0,1.0,1.0,1.0,1.0,1.0,1.0,1.0,1.0,1.0,1.0,1.0,1.0,0.0,1.0,11.0,11.0,32.5,32.5,0.7,0.7,4.0,5.0,,10.0,10.0,10.0,10.0,10.0,0.0,= 2*5,= 2*5,= 2*5,,
Thunderbeast Skeleton,297946-thunderbeast-skeleton,SKT,99.0,https://www.dndbeyond.com/monsters/297946-thunderbeast-skeleton,undead,huge,generic,N,3.0,2,700.0,4.0,0.0,2.0,-4.0,1.0,-3.0,4,0,2,-4,1,-3,0.0,0.0,0.0,1.0,0.0,0.0,0.0,0.0,0.0,0.0,1.0,0.0,0.0,0.0,0.0,2.0,1.0,1.0,1.0,1.0,1.0,1.0,1.0,1.0,0.0,1.0,1.0,1.0,0.0,1.0,15.0,15.0,68.0,68.0,0.0,0.0,7.0,7.0,,18.0,18.0,18.0,18.0,18.0,0.0,= 18,= 18,= 18,,
Thurl Merosska,17425-thurl-merosska,PotA,192.0,https://www.dndbeyond.com/monsters/17425-thurl-merosska,humanoid,medium,unique,N,3.0,2,700.0,3.0,2.0,2.0,0.0,0.0,2.0,3,2,2,0,0,2,0.0,0.0,0.0,0.0,0.0,0.0,0.0,0.0,0.0,0.0,0.0,0.0,0.0,0.0,0.0,1.0,1.0,1.0,1.0,1.0,1.0,1.0,1.0,1.0,1.0,1.0,1.0,1.0,2.0,1.0,16.0,19.0,70.5,70.5,1.5,1.5,5.0,5.0,,23.333334,23.333334,10.0,30.0,30.0,0.0,= 10,= 2*10 + 10,= 2*10 + 10,,
Thurstwell Vanthampur,417778-thurstwell-vanthampur,BGDiA,34.0,https://www.dndbeyond.com/monsters/417778-thurstwell-vanthampur,humanoid,medium,unique,N,0.125,2,25.0,-2.0,-1.0,-2.0,2.0,3.0,1.0,-2,-1,-2,2,3,1,0.0,0.0,0.0,0.0,0.0,0.0,0.0,0.0,0.0,0.0,0.0,0.0,0.0,0.0,0.0,1.0,1.0,1.0,1.0,1.0,1.0,1.0,1.0,1.0,1.0,1.0,1.0,1.0,-1.0,1.0,9.0,13.0,5.0,5.0,0.2,0.2,5.0,5.0,13.0,4.0,4.0,4.0,4.0,4.0,0.0,= 4,= 4,= 4,,Assumes +4 AC from casting santuary.
Tiamat,21927-tiamat,RoT,92.0,https://www.dndbeyond.com/monsters/21927-tiamat,fiend,gargantuan,unique,L,30.0,9,155000.0,10.0,0.0,10.0,8.0,8.0,9.0,19,9,10,8,17,9,1.0,1.0,1.0,0.0,1.0,0.0,0.0,0.0,0.0,0.0,1.0,0.0,0.0,1.0,0.0,0.2,0.2,0.2,0.0,0.0,0.0,1.0,0.0,1.0,0.0,1.0,1.0,1.0,0.0,1.25,25.0,25.0,615.0,1068.8,12.0,16.0,19.0,19.0,26.0,659.0,659.0,659.0,659.0,659.0,0.0,= 2*24 + 28 + 46 + 3*88 + 3*91,= 2*24 + 28 + 46 + 3*88 + 3*91,= 2*24 + 28 + 46 + 3*88 + 3*91,,Assumes +4 SB from Limited Magic Immunity.
Tiger,17036-tiger,MM (2014),339.0,https://www.dndbeyond.com/monsters/17036-tiger,beast,large,generic,N,1.0,2,200.0,3.0,2.0,2.0,-4.0,1.0,-1.0,3,2,2,-4,1,-1,0.0,0.0,0.0,0.0,0.0,0.0,0.0,0.0,0.0,0.0,0.0,0.0,0.0,0.0,0.0,1.0,1.0,1.0,1.0,1.0,1.0,1.0,1.0,1.0,1.0,1.0,1.0,1.0,2.0,1.0,12.0,12.0,37.5,37.5,0.5,0.5,5.0,5.0,,11.0,11.0,16.0,8.5,8.5,0.0,= 7.5 + 8.5,= 8.5,= 8.5,,
Time Dragon Wyrmling,3883566-time-dragon-wyrmling,PAitM:MPP,51.0,https://www.dndbeyond.com/monsters/3883566-time-dragon-wyrmling,dragon,medium,generic,N,5.0,3,1800.0,4.0,0.0,3.0,3.0,1.0,3.0,4,3,6,3,4,6,0.0,0.0,0.0,0.0,0.0,0.0,0.0,0.0,0.0,0.0,0.0,0.0,0.0,0.0,0.0,1.0,1.0,1.0,1.0,1.0,1.0,1.0,1.0,1.0,1.0,1.0,1.0,1.0,0.0,1.0,17.0,17.0,75.0,75.0,4.3,4.3,7.0,9.0,14.0,40.0,40.0,54.0,33.0,33.0,0.0,= 2*27,= 3*11,= 3*11,,Assumes +2 AB from Time Breath (advantage).
Titanothere,3731056-titanothere,BPGotG,185.0,https://www.dndbeyond.com/monsters/3731056-titanothere,beast,huge,generic,N,5.0,3,1800.0,7.0,0.0,4.0,-4.0,1.0,-2.0,7,0,4,-4,1,-2,0.0,0.0,0.0,0.0,0.0,0.0,0.0,0.0,0.0,0.0,0.0,0.0,0.0,0.0,0.0,1.0,1.0,1.0,1.0,1.0,1.0,1.0,1.0,1.0,1.0,1.0,1.0,1.0,0.0,1.0,16.0,16.0,136.5,136.5,1.0,1.0,10.0,10.0,,25.0,25.0,34.0,20.5,20.5,0.0,= 34,= 20.5,= 20.5,,
Titivilus,96133-titivilus,MToF,178.0,https://www.dndbeyond.com/monsters/96133-titivilus,fiend,medium,legacy,L,16.0,5,15000.0,4.0,6.0,3.0,7.0,6.0,8.0,4,11,8,7,11,13,0.0,1.0,0.0,1.0,1.0,0.0,0.0,0.0,0.0,0.0,1.0,0.0,0.0,0.0,0.0,0.8,0.8,0.8,1.0,0.5,0.0,1.0,1.0,1.0,0.0,1.0,1.0,1.0,6.0,1.25,20.0,20.0,127.5,365.6,9.0,13.0,9.0,9.0,21.0,52.0,62.0,52.0,52.0,52.0,30.0,= 26 + 26,= 26 + 26,= 26 + 26,= 2*15,Assumes 3*15 HP from Corrupting Guidance. Assumes 15 DPR from Corrupting Guidance.
Titivilus,2560939-titivilus,MPMotM,242.0,https://www.dndbeyond.com/monsters/2560939-titivilus,fiend,medium,unique,L,16.0,5,15000.0,4.0,6.0,3.0,7.0,6.0,8.0,4,11,8,7,11,13,0.0,1.0,0.0,1.0,1.0,0.0,0.0,0.0,0.0,0.0,1.0,0.0,0.0,0.0,0.0,0.8,0.8,0.8,1.0,0.5,0.0,1.0,1.0,1.0,0.0,1.0,1.0,1.0,6.0,1.25,20.0,20.0,150.0,393.8,9.0,13.0,9.0,9.0,21.0,52.0,62.0,52.0,52.0,52.0,30.0,= 26 + 26,= 26 + 26,= 26 + 26,= 2*15,Assumes 3*15 HP from Corrupting Guidance. Assumes 15 DPR from Corrupting Guidance.
Tixie Tockworth,3276653-tixie-tockworth,KftGV,85.0,https://www.dndbeyond.com/monsters/3276653-tixie-tockworth,humanoid,small,unique,N,7.0,3,2900.0,3.0,1.0,4.0,3.0,-1.0,0.0,3,1,4,6,2,0,0.0,0.0,0.0,0.0,0.0,0.0,0.0,0.0,0.0,0.0,0.0,0.0,0.0,0.0,0.0,1.0,1.0,1.0,1.0,1.0,1.0,1.0,1.0,1.0,1.0,1.0,1.0,1.0,1.0,1.0,17.0,17.0,75.0,120.0,2.7,2.7,6.0,6.0,15.0,58.0,58.0,72.0,51.0,51.0,0.0,= 3*17 + 2*10.5,= 3*17,= 3*17,,Assumes +15 HP per round from Force Field.
Tlacatecolo,2739104-tlacatecolo,JttRC,65.0,https://www.dndbeyond.com/monsters/2739104-tlacatecolo,fiend,medium,generic,N,5.0,3,1800.0,1.0,3.0,2.0,0.0,2.0,0.0,1,6,5,0,2,0,0.0,0.0,0.0,0.0,0.0,0.0,0.0,0.0,0.0,0.0,1.0,0.0,0.0,0.0,0.0,1.0,1.0,1.0,1.0,0.5,1.0,1.0,1.0,1.0,0.5,1.0,1.0,1.0,3.0,1.0,13.0,13.0,78.0,78.0,2.3,6.3,6.0,6.0,13.0,46.0,46.0,46.0,46.0,46.0,0.0,= 2*23,= 2*23,= 2*23,,
Tlexolotl,2739105-tlexolotl,JttRC,119.0,https://www.dndbeyond.com/monsters/2739105-tlexolotl,elemental,huge,generic,N,10.0,4,5900.0,7.0,0.0,3.0,-2.0,1.0,-1.0,7,0,3,-2,1,-1,0.0,0.0,0.0,0.0,0.0,0.0,0.0,0.0,1.0,1.0,1.0,0.0,0.0,0.0,0.0,1.0,1.0,1.0,1.0,1.0,0.0,1.0,1.0,1.0,0.0,1.0,1.0,1.0,0.0,1.0,15.0,15.0,104.5,134.5,1.3,1.3,11.0,11.0,15.0,64.666664,78.666664,82.0,56.0,56.0,42.0,= 2*41,= 30.5 + 25.5,= 30.5 + 25.5,= 6*7,Assumes +14 DPR from Fire Aura.
Tlincalli,17305-tlincalli,VGtM,193.0,https://www.dndbeyond.com/monsters/17305-tlincalli,monstrosity,large,legacy,N,5.0,3,1800.0,3.0,1.0,3.0,-1.0,1.0,-1.0,3,1,3,-1,1,-1,0.0,0.0,0.0,0.0,0.0,0.0,0.0,0.0,0.0,0.0,0.0,0.0,0.0,0.0,0.0,1.0,1.0,1.0,1.0,1.0,1.0,1.0,1.0,1.0,1.0,1.0,1.0,1.0,1.0,1.0,15.0,15.0,85.0,85.0,1.0,1.0,6.0,6.0,,28.0,28.0,28.0,28.0,28.0,0.0,= 8 + 20,= 8 + 20,= 8 + 20,,
Tlincalli,2560940-tlincalli,MPMotM,243.0,https://www.dndbeyond.com/monsters/2560940-tlincalli,monstrosity,large,generic,N,5.0,3,1800.0,3.0,1.0,3.0,-1.0,1.0,-1.0,3,1,3,-1,1,-1,0.0,0.0,0.0,0.0,0.0,0.0,0.0,0.0,0.0,0.0,0.0,0.0,0.0,0.0,0.0,1.0,1.0,1.0,1.0,1.0,1.0,1.0,1.0,1.0,1.0,1.0,1.0,1.0,1.0,1.0,15.0,17.0,85.0,85.0,1.0,1.0,6.0,6.0,,29.0,29.0,29.0,29.0,29.0,0.0,= 8.5 + 20.5,= 8.5 + 20.5,= 8.5 + 20.5,,Assumes +2 AC from Sting.
Tomb Tapper,1123129-tomb-tapper,IDRotF,310.0,https://www.dndbeyond.com/monsters/1123129-tomb-tapper,construct,huge,generic,N,10.0,4,5900.0,6.0,0.0,5.0,2.0,2.0,0.0,6,0,5,2,2,0,0.0,1.0,0.0,0.0,1.0,0.0,0.0,0.0,0.0,0.0,0.0,0.0,0.0,0.0,0.0,1.0,1.0,1.0,1.0,0.0,0.0,1.0,0.5,1.0,1.0,1.0,1.0,1.0,0.0,1.0,17.0,17.0,207.0,207.0,2.5,2.5,10.0,10.0,,54.0,54.0,54.0,54.0,54.0,0.0,= 2*27,= 2*27,= 2*27,,
Topaz Dragon Wyrmling,2059757-topaz-dragon-wyrmling,FToD,223.0,https://www.dndbeyond.com/monsters/2059757-topaz-dragon-wyrmling,dragon,medium,generic,N,2.0,2,450.0,2.0,1.0,1.0,2.0,1.0,2.0,2,3,3,2,3,4,0.0,0.0,0.0,0.0,0.0,0.0,0.0,0.0,0.0,0.0,0.0,0.0,0.0,0.0,0.0,1.0,1.0,1.0,1.0,0.5,1.0,1.0,1.0,0.5,1.0,1.0,1.0,1.0,1.0,1.0,16.0,16.0,33.0,33.0,2.8,2.8,4.0,4.0,11.0,20.666666,20.666666,42.0,10.0,10.0,0.0,= 2*21,= 10,= 10,,
Topaz Greatwyrm,2059758-topaz-greatwyrm,FToD,201.0,https://www.dndbeyond.com/monsters/2059758-topaz-greatwyrm,dragon,gargantuan,legendary,L,26.0,8,90000.0,9.0,2.0,9.0,10.0,7.0,7.0,9,10,17,10,15,15,0.0,1.0,0.0,0.0,1.0,0.0,0.0,0.0,0.0,0.0,1.0,1.0,0.0,0.0,0.0,1.0,1.0,1.0,1.0,1.0,1.0,1.0,1.0,0.0,1.0,1.0,1.0,1.0,2.0,1.0,21.0,21.0,507.0,627.0,12.7,12.7,17.0,17.0,25.0,173.83333,173.83333,268.5,126.5,126.5,0.0,= 3*71.5 + 3*18,= 36.5 + 2*18 + 3*18,= 36.5 + 2*18 + 3*18,,
Torogar Steelfist,417139-torogar-steelfist,BGDiA,112.0,https://www.dndbeyond.com/monsters/417139-torogar-steelfist,monstrosity,large,unique,N,11.0,4,7200.0,7.0,3.0,5.0,-1.0,-1.0,3.0,11,3,9,-1,-1,3,0.0,0.0,0.0,0.0,0.0,0.0,0.0,0.0,0.0,0.0,0.0,0.0,0.0,0.0,0.0,1.0,1.0,1.0,1.0,1.0,1.0,1.0,1.0,1.0,1.0,1.0,1.0,1.0,3.0,1.0,17.0,17.0,168.0,210.0,4.0,4.0,11.0,11.0,,59.0,59.0,59.0,59.0,59.0,0.0,= 2*20 + 19,= 2*20 + 19,= 2*20 + 19,,Assumes +25% HP from physical damage resistance from Rage.
Tortle,2560942-tortle,MPMotM,244.0,https://www.dndbeyond.com/monsters/2560942-tortle,humanoid,medium,generic,N,0.25,2,50.0,2.0,0.0,1.0,0.0,1.0,1.0,2,0,1,0,1,1,0.0,0.0,0.0,0.0,0.0,0.0,0.0,0.0,0.0,0.0,0.0,0.0,0.0,0.0,0.0,1.0,1.0,1.0,1.0,1.0,1.0,1.0,1.0,1.0,1.0,1.0,1.0,1.0,0.0,1.0,17.0,17.0,22.0,22.0,0.8,0.8,4.0,4.0,,6.5,6.5,6.5,6.5,6.5,0.0,= 6.5,= 6.5,= 6.5,,
Tortle Druid,36903-tortle-druid,MToF,242.0,https://www.dndbeyond.com/monsters/36903-tortle-druid,humanoid,medium,legacy,N,2.0,2,450.0,2.0,0.0,1.0,0.0,2.0,1.0,2,0,1,0,2,1,0.0,0.0,0.0,0.0,0.0,0.0,0.0,0.0,0.0,0.0,0.0,0.0,0.0,0.0,0.0,1.0,1.0,1.0,1.0,1.0,1.0,1.0,1.0,1.0,1.0,1.0,1.0,1.0,0.0,1.0,17.0,17.0,33.0,33.0,1.0,1.0,4.0,4.0,12.0,27.0,27.0,27.0,27.0,27.0,0.0,= 2*13.5,= 2*13.5,= 2*13.5,,
Tortle Druid,2560941-tortle-druid,MPMotM,244.0,https://www.dndbeyond.com/monsters/2560941-tortle-druid,humanoid,medium,generic,N,2.0,2,450.0,2.0,0.0,1.0,0.0,2.0,1.0,2,0,1,0,2,1,0.0,0.0,0.0,0.0,0.0,0.0,0.0,0.0,0.0,0.0,0.0,0.0,0.0,0.0,0.0,1.0,1.0,1.0,1.0,1.0,1.0,1.0,1.0,1.0,1.0,1.0,1.0,1.0,0.0,1.0,17.0,17.0,33.0,33.0,1.0,1.0,4.0,4.0,12.0,18.0,18.0,18.0,18.0,18.0,0.0,= 2*9,= 2*9,= 2*9,,
Tower Hand,4635161-tower-hand,QftIS,217.0,https://www.dndbeyond.com/monsters/4635161-tower-hand,humanoid,medium,generic,N,0.5,2,100.0,0.0,2.0,1.0,1.0,2.0,-1.0,0,2,1,1,2,-1,0.0,0.0,0.0,0.0,0.0,0.0,0.0,0.0,0.0,0.0,0.0,0.0,0.0,0.0,0.0,1.0,1.0,1.0,1.0,1.0,1.0,1.0,1.0,1.0,1.0,1.0,1.0,1.0,2.0,1.0,14.0,14.0,22.0,29.5,0.8,0.8,4.0,4.0,,11.0,11.0,11.0,11.0,11.0,0.0,= 2*5.5,= 2*5.5,= 2*5.5,,Assumes +7.5 HP from Deflect Missiles.
Tower Sage,4635162-tower-sage,QftIS,217.0,https://www.dndbeyond.com/monsters/4635162-tower-sage,humanoid,medium,generic,N,1.0,2,200.0,0.0,0.0,0.0,3.0,2.0,3.0,0,0,0,3,2,3,0.0,0.0,0.0,0.0,0.0,0.0,0.0,0.0,0.0,0.0,0.0,0.0,0.0,0.0,0.0,1.0,1.0,1.0,1.0,1.0,1.0,1.0,1.0,1.0,1.0,1.0,1.0,1.0,0.0,1.0,13.0,14.0,22.5,22.5,1.3,1.3,5.0,5.0,13.0,18.333334,18.333334,21.0,17.0,17.0,0.0,= 2*10.5,= 2*8.5,= 2*8.5,,Assumes +1 AC from Starry Radiance.
Transcendent Order Conduit,3883567-transcendent-order-conduit,PAitM:MPP,62.0,https://www.dndbeyond.com/monsters/3883567-transcendent-order-conduit,humanoid,medium,generic,N,8.0,3,3900.0,0.0,4.0,2.0,0.0,4.0,1.0,0,4,2,0,7,4,0.0,0.0,0.0,0.0,0.0,0.0,0.0,0.0,0.0,0.0,0.0,0.0,0.0,0.0,0.0,1.0,1.0,1.0,1.0,1.0,1.0,1.0,1.0,1.0,1.0,1.0,1.0,1.0,4.0,1.0,18.0,18.0,97.5,114.0,2.8,2.8,7.0,7.0,15.0,33.0,44.0,33.0,33.0,33.0,33.0,= 3*11,= 3*11,= 3*11,= 33,Assumes +5.5 HP per round from Deflect Attack. Assumes +33 damage from Unarmed Strike (incapacitate).
Transcendent Order Instinct,3883568-transcendent-order-instinct,PAitM:MPP,62.0,https://www.dndbeyond.com/monsters/3883568-transcendent-order-instinct,humanoid,medium,generic,N,3.0,2,700.0,0.0,3.0,1.0,0.0,3.0,1.0,0,3,1,0,5,3,0.0,0.0,0.0,0.0,0.0,0.0,0.0,0.0,0.0,0.0,0.0,0.0,0.0,0.0,0.0,1.0,1.0,1.0,1.0,1.0,1.0,1.0,1.0,1.0,1.0,1.0,1.0,1.0,3.0,1.0,16.0,16.0,49.5,60.0,2.0,2.0,5.0,5.0,,22.5,22.5,22.5,22.5,22.5,0.0,= 3*7.5,= 3*7.5,= 3*7.5,,Assumes +3.5 HP per round from Deflect Blow.
Transmuter,17341-transmuter,VGtM,218.0,https://www.dndbeyond.com/monsters/17341-transmuter,humanoid,medium,legacy,N,5.0,3,1800.0,-1.0,2.0,0.0,3.0,1.0,0.0,-1,2,0,6,4,0,0.0,0.0,0.0,0.0,0.0,0.0,0.0,0.0,0.0,0.0,0.0,0.0,0.0,0.0,0.0,1.0,1.0,1.0,1.0,1.0,1.0,1.0,1.0,1.0,1.0,1.0,1.0,1.0,2.0,1.0,15.0,17.0,40.5,60.8,1.8,1.8,6.0,6.0,14.0,67.333336,67.333336,70.0,70.0,62.0,0.0,= 2*35,= 2*35,= 2*31,,Assumes stoneskin is cast prior to combat. Assumes +2 AC from Transmuter's Stone.
Transmuter Wizard,2560943-transmuter-wizard,MPMotM,265.0,https://www.dndbeyond.com/monsters/2560943-transmuter-wizard,humanoid,medium,generic,N,5.0,3,1800.0,-1.0,2.0,0.0,3.0,1.0,0.0,-1,2,0,6,4,0,0.0,0.0,0.0,0.0,0.0,0.0,0.0,0.0,0.0,0.0,0.0,0.0,0.0,0.0,0.0,1.0,1.0,1.0,1.0,1.0,1.0,1.0,1.0,1.0,1.0,1.0,1.0,1.0,2.0,1.0,15.0,15.0,49.5,49.5,1.8,1.8,6.0,6.0,,58.5,58.5,58.5,58.5,58.5,0.0,= 3*19.5,= 3*19.5,= 3*19.5,,
Trapper,17306-trapper,VGtM,194.0,https://www.dndbeyond.com/monsters/17306-trapper,monstrosity,large,legacy,N,3.0,2,700.0,3.0,0.0,3.0,-4.0,1.0,-3.0,3,0,3,-4,1,-3,0.0,0.0,0.0,0.0,0.0,0.0,0.0,0.0,0.0,0.0,0.0,0.0,0.0,0.0,0.0,1.0,1.0,1.0,1.0,1.0,1.0,1.0,1.0,1.0,1.0,1.0,1.0,1.0,0.0,1.0,13.0,13.0,85.0,85.0,0.0,0.0,6.0,6.0,14.0,20.0,20.0,20.0,20.0,20.0,0.0,= 20,= 20,= 20,,
Trapper,2560944-trapper,MPMotM,245.0,https://www.dndbeyond.com/monsters/2560944-trapper,monstrosity,large,generic,N,3.0,2,700.0,3.0,0.0,3.0,-4.0,1.0,-3.0,3,0,3,-4,1,-3,0.0,0.0,0.0,0.0,0.0,0.0,0.0,0.0,0.0,0.0,0.0,0.0,0.0,0.0,0.0,1.0,1.0,1.0,1.0,1.0,1.0,1.0,1.0,1.0,1.0,1.0,1.0,1.0,0.0,1.0,13.0,13.0,68.0,68.0,0.0,0.0,5.0,5.0,13.0,17.0,17.0,17.0,17.0,17.0,0.0,= 17,= 17,= 17,,
Treant,17037-treant,MM (2014),289.0,https://www.dndbeyond.com/monsters/17037-treant,plant,huge,generic,N,9.0,4,5000.0,6.0,-1.0,5.0,1.0,3.0,1.0,6,-1,5,1,3,1,0.0,0.0,0.0,0.0,0.0,0.0,0.0,0.0,0.0,0.0,0.0,0.0,0.0,0.0,0.0,0.5,0.5,1.0,1.0,1.0,2.0,1.0,1.0,1.0,1.0,1.0,1.0,1.0,-1.0,1.0,16.0,16.0,138.0,207.0,2.5,2.5,10.0,10.0,,44.0,44.0,0.0,66.0,66.0,0.0,= 0,= 2*16.5 + 16.5 + 16.5,= 2*16.5 + 16.5 + 16.5,,
Treant Sapling,1979812-treant-sapling,TWBtW,36.0,https://www.dndbeyond.com/monsters/1979812-treant-sapling,plant,large,generic,N,2.0,2,450.0,3.0,-1.0,2.0,1.0,1.0,0.0,3,-1,2,1,1,0,0.0,0.0,0.0,0.0,0.0,0.0,0.0,0.0,0.0,0.0,0.0,0.0,0.0,0.0,0.0,0.5,0.5,1.0,1.0,1.0,2.0,1.0,1.0,1.0,1.0,1.0,1.0,1.0,-1.0,1.0,14.0,14.0,45.0,45.0,1.0,1.0,5.0,5.0,,30.0,30.0,0.0,45.0,45.0,0.0,= 0,= 2*14 + 17,= 2*14 + 17,,
Tree Blight,17363-tree-blight,TWBtW,230.0,https://www.dndbeyond.com/monsters/17363-tree-blight,plant,huge,generic,N,7.0,3,2900.0,6.0,0.0,5.0,-2.0,0.0,-4.0,6,0,5,-2,0,-4,1.0,0.0,1.0,0.0,0.0,0.0,0.0,0.0,0.0,0.0,0.0,0.0,0.0,0.0,0.0,1.0,1.0,1.0,1.0,1.0,1.0,1.0,1.0,1.0,1.0,1.0,1.0,1.0,0.0,1.0,15.0,15.0,138.0,138.0,0.8,0.8,9.0,9.0,,51.833332,51.833332,55.0,55.0,45.5,0.0,= 16.5 + 2*9.5 + 19.5,= 16.5 + 2*9.5 + 19.5,= 16.5 + 9.5 + 19.5,,
Tressym,17353-tressym,SKT,242.0,https://www.dndbeyond.com/monsters/17353-tressym,beast,tiny,generic,N,0.0,2,10.0,-4.0,2.0,0.0,0.0,1.0,1.0,-4,2,0,0,1,1,0.0,0.0,0.0,0.0,0.0,0.0,0.0,0.0,0.0,0.0,1.0,0.0,0.0,0.0,0.0,1.0,1.0,1.0,1.0,1.0,1.0,1.0,1.0,1.0,0.0,1.0,1.0,1.0,2.0,1.0,12.0,12.0,5.0,5.0,0.0,0.0,0.0,0.0,,1.0,1.0,1.0,1.0,1.0,0.0,= 1,= 1,= 1,,
Tri-flower Frond,33267-tri-flower-frond,ToA,234.0,https://www.dndbeyond.com/monsters/33267-tri-flower-frond,plant,medium,generic,N,0.5,2,100.0,-5.0,0.0,1.0,-5.0,0.0,-5.0,-5,0,1,-5,0,-5,1.0,0.0,1.0,1.0,0.0,0.0,0.0,0.0,0.0,0.0,0.0,1.0,0.0,0.0,0.0,1.0,1.0,1.0,1.0,1.0,1.0,1.0,1.0,1.0,1.0,1.0,1.0,1.0,0.0,1.0,10.0,10.0,11.0,29.0,-2.3,-2.3,2.0,2.0,11.0,12.0,12.0,12.0,12.0,12.0,0.0,= 5 + 2 + 5,= 5 + 2 + 5,= 5 + 2 + 5,,Assumes +6 hp per turn from Orange Blossom.
Tribal Warrior,17038-tribal-warrior,MM (2014),350.0,https://www.dndbeyond.com/monsters/17038-tribal-warrior,humanoid,medium,generic,N,0.125,2,25.0,1.0,0.0,1.0,-1.0,0.0,-1.0,1,0,1,-1,0,-1,0.0,0.0,0.0,0.0,0.0,0.0,0.0,0.0,0.0,0.0,0.0,0.0,0.0,0.0,0.0,1.0,1.0,1.0,1.0,1.0,1.0,1.0,1.0,1.0,1.0,1.0,1.0,1.0,0.0,1.0,12.0,12.0,11.0,11.0,0.0,0.0,3.0,4.0,,5.5,5.5,5.5,5.5,5.5,0.0,= 5.5,= 5.5,= 5.5,,
Triceratops,17039-triceratops,MM (2014),80.0,https://www.dndbeyond.com/monsters/17039-triceratops,beast,huge,generic,N,5.0,3,1800.0,6.0,-1.0,3.0,-4.0,0.0,-3.0,6,-1,3,-4,0,-3,0.0,0.0,0.0,0.0,0.0,0.0,0.0,0.0,0.0,0.0,0.0,0.0,0.0,0.0,0.0,1.0,1.0,1.0,1.0,1.0,1.0,1.0,1.0,1.0,1.0,1.0,1.0,1.0,-1.0,1.0,13.0,13.0,95.0,95.0,0.2,0.2,9.0,9.0,,31.333334,31.333334,46.0,24.0,24.0,0.0,= 24 + 22,= 24,= 24,,
Tridrone,17177-tridrone,MM (2014),225.0,https://www.dndbeyond.com/monsters/17177-tridrone,construct,medium,generic,N,0.5,2,100.0,1.0,1.0,1.0,-1.0,0.0,-1.0,1,1,1,-1,0,-1,0.0,0.0,0.0,0.0,0.0,0.0,0.0,0.0,0.0,0.0,0.0,0.0,0.0,0.0,0.0,1.0,1.0,1.0,1.0,1.0,1.0,1.0,1.0,1.0,1.0,1.0,1.0,1.0,1.0,1.0,15.0,15.0,16.5,16.5,0.2,0.2,3.0,3.0,,12.0,12.0,12.0,12.0,12.0,0.0,= 3*4,= 3*4,= 3*4,,
Triton Master of Waves,909510-triton-master-of-waves,MOoT,245.0,https://www.dndbeyond.com/monsters/909510-triton-master-of-waves,humanoid,medium,generic,N,8.0,3,3900.0,3.0,0.0,3.0,0.0,1.0,4.0,3,3,3,3,1,7,0.0,0.0,0.0,0.0,0.0,0.0,0.0,0.0,0.0,0.0,0.0,0.0,0.0,0.0,0.0,1.0,1.0,1.0,1.0,0.5,0.5,1.0,1.0,1.0,1.0,1.0,1.0,1.0,0.0,1.0,15.0,15.0,105.0,135.0,3.3,3.3,7.0,7.0,15.0,76.0,76.0,81.0,81.0,66.0,0.0,= 2*36 + 9,= 2*36 + 9,= 2*22 + 13 + 9,,
Triton Shorestalker,909511-triton-shorestalker,MOoT,244.0,https://www.dndbeyond.com/monsters/909511-triton-shorestalker,humanoid,medium,generic,N,2.0,2,450.0,0.0,3.0,2.0,0.0,2.0,0.0,0,3,2,0,2,0,0.0,0.0,0.0,0.0,0.0,0.0,0.0,0.0,0.0,0.0,0.0,0.0,0.0,0.0,0.0,1.0,1.0,1.0,1.0,0.5,1.0,1.0,1.0,1.0,1.0,1.0,1.0,1.0,3.0,1.0,13.0,17.0,32.5,32.5,1.2,1.2,5.0,5.0,,32.0,32.0,32.0,32.0,32.0,0.0,= 2*16,= 2*16,= 2*16,,Assumes +4 from hiding each round.
Trobriand,278033-trobriand,WDotMM,294.0,https://www.dndbeyond.com/monsters/278033-trobriand,construct,large,unique,N,22.0,7,41000.0,7.0,-1.0,5.0,5.0,0.0,-5.0,7,-1,5,5,0,-5,0.0,1.0,0.0,1.0,1.0,0.0,0.0,0.0,1.0,1.0,1.0,0.0,0.0,0.0,0.0,0.3,0.3,0.3,1.0,1.0,0.0,1.0,1.0,1.0,0.0,0.0,1.0,1.0,-1.0,1.25,20.0,20.0,210.0,578.8,1.8,5.8,12.0,12.0,20.0,120.666664,120.666664,90.0,143.0,129.0,0.0,= 2*45,= 2*49 + 1*45,= 2*42 + 1*45,,"Assumes +HPR from Counterspell, and regained from two rounds of incendiary cloud and two fireballs."
Troglodyte,17204-troglodyte,MM (2014),290.0,https://www.dndbeyond.com/monsters/17204-troglodyte,humanoid,medium,generic,N,0.25,2,50.0,2.0,0.0,2.0,-2.0,0.0,-2.0,2,0,2,-2,0,-2,0.0,0.0,0.0,0.0,0.0,0.0,0.0,0.0,0.0,0.0,0.0,0.0,0.0,0.0,0.0,1.0,1.0,1.0,1.0,1.0,1.0,1.0,1.0,1.0,1.0,1.0,1.0,1.0,0.0,1.0,11.0,13.0,13.0,13.0,0.0,0.0,4.0,4.0,,13.5,13.5,13.5,13.5,13.5,0.0,= 4.5 + 2*4.5,= 4.5 + 2*4.5,= 4.5 + 2*4.5,,Assumes +2 AC from Stench.
Troglodyte Champion of Laogzed,17397-troglodyte-champion-of-laogzed,OotA,229.0,https://www.dndbeyond.com/monsters/17397-troglodyte-champion-of-laogzed,humanoid,medium,generic,N,3.0,2,700.0,4.0,1.0,4.0,-1.0,1.0,1.0,4,1,4,-1,1,1,0.0,0.0,0.0,0.0,0.0,0.0,0.0,0.0,0.0,0.0,0.0,0.0,0.0,0.0,0.0,1.0,1.0,1.0,1.0,1.0,1.0,1.0,1.0,1.0,1.0,1.0,1.0,1.0,1.0,1.0,14.0,15.0,59.5,59.5,1.7,1.7,6.0,6.0,14.0,22.0,22.0,22.0,22.0,22.0,0.0,= 6 + 2*8,= 6 + 2*8,= 6 + 2*8,,
Troll,17040-troll,MM (2014),291.0,https://www.dndbeyond.com/monsters/17040-troll,giant,large,generic,N,5.0,3,1800.0,4.0,1.0,5.0,-2.0,-1.0,-2.0,4,1,5,-2,-1,-2,0.0,0.0,0.0,0.0,0.0,0.0,0.0,0.0,0.0,0.0,0.0,0.0,0.0,0.0,0.0,1.0,1.0,1.0,1.0,1.0,1.0,1.0,1.0,1.0,1.0,1.0,1.0,1.0,1.0,1.0,15.0,15.0,84.0,114.0,0.8,0.8,7.0,7.0,,29.0,29.0,29.0,29.0,29.0,0.0,= 7 + 2*11,= 7 + 2*11,= 7 + 2*11,,
Troll Amalgam,3731057-troll-amalgam,BPGotG,186.0,https://www.dndbeyond.com/monsters/3731057-troll-amalgam,giant,gargantuan,legendary,L,17.0,6,18000.0,7.0,2.0,5.0,-1.0,3.0,-3.0,7,2,11,-1,9,-3,0.0,1.0,0.0,0.0,1.0,0.0,0.0,0.0,0.0,0.0,1.0,0.0,0.0,0.0,0.0,0.7,0.7,0.7,1.0,1.0,1.0,1.0,1.0,1.0,0.5,1.0,1.0,1.0,2.0,1.0,15.0,15.0,217.0,352.0,4.2,8.2,13.0,13.0,,111.5,111.5,111.5,111.5,111.5,0.0,= 3*25 + 11.5 + 25,= 3*25 + 11.5 + 25,= 3*25 + 11.5 + 25,,
Troll Mutate,3731058-troll-mutate,BPGotG,187.0,https://www.dndbeyond.com/monsters/3731058-troll-mutate,giant,large,generic,N,7.0,3,2900.0,4.0,1.0,4.0,3.0,-1.0,1.0,4,1,7,6,-1,1,0.0,0.0,0.0,0.0,0.0,0.0,0.0,0.0,0.0,0.0,0.0,0.0,0.0,0.0,0.0,1.0,1.0,1.0,1.0,1.0,1.0,1.0,1.0,1.0,1.0,1.0,1.0,1.0,1.0,1.0,16.0,16.0,95.0,125.0,3.0,7.0,7.0,7.0,14.0,50.666668,50.666668,56.0,48.0,48.0,0.0,= 2*28,= 2*24,= 2*24,,
Tromokratis,909512-tromokratis,MOoT,254.0,https://www.dndbeyond.com/monsters/909512-tromokratis,monstrosity,gargantuan,unique,L,26.0,8,90000.0,10.0,0.0,9.0,6.0,0.0,0.0,10,0,9,14,8,0,0.0,1.0,0.0,0.0,1.0,0.0,0.0,0.0,1.0,0.0,0.0,0.0,1.0,0.0,0.0,0.2,0.2,0.2,1.0,0.5,0.0,1.0,0.5,1.0,1.0,1.0,1.0,0.5,0.0,1.25,22.0,24.0,409.5,624.4,6.8,10.8,18.0,22.0,,170.33333,170.33333,115.0,198.0,198.0,0.0,= 20.5 + 23.5 + 41.5 + 29.5,= 20.5 + 23.5 + 41.5 + 3*23.5 + 42,= 20.5 + 23.5 + 41.5 + 3*23.5 + 42,,Assumes +2 AC from Pincer (restrained). Assumes +4 SB from Spell-Resistant Carapace. Assumes +4 AB from Pincer (restrained).
Trostani,176270-trostani,GGtR,252.0,https://www.dndbeyond.com/monsters/176270-trostani,fey,large,unique,L,18.0,6,20000.0,4.0,2.0,5.0,3.0,10.0,7.0,4,2,11,3,16,13,0.0,1.0,0.0,0.0,0.0,1.0,0.0,0.0,0.0,0.0,0.0,0.0,0.0,0.0,0.0,1.0,1.0,1.0,1.0,1.0,1.0,1.0,1.0,1.0,1.0,1.0,1.0,1.0,2.0,1.0,17.0,17.0,252.0,342.0,8.2,12.2,16.0,16.0,24.0,107.0,107.0,107.0,107.0,107.0,0.0,= 15 + 23 + 3*23,= 15 + 23 + 3*23,= 15 + 23 + 3*23,,
Tsucora Quori,493199-tsucora-quori,ERftLW,307.0,https://www.dndbeyond.com/monsters/493199-tsucora-quori,aberration,medium,generic,N,7.0,3,2900.0,3.0,2.0,4.0,2.0,2.0,3.0,3,2,4,2,5,6,0.0,1.0,0.0,0.0,1.0,0.0,0.0,0.0,0.0,0.0,0.0,0.0,0.0,0.0,0.0,1.0,1.0,1.0,1.0,1.0,1.0,1.0,1.0,1.0,1.0,0.5,1.0,1.0,2.0,1.0,16.0,16.0,68.0,136.0,3.7,3.7,6.0,6.0,,39.0,39.0,39.0,39.0,39.0,0.0,= 8 + 13 + 18,= 8 + 13 + 18,= 8 + 13 + 18,,Assumes +100% HP from Posession.
Turlang,297989-turlang,SKT,107.0,https://www.dndbeyond.com/monsters/297989-turlang,plant,huge,unique,N,9.0,4,5000.0,6.0,-1.0,5.0,1.0,3.0,1.0,6,-1,5,1,3,1,0.0,0.0,0.0,0.0,0.0,0.0,0.0,0.0,0.0,0.0,0.0,0.0,0.0,0.0,0.0,0.5,0.5,1.0,1.0,1.0,2.0,1.0,1.0,1.0,1.0,1.0,1.0,1.0,-1.0,1.0,16.0,16.0,138.0,200.0,2.5,2.5,10.0,10.0,,42.666668,42.666668,0.0,64.0,64.0,0.0,= 0,= 2*16 + 16 + 16,= 2*16 + 16 + 16,,
Twig Blight,17095-twig-blight,MM (2014),32.0,https://www.dndbeyond.com/monsters/17095-twig-blight,plant,small,generic,N,0.125,2,25.0,-2.0,1.0,1.0,-3.0,-1.0,-4.0,-2,1,1,-3,-1,-4,1.0,0.0,1.0,0.0,0.0,0.0,0.0,0.0,0.0,0.0,0.0,0.0,0.0,0.0,0.0,1.0,1.0,1.0,1.0,1.0,2.0,1.0,1.0,1.0,1.0,1.0,1.0,1.0,1.0,1.0,13.0,13.0,4.5,4.5,-1.3,-1.3,3.0,3.0,,3.5,3.5,3.5,3.5,3.5,0.0,= 3.5,= 3.5,= 3.5,,
Two-Headed Cerberus,909513-two-headed-cerberus,MOoT,215.0,https://www.dndbeyond.com/monsters/909513-two-headed-cerberus,monstrosity,medium,generic,N,2.0,2,450.0,2.0,2.0,2.0,-4.0,1.0,-2.0,2,2,2,-4,1,-2,1.0,1.0,1.0,1.0,1.0,0.0,0.0,0.0,0.0,0.0,0.0,0.0,0.0,1.0,0.0,1.0,1.0,1.0,1.0,1.0,0.0,1.0,1.0,0.0,1.0,1.0,1.0,1.0,2.0,1.0,12.0,12.0,39.0,39.0,0.2,0.2,4.0,5.0,12.0,24.0,24.0,30.0,21.0,21.0,0.0,= 2*10 + 10,= 2*7 + 7,= 2*7 + 7,,Assumes +7 DPR from aggressive.
Typhon,909514-typhon,MOoT,246.0,https://www.dndbeyond.com/monsters/909514-typhon,monstrosity,huge,generic,N,15.0,5,13000.0,7.0,0.0,5.0,-2.0,1.0,1.0,7,0,10,-2,1,1,0.0,0.0,0.0,0.0,0.0,0.0,0.0,0.0,0.0,0.0,0.0,0.0,0.0,0.0,0.0,1.0,1.0,1.0,0.0,1.0,1.0,1.0,1.0,0.0,1.0,1.0,1.0,1.0,0.0,1.0,17.0,17.0,195.5,255.5,2.8,2.8,12.0,12.0,,108.333336,108.333336,97.0,114.0,114.0,0.0,= 35 + 17 + 45,= 35 + 17 + 45 + 17,= 35 + 17 + 45 + 17,,
Tyrannosaurus Rex,17041-tyrannosaurus-rex,MM (2014),80.0,https://www.dndbeyond.com/monsters/17041-tyrannosaurus-rex,beast,huge,generic,N,8.0,3,3900.0,7.0,0.0,4.0,-4.0,1.0,-1.0,7,0,4,-4,1,-1,0.0,0.0,0.0,0.0,0.0,0.0,0.0,0.0,0.0,0.0,0.0,0.0,0.0,0.0,0.0,1.0,1.0,1.0,1.0,1.0,1.0,1.0,1.0,1.0,1.0,1.0,1.0,1.0,0.0,1.0,13.0,13.0,136.5,136.5,1.2,1.2,10.0,10.0,,53.0,53.0,53.0,53.0,53.0,0.0,=33+20,=33+20,=33+20,,
Tyrannosaurus Zombie,33286-tyrannosaurus-zombie,ToA,241.0,https://www.dndbeyond.com/monsters/33286-tyrannosaurus-zombie,undead,huge,generic,N,8.0,3,3900.0,7.0,-2.0,4.0,-5.0,-4.0,-3.0,7,-2,4,-5,-4,-3,0.0,0.0,0.0,0.0,0.0,0.0,0.0,0.0,0.0,0.0,1.0,0.0,0.0,0.0,0.0,1.0,1.0,1.0,1.0,1.0,1.0,1.0,1.0,1.0,0.0,1.0,1.0,1.0,-2.0,1.0,11.0,11.0,136.5,150.5,-0.5,-0.5,10.0,10.0,,53.0,53.0,53.0,53.0,53.0,0.0,=33+20,=33+20,=33+20,,
Udaak,744341-udaak,EGtW,301.0,https://www.dndbeyond.com/monsters/744341-udaak,fiend,gargantuan,generic,N,16.0,5,15000.0,8.0,2.0,6.0,-4.0,0.0,0.0,13,2,11,-4,0,0,0.0,0.0,0.0,0.0,1.0,1.0,0.0,0.0,0.0,0.0,1.0,0.0,1.0,0.0,0.0,0.2,0.2,0.2,1.0,1.0,1.0,1.0,1.0,1.0,0.0,1.0,1.0,2.0,2.0,1.5,18.0,20.0,165.0,247.5,3.7,3.7,13.0,13.0,21.0,64.0,82.0,64.0,64.0,64.0,54.0,= 21 + 2*21.5,= 21 + 2*21.5,= 21 + 2*21.5,= 2*27,Assumes +2 AC from Bite (restrained).
Ulder Ravengard,416956-ulder-ravengard,BGDiA,70.0,https://www.dndbeyond.com/monsters/416956-ulder-ravengard,humanoid,medium,unique,N,5.0,3,1800.0,3.0,2.0,3.0,0.0,0.0,3.0,3,2,6,0,3,3,0.0,0.0,0.0,0.0,0.0,0.0,0.0,0.0,0.0,0.0,0.0,0.0,0.0,0.0,0.0,1.0,1.0,1.0,1.0,1.0,1.0,1.0,1.0,1.0,1.0,1.0,1.0,1.0,2.0,1.0,20.0,20.0,112.5,112.5,2.8,2.8,7.0,7.0,,32.0,32.0,32.0,32.0,32.0,0.0,= 3*8 + 8,= 3*8 + 8,= 3*8 + 8,,
Ulitharid,17285-ulitharid,VGtM,175.0,https://www.dndbeyond.com/monsters/17285-ulitharid,aberration,large,legacy,N,9.0,4,5000.0,2.0,1.0,2.0,5.0,4.0,5.0,2,1,2,9,8,9,0.0,0.0,0.0,0.0,0.0,0.0,0.0,0.0,0.0,0.0,0.0,0.0,0.0,0.0,0.0,1.0,1.0,1.0,1.0,1.0,1.0,1.0,1.0,1.0,1.0,1.0,1.0,1.0,1.0,1.0,15.0,15.0,127.5,127.5,5.2,9.2,9.0,9.0,17.0,58.333332,58.333332,93.0,27.0,55.0,0.0,= 3*31,= 27,= 55,,
Ulitharid,2560945-ulitharid,MPMotM,249.0,https://www.dndbeyond.com/monsters/2560945-ulitharid,aberration,large,generic,N,9.0,4,5000.0,2.0,1.0,2.0,5.0,4.0,5.0,2,1,2,9,8,9,0.0,0.0,0.0,0.0,0.0,0.0,0.0,0.0,0.0,0.0,0.0,0.0,0.0,0.0,0.0,1.0,1.0,1.0,1.0,1.0,1.0,1.0,1.0,1.0,1.0,1.0,1.0,1.0,1.0,1.0,15.0,15.0,127.5,172.5,5.2,9.2,9.0,9.0,17.0,48.0,48.0,62.0,27.0,55.0,0.0,= 2*31,= 27,= 55,,
Ultroloth,17126-ultroloth,MM (2014),314.0,https://www.dndbeyond.com/monsters/17126-ultroloth,fiend,medium,generic,N,13.0,5,10000.0,3.0,3.0,4.0,4.0,2.0,4.0,3,3,4,4,2,4,0.0,1.0,0.0,0.0,1.0,0.0,0.0,0.0,0.0,0.0,1.0,0.0,0.0,0.0,0.0,0.7,0.7,0.7,0.0,0.5,0.5,1.0,0.5,1.0,0.0,1.0,1.0,1.0,3.0,1.25,19.0,19.0,153.0,191.3,3.3,7.3,8.0,8.0,17.0,53.0,53.0,111.0,24.0,24.0,0.0,= 3*37,= 3*8,= 3*8,,
Umber Hulk,17205-umber-hulk,MM (2014),292.0,https://www.dndbeyond.com/monsters/17205-umber-hulk,monstrosity,large,generic,N,5.0,3,1800.0,5.0,1.0,3.0,-1.0,0.0,0.0,5,1,3,-1,0,0,0.0,0.0,0.0,0.0,0.0,0.0,0.0,0.0,0.0,0.0,0.0,0.0,0.0,0.0,0.0,1.0,1.0,1.0,1.0,1.0,1.0,1.0,1.0,1.0,1.0,1.0,1.0,1.0,1.0,1.0,18.0,22.0,93.5,93.5,1.3,5.3,8.0,12.0,15.0,33.0,33.0,33.0,33.0,33.0,0.0,= 2*9.5 +14,= 2*9.5 +14,= 2*9.5 +14,,Assumes +4 AC from Confusing Gaze. Assumes +4 SB from Confusing Gaze. Assumes +4 AB and +4 AC from PCs averting their eyes.
Undercity Medusa,175335-undercity-medusa,GGtR,222.0,https://www.dndbeyond.com/monsters/175335-undercity-medusa,monstrosity,medium,generic,N,6.0,3,2300.0,3.0,4.0,3.0,3.0,1.0,2.0,3,4,3,3,1,2,0.0,0.0,0.0,0.0,0.0,0.0,0.0,0.0,0.0,0.0,0.0,0.0,0.0,0.0,0.0,1.0,1.0,1.0,1.0,1.0,1.0,1.0,1.0,1.0,1.0,1.0,1.0,1.0,4.0,1.0,16.0,16.0,120.0,150.0,2.7,6.7,7.0,7.0,,32.666668,32.666668,46.0,26.0,26.0,0.0,= 2*23,= 2*13,= 2*13,,Assumes +30 hp from Petrifying Gaze.
Underworld Cerberus,909515-underworld-cerberus,MOoT,215.0,https://www.dndbeyond.com/monsters/909515-underworld-cerberus,monstrosity,large,generic,N,6.0,3,2300.0,4.0,1.0,4.0,0.0,3.0,-1.0,4,1,4,0,3,-1,1.0,1.0,1.0,1.0,1.0,0.0,0.0,0.0,0.0,0.0,0.0,0.0,0.0,1.0,0.0,1.0,1.0,1.0,1.0,1.0,0.0,1.0,1.0,0.0,1.0,1.0,1.0,1.0,1.0,1.0,16.0,16.0,104.5,104.5,1.8,1.8,7.0,8.0,15.0,56.0,56.0,56.0,56.0,56.0,0.0,= 3*14 + 14,= 3*14 + 14,= 3*14 + 14,,Assumes 14 DPR from Aggressive.
Undying Soldier,487658-undying-soldier,ERftLW,311.0,https://www.dndbeyond.com/monsters/487658-undying-soldier,undead,medium,generic,N,2.0,2,450.0,3.0,1.0,2.0,0.0,1.0,2.0,3,1,2,0,1,2,0.0,0.0,0.0,1.0,0.0,0.0,0.0,0.0,0.0,0.0,1.0,0.0,0.0,0.0,0.0,0.8,0.8,0.8,1.0,1.0,1.0,1.0,1.0,2.0,0.0,1.0,0.5,1.0,1.0,2.0,17.0,17.0,26.0,52.0,1.5,1.5,5.0,5.0,,30.0,30.0,30.0,30.0,30.0,0.0,= 2*15,= 2*15,= 2*15,,
Unicorn,17042-unicorn,MM (2014),294.0,https://www.dndbeyond.com/monsters/17042-unicorn,celestial,large,generic,N,5.0,3,1800.0,4.0,2.0,2.0,0.0,3.0,3.0,4,2,2,0,3,3,0.0,1.0,0.0,0.0,0.0,0.0,0.0,0.0,1.0,0.0,1.0,0.0,0.0,0.0,0.0,1.0,1.0,1.0,1.0,1.0,1.0,1.0,1.0,1.0,0.0,1.0,1.0,1.0,2.0,1.0,12.0,12.0,67.5,67.5,2.3,6.3,7.0,7.0,,52.5,55.5,52.5,52.5,52.5,9.0,= 11 + 8.5 + 3*11,= 11 + 8.5 + 3*11,= 11 + 8.5 + 3*11,= 9,
Unspeakable Horror,1680954-unspeakable-horror,VRGtR,250.0,https://www.dndbeyond.com/monsters/1680954-unspeakable-horror,monstrosity,huge,generic,N,8.0,3,3900.0,5.0,1.0,4.0,-4.0,2.0,3.0,5,1,7,-4,5,3,0.0,0.0,0.0,0.0,0.0,0.0,0.0,0.0,0.0,0.0,0.0,0.0,0.0,0.0,0.0,1.0,1.0,1.0,1.0,1.0,1.0,1.0,1.0,1.0,1.0,1.0,1.0,1.0,1.0,1.0,17.0,17.0,95.0,95.0,2.8,2.8,8.0,8.0,,71.0,71.0,91.0,61.0,61.0,0.0,= 2*45.5,= 2*21.5 + 2*9,= 2*21.5 + 2*9,,"Assumes Aberrant Armor, Corrosive Pseudopod, and Hex Blast."
Uthgardt Shaman,17354-uthgardt-shaman,SKT,243.0,https://www.dndbeyond.com/monsters/17354-uthgardt-shaman,humanoid,medium,generic,N,2.0,2,450.0,2.0,1.0,1.0,0.0,2.0,1.0,2,1,1,0,2,1,0.0,0.0,0.0,0.0,0.0,0.0,0.0,0.0,0.0,0.0,0.0,0.0,0.0,0.0,0.0,1.0,1.0,1.0,1.0,1.0,1.0,1.0,1.0,1.0,1.0,1.0,1.0,1.0,1.0,1.0,13.0,13.0,38.5,38.5,1.2,1.2,4.0,4.0,12.0,31.333334,31.333334,27.0,33.5,33.5,0.0,= 2*13.5,= 6.5 + 2*13.5,= 6.5 + 2*13.5,,
Vajra Safahr,149116-vajra-safahr,WDH,217.0,https://www.dndbeyond.com/monsters/149116-vajra-safahr,humanoid,medium,unique,N,13.0,5,10000.0,0.0,2.0,1.0,5.0,0.0,3.0,0,2,1,10,5,3,0.0,0.0,0.0,0.0,0.0,0.0,0.0,0.0,0.0,0.0,0.0,0.0,0.0,0.0,0.0,1.0,1.0,1.0,1.0,1.0,1.0,1.0,1.0,1.0,1.0,1.0,1.0,1.0,2.0,1.0,17.0,17.0,126.5,183.5,3.5,7.5,12.0,12.0,18.0,161.0,161.0,174.0,162.0,147.0,0.0,= 3*58,= 3*54,= 3*49,,Assumes +19 HPR from Counterspell.
Valenar Hawk,487602-valenar-hawk,ERftLW,312.0,https://www.dndbeyond.com/monsters/487602-valenar-hawk,fey,tiny,generic,N,0.125,2,25.0,-1.0,4.0,0.0,-1.0,3.0,0.0,-1,4,0,-1,3,0,0.0,0.0,0.0,0.0,0.0,0.0,0.0,0.0,0.0,0.0,0.0,0.0,0.0,0.0,0.0,1.0,1.0,1.0,1.0,1.0,1.0,1.0,1.0,1.0,1.0,1.0,1.0,1.0,4.0,1.0,14.0,14.0,10.0,10.0,0.8,0.8,6.0,6.0,,6.5,6.5,6.5,6.5,6.5,0.0,= 6.5,= 6.5,= 6.5,,
Valenar Hound,487611-valenar-hound,ERftLW,312.0,https://www.dndbeyond.com/monsters/487611-valenar-hound,fey,medium,generic,N,0.5,2,100.0,3.0,2.0,2.0,0.0,2.0,0.0,3,2,2,0,2,0,0.0,0.0,0.0,0.0,0.0,0.0,0.0,0.0,0.0,0.0,0.0,0.0,0.0,0.0,0.0,1.0,1.0,1.0,1.0,1.0,1.0,1.0,1.0,1.0,1.0,1.0,1.0,1.0,2.0,1.0,14.0,14.0,19.5,19.5,1.5,1.5,5.0,5.0,,6.5,6.5,6.5,6.5,6.5,0.0,= 6.5,= 6.5,= 6.5,,
Valenar Steed,487619-valenar-steed,ERftLW,313.0,https://www.dndbeyond.com/monsters/487619-valenar-steed,fey,large,generic,N,0.5,2,100.0,2.0,3.0,2.0,0.0,2.0,0.0,2,3,2,0,2,0,0.0,0.0,0.0,0.0,0.0,0.0,0.0,0.0,0.0,0.0,0.0,0.0,0.0,0.0,0.0,1.0,1.0,1.0,1.0,1.0,1.0,1.0,1.0,1.0,1.0,1.0,1.0,1.0,3.0,1.0,13.0,13.0,22.5,22.5,1.5,1.5,5.0,5.0,,10.0,10.0,10.0,10.0,10.0,0.0,= 10,= 10,= 10,,
Vampirate,2821210-vampirate,SAiS:BAM,62.0,https://www.dndbeyond.com/monsters/2821210-vampirate,undead,medium,generic,N,2.0,2,450.0,1.0,2.0,4.0,0.0,0.0,1.0,1,2,4,0,0,1,0.0,1.0,0.0,1.0,0.0,0.0,0.0,0.0,0.0,0.0,1.0,0.0,0.0,0.0,0.0,1.0,1.0,1.0,1.0,0.0,1.0,1.0,1.0,0.0,0.0,1.0,2.0,1.0,2.0,2.0,14.0,14.0,42.5,85.0,1.3,1.3,4.0,4.0,14.0,11.0,12.833333,11.0,11.0,11.0,5.5,= 11,= 11,= 11,= 5.5,
Vampirate Captain,2821208-vampirate-captain,SAiS:BAM,63.0,https://www.dndbeyond.com/monsters/2821208-vampirate-captain,undead,medium,generic,N,6.0,3,2300.0,2.0,3.0,4.0,1.0,1.0,3.0,2,3,7,1,4,6,0.0,1.0,0.0,1.0,0.0,0.0,0.0,0.0,0.0,0.0,1.0,0.0,0.0,0.0,0.0,1.0,1.0,1.0,1.0,0.0,1.0,1.0,1.0,0.0,0.0,1.0,2.0,1.0,3.0,2.0,15.0,15.0,85.0,185.0,3.8,3.8,6.0,6.0,15.0,22.0,27.5,22.0,22.0,22.0,16.5,= 22,= 22,= 22,= 16.5,Assumes +5 HP per round from Uncanny Dodge.
Vampirate Mage,2821209-vampirate-mage,SAiS:BAM,63.0,https://www.dndbeyond.com/monsters/2821209-vampirate-mage,undead,medium,generic,N,5.0,3,1800.0,1.0,2.0,4.0,1.0,2.0,2.0,1,2,4,1,5,5,0.0,1.0,0.0,1.0,0.0,0.0,0.0,0.0,0.0,0.0,1.0,0.0,0.0,0.0,0.0,1.0,1.0,1.0,1.0,0.0,1.0,1.0,1.0,0.0,0.0,1.0,2.0,1.0,2.0,2.0,14.0,14.0,68.0,136.0,3.0,3.0,5.0,5.0,14.0,22.0,25.666666,22.0,22.0,22.0,11.0,= 2*11,= 2*11,= 2*11,= 11,
Vampire,17043-vampire,MM (2014),297.0,https://www.dndbeyond.com/monsters/17043-vampire,undead,medium,legendary,L,13.0,5,10000.0,4.0,4.0,4.0,3.0,2.0,4.0,4,9,4,3,7,9,0.0,0.0,0.0,0.0,0.0,0.0,0.0,0.0,0.0,0.0,0.0,0.0,0.0,0.0,0.0,0.7,0.7,0.7,1.0,1.0,1.0,1.0,1.0,0.5,1.0,1.0,1.0,1.0,4.0,1.25,16.0,16.0,144.5,368.1,6.0,6.0,9.0,9.0,17.0,50.0,50.0,50.0,50.0,50.0,0.0,= 8 + 17 + 8 + 17,= 8 + 17 + 8 + 17,= 8 + 17 + 8 + 17,,
Vampire Spawn,17044-vampire-spawn,MM (2014),298.0,https://www.dndbeyond.com/monsters/17044-vampire-spawn,undead,medium,generic,N,5.0,3,1800.0,3.0,3.0,3.0,0.0,0.0,1.0,3,6,3,0,3,1,0.0,0.0,0.0,0.0,0.0,0.0,0.0,0.0,0.0,0.0,0.0,0.0,0.0,0.0,0.0,0.7,0.7,0.7,1.0,1.0,1.0,1.0,1.0,0.5,1.0,1.0,1.0,1.0,3.0,1.5,15.0,15.0,82.5,184.5,2.7,2.7,6.0,6.0,,18.833334,18.833334,13.5,21.5,21.5,0.0,= 13.5,= 8 + 13.5,= 8 + 13.5,,
Vampire Spellcaster,17207-vampire-spellcaster,MM (2014),298.0,https://www.dndbeyond.com/monsters/17207-vampire-spellcaster,undead,medium,legendary,L,15.0,5,13000.0,4.0,4.0,4.0,3.0,2.0,4.0,4,9,4,3,7,9,0.0,0.0,0.0,0.0,0.0,0.0,0.0,0.0,0.0,0.0,0.0,0.0,0.0,0.0,0.0,0.7,0.7,0.7,1.0,1.0,1.0,1.0,1.0,0.5,1.0,1.0,1.0,1.0,4.0,1.25,16.0,16.0,144.5,368.1,6.0,6.0,9.0,9.0,16.0,62.333332,62.333332,65.0,61.0,61.0,0.0,= 40 + 8 + 17,= 36 + 8 + 17,= 36 + 8 + 17,,
Vampire Warrior,17206-vampire-warrior,MM (2014),298.0,https://www.dndbeyond.com/monsters/17206-vampire-warrior,undead,medium,legendary,L,15.0,5,13000.0,4.0,4.0,4.0,3.0,2.0,4.0,4,9,4,3,7,9,0.0,0.0,0.0,0.0,0.0,0.0,0.0,0.0,0.0,0.0,0.0,0.0,0.0,0.0,0.0,0.7,0.7,0.7,1.0,1.0,1.0,1.0,1.0,0.5,1.0,1.0,1.0,1.0,4.0,1.25,18.0,18.0,144.5,368.1,6.0,6.0,9.0,9.0,,47.0,47.0,47.0,47.0,47.0,0.0,= 2*11 + 8 + 17,= 2*11 + 8 + 17,= 2*11 + 8 + 17,,
Vampiric Ixitxachitl,17381-vampiric-ixitxachitl,OotA,226.0,https://www.dndbeyond.com/monsters/17381-vampiric-ixitxachitl,aberration,medium,generic,N,2.0,2,450.0,2.0,4.0,1.0,1.0,1.0,-2.0,2,4,1,1,1,-2,0.0,0.0,0.0,0.0,0.0,0.0,0.0,0.0,0.0,0.0,0.0,0.0,0.0,0.0,0.0,1.0,1.0,1.0,1.0,1.0,1.0,1.0,1.0,1.0,1.0,1.0,1.0,1.0,4.0,1.0,16.0,16.0,44.0,83.0,1.2,1.2,4.0,4.0,,9.0,9.0,15.0,6.0,6.0,0.0,= 6 + 9,= 6,= 6,,
Vampiric Jade Statue,309683-vampiric-jade-statue,GoS,256.0,https://www.dndbeyond.com/monsters/309683-vampiric-jade-statue,construct,large,unique,L,8.0,3,3900.0,3.0,2.0,4.0,-2.0,0.0,-3.0,3,2,4,-2,0,-3,0.0,1.0,0.0,1.0,1.0,0.0,0.0,0.0,1.0,1.0,1.0,0.0,0.0,0.0,0.0,1.0,1.0,1.0,1.0,1.0,1.0,2.0,0.0,1.0,0.0,1.0,1.0,1.0,2.0,1.0,14.0,14.0,114.0,174.0,0.7,0.7,6.0,10.0,,60.0,60.0,60.0,60.0,60.0,0.0,= 10 + 2*10 + 3*10,= 10 + 2*10 + 3*10,= 10 + 2*10 + 3*10,,Assumes advantage from attacking cursed creature.
Vampiric Mind Flayer,1680955-vampiric-mind-flayer,VRGtR,252.0,https://www.dndbeyond.com/monsters/1680955-vampiric-mind-flayer,undead,medium,generic,N,5.0,3,1800.0,4.0,4.0,4.0,-3.0,2.0,4.0,4,7,4,0,5,7,0.0,1.0,0.0,1.0,1.0,0.0,0.0,0.0,0.0,0.0,0.0,0.0,0.0,0.0,0.0,1.0,1.0,1.0,1.0,1.0,1.0,1.0,1.0,0.5,1.0,0.5,1.0,1.0,4.0,1.0,15.0,15.0,85.0,85.0,4.5,4.5,7.0,7.0,15.0,38.0,38.0,38.0,38.0,38.0,0.0,= 2*19,= 2*19,= 2*19,,
Vampiric Mist,23135-vampiric-mist,MToF,247.0,https://www.dndbeyond.com/monsters/23135-vampiric-mist,undead,medium,legacy,N,3.0,2,700.0,-2.0,3.0,3.0,-2.0,1.0,-2.0,-2,3,3,-2,3,-2,0.0,1.0,0.0,1.0,0.0,1.0,0.0,0.0,1.0,1.0,1.0,1.0,1.0,0.0,0.0,0.7,0.7,0.7,0.5,0.5,1.0,1.0,0.5,0.5,0.0,1.0,1.0,0.5,3.0,2.0,13.0,13.0,30.0,120.0,0.5,0.5,5.0,5.0,13.0,10.0,10.0,10.0,10.0,10.0,0.0,= 10,= 10,= 10,,Assumes +10 HPR from Life Drain.
Vampiric Mist,2560946-vampiric-mist,MPMotM,250.0,https://www.dndbeyond.com/monsters/2560946-vampiric-mist,undead,medium,generic,N,3.0,2,700.0,-2.0,3.0,3.0,-2.0,1.0,-2.0,-2,3,3,-2,3,-2,0.0,1.0,0.0,1.0,0.0,1.0,0.0,0.0,1.0,1.0,1.0,1.0,1.0,0.0,0.0,0.7,0.7,0.7,0.5,0.5,1.0,1.0,0.5,0.5,0.0,1.0,1.0,0.5,3.0,2.0,13.0,13.0,30.0,120.0,0.5,0.5,5.0,5.0,13.0,10.0,10.0,10.0,10.0,10.0,0.0,= 10,= 10,= 10,,Assumes +10 HPR from Life Drain.
Vanifer,17443-vanifer,PotA,203.0,https://www.dndbeyond.com/monsters/17443-vanifer,humanoid,medium,unique,N,9.0,4,5000.0,0.0,3.0,3.0,1.0,1.0,4.0,0,3,3,1,1,4,0.0,0.0,0.0,0.0,0.0,0.0,0.0,0.0,0.0,0.0,0.0,0.0,0.0,0.0,0.0,1.0,1.0,1.0,1.0,1.0,0.0,1.0,1.0,1.0,1.0,1.0,1.0,1.0,3.0,1.0,15.0,20.0,112.5,152.5,2.0,2.0,8.0,8.0,16.0,67.333336,67.333336,70.0,70.0,62.0,0.0,= 2*35,= 2*35,= 2*31,,
Vargouille,17307-vargouille,VGtM,194.0,https://www.dndbeyond.com/monsters/17307-vargouille,fiend,tiny,legacy,N,1.0,2,200.0,-2.0,2.0,2.0,-3.0,-2.0,-4.0,-2,2,2,-3,-2,-4,0.0,0.0,0.0,0.0,0.0,0.0,0.0,0.0,0.0,0.0,1.0,0.0,0.0,0.0,0.0,1.0,1.0,1.0,1.0,0.5,0.5,1.0,0.5,1.0,0.0,1.0,1.0,1.0,2.0,2.0,12.0,12.0,13.5,27.0,-1.2,-1.2,4.0,4.0,,15.0,15.0,15.0,15.0,15.0,0.0,= 15,= 15,= 15,,
Vargouille,2560947-vargouille,MPMotM,251.0,https://www.dndbeyond.com/monsters/2560947-vargouille,fiend,tiny,generic,N,1.0,2,200.0,-2.0,2.0,2.0,-3.0,-2.0,-4.0,-2,2,2,-3,-2,-4,0.0,0.0,0.0,0.0,0.0,0.0,0.0,0.0,0.0,0.0,1.0,0.0,0.0,0.0,0.0,1.0,1.0,1.0,1.0,0.5,0.5,1.0,0.5,1.0,0.0,1.0,1.0,1.0,2.0,2.0,12.0,12.0,18.0,36.0,-1.2,-1.2,4.0,4.0,,16.0,16.0,16.0,16.0,16.0,0.0,= 16,= 16,= 16,,
Vargouille Reflection,3883569-vargouille-reflection,PAitM:MPP,52.0,https://www.dndbeyond.com/monsters/3883569-vargouille-reflection,fiend,tiny,generic,N,1.0,2,200.0,-2.0,2.0,2.0,-2.0,0.0,-4.0,-2,2,2,-2,0,-4,0.0,0.0,0.0,0.0,0.0,0.0,0.0,0.0,0.0,0.0,1.0,0.0,0.0,0.0,0.0,1.0,1.0,1.0,1.0,0.5,0.5,1.0,0.5,1.0,0.0,0.5,1.0,1.0,2.0,2.0,12.0,12.0,22.5,45.0,-0.7,3.3,4.0,4.0,,16.0,16.0,16.0,16.0,16.0,0.0,= 16,= 16,= 16,,
Vecna the Archlich,2590978-vecna-the-archlich,VEoR,254.0,https://www.dndbeyond.com/monsters/2590978-vecna-the-archlich,undead,medium,unique,L,26.0,8,90000.0,2.0,3.0,4.0,6.0,7.0,3.0,2,3,12,14,15,3,0.0,1.0,0.0,1.0,1.0,0.0,0.0,0.0,1.0,0.0,1.0,0.0,0.0,1.0,0.0,0.2,0.2,0.2,1.0,0.5,1.0,1.0,0.5,0.5,0.0,1.0,1.0,1.0,3.0,1.25,18.0,18.0,272.0,827.5,8.2,13.2,13.0,13.0,22.0,181.5,199.5,181.5,181.5,181.5,54.0,= 96 + 2*16.5 + 2*10.5 + 3*10.5,= 96 + 2*16.5 + 2*10.5 + 3*10.5,= 96 + 2*16.5 + 2*10.5 + 3*10.5,= 3*2*9,Assumes +80 HPR from Vile Teleport. Assumes +5 SB from Dread Counterspell. Assumes +18 DPR from Afterthought.
Vegepygmy,17308-vegepygmy,VGtM,196.0,https://www.dndbeyond.com/monsters/17308-vegepygmy,plant,small,legacy,N,0.25,2,50.0,-2.0,2.0,1.0,-2.0,0.0,-2.0,-2,2,1,-2,0,-2,0.0,0.0,0.0,0.0,0.0,0.0,0.0,0.0,0.0,0.0,0.0,0.0,0.0,0.0,0.0,1.0,0.5,1.0,1.0,1.0,1.0,1.0,0.5,1.0,1.0,1.0,1.0,1.0,2.0,1.0,13.0,13.0,9.0,18.0,-0.5,-0.5,4.0,4.0,,5.5,5.5,5.5,5.5,5.5,0.0,= 5.5,= 5.5,= 5.5,,
Vegepygmy,2560949-vegepygmy,MPMotM,252.0,https://www.dndbeyond.com/monsters/2560949-vegepygmy,plant,small,generic,N,0.25,2,50.0,-2.0,2.0,1.0,-2.0,0.0,-2.0,-2,2,1,-2,0,-2,0.0,0.0,0.0,0.0,0.0,0.0,0.0,0.0,0.0,0.0,0.0,0.0,0.0,0.0,0.0,1.0,0.5,1.0,1.0,1.0,1.0,1.0,0.5,1.0,1.0,1.0,1.0,1.0,2.0,1.0,13.0,13.0,13.5,22.5,-0.5,-0.5,4.0,4.0,,5.5,5.5,5.5,5.5,5.5,0.0,= 5.5,= 5.5,= 5.5,,
Vegepygmy Chief,17309-vegepygmy-chief,VGtM,197.0,https://www.dndbeyond.com/monsters/17309-vegepygmy-chief,plant,small,legacy,N,2.0,2,450.0,2.0,2.0,2.0,-2.0,1.0,-1.0,2,2,2,-2,1,-1,0.0,0.0,0.0,0.0,0.0,0.0,0.0,0.0,0.0,0.0,0.0,0.0,0.0,0.0,0.0,1.0,0.5,1.0,1.0,1.0,1.0,1.0,0.5,1.0,1.0,1.0,1.0,1.0,2.0,1.0,14.0,15.0,33.0,48.0,0.7,0.7,4.0,4.0,,14.0,14.0,18.0,12.0,12.0,0.0,= 2*9,= 2*6,= 2*6,,Assumes +1 AC from Spores.
Vegepygmy Chief,2560948-vegepygmy-chief,MPMotM,253.0,https://www.dndbeyond.com/monsters/2560948-vegepygmy-chief,plant,small,generic,N,2.0,2,450.0,2.0,2.0,2.0,-2.0,1.0,-1.0,2,2,2,-2,1,-1,0.0,0.0,0.0,0.0,0.0,0.0,0.0,0.0,0.0,0.0,0.0,0.0,0.0,0.0,0.0,1.0,0.5,1.0,1.0,1.0,1.0,1.0,0.5,1.0,1.0,1.0,1.0,1.0,2.0,1.0,14.0,14.0,33.0,48.0,0.7,0.7,4.0,4.0,12.0,20.666666,20.666666,36.0,13.0,13.0,0.0,= 4*9,= 2*6.5,= 2*6.5,,
Vegepygmy Moldmaker,4635163-vegepygmy-moldmaker,QftIS,218.0,https://www.dndbeyond.com/monsters/4635163-vegepygmy-moldmaker,plant,small,generic,N,3.0,2,700.0,0.0,2.0,2.0,0.0,3.0,0.0,0,2,2,2,5,0,0.0,0.0,0.0,0.0,0.0,0.0,0.0,0.0,0.0,0.0,0.0,0.0,0.0,0.0,0.0,1.0,0.5,1.0,1.0,1.0,1.0,1.0,0.5,1.0,1.0,1.0,1.0,1.0,2.0,1.0,15.0,15.0,44.0,65.0,1.8,1.8,4.0,4.0,13.0,25.0,25.0,25.0,25.0,25.0,0.0,= 2*12.5,= 2*12.5,= 2*12.5,,
Vegepygmy Scavenger,4635164-vegepygmy-scavenger,QftIS,218.0,https://www.dndbeyond.com/monsters/4635164-vegepygmy-scavenger,plant,small,generic,N,0.25,2,50.0,-2.0,2.0,1.0,-2.0,0.0,-2.0,-2,2,1,-2,0,-2,0.0,0.0,0.0,0.0,0.0,0.0,0.0,0.0,0.0,0.0,0.0,0.0,0.0,0.0,0.0,1.0,0.5,1.0,1.0,1.0,1.0,1.0,0.5,1.0,1.0,1.0,1.0,1.0,2.0,1.0,13.0,17.0,13.5,22.5,-0.5,-0.5,4.0,8.0,,5.5,5.5,5.5,5.5,5.5,0.0,= 5.5,= 5.5,= 5.5,,
Vegepygmy Thorny Hunter,4635165-vegepygmy-thorny-hunter,QftIS,219.0,https://www.dndbeyond.com/monsters/4635165-vegepygmy-thorny-hunter,plant,medium,generic,N,2.0,2,450.0,2.0,2.0,1.0,-4.0,0.0,-2.0,2,2,1,-4,0,-2,0.0,0.0,0.0,0.0,0.0,0.0,0.0,0.0,0.0,0.0,0.0,0.0,0.0,0.0,0.0,1.0,0.5,1.0,1.0,1.0,1.0,1.0,0.5,1.0,1.0,1.0,1.0,1.0,2.0,1.0,14.0,14.0,27.5,42.5,-0.2,-0.2,4.0,5.0,,11.0,11.0,11.0,11.0,11.0,0.0,= 11,= 11,= 11,,
Veiled Presence,3960636-veiled-presence,TBoMT,48.0,https://www.dndbeyond.com/monsters/3960636-veiled-presence,celestial,medium,legendary,L,21.0,7,33000.0,2.0,7.0,3.0,7.0,5.0,6.0,2,14,3,14,5,6,0.0,1.0,0.0,0.0,1.0,0.0,0.0,0.0,0.0,0.0,0.0,0.0,0.0,0.0,0.0,1.0,1.0,1.0,1.0,1.0,1.0,1.0,1.0,0.5,1.0,1.0,0.5,1.0,7.0,1.0,20.0,24.0,300.0,435.0,7.3,7.3,14.0,16.0,22.0,111.0,133.0,111.0,111.0,111.0,66.0,= 2*37.5 + 2*18,= 2*37.5 + 2*18,= 2*37.5 + 2*18,= 66,Assumes +15 HP per round from Uncanny Dodge. Assumes +4 AC from Searing Radiance (disadvantage). Assumes +2 AB from Searing Radiance. Assumes +66 damage from Revelation.
Veiled Presence,3960636-veiled-presence,TBoMT,48.0,https://www.dndbeyond.com/monsters/3960636-veiled-presence,celestial,medium,legendary,LL,21.0,7,33000.0,2.0,7.0,3.0,7.0,5.0,6.0,2,14,3,14,5,6,0.0,1.0,0.0,0.0,1.0,0.0,0.0,0.0,0.0,0.0,0.0,0.0,0.0,0.0,0.0,1.0,1.0,1.0,1.0,1.0,1.0,1.0,1.0,0.5,1.0,1.0,0.5,1.0,7.0,1.0,20.0,24.0,300.0,435.0,7.3,7.3,14.0,16.0,22.0,129.66667,151.66667,139.0,111.0,139.0,66.0,= 2*37.5 + 2*18 + 2*14,= 2*37.5 + 2*18,= 2*37.5 + 2*18 + 2*14,= 66,Assumes +15 HP per round from Uncanny Dodge. Assumes +4 AC from Searing Radiance (disadvantage). Assumes +2 AB from Searing Radiance. Assumes +66 damage from Revelation.
Vellynne Harpell,1123131-vellynne-harpell,IDRotF,273.0,https://www.dndbeyond.com/monsters/1123131-vellynne-harpell,humanoid,medium,unique,N,4.0,2,1100.0,0.0,1.0,3.0,4.0,2.0,1.0,0,1,3,6,4,1,0.0,0.0,0.0,0.0,0.0,0.0,0.0,0.0,0.0,0.0,0.0,0.0,0.0,0.0,0.0,1.0,1.0,1.0,1.0,1.0,1.0,1.0,1.0,1.0,1.0,1.0,1.0,1.0,1.0,1.0,13.0,13.0,67.5,74.5,2.5,2.5,6.0,6.0,14.0,28.666666,28.666666,36.0,36.0,14.0,0.0,= 36,= 36,= 14,,
Velociraptor,17243-velociraptor,VGtM,140.0,https://www.dndbeyond.com/monsters/17243-velociraptor,beast,tiny,legacy,N,0.25,2,50.0,-2.0,2.0,1.0,-3.0,1.0,-2.0,-2,2,1,-3,1,-2,0.0,0.0,0.0,0.0,0.0,0.0,0.0,0.0,0.0,0.0,0.0,0.0,0.0,0.0,0.0,1.0,1.0,1.0,1.0,1.0,1.0,1.0,1.0,1.0,1.0,1.0,1.0,1.0,2.0,1.0,13.0,13.0,10.5,10.5,-0.5,-0.5,4.0,5.0,,10.0,10.0,10.0,10.0,10.0,0.0,= 5.5 + 4.5,= 5.5 + 4.5,= 5.5 + 4.5,,
Velociraptor,2560950-velociraptor,MPMotM,96.0,https://www.dndbeyond.com/monsters/2560950-velociraptor,beast,tiny,generic,N,0.25,2,50.0,-2.0,2.0,1.0,-3.0,1.0,-2.0,-2,2,1,-3,1,-2,0.0,0.0,0.0,0.0,0.0,0.0,0.0,0.0,0.0,0.0,0.0,0.0,0.0,0.0,0.0,1.0,1.0,1.0,1.0,1.0,1.0,1.0,1.0,1.0,1.0,1.0,1.0,1.0,2.0,1.0,13.0,13.0,10.5,10.5,-0.5,-0.5,4.0,5.0,,10.0,10.0,10.0,10.0,10.0,0.0,= 5.5 + 4.5,= 5.5 + 4.5,= 5.5 + 4.5,,
Velomachus Lorehold,2160337-velomachus-lorehold,SACoC,219.0,https://www.dndbeyond.com/monsters/2160337-velomachus-lorehold,dragon,gargantuan,unique,L,25.0,8,75000.0,10.0,2.0,9.0,10.0,5.0,4.0,10,10,17,10,13,12,0.0,0.0,0.0,0.0,0.0,0.0,0.0,0.0,0.0,0.0,0.0,0.0,0.0,0.0,0.0,1.0,1.0,1.0,1.0,1.0,1.0,1.0,1.0,1.0,1.0,1.0,1.0,0.0,2.0,1.0,21.0,21.0,487.5,577.5,12.0,12.0,18.0,20.0,25.0,133.83333,133.83333,222.5,89.5,89.5,0.0,= 2*91 + 3*13.5,= 22 + 2*13.5 + 3*13.5,= 22 + 2*13.5 + 3*13.5,,Assumes +2 AB from Claw.
Venom Troll,94193-venom-troll,MToF,245.0,https://www.dndbeyond.com/monsters/94193-venom-troll,giant,large,legacy,N,7.0,3,2900.0,4.0,1.0,5.0,-2.0,-1.0,-2.0,4,1,5,-2,-1,-2,0.0,0.0,0.0,0.0,0.0,0.0,0.0,0.0,0.0,0.0,1.0,0.0,0.0,0.0,0.0,1.0,1.0,1.0,1.0,1.0,1.0,1.0,1.0,1.0,0.0,1.0,1.0,1.0,1.0,1.0,15.0,15.0,94.5,124.5,0.8,0.8,7.0,7.0,,43.0,61.0,43.0,43.0,43.0,54.0,= 12 + 2*15.5,= 12 + 2*15.5,= 12 + 2*15.5,= 3*2*9,Assumes +2*9 DPR from Poison Splash.
Venom Troll,2560951-venom-troll,MPMotM,248.0,https://www.dndbeyond.com/monsters/2560951-venom-troll,giant,large,generic,N,7.0,3,2900.0,4.0,1.0,5.0,-2.0,-1.0,-2.0,4,1,5,-2,-1,-2,0.0,0.0,0.0,0.0,0.0,0.0,0.0,0.0,0.0,0.0,1.0,0.0,0.0,0.0,0.0,1.0,1.0,1.0,1.0,1.0,1.0,1.0,1.0,1.0,0.0,1.0,1.0,1.0,1.0,1.0,15.0,15.0,94.5,124.5,0.8,0.8,7.0,7.0,,43.0,61.0,43.0,43.0,43.0,54.0,= 12 + 2*15.5,= 12 + 2*15.5,= 12 + 2*15.5,= 3*2*9,Assumes +2*9 DPR from Poison Splash.
Verbeeg Longstrider,1123132-verbeeg-longstrider,IDRotF,311.0,https://www.dndbeyond.com/monsters/1123132-verbeeg-longstrider,giant,large,generic,N,5.0,3,1800.0,4.0,2.0,3.0,1.0,2.0,0.0,4,5,6,1,5,0,0.0,0.0,0.0,0.0,0.0,0.0,0.0,0.0,0.0,0.0,0.0,0.0,0.0,0.0,0.0,1.0,1.0,1.0,1.0,1.0,1.0,1.0,1.0,1.0,1.0,1.0,1.0,1.0,2.0,1.0,14.0,14.0,119.0,119.0,3.5,3.5,7.0,7.0,,34.0,34.0,34.0,34.0,34.0,0.0,= 2*17,= 2*17,= 2*17,,
Verbeeg Marauder,1123133-verbeeg-marauder,IDRotF,311.0,https://www.dndbeyond.com/monsters/1123133-verbeeg-marauder,giant,large,generic,N,4.0,2,1100.0,4.0,0.0,3.0,0.0,0.0,-1.0,4,2,5,0,0,-1,0.0,0.0,0.0,0.0,0.0,0.0,0.0,0.0,0.0,0.0,0.0,0.0,0.0,0.0,0.0,1.0,1.0,1.0,1.0,1.0,1.0,1.0,1.0,1.0,1.0,1.0,1.0,1.0,0.0,1.0,14.0,14.0,85.0,85.0,1.7,1.7,6.0,6.0,,28.0,28.0,28.0,28.0,28.0,0.0,= 2*14,= 2*14,= 2*14,,
Veteran,17045-veteran,MM (2014),350.0,https://www.dndbeyond.com/monsters/17045-veteran,humanoid,medium,generic,N,3.0,2,700.0,3.0,1.0,2.0,0.0,0.0,0.0,3,1,2,0,0,0,0.0,0.0,0.0,0.0,0.0,0.0,0.0,0.0,0.0,0.0,0.0,0.0,0.0,0.0,0.0,1.0,1.0,1.0,1.0,1.0,1.0,1.0,1.0,1.0,1.0,1.0,1.0,1.0,1.0,1.0,17.0,17.0,58.5,58.5,1.0,1.0,5.0,5.0,,20.0,20.0,20.0,20.0,20.0,0.0,= 2*7 + 6,= 2*7 + 6,= 2*7 + 6,,
Victoro Cassalanter,149477-victoro-cassalanter,WDH,218.0,https://www.dndbeyond.com/monsters/149477-victoro-cassalanter,humanoid,medium,unique,N,10.0,4,5900.0,1.0,1.0,2.0,3.0,3.0,4.0,1,1,6,3,7,4,0.0,0.0,0.0,0.0,0.0,0.0,0.0,0.0,0.0,0.0,1.0,0.0,0.0,0.0,0.0,1.0,1.0,1.0,1.0,1.0,1.0,1.0,1.0,1.0,0.0,1.0,1.0,1.0,1.0,1.0,15.0,15.0,97.5,97.5,3.7,3.7,7.0,7.0,15.0,69.333336,69.333336,76.0,70.0,62.0,0.0,=2*38,= 2*35,= 2*31,,
Vine Blight,17216-vine-blight,MM (2014),32.0,https://www.dndbeyond.com/monsters/17216-vine-blight,plant,medium,generic,N,0.5,2,100.0,2.0,-1.0,2.0,-3.0,0.0,-4.0,2,-1,2,-3,0,-4,1.0,0.0,1.0,0.0,0.0,0.0,0.0,0.0,0.0,0.0,0.0,0.0,0.0,0.0,0.0,1.0,1.0,1.0,1.0,1.0,1.0,1.0,1.0,1.0,1.0,1.0,1.0,1.0,-1.0,1.0,12.0,12.0,26.0,26.0,-0.7,-0.7,4.0,4.0,,9.0,9.0,9.0,9.0,9.0,0.0,= 9,= 9,= 9,,
Violet Fungus,17046-violet-fungus,MM (2014),138.0,https://www.dndbeyond.com/monsters/17046-violet-fungus,plant,medium,generic,N,0.25,2,50.0,-4.0,-5.0,0.0,-5.0,-4.0,-5.0,-4,-5,0,-5,-4,-5,1.0,0.0,1.0,0.0,1.0,0.0,0.0,0.0,0.0,0.0,0.0,0.0,0.0,0.0,0.0,1.0,1.0,1.0,1.0,1.0,1.0,1.0,1.0,1.0,1.0,1.0,1.0,1.0,-5.0,1.0,5.0,5.0,18.0,18.0,-3.8,-3.8,2.0,2.0,,10.5,10.5,9.0,13.5,9.0,0.0,= 2*4.5,= 3*4.5,= 2*4.5,,
Vladimir Horngaard,17376-vladimir-horngaard,CoS,241.0,https://www.dndbeyond.com/monsters/17376-vladimir-horngaard,undead,medium,unique,N,7.0,3,2900.0,4.0,2.0,4.0,1.0,3.0,4.0,7,2,7,1,6,7,0.0,1.0,0.0,1.0,1.0,0.0,0.0,0.0,1.0,0.0,1.0,0.0,0.0,1.0,0.0,1.0,1.0,1.0,1.0,1.0,1.0,1.0,1.0,0.5,0.0,0.5,1.0,1.0,2.0,1.0,17.0,17.0,192.0,222.0,5.0,5.0,9.0,9.0,,40.0,40.0,40.0,40.0,40.0,0.0,= 2*20,= 2*20,= 2*20,,
Vlazok,4468342-vlazok,VEoR,238.0,https://www.dndbeyond.com/monsters/4468342-vlazok,fiend,large,generic,N,11.0,4,7200.0,5.0,4.0,3.0,-2.0,-1.0,-1.0,9,4,7,-2,-1,-1,0.0,1.0,0.0,1.0,1.0,0.0,0.0,0.0,0.0,0.0,1.0,0.0,0.0,0.0,0.0,1.0,1.0,1.0,1.0,0.5,0.5,1.0,0.5,1.0,0.0,1.0,1.0,1.0,4.0,1.25,17.0,17.0,136.0,170.0,2.7,6.7,9.0,13.0,,73.0,73.0,73.0,73.0,73.0,0.0,= 2*23 + 27,= 2*23 + 27,= 2*23 + 27,,Assumes +4 AB from Blood Frenzy.
Void Scavver,2821211-void-scavver,SAiS:BAM,49.0,https://www.dndbeyond.com/monsters/2821211-void-scavver,monstrosity,huge,generic,N,11.0,4,7200.0,6.0,3.0,4.0,-3.0,1.0,-3.0,6,3,4,-3,1,-3,0.0,0.0,0.0,0.0,0.0,0.0,0.0,0.0,0.0,0.0,0.0,0.0,0.0,0.0,0.0,1.0,1.0,1.0,1.0,1.0,1.0,1.0,1.0,1.0,1.0,1.0,1.0,1.0,3.0,1.0,15.0,16.0,157.5,157.5,1.3,1.3,10.0,10.0,,52.333332,52.333332,45.0,56.0,56.0,0.0,= 45,= 45 + 11,= 45 + 11,,Assumes +1 AC from Ray of Fear (frightened).
Volothamp “Volo” Geddarm,33269-volothamp-volo-geddarm,ToA,235.0,https://www.dndbeyond.com/monsters/33269-volothamp-volo-geddarm,humanoid,medium,unique,N,0.25,2,50.0,-1.0,1.0,0.0,2.0,0.0,3.0,-1,1,2,2,2,3,0.0,0.0,0.0,0.0,0.0,0.0,0.0,0.0,0.0,0.0,0.0,0.0,0.0,0.0,0.0,1.0,1.0,1.0,1.0,1.0,1.0,1.0,1.0,1.0,1.0,1.0,1.0,1.0,1.0,1.0,11.0,11.0,31.5,31.5,1.5,1.5,3.0,3.0,,3.0,3.0,3.0,3.0,3.0,0.0,= 3,= 3,= 3,,
Vox Seeker,745162-vox-seeker,EGtW,270.0,https://www.dndbeyond.com/monsters/745162-vox-seeker,construct,tiny,generic,N,0.125,2,25.0,-4.0,0.0,1.0,-5.0,0.0,-5.0,-4,0,1,-5,0,-5,1.0,1.0,1.0,1.0,1.0,0.0,0.0,0.0,1.0,1.0,1.0,0.0,0.0,0.0,0.0,1.0,1.0,1.0,1.0,1.0,1.0,1.0,1.0,1.0,0.0,0.0,1.0,1.0,0.0,1.0,14.0,14.0,7.0,7.0,-2.2,-2.2,2.0,2.0,,5.5,5.5,5.5,5.5,5.5,0.0,= 5.5,= 5.5,= 5.5,,
Vrock,17047-vrock,MM (2014),64.0,https://www.dndbeyond.com/monsters/17047-vrock,fiend,large,generic,N,6.0,3,2300.0,3.0,2.0,4.0,-1.0,1.0,-1.0,3,5,4,-1,4,2,0.0,0.0,0.0,0.0,0.0,0.0,0.0,0.0,0.0,0.0,1.0,0.0,0.0,0.0,0.0,0.7,0.7,0.7,1.0,0.5,0.5,1.0,0.5,1.0,0.0,1.0,1.0,1.0,2.0,1.5,15.0,15.0,104.5,156.8,2.8,6.8,6.0,6.0,14.0,24.0,24.0,24.0,24.0,24.0,0.0,= 24,= 24,= 24,,
Walking Statue of Waterdeep,149497-walking-statue-of-waterdeep,WDH,219.0,https://www.dndbeyond.com/monsters/149497-walking-statue-of-waterdeep,construct,gargantuan,generic,N,18.0,6,20000.0,10.0,-1.0,8.0,-5.0,0.0,-5.0,10,-1,14,-5,0,-5,0.0,1.0,0.0,1.0,1.0,0.0,0.0,0.0,1.0,1.0,1.0,0.0,0.0,1.0,0.0,0.3,0.3,0.3,1.0,0.0,0.0,1.0,1.0,1.0,0.0,0.0,1.0,1.0,-1.0,1.25,17.0,17.0,314.5,393.1,2.2,6.2,16.0,16.0,22.0,72.666664,72.666664,58.0,58.0,102.0,0.0,= 2*29,= 2*29,= 2*29 + 2*22,,
Walrus,1123134-walrus,IDRotF,312.0,https://www.dndbeyond.com/monsters/1123134-walrus,beast,large,generic,N,0.25,2,50.0,2.0,-1.0,2.0,-4.0,0.0,-3.0,2,-1,2,-4,0,-3,0.0,0.0,0.0,0.0,0.0,0.0,0.0,0.0,0.0,0.0,0.0,0.0,0.0,0.0,0.0,1.0,1.0,1.0,1.0,1.0,1.0,1.0,1.0,1.0,1.0,1.0,1.0,1.0,-1.0,1.0,9.0,9.0,22.5,22.5,-0.7,-0.7,4.0,4.0,,7.0,7.0,7.0,7.0,7.0,0.0,= 7,= 7,= 7,,
War Priest,17342-war-priest,VGtM,218.0,https://www.dndbeyond.com/monsters/17342-war-priest,humanoid,medium,legacy,N,9.0,4,5000.0,3.0,0.0,2.0,0.0,3.0,1.0,3,0,6,0,7,1,0.0,0.0,0.0,0.0,0.0,0.0,0.0,0.0,0.0,0.0,0.0,0.0,0.0,0.0,0.0,1.0,1.0,1.0,1.0,1.0,1.0,1.0,1.0,1.0,1.0,1.0,1.0,1.0,0.0,1.0,18.0,18.0,117.0,117.0,2.8,2.8,7.0,7.0,15.0,69.333336,69.333336,36.0,68.0,104.0,0.0,= 2*18,= 2*10 + 12 + 2*18,= 2*28 + 12 + 2*18,,"1: spirit guardians
2: attack action, spiritual weapon, spirit guardians
3: flame strike, sprit weapon, spirit guardians"
War Priest,2560952-war-priest,MPMotM,254.0,https://www.dndbeyond.com/monsters/2560952-war-priest,humanoid,medium,generic,N,9.0,4,5000.0,3.0,0.0,2.0,0.0,3.0,1.0,3,0,6,0,7,1,0.0,0.0,0.0,0.0,0.0,0.0,0.0,0.0,0.0,0.0,0.0,0.0,0.0,0.0,0.0,1.0,1.0,1.0,1.0,1.0,1.0,1.0,1.0,1.0,1.0,1.0,1.0,1.0,0.0,1.0,18.0,18.0,117.0,141.0,2.8,2.8,7.0,7.0,15.0,53.0,53.0,53.0,53.0,53.0,0.0,= 2*20.5 + 12,= 2*20.5 + 12,= 2*20.5 + 12,,
Warden Archon,3883570-warden-archon,PAitM:MPP,18.0,https://www.dndbeyond.com/monsters/3883570-warden-archon,celestial,large,generic,N,8.0,3,3900.0,5.0,0.0,3.0,2.0,4.0,4.0,5,0,6,2,7,4,0.0,1.0,0.0,1.0,1.0,0.0,0.0,0.0,1.0,0.0,0.0,0.0,0.0,0.0,0.0,1.0,1.0,1.0,1.0,1.0,1.0,1.0,0.0,1.0,1.0,1.0,1.0,1.0,0.0,1.0,18.0,19.0,136.0,136.0,4.0,4.0,8.0,8.0,15.0,39.5,39.5,39.5,39.5,39.5,0.0,= 2*12 + 15.5,= 2*12 + 15.5,= 2*12 + 15.5,,Assumes +1 AC from Aura of Menace.
Warduke,1979813-warduke,TWBtW,221.0,https://www.dndbeyond.com/monsters/1979813-warduke,humanoid,medium,unique,N,5.0,3,1800.0,3.0,0.0,2.0,-1.0,0.0,0.0,6,0,5,-1,0,0,0.0,0.0,0.0,0.0,0.0,0.0,0.0,0.0,0.0,0.0,0.0,0.0,0.0,0.0,0.0,1.0,1.0,1.0,1.0,1.0,1.0,1.0,1.0,1.0,1.0,1.0,1.0,1.0,0.0,1.0,17.0,17.0,78.0,91.0,1.7,1.7,6.0,6.0,,43.5,43.5,43.5,43.5,43.5,0.0,= 3*14.5,= 3*14.5,= 3*14.5,,Assumes +13 HP from Second Wind.
Warforged Colossus,486330-warforged-colossus,ERftLW,314.0,https://www.dndbeyond.com/monsters/486330-warforged-colossus,construct,gargantuan,generic,N,25.0,8,75000.0,10.0,0.0,10.0,-4.0,0.0,-1.0,10,0,10,4,8,7,0.0,1.0,0.0,1.0,1.0,0.0,1.0,0.0,1.0,1.0,1.0,0.0,0.0,1.0,0.0,0.2,0.2,0.2,1.0,1.0,1.0,1.0,1.0,0.0,0.0,1.0,1.0,1.0,0.0,1.25,23.0,23.0,410.0,625.0,6.5,10.5,18.0,18.0,26.0,131.0,131.0,131.0,131.0,131.0,0.0,= 29 + 2*18 + 2*33,= 29 + 2*18 + 2*33,= 29 + 2*18 + 2*33,,
Warforged Soldier,546111-warforged-soldier,ERftLW,320.0,https://www.dndbeyond.com/monsters/546111-warforged-soldier,humanoid,medium,generic,N,1.0,2,200.0,3.0,1.0,3.0,0.0,2.0,0.0,3,1,3,0,2,0,0.0,0.0,0.0,0.0,0.0,0.0,0.0,0.0,0.0,0.0,0.0,0.0,0.0,0.0,0.0,1.0,1.0,1.0,1.0,1.0,1.0,1.0,1.0,1.0,0.5,1.0,1.0,1.0,1.0,1.0,16.0,16.0,30.0,30.0,1.5,1.5,5.0,5.0,,12.0,12.0,12.0,12.0,12.0,0.0,= 2*6,= 2*6,= 2*6,,
Warforged Titan,486238-warforged-titan,ERftLW,315.0,https://www.dndbeyond.com/monsters/486238-warforged-titan,construct,huge,generic,N,8.0,3,3900.0,6.0,-1.0,6.0,-4.0,0.0,-5.0,6,-1,6,-4,0,-5,0.0,1.0,0.0,1.0,1.0,0.0,0.0,0.0,1.0,1.0,1.0,0.0,0.0,0.0,0.0,1.0,1.0,1.0,1.0,1.0,1.0,1.0,1.0,1.0,0.0,0.0,1.0,1.0,-1.0,1.0,20.0,20.0,125.0,125.0,0.3,0.3,9.0,9.0,17.0,51.666668,51.666668,57.0,49.0,49.0,0.0,= 3*19,= 30 + 19,= 30 + 19,,
Warforged Warrior,4468343-warforged-warrior,VEoR,238.0,https://www.dndbeyond.com/monsters/4468343-warforged-warrior,construct,medium,generic,N,1.0,2,200.0,3.0,1.0,3.0,0.0,2.0,0.0,3,1,3,0,2,0,0.0,0.0,0.0,0.0,0.0,0.0,0.0,0.0,0.0,0.0,1.0,0.0,0.0,0.0,0.0,1.0,1.0,1.0,1.0,1.0,1.0,1.0,1.0,1.0,0.5,1.0,1.0,1.0,1.0,1.0,16.0,17.0,30.0,30.0,1.5,1.5,5.0,5.0,,13.0,13.0,13.0,13.0,13.0,0.0,= 2*6.5,= 2*6.5,= 2*6.5,,Assumes +1 AC from Protection.
Warhorse,17049-warhorse,MM (2014),340.0,https://www.dndbeyond.com/monsters/17049-warhorse,beast,large,generic,N,0.5,2,100.0,4.0,1.0,1.0,-4.0,1.0,-2.0,4,1,1,-4,1,-2,0.0,0.0,0.0,0.0,0.0,0.0,0.0,0.0,0.0,0.0,0.0,0.0,0.0,0.0,0.0,1.0,1.0,1.0,1.0,1.0,1.0,1.0,1.0,1.0,1.0,1.0,1.0,1.0,1.0,1.0,11.0,11.0,19.5,19.5,0.2,0.2,6.0,6.0,14.0,11.0,13.383334,11.0,11.0,11.0,7.15,= 11,= 11,= 11,= 11*0.65,
Warhorse Skeleton,17050-warhorse-skeleton,MM (2014),273.0,https://www.dndbeyond.com/monsters/17050-warhorse-skeleton,undead,large,generic,N,0.5,2,100.0,4.0,1.0,2.0,-4.0,-1.0,-3.0,4,1,2,-4,-1,-3,0.0,0.0,0.0,1.0,0.0,0.0,0.0,0.0,0.0,0.0,1.0,0.0,0.0,0.0,0.0,2.0,1.0,1.0,1.0,1.0,1.0,1.0,1.0,1.0,0.0,1.0,1.0,1.0,1.0,1.0,13.0,13.0,22.5,22.5,-0.2,-0.2,6.0,6.0,,11.0,11.0,11.0,11.0,11.0,0.0,= 11,= 11,= 11,,
Warlock of the Archfey,17343-warlock-of-the-archfey,VGtM,219.0,https://www.dndbeyond.com/monsters/17343-warlock-of-the-archfey,humanoid,medium,legacy,N,4.0,2,1100.0,-1.0,1.0,0.0,0.0,1.0,4.0,-1,1,0,0,3,6,0.0,1.0,0.0,0.0,0.0,0.0,0.0,0.0,0.0,0.0,0.0,0.0,0.0,0.0,0.0,1.0,1.0,1.0,1.0,1.0,1.0,1.0,1.0,1.0,1.0,1.0,1.0,1.0,1.0,1.0,14.0,14.0,49.5,69.5,1.5,1.5,6.0,6.0,14.0,16.5,16.5,16.5,16.5,16.5,0.0,= 3*5.5,= 3*5.5,= 3*5.5,,Assumes 2*10 hp from Misty Escape.
Warlock of the Archfey,2560953-warlock-of-the-archfey,MPMotM,255.0,https://www.dndbeyond.com/monsters/2560953-warlock-of-the-archfey,humanoid,medium,generic,N,4.0,2,1100.0,-1.0,3.0,0.0,0.0,1.0,4.0,-1,3,0,0,3,6,0.0,1.0,0.0,0.0,0.0,0.0,0.0,0.0,0.0,0.0,0.0,0.0,0.0,0.0,0.0,1.0,1.0,1.0,1.0,1.0,1.0,1.0,1.0,1.0,1.0,1.0,1.0,1.0,3.0,1.0,16.0,16.0,67.5,87.5,1.8,1.8,5.0,5.0,,29.0,29.0,29.0,29.0,29.0,0.0,= 2*14.5,= 2*14.5,= 2*14.5,,Assumes +20 HP from Misty Escape.
Warlock of the Fiend,17344-warlock-of-the-fiend,VGtM,219.0,https://www.dndbeyond.com/monsters/17344-warlock-of-the-fiend,humanoid,medium,legacy,N,7.0,3,2900.0,0.0,2.0,2.0,1.0,1.0,4.0,0,2,2,1,4,7,0.0,0.0,0.0,0.0,0.0,0.0,0.0,0.0,0.0,0.0,0.0,0.0,0.0,0.0,0.0,0.8,0.8,0.8,1.0,1.0,1.0,1.0,1.0,1.0,1.0,1.0,1.0,1.0,2.0,1.5,15.0,15.0,78.0,117.0,2.7,2.7,7.0,7.0,15.0,79.666664,79.666664,94.0,89.0,56.0,0.0,= 61 + 33,= 2*28 + 33,= 2*28,,
Warlock of the Fiend,2560954-warlock-of-the-fiend,MPMotM,255.0,https://www.dndbeyond.com/monsters/2560954-warlock-of-the-fiend,humanoid,medium,generic,N,7.0,3,2900.0,0.0,3.0,2.0,1.0,1.0,4.0,0,3,2,1,4,7,0.0,0.0,0.0,0.0,0.0,0.0,0.0,0.0,0.0,0.0,0.0,0.0,0.0,0.0,0.0,1.0,1.0,1.0,1.0,1.0,0.5,1.0,1.0,1.0,1.0,1.0,1.0,1.0,3.0,1.0,16.0,16.0,78.0,78.0,2.8,2.8,6.0,6.0,,83.5,83.5,83.5,83.5,83.5,0.0,= 3*20.5 + 22,= 3*20.5 + 22,= 3*20.5 + 22,,
Warlock of the Great Old One,17345-warlock-of-the-great-old-one,VGtM,220.0,https://www.dndbeyond.com/monsters/17345-warlock-of-the-great-old-one,humanoid,medium,legacy,N,6.0,3,2300.0,-1.0,2.0,2.0,1.0,1.0,4.0,-1,2,2,1,4,7,0.0,0.0,0.0,0.0,0.0,0.0,0.0,0.0,0.0,0.0,0.0,0.0,0.0,0.0,0.0,1.0,1.0,1.0,1.0,1.0,1.0,1.0,1.0,1.0,1.0,0.5,1.0,1.0,2.0,1.0,15.0,15.0,91.0,91.0,2.5,2.5,7.0,7.0,15.0,52.0,52.0,52.0,52.0,52.0,0.0,= 2*21 + 10,= 2*21 + 10,= 2*21 + 10,,
Warlock of the Great Old One,2560955-warlock-of-the-great-old-one,MPMotM,256.0,https://www.dndbeyond.com/monsters/2560955-warlock-of-the-great-old-one,humanoid,medium,generic,N,6.0,3,2300.0,-1.0,3.0,2.0,1.0,1.0,4.0,-1,3,2,1,4,7,0.0,0.0,0.0,0.0,0.0,0.0,0.0,0.0,0.0,0.0,0.0,0.0,0.0,0.0,0.0,1.0,1.0,1.0,1.0,1.0,1.0,1.0,1.0,1.0,1.0,0.5,1.0,1.0,3.0,1.0,16.0,16.0,91.0,91.0,2.7,2.7,6.0,6.0,,43.0,43.0,43.0,43.0,43.0,0.0,= 2*16 + 11,= 2*16 + 11,= 2*16 + 11,,
Warlord,17346-warlord,VGtM,220.0,https://www.dndbeyond.com/monsters/17346-warlord,humanoid,medium,legacy,L,12.0,4,8400.0,5.0,3.0,4.0,1.0,1.0,4.0,9,7,8,1,1,4,0.0,0.0,0.0,0.0,0.0,0.0,0.0,0.0,0.0,0.0,0.0,0.0,0.0,0.0,0.0,1.0,1.0,1.0,1.0,1.0,1.0,1.0,1.0,1.0,1.0,1.0,1.0,1.0,3.0,1.0,18.0,18.0,229.5,239.5,5.0,9.0,9.0,9.0,,60.0,60.0,60.0,60.0,60.0,0.0,= 2*12 + 3*12,= 2*12 + 3*12,= 2*12 + 3*12,,Assumes +4 SB from Indomitable.
Warlord,2560956-warlord,MPMotM,257.0,https://www.dndbeyond.com/monsters/2560956-warlord,humanoid,medium,legendary,L,12.0,4,8400.0,5.0,3.0,4.0,1.0,1.0,4.0,9,7,8,1,1,4,0.0,0.0,0.0,0.0,0.0,0.0,0.0,0.0,0.0,0.0,0.0,0.0,0.0,0.0,0.0,1.0,1.0,1.0,1.0,1.0,1.0,1.0,1.0,1.0,1.0,1.0,1.0,1.0,3.0,1.0,18.0,18.0,229.5,269.5,5.0,5.0,9.0,9.0,,60.0,60.0,60.0,60.0,60.0,0.0,= 2*12 + 3*12,= 2*12 + 3*12,= 2*12 + 3*12,,Assumes +10 HP for each use of Indomitable.
Warrior of Madarua,4635166-warrior-of-madarua,QftIS,220.0,https://www.dndbeyond.com/monsters/4635166-warrior-of-madarua,humanoid,medium,generic,N,0.125,2,25.0,2.0,1.0,1.0,0.0,0.0,0.0,2,1,1,0,0,0,0.0,0.0,0.0,0.0,0.0,0.0,0.0,0.0,0.0,0.0,0.0,0.0,0.0,0.0,0.0,1.0,1.0,1.0,1.0,1.0,1.0,1.0,1.0,1.0,1.0,1.0,1.0,1.0,1.0,1.0,12.0,13.0,11.0,11.0,0.7,0.7,4.0,4.0,,6.5,6.5,6.5,6.5,6.5,0.0,= 6.5,= 6.5,= 6.5,,
Wasteland Dragonnel,3081124-wasteland-dragonnel,DSotDQ,201.0,https://www.dndbeyond.com/monsters/3081124-wasteland-dragonnel,dragon,large,generic,N,3.0,2,700.0,3.0,3.0,1.0,-1.0,1.0,0.0,3,3,1,-1,1,0,0.0,0.0,0.0,0.0,0.0,0.0,0.0,0.0,0.0,0.0,0.0,0.0,0.0,0.0,0.0,1.0,1.0,1.0,0.5,1.0,1.0,1.0,1.0,1.0,1.0,1.0,1.0,1.0,3.0,1.0,13.0,15.0,65.0,65.0,1.2,1.2,5.0,5.0,,20.0,20.0,20.0,20.0,20.0,0.0,= 2*10,= 2*10,= 2*10,,
Wastrilith,94518-wastrilith,MToF,139.0,https://www.dndbeyond.com/monsters/94518-wastrilith,fiend,large,legacy,N,13.0,5,10000.0,4.0,4.0,5.0,4.0,1.0,2.0,9,4,10,4,1,2,0.0,0.0,0.0,0.0,0.0,0.0,0.0,0.0,0.0,0.0,1.0,0.0,0.0,0.0,0.0,0.7,0.7,0.7,1.0,0.5,0.5,1.0,0.5,1.0,0.0,1.0,1.0,1.0,4.0,1.25,18.0,18.0,157.5,196.9,5.0,9.0,9.0,9.0,18.0,88.0,97.333336,88.0,88.0,88.0,28.0,= 22 + 30 + 2*18,= 22 + 30 + 2*18,= 22 + 30 + 2*18,= 2*14,Assumes +2*14 damage from Corrupt Water.
Wastrilith,2560957-wastrilith,MPMotM,258.0,https://www.dndbeyond.com/monsters/2560957-wastrilith,fiend,large,generic,N,13.0,5,10000.0,4.0,4.0,5.0,4.0,1.0,2.0,9,4,10,4,1,2,0.0,0.0,0.0,0.0,0.0,0.0,0.0,0.0,0.0,0.0,1.0,0.0,0.0,0.0,0.0,0.7,0.7,0.7,1.0,0.5,0.5,1.0,0.5,1.0,0.0,1.0,1.0,1.0,4.0,1.25,18.0,18.0,157.5,196.9,5.0,9.0,9.0,9.0,18.0,88.0,97.333336,88.0,88.0,88.0,28.0,= 30 + 2*18 + 22,= 30 + 2*18 + 22,= 30 + 2*18 + 22,= 2*14,Assumes +2*14 damage from Corrupt Water.
Water Elemental,17051-water-elemental,MM (2014),125.0,https://www.dndbeyond.com/monsters/17051-water-elemental,elemental,large,generic,N,5.0,3,1800.0,4.0,2.0,4.0,-3.0,0.0,-1.0,4,2,4,-3,0,-1,0.0,0.0,0.0,1.0,0.0,1.0,0.0,0.0,1.0,1.0,1.0,1.0,1.0,0.0,1.0,0.7,0.7,0.7,0.5,1.0,1.0,1.0,1.0,1.0,0.0,1.0,1.0,1.0,2.0,1.5,14.0,14.0,114.0,171.0,1.0,1.0,7.0,7.0,,34.666668,34.666668,26.0,39.0,39.0,0.0,= 2*13,= 2*13 + 13,= 2*13 + 13,,
Water Elemental Myrmidon,17460-water-elemental-myrmidon,MToF,203.0,https://www.dndbeyond.com/monsters/17460-water-elemental-myrmidon,elemental,medium,legacy,N,7.0,3,2900.0,4.0,2.0,3.0,-1.0,0.0,0.0,4,2,3,-1,0,0,0.0,0.0,0.0,0.0,0.0,0.0,0.0,0.0,1.0,1.0,1.0,1.0,0.0,0.0,0.0,0.7,0.7,0.7,0.5,1.0,1.0,1.0,1.0,1.0,0.0,1.0,1.0,1.0,2.0,1.5,18.0,18.0,127.5,191.3,1.3,1.3,7.0,7.0,,31.0,31.0,42.0,25.5,25.5,0.0,= 3*14,= 3*8.5,= 3*8.5,,
Water Elemental Myrmidon,17460-water-elemental-myrmidon,PotA,213.0,https://www.dndbeyond.com/monsters/17460-water-elemental-myrmidon,elemental,medium,legacy,N,7.0,3,2900.0,4.0,2.0,3.0,-1.0,0.0,0.0,4,2,3,-1,0,0,0.0,0.0,0.0,0.0,0.0,0.0,0.0,0.0,1.0,1.0,1.0,1.0,0.0,0.0,0.0,0.7,0.7,0.7,0.5,1.0,1.0,1.0,1.0,1.0,0.0,1.0,1.0,1.0,2.0,1.5,18.0,18.0,127.5,191.3,1.3,1.3,7.0,7.0,,28.0,28.0,39.0,22.5,22.5,0.0,= 3*13,= 3*7.5,= 3*7.5,,
Water Elemental Myrmidon,2560958-water-elemental-myrmidon,MPMotM,123.0,https://www.dndbeyond.com/monsters/2560958-water-elemental-myrmidon,elemental,medium,generic,N,7.0,3,2900.0,4.0,2.0,3.0,-1.0,0.0,0.0,4,2,3,-1,0,0,0.0,0.0,0.0,0.0,0.0,0.0,0.0,0.0,1.0,1.0,1.0,1.0,0.0,0.0,0.0,0.7,0.7,0.7,0.5,1.0,1.0,1.0,1.0,1.0,0.0,1.0,1.0,1.0,2.0,1.5,18.0,18.0,127.5,191.3,1.3,1.3,7.0,7.0,,31.0,31.0,42.0,25.5,25.5,0.0,= 3*14,= 3*8.5,= 3*8.5,,
Water Weird,17208-water-weird,MM (2014),299.0,https://www.dndbeyond.com/monsters/17208-water-weird,elemental,large,generic,N,3.0,2,700.0,3.0,3.0,1.0,0.0,0.0,0.0,3,3,1,0,0,0,0.0,0.0,0.0,1.0,0.0,1.0,0.0,0.0,1.0,0.0,1.0,1.0,1.0,0.0,1.0,0.7,0.7,0.7,1.0,1.0,0.5,1.0,1.0,1.0,0.0,1.0,1.0,1.0,3.0,2.0,13.0,13.0,58.5,117.0,1.2,1.2,5.0,5.0,15.0,13.0,13.0,13.0,13.0,13.0,0.0,= 13,= 13,= 13,,
Werebat,183864-werebat,WDotMM,317.0,https://www.dndbeyond.com/monsters/183864-werebat,humanoid,small,generic,N,2.0,2,450.0,-1.0,3.0,0.0,0.0,1.0,-1.0,-1,3,0,0,1,-1,0.0,0.0,0.0,0.0,0.0,0.0,0.0,0.0,0.0,0.0,0.0,0.0,0.0,0.0,0.0,0.3,0.3,0.3,1.0,1.0,1.0,1.0,1.0,1.0,1.0,1.0,1.0,1.0,3.0,2.0,13.0,13.0,24.5,49.0,0.3,0.3,5.0,5.0,,12.0,12.0,12.0,12.0,12.0,0.0,= 2*6,= 2*6,= 2*6,,
Werebear,17053-werebear,MM (2014),208.0,https://www.dndbeyond.com/monsters/17053-werebear,humanoid,medium,generic,N,5.0,3,1800.0,4.0,0.0,3.0,0.0,1.0,1.0,4,0,3,0,1,1,0.0,0.0,0.0,0.0,0.0,0.0,0.0,0.0,0.0,0.0,0.0,0.0,0.0,0.0,0.0,0.3,0.3,0.3,1.0,1.0,1.0,1.0,1.0,1.0,1.0,1.0,1.0,1.0,0.0,2.0,11.0,11.0,135.0,270.0,1.5,1.5,7.0,7.0,,26.0,26.0,26.0,26.0,26.0,0.0,= 2*13,= 2*13,= 2*13,,
Wereboar,17054-wereboar,MM (2014),209.0,https://www.dndbeyond.com/monsters/17054-wereboar,humanoid,medium,generic,N,4.0,2,1100.0,3.0,0.0,2.0,0.0,0.0,-1.0,3,0,2,0,0,-1,0.0,0.0,0.0,0.0,0.0,0.0,0.0,0.0,0.0,0.0,0.0,0.0,0.0,0.0,0.0,0.3,0.3,0.3,1.0,1.0,1.0,1.0,1.0,1.0,1.0,1.0,1.0,1.0,0.0,2.0,11.0,11.0,78.0,170.0,0.7,0.7,5.0,5.0,12.0,22.333334,22.333334,27.0,20.0,20.0,0.0,= 2*10 + 7,= 2*10,= 2*10,,
Wererat,17055-wererat,MM (2014),209.0,https://www.dndbeyond.com/monsters/17055-wererat,humanoid,medium,generic,N,2.0,2,450.0,0.0,2.0,1.0,0.0,0.0,-1.0,0,2,1,0,0,-1,0.0,0.0,0.0,0.0,0.0,0.0,0.0,0.0,0.0,0.0,0.0,0.0,0.0,0.0,0.0,0.3,0.3,0.3,1.0,1.0,1.0,1.0,1.0,1.0,1.0,1.0,1.0,1.0,2.0,2.0,12.0,12.0,33.0,66.0,0.3,0.3,4.0,4.0,,10.0,10.0,10.0,10.0,10.0,0.0,= 2*5,= 2*5,= 2*5,,
Wereraven,17377-wereraven,CoS,242.0,https://www.dndbeyond.com/monsters/17377-wereraven,humanoid,medium,generic,N,2.0,2,450.0,0.0,2.0,0.0,1.0,2.0,2.0,0,2,0,1,2,2,0.0,0.0,0.0,0.0,0.0,0.0,0.0,0.0,0.0,0.0,0.0,0.0,0.0,0.0,0.0,1.0,1.0,1.0,1.0,1.0,1.0,1.0,1.0,1.0,1.0,1.0,1.0,1.0,2.0,1.0,12.0,12.0,31.5,61.5,1.2,1.2,4.0,4.0,,10.0,10.0,10.0,10.0,10.0,0.0,= 2*5,= 2*5,= 2*5,,
Weretiger,17056-weretiger,MM (2014),210.0,https://www.dndbeyond.com/monsters/17056-weretiger,humanoid,medium,generic,N,4.0,2,1100.0,3.0,2.0,3.0,0.0,1.0,0.0,3,2,3,0,1,0,0.0,0.0,0.0,0.0,0.0,0.0,0.0,0.0,0.0,0.0,0.0,0.0,0.0,0.0,0.0,0.3,0.3,0.3,1.0,1.0,1.0,1.0,1.0,1.0,1.0,1.0,1.0,1.0,2.0,2.0,12.0,12.0,120.0,240.0,1.5,1.5,5.0,5.0,13.0,17.833334,17.833334,23.5,15.0,15.0,0.0,= 2*7.5 + 8.5,= 2*7.5,= 2*7.5,,
Werevulture,3960637-werevulture,TBoMT,184.0,https://www.dndbeyond.com/monsters/3960637-werevulture,fiend,medium,generic,N,4.0,2,1100.0,3.0,2.0,3.0,0.0,1.0,-1.0,3,2,3,0,1,-1,0.0,0.0,0.0,0.0,0.0,0.0,0.0,0.0,0.0,0.0,0.0,0.0,0.0,0.0,0.0,1.0,1.0,1.0,1.0,1.0,1.0,1.0,1.0,1.0,1.0,1.0,1.0,1.0,2.0,1.0,12.0,12.0,75.0,105.0,1.3,1.3,5.0,5.0,,26.0,26.0,26.0,26.0,26.0,0.0,= 2*13,= 2*13,= 2*13,,
Werewolf,17057-werewolf,MM (2014),211.0,https://www.dndbeyond.com/monsters/17057-werewolf,humanoid,medium,generic,N,3.0,2,700.0,2.0,1.0,2.0,0.0,0.0,0.0,2,1,2,0,0,0,0.0,0.0,0.0,0.0,0.0,0.0,0.0,0.0,0.0,0.0,0.0,0.0,0.0,0.0,0.0,0.3,0.3,0.3,1.0,1.0,1.0,1.0,1.0,1.0,1.0,1.0,1.0,1.0,1.0,2.0,12.0,12.0,58.5,117.0,0.8,0.8,4.0,4.0,,13.0,13.0,13.0,13.0,13.0,0.0,= 6 + 7,= 6 + 7,= 6 + 7,,
Wersten Kern,3081125-wersten-kern,DSotDQ,209.0,https://www.dndbeyond.com/monsters/3081125-wersten-kern,undead,medium,unique,N,14.0,5,11500.0,5.0,0.0,4.0,1.0,2.0,3.0,5,0,9,1,7,3,0.0,0.0,0.0,1.0,1.0,0.0,0.0,0.0,0.0,0.0,1.0,0.0,0.0,0.0,0.0,1.0,1.0,1.0,1.0,1.0,1.0,1.0,1.0,1.0,0.0,1.0,1.0,1.0,0.0,1.0,18.0,20.0,178.5,199.5,4.2,4.2,10.0,10.0,16.0,86.666664,86.666664,116.0,72.0,72.0,0.0,= 3*24 + 2*22,=3*24,=3*24,,Assumes +2 from Banner Pike curse (disadvantage).
Whirling Chandelier,4468344-whirling-chandelier,VEoR,239.0,https://www.dndbeyond.com/monsters/4468344-whirling-chandelier,construct,large,generic,N,7.0,3,2900.0,4.0,2.0,2.0,-4.0,-3.0,-5.0,4,2,2,-4,-3,-5,1.0,1.0,1.0,1.0,1.0,0.0,0.0,0.0,1.0,1.0,1.0,0.0,0.0,0.0,0.0,1.0,1.0,1.0,1.0,1.0,0.5,1.0,1.0,1.0,0.0,0.0,1.0,1.0,2.0,1.0,13.0,13.0,105.0,105.0,-0.7,-0.7,7.0,7.0,14.0,67.5,74.5,67.5,67.5,67.5,21.0,= 3*22.5,= 3*22.5,= 3*22.5,= 3*7,
Whistler,2739106-whistler,JttRC,221.0,https://www.dndbeyond.com/monsters/2739106-whistler,aberration,large,generic,N,9.0,4,5000.0,1.0,3.0,2.0,2.0,3.0,4.0,1,7,2,2,3,8,0.0,1.0,0.0,1.0,1.0,0.0,0.0,0.0,0.0,0.0,0.0,0.0,0.0,0.0,0.0,1.0,1.0,1.0,1.0,1.0,1.0,1.0,1.0,1.0,1.0,0.5,1.0,1.0,3.0,1.0,15.0,19.0,180.0,180.0,3.8,3.8,8.0,8.0,16.0,52.0,52.0,66.0,45.0,45.0,0.0,= 2*33,= 3*15,= 3*15,,
White Abishai,94636-white-abishai,MToF,163.0,https://www.dndbeyond.com/monsters/94636-white-abishai,fiend,medium,legacy,N,6.0,3,2300.0,3.0,0.0,4.0,0.0,1.0,1.0,6,0,7,0,1,1,0.0,0.0,0.0,0.0,0.0,0.0,0.0,0.0,0.0,0.0,1.0,0.0,0.0,0.0,0.0,0.8,0.8,0.8,1.0,0.0,0.0,1.0,1.0,1.0,0.0,1.0,1.0,1.0,0.0,2.0,15.0,15.0,68.0,136.0,2.5,6.5,6.0,6.0,,17.0,26.0,17.0,17.0,17.0,27.0,= 8.5 + 8.5,= 8.5 + 8.5,= 8.5 + 8.5,= 3*9,
White Abishai,2560959-white-abishai,MPMotM,41.0,https://www.dndbeyond.com/monsters/2560959-white-abishai,fiend,medium,generic,N,6.0,3,2300.0,3.0,0.0,4.0,0.0,1.0,1.0,6,0,7,0,1,1,0.0,0.0,0.0,0.0,0.0,0.0,0.0,0.0,0.0,0.0,1.0,0.0,0.0,0.0,0.0,0.8,0.8,0.8,1.0,0.0,0.0,1.0,1.0,1.0,0.0,1.0,1.0,1.0,0.0,2.0,15.0,15.0,68.0,136.0,2.5,6.5,6.0,6.0,,26.0,35.0,26.0,26.0,26.0,27.0,= 9 + 8.5 + 8.5,= 9 + 8.5 + 8.5,= 9 + 8.5 + 8.5,= 3*9,
White Dragon Wyrmling,17058-white-dragon-wyrmling,MM (2014),102.0,https://www.dndbeyond.com/monsters/17058-white-dragon-wyrmling,dragon,medium,generic,N,2.0,2,450.0,2.0,0.0,2.0,-3.0,0.0,0.0,2,2,4,-3,2,2,0.0,0.0,0.0,0.0,0.0,0.0,0.0,0.0,0.0,0.0,0.0,0.0,0.0,0.0,0.0,1.0,1.0,1.0,1.0,0.0,1.0,1.0,1.0,1.0,1.0,1.0,1.0,1.0,0.0,1.0,16.0,16.0,32.5,32.5,1.5,1.5,4.0,4.0,12.0,21.666666,21.666666,45.0,10.0,10.0,0.0,= 2*22.5,= 10,= 10,,
White Greatwyrm,2059759-white-greatwyrm,FToD,168.0,https://www.dndbeyond.com/monsters/2059759-white-greatwyrm,dragon,gargantuan,legendary,L,27.0,8,105000.0,10.0,2.0,10.0,5.0,5.0,8.0,10,10,18,5,13,16,0.0,1.0,0.0,0.0,1.0,0.0,0.0,0.0,0.0,0.0,1.0,0.0,0.0,0.0,0.0,1.0,1.0,1.0,1.0,0.0,1.0,1.0,1.0,1.0,1.0,1.0,1.0,1.0,2.0,1.0,22.0,22.0,533.0,653.0,12.0,12.0,18.0,18.0,26.0,183.0,183.0,291.0,129.0,129.0,0.0,= 3*78 + 3*19,= 34 + 2*19 + 3*19,= 34 + 2*19 + 3*19,,
White Guard Drake,17270-white-guard-drake,VGtM,158.0,https://www.dndbeyond.com/monsters/17270-white-guard-drake,dragon,medium,legacy,N,2.0,2,450.0,3.0,0.0,3.0,-3.0,0.0,-2.0,3,0,3,-3,0,-2,0.0,0.0,0.0,0.0,0.0,0.0,0.0,0.0,0.0,0.0,0.0,0.0,0.0,0.0,0.0,1.0,1.0,1.0,1.0,0.5,1.0,1.0,1.0,1.0,1.0,1.0,1.0,1.0,0.0,1.0,14.0,14.0,52.5,52.5,0.2,0.2,5.0,5.0,,14.0,14.0,14.0,14.0,14.0,0.0,= 7.5 + 6.5,= 7.5 + 6.5,= 7.5 + 6.5,,
White Guard Drake,2560960-white-guard-drake,MPMotM,151.0,https://www.dndbeyond.com/monsters/2560960-white-guard-drake,dragon,medium,generic,N,2.0,2,450.0,3.0,0.0,3.0,-3.0,0.0,-2.0,3,0,3,-3,0,-2,0.0,0.0,0.0,0.0,0.0,0.0,0.0,0.0,0.0,0.0,0.0,0.0,0.0,0.0,0.0,1.0,1.0,1.0,1.0,0.5,1.0,1.0,1.0,1.0,1.0,1.0,1.0,1.0,0.0,1.0,14.0,14.0,52.5,52.5,0.2,0.2,5.0,5.0,,14.0,14.0,14.0,14.0,14.0,0.0,= 7.5 + 6.5,= 7.5 + 6.5,= 7.5 + 6.5,,
White Maw,23138-white-maw,TftYP,248.0,https://www.dndbeyond.com/monsters/23138-white-maw,ooze,gargantuan,unique,N,10.0,4,5900.0,4.0,-5.0,5.0,1.0,0.0,-4.0,4,-5,5,1,0,-4,1.0,1.0,1.0,1.0,1.0,0.0,0.0,0.0,0.0,0.0,1.0,1.0,0.0,0.0,0.0,1.0,1.0,1.0,0.5,0.5,0.5,1.0,1.0,1.0,0.0,1.0,1.0,1.0,-5.0,1.5,5.0,5.0,217.0,217.0,0.2,0.2,8.0,8.0,,93.0,93.0,93.0,93.0,93.0,0.0,= 31 + 2*31,= 31 + 2*31,= 31 + 2*31,,Assumes two creatures start their turns within White Maw's space.
Wiggan Nettlebee,17456-wiggan-nettlebee,PotA,211.0,https://www.dndbeyond.com/monsters/17456-wiggan-nettlebee,humanoid,small,unique,N,2.0,2,450.0,-1.0,1.0,1.0,2.0,2.0,1.0,-1,1,1,2,2,1,0.0,0.0,0.0,0.0,0.0,0.0,0.0,0.0,0.0,0.0,0.0,0.0,0.0,0.0,0.0,1.0,1.0,1.0,1.0,1.0,1.0,1.0,1.0,1.0,1.0,1.0,1.0,1.0,1.0,1.0,16.0,16.0,36.0,36.0,1.0,1.0,4.0,4.0,,24.666666,24.666666,18.0,28.0,28.0,0.0,= 2*6 + 6,= 22 + 6,= 22 + 6,,
Wight,17059-wight,MM (2014),300.0,https://www.dndbeyond.com/monsters/17059-wight,undead,medium,generic,N,3.0,2,700.0,2.0,2.0,3.0,0.0,1.0,2.0,2,2,3,0,1,2,0.0,0.0,0.0,1.0,0.0,0.0,0.0,0.0,0.0,0.0,1.0,0.0,0.0,0.0,0.0,0.8,0.8,0.8,1.0,1.0,1.0,1.0,1.0,0.5,0.0,1.0,1.0,1.0,2.0,2.0,14.0,14.0,45.0,90.0,1.7,1.7,4.0,4.0,13.0,15.0,15.0,15.0,15.0,15.0,0.0,= 2*7.5,= 2*7.5,= 2*7.5,,
Will-o'-Wisp,17060-will-o-wisp,MM (2014),301.0,https://www.dndbeyond.com/monsters/17060-will-o-wisp,undead,tiny,generic,N,2.0,2,450.0,-5.0,9.0,0.0,1.0,2.0,0.0,-5,9,0,1,2,0,0.0,0.0,0.0,1.0,0.0,1.0,0.0,0.0,1.0,0.0,1.0,1.0,1.0,0.0,1.0,0.7,0.7,0.7,0.5,0.5,0.5,1.0,0.0,0.5,0.0,1.0,1.0,0.5,9.0,2.0,19.0,19.0,22.5,22.5,1.2,1.2,4.0,4.0,,9.0,9.0,9.0,9.0,9.0,0.0,= 9,= 9,= 9,,
Windfall,4468345-windfall,VEoR,239.0,https://www.dndbeyond.com/monsters/4468345-windfall,humanoid,medium,unique,L,23.0,7,50000.0,2.0,7.0,5.0,6.0,4.0,8.0,9,14,5,6,11,15,0.0,1.0,0.0,0.0,1.0,0.0,0.0,0.0,0.0,0.0,0.0,0.0,0.0,0.0,0.0,1.0,1.0,1.0,0.5,0.5,0.5,1.0,0.5,1.0,1.0,1.0,1.0,0.5,7.0,1.0,19.0,23.0,323.0,495.6,10.0,10.0,14.0,14.0,23.0,179.0,179.0,179.0,179.0,179.0,0.0,= 2*32.5 + 36 + 3*26,= 2*32.5 + 36 + 3*26,= 2*32.5 + 36 + 3*26,,Assumes +20% HP from Stunning Scintillation. Assumes +4 AC from Dazzling Visage (disadvantage).
Windharrow,17426-windharrow,PotA,192.0,https://www.dndbeyond.com/monsters/17426-windharrow,humanoid,medium,unique,N,3.0,2,700.0,0.0,3.0,1.0,2.0,0.0,3.0,0,3,1,2,0,3,0.0,0.0,0.0,0.0,0.0,0.0,0.0,0.0,0.0,0.0,0.0,0.0,0.0,0.0,0.0,1.0,1.0,1.0,1.0,1.0,1.0,1.0,1.0,1.0,1.0,1.0,1.0,1.0,3.0,1.0,15.0,15.0,55.0,55.0,1.5,1.5,5.0,5.0,13.0,41.333332,41.333332,44.0,44.0,36.0,0.0,=2*22,=2*22,= 2*18,,
Winged Bull,909516-winged-bull,MOoT,214.0,https://www.dndbeyond.com/monsters/909516-winged-bull,celestial,large,generic,N,4.0,2,1100.0,5.0,2.0,4.0,-2.0,0.0,-3.0,5,2,4,-2,0,-3,0.0,0.0,0.0,0.0,0.0,0.0,0.0,0.0,0.0,0.0,0.0,0.0,0.0,0.0,0.0,1.0,1.0,1.0,1.0,1.0,1.0,1.0,1.0,1.0,1.0,1.0,1.0,1.0,2.0,1.0,12.0,12.0,95.0,95.0,1.0,1.0,7.0,7.0,,24.333334,24.333334,37.0,18.0,18.0,0.0,=18 + 19,= 18,= 18,,
Winged Kobold,17210-winged-kobold,MM (2014),195.0,https://www.dndbeyond.com/monsters/17210-winged-kobold,humanoid,small,generic,N,0.25,2,50.0,-2.0,3.0,-1.0,-1.0,-2.0,-1.0,-2,3,-1,-1,-2,-1,0.0,0.0,0.0,0.0,0.0,0.0,0.0,0.0,0.0,0.0,0.0,0.0,0.0,0.0,0.0,1.0,1.0,1.0,1.0,1.0,1.0,1.0,1.0,1.0,1.0,1.0,1.0,1.0,3.0,1.0,13.0,13.0,7.5,7.5,-0.7,-0.7,5.0,6.0,,6.5,6.5,6.5,6.5,6.5,0.0,= 6.5,= 6.5,= 6.5,,
Winged Lion,909517-winged-lion,MOoT,214.0,https://www.dndbeyond.com/monsters/909517-winged-lion,celestial,large,generic,N,4.0,2,1100.0,5.0,3.0,4.0,-2.0,2.0,-3.0,5,3,4,-2,2,-3,0.0,0.0,0.0,0.0,0.0,0.0,0.0,0.0,0.0,0.0,0.0,0.0,0.0,0.0,0.0,1.0,1.0,1.0,1.0,1.0,1.0,1.0,1.0,1.0,1.0,1.0,1.0,1.0,3.0,1.0,13.0,13.0,114.0,114.0,1.5,1.5,7.0,7.0,,20.666666,20.666666,30.0,16.0,16.0,0.0,= 16 + 14,= 16,= 16,,
Winged Thrull,175350-winged-thrull,GGtR,221.0,https://www.dndbeyond.com/monsters/175350-winged-thrull,construct,small,generic,N,0.5,2,100.0,-1.0,2.0,1.0,-1.0,-1.0,-1.0,-1,4,1,-1,-1,-1,0.0,0.0,0.0,1.0,0.0,0.0,0.0,0.0,0.0,0.0,1.0,0.0,0.0,0.0,0.0,1.0,1.0,1.0,1.0,1.0,1.0,1.0,1.0,1.0,0.0,1.0,1.0,1.0,2.0,1.0,12.0,12.0,31.5,31.5,0.2,0.2,4.0,4.0,,7.0,7.0,7.0,7.0,7.0,0.0,= 7,= 7,= 7,,
Winter Eladrin,96648-winter-eladrin,MToF,197.0,https://www.dndbeyond.com/monsters/96648-winter-eladrin,fey,medium,legacy,N,10.0,4,5900.0,0.0,0.0,3.0,4.0,3.0,1.0,0,0,3,4,3,1,0.0,0.0,0.0,0.0,0.0,0.0,0.0,0.0,0.0,0.0,0.0,0.0,0.0,0.0,0.0,0.7,0.7,0.7,1.0,0.5,1.0,1.0,1.0,1.0,1.0,1.0,1.0,1.0,0.0,1.5,19.0,19.0,127.5,239.1,1.8,5.8,8.0,8.0,16.0,52.166668,52.166668,83.0,57.0,16.5,0.0,= 2*36 +11,= 2*23 + 11,= 5.5 + 11,,Assumes +25% HP from Sorrowful Presence.
Winter Eladrin,2560961-winter-eladrin,MPMotM,117.0,https://www.dndbeyond.com/monsters/2560961-winter-eladrin,fey,medium,generic,N,10.0,4,5900.0,0.0,3.0,3.0,4.0,3.0,1.0,0,3,3,4,3,1,0.0,0.0,0.0,0.0,0.0,0.0,0.0,0.0,0.0,0.0,0.0,0.0,0.0,0.0,0.0,1.0,1.0,1.0,1.0,0.5,1.0,1.0,1.0,1.0,1.0,1.0,1.0,1.0,3.0,1.0,19.0,19.0,165.0,206.3,2.3,6.3,7.0,7.0,16.0,53.0,53.0,53.0,53.0,53.0,0.0,= 2*21 + 11,= 2*21 + 11,= 2*21 + 11,,Assumes +25% HP from Sorrowful Presence.
Winter Wolf,17061-winter-wolf,MM (2014),340.0,https://www.dndbeyond.com/monsters/17061-winter-wolf,monstrosity,large,generic,N,3.0,2,700.0,4.0,1.0,2.0,-2.0,1.0,-1.0,4,1,2,-2,1,-1,0.0,0.0,0.0,0.0,0.0,0.0,0.0,0.0,0.0,0.0,0.0,0.0,0.0,0.0,0.0,1.0,1.0,1.0,1.0,0.0,1.0,1.0,1.0,1.0,1.0,1.0,1.0,1.0,1.0,1.0,13.0,13.0,75.0,75.0,0.8,0.8,6.0,7.0,12.0,19.333334,19.333334,36.0,11.0,11.0,0.0,= 2*18,= 11,= 11,,
Witchlight Hand,1979816-witchlight-hand,TWBtW,27.0,https://www.dndbeyond.com/monsters/1979816-witchlight-hand,humanoid,medium,generic,N,0.125,2,25.0,0.0,2.0,0.0,1.0,1.0,1.0,0,2,0,1,1,1,0.0,0.0,0.0,0.0,0.0,0.0,0.0,0.0,0.0,0.0,0.0,0.0,0.0,0.0,0.0,1.0,1.0,1.0,1.0,1.0,1.0,1.0,1.0,1.0,1.0,1.0,1.0,1.0,2.0,1.0,12.0,12.0,9.0,9.0,0.8,0.8,4.0,4.0,,4.5,4.5,4.5,4.5,4.5,0.0,= 4.5,= 4.5,= 4.5,,
Witherbloom Apprentice,2160338-witherbloom-apprentice,SACoC,221.0,https://www.dndbeyond.com/monsters/2160338-witherbloom-apprentice,humanoid,medium,generic,N,2.0,2,450.0,0.0,2.0,1.0,1.0,2.0,0.0,0,2,3,1,4,0,0.0,0.0,0.0,0.0,0.0,0.0,0.0,0.0,0.0,0.0,0.0,0.0,0.0,0.0,0.0,1.0,1.0,1.0,1.0,1.0,1.0,1.0,1.0,1.0,1.0,1.0,1.0,1.0,2.0,1.0,13.0,13.0,44.0,59.0,1.7,1.7,4.0,4.0,12.0,16.5,18.833334,16.5,16.5,16.5,7.0,= 16.5,= 16.5,= 16.5,= 2*3.5,Assumes +2*3.5 damage from Wither Burst.
Witherbloom Pledgemage,2160339-witherbloom-pledgemage,SACoC,222.0,https://www.dndbeyond.com/monsters/2160339-witherbloom-pledgemage,humanoid,medium,generic,N,4.0,2,1100.0,0.0,2.0,1.0,2.0,3.0,0.0,0,2,3,2,5,0,0.0,0.0,0.0,0.0,0.0,0.0,0.0,0.0,0.0,0.0,1.0,0.0,0.0,0.0,0.0,1.0,1.0,1.0,1.0,1.0,1.0,1.0,1.0,1.0,0.0,1.0,1.0,1.0,2.0,1.0,15.0,15.0,66.0,88.0,2.0,2.0,5.0,9.0,13.0,26.5,28.833334,26.5,26.5,26.5,7.0,= 26.5,= 26.5,= 26.5,= 2*3.5,Assumes +7 hit points from death ward. Assumes +4 AB from Vociferous Form. Assumes +2*3.5 damage from Wither Burst.
Witherbloom Professor of Decay,2160340-witherbloom-professor-of-decay,SACoC,223.0,https://www.dndbeyond.com/monsters/2160340-witherbloom-professor-of-decay,humanoid,medium,generic,N,7.0,3,2900.0,0.0,2.0,3.0,3.0,4.0,1.0,0,2,6,6,7,4,0.0,0.0,0.0,0.0,0.0,0.0,0.0,0.0,0.0,0.0,0.0,0.0,0.0,0.0,0.0,1.0,1.0,1.0,1.0,1.0,1.0,1.0,1.0,0.5,1.0,1.0,1.0,1.0,2.0,1.0,14.0,14.0,105.0,125.0,4.2,4.2,7.0,7.0,15.0,39.0,39.0,47.0,35.0,35.0,0.0,= 2*23.5,= 2*17.5,= 2*17.5,,
Witherbloom Professor of Growth,2160341-witherbloom-professor-of-growth,SACoC,223.0,https://www.dndbeyond.com/monsters/2160341-witherbloom-professor-of-growth,humanoid,medium,generic,N,7.0,3,2900.0,0.0,1.0,3.0,3.0,4.0,1.0,0,1,6,6,7,4,0.0,0.0,0.0,0.0,0.0,0.0,0.0,0.0,0.0,0.0,1.0,0.0,0.0,0.0,0.0,1.0,1.0,1.0,1.0,1.0,1.0,1.0,1.0,1.0,0.5,1.0,1.0,1.0,1.0,1.0,13.0,13.0,112.5,180.5,4.0,4.0,7.0,7.0,15.0,49.0,49.0,25.0,61.0,61.0,0.0,= 25,= 2*18 + 25,= 2*18 + 25,,Assumes +68 hit points from Summon Nature’s Avatar. Assumes +25 DPR from Summon Nature’s Avatar.
Withers,286168-withers,ToA,145.0,https://www.dndbeyond.com/monsters/286168-withers,undead,medium,unique,N,4.0,2,1100.0,2.0,2.0,3.0,3.0,1.0,2.0,2,2,3,3,1,2,0.0,0.0,0.0,1.0,0.0,0.0,0.0,0.0,0.0,0.0,1.0,0.0,0.0,0.0,0.0,0.8,0.8,0.8,1.0,1.0,1.0,1.0,1.0,0.5,0.0,1.0,1.0,1.0,2.0,2.0,14.0,14.0,45.0,90.0,2.2,2.2,5.0,5.0,13.0,65.333336,65.333336,70.0,63.0,63.0,0.0,= 2*35,= 2*31.5,= 2*31.5,,
Woe Strider,909518-woe-strider,MOoT,247.0,https://www.dndbeyond.com/monsters/909518-woe-strider,aberration,large,generic,N,7.0,3,2900.0,4.0,2.0,3.0,-1.0,2.0,2.0,4,2,3,-1,2,2,0.0,0.0,0.0,0.0,1.0,0.0,0.0,0.0,0.0,0.0,0.0,0.0,0.0,0.0,0.0,1.0,1.0,1.0,1.0,1.0,1.0,1.0,1.0,1.0,1.0,1.0,1.0,1.0,2.0,1.0,17.0,17.0,110.5,110.5,2.0,2.0,7.0,7.0,,49.0,49.0,49.0,49.0,49.0,0.0,= 2*10 + 29,= 2*10 + 29,= 2*10 + 29,,
Wolf,17062-wolf,MM (2014),341.0,https://www.dndbeyond.com/monsters/17062-wolf,beast,medium,generic,N,0.25,2,50.0,1.0,2.0,1.0,-4.0,1.0,-2.0,1,2,1,-4,1,-2,0.0,0.0,0.0,0.0,0.0,0.0,0.0,0.0,0.0,0.0,0.0,0.0,0.0,0.0,0.0,1.0,1.0,1.0,1.0,1.0,1.0,1.0,1.0,1.0,1.0,1.0,1.0,1.0,2.0,1.0,13.0,13.0,11.0,11.0,-0.2,-0.2,4.0,5.0,,7.0,7.0,7.0,7.0,7.0,0.0,= 7,= 7,= 7,,
Wolf-in-Sheep’s-Clothing,4635167-wolf-in-sheeps-clothing,QftIS,221.0,https://www.dndbeyond.com/monsters/4635167-wolf-in-sheeps-clothing,plant,medium,generic,N,7.0,3,2900.0,5.0,-1.0,3.0,-3.0,1.0,-3.0,5,-1,3,-3,1,-3,0.0,0.0,0.0,0.0,0.0,0.0,0.0,0.0,0.0,0.0,0.0,1.0,0.0,0.0,0.0,1.0,1.0,1.0,1.0,1.0,1.0,1.0,1.0,1.0,1.0,1.0,1.0,1.0,-1.0,1.0,16.0,16.0,112.5,112.5,0.3,0.3,8.0,8.0,,33.5,33.5,33.5,33.5,33.5,0.0,= 16.5 + 2*8.5,= 16.5 + 2*8.5,= 16.5 + 2*8.5,,
Wood Woad,17311-wood-woad,VGtM,198.0,https://www.dndbeyond.com/monsters/17311-wood-woad,plant,medium,legacy,N,5.0,3,1800.0,4.0,1.0,3.0,0.0,1.0,-1.0,4,1,3,0,1,-1,0.0,1.0,0.0,0.0,1.0,0.0,0.0,0.0,0.0,0.0,0.0,0.0,0.0,0.0,0.0,0.5,0.5,1.0,1.0,1.0,2.0,1.0,1.0,1.0,1.0,1.0,1.0,1.0,1.0,1.0,18.0,18.0,75.0,105.0,1.3,1.3,7.0,7.0,,28.0,28.0,28.0,28.0,28.0,0.0,= 2*14,= 2*14,= 2*14,,
Wood Woad,2560962-wood-woad,MPMotM,266.0,https://www.dndbeyond.com/monsters/2560962-wood-woad,plant,medium,generic,N,5.0,3,1800.0,4.0,1.0,3.0,0.0,1.0,-1.0,4,1,3,0,1,-1,0.0,1.0,0.0,0.0,1.0,0.0,0.0,0.0,0.0,0.0,0.0,0.0,0.0,0.0,0.0,0.5,0.5,1.0,1.0,1.0,2.0,1.0,1.0,1.0,1.0,1.0,1.0,1.0,1.0,1.0,18.0,18.0,75.0,105.0,1.3,1.3,7.0,7.0,,28.0,28.0,28.0,28.0,28.0,0.0,= 2*14,= 2*14,= 2*14,,
Worg,17063-worg,MM (2014),341.0,https://www.dndbeyond.com/monsters/17063-worg,monstrosity,large,generic,N,0.5,2,100.0,3.0,1.0,1.0,-2.0,0.0,-1.0,3,1,1,-2,0,-1,0.0,0.0,0.0,0.0,0.0,0.0,0.0,0.0,0.0,0.0,0.0,0.0,0.0,0.0,0.0,1.0,1.0,1.0,1.0,1.0,1.0,1.0,1.0,1.0,1.0,1.0,1.0,1.0,1.0,1.0,13.0,13.0,26.0,26.0,0.3,0.3,5.0,6.0,,10.0,10.0,10.0,10.0,10.0,0.0,= 10,= 10,= 10,,Assumes +1 AB from advantage.
Worker Robot,4635168-worker-robot,QftIS,215.0,https://www.dndbeyond.com/monsters/4635168-worker-robot,construct,medium,generic,N,3.0,2,700.0,5.0,-1.0,3.0,0.0,1.0,0.0,5,-1,3,0,1,0,0.0,0.0,0.0,1.0,0.0,0.0,0.0,0.0,0.0,0.0,1.0,0.0,0.0,0.0,0.0,1.0,1.0,1.0,0.5,0.0,0.5,1.0,1.0,1.0,0.0,1.0,1.0,1.0,-1.0,1.0,13.0,13.0,75.0,75.0,1.3,1.3,7.0,7.0,,19.0,19.0,19.0,19.0,19.0,0.0,= 2*9.5,= 2*9.5,= 2*9.5,,
Wraith,17064-wraith,MM (2014),302.0,https://www.dndbeyond.com/monsters/17064-wraith,undead,medium,generic,N,5.0,3,1800.0,-2.0,3.0,3.0,1.0,2.0,2.0,-2,3,3,1,2,2,0.0,1.0,0.0,1.0,0.0,1.0,0.0,0.0,1.0,1.0,1.0,1.0,1.0,0.0,0.0,0.8,0.8,0.8,0.5,0.5,0.5,1.0,0.5,0.0,0.0,1.0,1.0,0.5,3.0,1.5,13.0,13.0,67.5,101.3,1.5,1.5,6.0,6.0,,21.0,21.0,21.0,21.0,21.0,0.0,= 21,= 21,= 21,,
Wretched Sorrowsworn,2560963-wretched-sorrowsworn,MPMotM,224.0,https://www.dndbeyond.com/monsters/2560963-wretched-sorrowsworn,monstrosity,small,generic,N,0.25,2,50.0,-2.0,1.0,-1.0,-3.0,-2.0,-3.0,-2,1,-1,-3,-2,-3,0.0,0.0,0.0,0.0,0.0,0.0,0.0,0.0,0.0,0.0,0.0,0.0,0.0,0.0,0.0,0.6,0.6,0.6,1.0,1.0,1.0,1.0,1.0,1.0,1.0,1.0,1.0,1.0,1.0,2.0,15.0,15.0,10.0,20.0,-1.7,-1.7,3.0,4.0,,6.5,6.5,6.5,6.5,6.5,0.0,= 6.5,= 6.5,= 6.5,,
Wurm,175314-wurm,GGtR,225.0,https://www.dndbeyond.com/monsters/175314-wurm,monstrosity,huge,generic,N,14.0,5,11500.0,7.0,0.0,6.0,-4.0,1.0,-3.0,7,0,11,-4,6,-3,0.0,0.0,0.0,0.0,0.0,0.0,0.0,0.0,0.0,0.0,0.0,0.0,0.0,0.0,0.0,1.0,1.0,1.0,1.0,1.0,1.0,1.0,1.0,1.0,1.0,1.0,1.0,1.0,0.0,1.0,18.0,18.0,200.0,200.0,2.8,2.8,12.0,12.0,20.0,61.0,61.0,44.0,61.0,78.0,0.0,= 24 + 2*10,= 24 + 17 + 2*10,= 24 + 2*17 + 2*10,,
Wynling,2739107-wynling,JttRC,33.0,https://www.dndbeyond.com/monsters/2739107-wynling,fey,tiny,generic,N,0.5,2,100.0,-4.0,5.0,1.0,0.0,2.0,3.0,-4,5,1,0,2,3,0.0,0.0,0.0,0.0,0.0,0.0,0.0,0.0,0.0,0.0,0.0,0.0,0.0,0.0,0.0,1.0,1.0,1.0,1.0,1.0,1.0,1.0,1.0,1.0,1.0,1.0,1.0,1.0,5.0,1.0,15.0,15.0,21.0,21.0,1.2,1.2,7.0,7.0,,7.5,7.5,7.5,7.5,7.5,0.0,= 7.5,= 7.5,= 7.5,,
Wyvern,17065-wyvern,MM (2014),303.0,https://www.dndbeyond.com/monsters/17065-wyvern,dragon,large,generic,N,6.0,3,2300.0,4.0,0.0,3.0,-3.0,1.0,-2.0,4,0,3,-3,1,-2,0.0,0.0,0.0,0.0,0.0,0.0,0.0,0.0,0.0,0.0,0.0,0.0,0.0,0.0,0.0,1.0,1.0,1.0,1.0,1.0,1.0,1.0,1.0,1.0,1.0,1.0,1.0,1.0,0.0,1.0,13.0,13.0,110.5,110.5,0.5,0.5,7.0,7.0,15.0,48.5,48.5,48.5,48.5,48.5,0.0,= 13 + 35.5,= 13 + 35.5,= 13 + 35.5,,
Xandala,33273-xandala,ToA,236.0,https://www.dndbeyond.com/monsters/33273-xandala,humanoid,medium,unique,N,7.0,3,2900.0,0.0,0.0,2.0,4.0,3.0,4.0,0,0,2,7,6,4,0.0,0.0,0.0,0.0,0.0,0.0,0.0,0.0,0.0,0.0,0.0,0.0,0.0,0.0,0.0,1.0,1.0,1.0,1.0,1.0,1.0,1.0,1.0,1.0,1.0,1.0,1.0,1.0,0.0,1.0,13.0,18.0,71.5,71.5,3.2,3.2,7.0,7.0,15.0,75.666664,75.666664,81.0,73.0,73.0,0.0,= 2*35 + 11,= 2*31 + 11,= 2*31 + 11,,
Xardorok Sunblight,1123135-xardorok-sunblight,IDRotF,287.0,https://www.dndbeyond.com/monsters/1123135-xardorok-sunblight,humanoid,medium,unique,N,5.0,3,1800.0,3.0,0.0,4.0,1.0,1.0,4.0,3,0,4,1,4,7,0.0,0.0,0.0,0.0,0.0,0.0,0.0,0.0,0.0,0.0,0.0,0.0,0.0,0.0,0.0,1.0,1.0,1.0,1.0,1.0,1.0,1.0,1.0,1.0,0.5,1.0,1.0,1.0,0.0,1.0,16.0,16.0,93.5,93.5,3.2,3.2,7.0,7.0,15.0,28.666666,28.666666,34.0,34.0,18.0,0.0,= 2*9 + 16,= 2*9 + 16,= 2*9,,
Xorn,17066-xorn,MM (2014),304.0,https://www.dndbeyond.com/monsters/17066-xorn,elemental,medium,generic,N,5.0,3,1800.0,3.0,0.0,6.0,0.0,0.0,0.0,3,0,6,0,0,0,0.0,0.0,0.0,0.0,0.0,0.0,0.0,0.0,0.0,0.0,0.0,0.0,0.0,0.0,0.0,1.0,0.8,0.8,1.0,1.0,1.0,1.0,1.0,1.0,1.0,1.0,1.0,1.0,0.0,1.0,19.0,19.0,73.5,110.3,1.5,1.5,6.0,6.0,,31.0,31.0,31.0,31.0,31.0,0.0,= 3*6 + 13,= 3*6 + 13,= 3*6 + 13,,
Xvart,17312-xvart,VGtM,200.0,https://www.dndbeyond.com/monsters/17312-xvart,humanoid,small,legacy,N,0.125,2,25.0,-1.0,2.0,0.0,-1.0,-2.0,-2.0,-1,2,0,-1,-2,-2,0.0,0.0,0.0,0.0,0.0,0.0,0.0,0.0,0.0,0.0,0.0,0.0,0.0,0.0,0.0,1.0,1.0,1.0,1.0,1.0,1.0,1.0,1.0,1.0,1.0,1.0,1.0,1.0,2.0,1.0,13.0,13.0,7.0,7.0,-0.7,-0.7,4.0,4.0,,5.5,5.5,5.5,5.5,5.5,0.0,= 5.5,= 5.5,= 5.5,,
Xvart,2560965-xvart,MPMotM,267.0,https://www.dndbeyond.com/monsters/2560965-xvart,monstrosity,small,generic,N,0.125,2,25.0,-1.0,2.0,0.0,-1.0,-2.0,-2.0,-1,2,0,-1,-2,-2,0.0,0.0,0.0,0.0,0.0,0.0,0.0,0.0,0.0,0.0,0.0,0.0,0.0,0.0,0.0,1.0,1.0,1.0,1.0,1.0,1.0,1.0,1.0,1.0,1.0,1.0,1.0,1.0,2.0,1.0,13.0,13.0,7.0,7.0,-0.7,-0.7,4.0,4.0,,5.5,5.5,5.5,5.5,5.5,0.0,= 5.5,= 5.5,= 5.5,,
Xvart Warlock of Raxivort,17313-xvart-warlock-of-raxivort,VGtM,200.0,https://www.dndbeyond.com/monsters/17313-xvart-warlock-of-raxivort,humanoid,small,legacy,N,1.0,2,200.0,-1.0,2.0,1.0,-1.0,0.0,1.0,-1,2,1,-1,0,1,0.0,0.0,0.0,0.0,0.0,0.0,0.0,0.0,0.0,0.0,0.0,0.0,0.0,0.0,0.0,1.0,1.0,1.0,1.0,1.0,1.0,1.0,1.0,1.0,1.0,1.0,1.0,1.0,2.0,1.0,15.0,15.0,22.5,28.5,0.3,0.3,3.0,3.0,11.0,15.666667,15.666667,21.0,21.0,5.0,0.0,= 3*7,= 3*7,= 5,,Assumes 6 hp from Raxivort’s Blessing.
Xvart Warlock of Raxivort,2560964-xvart-warlock-of-raxivort,MPMotM,267.0,https://www.dndbeyond.com/monsters/2560964-xvart-warlock-of-raxivort,monstrosity,small,generic,N,1.0,2,200.0,-1.0,2.0,1.0,-1.0,0.0,1.0,-1,2,1,-1,0,1,0.0,0.0,0.0,0.0,0.0,0.0,0.0,0.0,0.0,0.0,0.0,0.0,0.0,0.0,0.0,1.0,1.0,1.0,1.0,1.0,1.0,1.0,1.0,1.0,1.0,1.0,1.0,1.0,2.0,1.0,15.0,15.0,22.5,26.5,0.3,0.3,3.0,3.0,11.0,17.0,17.0,21.0,15.0,15.0,0.0,= 2*10.5,= 2*7.5,= 2*7.5,,
Yagnoloth,93792-yagnoloth,MToF,252.0,https://www.dndbeyond.com/monsters/93792-yagnoloth,fiend,large,legacy,N,11.0,4,7200.0,4.0,2.0,5.0,3.0,2.0,4.0,4,6,5,7,6,8,0.0,0.0,0.0,0.0,0.0,0.0,0.0,0.0,0.0,0.0,1.0,0.0,0.0,0.0,0.0,0.7,0.7,0.7,0.0,0.5,0.5,1.0,0.5,1.0,0.0,1.0,1.0,1.0,2.0,1.25,17.0,17.0,147.0,221.3,6.0,10.0,8.0,8.0,16.0,50.5,50.5,50.5,50.5,50.5,0.0,= 23.5 + 27,= 23.5 + 27,= 23.5 + 27,,Assumes +10 HP per round from Massive Arm.
Yagnoloth,2560966-yagnoloth,MPMotM,268.0,https://www.dndbeyond.com/monsters/2560966-yagnoloth,fiend,large,generic,N,11.0,4,7200.0,4.0,2.0,5.0,3.0,2.0,4.0,4,6,5,7,6,8,0.0,0.0,0.0,0.0,0.0,0.0,0.0,0.0,0.0,0.0,1.0,0.0,0.0,0.0,0.0,0.7,0.7,0.7,0.0,0.5,0.5,1.0,0.5,1.0,0.0,1.0,1.0,1.0,2.0,1.25,17.0,17.0,147.0,221.3,6.0,10.0,8.0,8.0,16.0,50.5,50.5,50.5,50.5,50.5,0.0,= 27 + 23.5,= 27 + 23.5,= 27 + 23.5,,Assumes +10 HP per round from Massive Arm.
Yakfolk Priest,17356-yakfolk-priest,SKT,245.0,https://www.dndbeyond.com/monsters/17356-yakfolk-priest,monstrosity,large,generic,N,4.0,2,1100.0,3.0,0.0,2.0,2.0,4.0,2.0,3,0,2,2,4,2,0.0,0.0,0.0,0.0,0.0,0.0,0.0,0.0,0.0,0.0,0.0,0.0,0.0,0.0,0.0,1.0,1.0,1.0,1.0,1.0,1.0,1.0,1.0,1.0,1.0,1.0,1.0,1.0,0.0,1.0,12.0,16.0,52.5,52.5,2.2,2.2,5.0,5.0,,37.0,37.0,37.0,37.0,37.0,0.0,= 2*12 + 13,= 2*12 + 13,= 2*12 + 13,,Assumes +4 AC from casting sanctuary after attacking.
Yakfolk Warrior,17355-yakfolk-warrior,SKT,244.0,https://www.dndbeyond.com/monsters/17355-yakfolk-warrior,monstrosity,large,generic,N,3.0,2,700.0,4.0,0.0,2.0,2.0,2.0,2.0,4,0,2,2,2,2,0.0,0.0,0.0,0.0,0.0,0.0,0.0,0.0,0.0,0.0,0.0,0.0,0.0,0.0,0.0,1.0,1.0,1.0,1.0,1.0,1.0,1.0,1.0,1.0,1.0,1.0,1.0,1.0,0.0,1.0,11.0,11.0,60.0,60.0,2.0,2.0,6.0,6.0,,36.0,36.0,36.0,36.0,36.0,0.0,= 2*18,= 2*18,= 2*18,,
Yan-C-Bin,17464-yan-c-bin,PotA,220.0,https://www.dndbeyond.com/monsters/17464-yan-c-bin,elemental,huge,unique,LL,18.0,6,20000.0,4.0,7.0,7.0,3.0,5.0,6.0,4,13,7,3,11,12,0.0,1.0,0.0,0.0,1.0,0.0,0.0,0.0,1.0,1.0,1.0,1.0,1.0,0.0,0.0,0.7,0.7,0.7,1.0,0.5,0.5,1.0,0.0,1.0,0.0,1.0,1.0,0.0,7.0,1.25,22.0,22.0,283.5,466.9,8.3,12.3,14.0,14.0,24.0,141.0,141.0,183.0,90.0,150.0,0.0,= 3*31 + 3*2*5 + 2*30,= 2*30 + 3*2*5,= 2*30 + 3*2*5 + 2*30,,
YEENOGHU,17418-yeenoghu,OotA,247.0,https://www.dndbeyond.com/monsters/17418-yeenoghu,fiend,huge,legacy,LL,24.0,7,62000.0,9.0,3.0,8.0,3.0,7.0,2.0,9,10,15,3,14,2,0.0,1.0,0.0,1.0,1.0,0.0,0.0,0.0,0.0,0.0,1.0,0.0,0.0,0.0,0.0,0.2,0.2,0.2,1.0,0.5,0.5,1.0,0.5,1.0,0.0,1.0,1.0,1.0,3.0,1.25,22.0,22.0,348.0,547.5,8.8,12.8,16.0,16.0,,183.0,183.0,192.0,165.0,192.0,0.0,= 3*22 + 13 + 20 + 3*22 + 27,= 3*22 + 13 + 20 + 3*22,= 3*22 + 13 + 20 + 3*22 + 27,,
Yeenoghu,17418-yeenoghu,MToF,155.0,https://www.dndbeyond.com/monsters/17418-yeenoghu,fiend,huge,legacy,LL,24.0,7,62000.0,9.0,3.0,8.0,3.0,7.0,2.0,9,10,15,3,14,2,0.0,1.0,0.0,1.0,1.0,0.0,0.0,0.0,0.0,0.0,1.0,0.0,0.0,0.0,0.0,0.2,0.2,0.2,1.0,0.5,0.5,1.0,0.5,1.0,0.0,1.0,1.0,1.0,3.0,1.25,20.0,20.0,333.5,585.6,8.8,12.8,16.0,16.0,17.0,113.0,131.0,113.0,113.0,113.0,54.0,= 3*15.5 + 13 + 7 + 3*15.5,= 3*15.5 + 13 + 7 + 3*15.5,= 3*15.5 + 13 + 7 + 3*15.5,= 2*27,Assumes +3*15 HP from Paralysis. Assumes +7 DPR from Rampage. Assumes 2*27 damage from lair actions.
Yeenoghu,2560967-yeenoghu,MPMotM,270.0,https://www.dndbeyond.com/monsters/2560967-yeenoghu,fiend,huge,unique,L,24.0,7,62000.0,9.0,3.0,8.0,3.0,7.0,2.0,9,10,15,3,14,2,0.0,1.0,0.0,1.0,1.0,0.0,0.0,0.0,0.0,0.0,1.0,0.0,0.0,0.0,0.0,0.2,0.2,0.2,1.0,0.5,0.5,1.0,0.5,1.0,0.0,1.0,1.0,1.0,3.0,1.25,20.0,20.0,333.5,585.6,8.8,12.8,16.0,16.0,17.0,155.0,155.0,155.0,155.0,155.0,0.0,= 3*22 + 13 + 10 + 3*22,= 3*22 + 13 + 10 + 3*22,= 3*22 + 13 + 10 + 3*22,,Assumes +3*15 HP from Paralysis. Assumes +10 DPR from Rampage.
Yeenoghu,2560967-yeenoghu,MPMotM,270.0,https://www.dndbeyond.com/monsters/2560967-yeenoghu,fiend,huge,unique,LL,25.0,8,75000.0,9.0,3.0,8.0,3.0,7.0,2.0,9,10,15,3,14,2,0.0,1.0,0.0,1.0,1.0,0.0,0.0,0.0,0.0,0.0,1.0,0.0,0.0,0.0,0.0,0.2,0.2,0.2,1.0,0.5,0.5,1.0,0.5,1.0,0.0,1.0,1.0,1.0,3.0,1.25,20.0,20.0,333.5,585.6,8.8,12.8,16.0,16.0,17.0,155.0,173.0,155.0,155.0,155.0,54.0,= 3*22 + 13 + 10 + 3*22,= 3*22 + 13 + 10 + 3*22,= 3*22 + 13 + 10 + 3*22,= 2*27,Assumes +3*15 HP from Paralysis. Assumes +10 DPR from Rampage. Assumes 2*27 damage from lair actions.
Yellow Musk Creeper,33275-yellow-musk-creeper,ToA,237.0,https://www.dndbeyond.com/monsters/33275-yellow-musk-creeper,plant,medium,generic,N,2.0,2,450.0,1.0,-4.0,1.0,-5.0,0.0,-4.0,1,-4,1,-5,0,-4,1.0,0.0,1.0,1.0,0.0,0.0,0.0,0.0,0.0,0.0,0.0,1.0,0.0,0.0,0.0,1.0,1.0,1.0,1.0,1.0,1.0,1.0,1.0,1.0,1.0,1.0,1.0,1.0,-4.0,1.0,6.0,6.0,60.5,90.5,-1.8,-1.8,3.0,3.0,11.0,13.0,13.0,13.0,13.0,13.0,0.0,= 13,= 13,= 13,,
Yellow Musk Zombie,33277-yellow-musk-zombie,ToA,237.0,https://www.dndbeyond.com/monsters/33277-yellow-musk-zombie,undead,medium,generic,N,0.25,2,50.0,1.0,-1.0,1.0,-5.0,-2.0,-4.0,1,-1,1,-5,-2,-4,0.0,1.0,0.0,1.0,0.0,0.0,0.0,0.0,0.0,0.0,0.0,0.0,0.0,0.0,0.0,1.0,1.0,1.0,1.0,1.0,1.0,1.0,1.0,1.0,1.0,1.0,1.0,1.0,-1.0,1.0,9.0,9.0,33.0,40.0,-1.7,-1.7,3.0,3.0,,5.0,5.0,5.0,5.0,5.0,0.0,= 5,= 5,= 5,,Assumes +7 hp from Undead Fortitude.
Yestabrod,17407-yestabrod,OotA,233.0,https://www.dndbeyond.com/monsters/17407-yestabrod,monstrosity,large,unique,L,4.0,2,1100.0,1.0,0.0,2.0,1.0,2.0,0.0,1,0,2,1,2,0,0.0,0.0,0.0,0.0,0.0,0.0,0.0,0.0,0.0,0.0,1.0,0.0,0.0,0.0,0.0,1.0,1.0,1.0,1.0,1.0,1.0,1.0,1.0,1.0,0.0,1.0,1.0,1.0,0.0,1.0,15.0,15.0,75.0,85.0,1.0,1.0,4.0,4.0,12.0,43.0,43.0,43.0,43.0,43.0,0.0,= 15 + 4*7,= 15 + 4*7,= 15 + 4*7,,
Yeth Hound,17314-yeth-hound,VGtM,201.0,https://www.dndbeyond.com/monsters/17314-yeth-hound,fey,large,legacy,N,4.0,2,1100.0,4.0,3.0,3.0,-3.0,1.0,-2.0,4,3,3,-3,1,-2,0.0,1.0,0.0,1.0,1.0,0.0,0.0,0.0,0.0,0.0,0.0,0.0,0.0,0.0,0.0,0.3,0.3,0.3,1.0,1.0,1.0,1.0,1.0,1.0,1.0,1.0,1.0,1.0,3.0,2.0,14.0,14.0,51.0,102.0,1.0,1.0,6.0,6.0,,25.0,25.0,25.0,25.0,25.0,0.0,= 25,= 25,= 25,,Assumes the target is always frightened.
Yeth Hound,2560968-yeth-hound,MPMotM,271.0,https://www.dndbeyond.com/monsters/2560968-yeth-hound,fey,large,generic,N,4.0,2,1100.0,4.0,3.0,3.0,-3.0,1.0,-2.0,4,3,3,-3,1,-2,0.0,1.0,0.0,1.0,1.0,0.0,0.0,0.0,0.0,0.0,0.0,0.0,0.0,0.0,0.0,0.3,0.3,0.3,1.0,1.0,1.0,1.0,1.0,1.0,1.0,1.0,1.0,1.0,3.0,2.0,14.0,14.0,51.0,102.0,1.0,1.0,6.0,6.0,,11.0,25.0,11.0,11.0,11.0,42.0,= 11,= 11,= 11,= 3*14,Assumes +14 DPR from frightened target.
Yeti,17096-yeti,MM (2014),305.0,https://www.dndbeyond.com/monsters/17096-yeti,monstrosity,large,generic,N,3.0,2,700.0,4.0,1.0,3.0,-1.0,1.0,-2.0,4,1,3,-1,1,-2,0.0,0.0,0.0,0.0,0.0,0.0,0.0,0.0,0.0,0.0,0.0,0.0,0.0,0.0,0.0,1.0,1.0,1.0,1.0,0.0,1.0,1.0,1.0,1.0,1.0,1.0,1.0,1.0,1.0,1.0,12.0,12.0,51.0,51.0,1.0,1.0,6.0,6.0,13.0,32.5,32.5,32.5,32.5,32.5,0.0,= 2*11 + 10.5,= 2*11 + 10.5,= 2*11 + 10.5,,Should probably increase from Chilling Gaze.
Yeti Tyke,1123136-yeti-tyke,IDRotF,313.0,https://www.dndbeyond.com/monsters/1123136-yeti-tyke,monstrosity,small,generic,N,0.125,2,25.0,0.0,0.0,1.0,-2.0,-1.0,-3.0,0,0,1,-2,-1,-3,0.0,0.0,0.0,0.0,0.0,0.0,0.0,0.0,0.0,0.0,0.0,0.0,0.0,0.0,0.0,1.0,1.0,1.0,1.0,0.0,1.0,1.0,1.0,1.0,1.0,1.0,1.0,1.0,0.0,1.0,11.0,11.0,9.0,9.0,-0.8,-0.8,2.0,2.0,,5.0,5.0,5.0,5.0,5.0,0.0,= 5,= 5,= 5,,
Yinra Emberwind,744343-yinra-emberwind,EGtW,223.0,https://www.dndbeyond.com/monsters/744343-yinra-emberwind,humanoid,medium,unique,N,0.5,2,100.0,0.0,3.0,1.0,2.0,1.0,0.0,0,3,1,2,1,0,0.0,0.0,0.0,0.0,0.0,0.0,0.0,0.0,0.0,0.0,0.0,0.0,0.0,0.0,0.0,1.0,1.0,1.0,1.0,1.0,1.0,1.0,1.0,1.0,1.0,1.0,1.0,1.0,3.0,1.0,15.0,15.0,16.5,16.5,1.2,1.2,5.0,5.0,,7.5,7.5,7.5,7.5,7.5,0.0,= 7.5,= 7.5,= 7.5,,
Yochlol,17127-yochlol,MM (2014),65.0,https://www.dndbeyond.com/monsters/17127-yochlol,fiend,medium,generic,N,10.0,4,5900.0,2.0,2.0,4.0,1.0,2.0,2.0,2,6,4,5,6,6,0.0,0.0,0.0,0.0,0.0,0.0,0.0,0.0,0.0,0.0,1.0,0.0,0.0,0.0,0.0,0.7,0.7,0.7,1.0,0.5,0.5,1.0,0.5,1.0,0.0,1.0,1.0,1.0,2.0,1.5,15.0,15.0,136.0,204.0,4.8,8.8,6.0,6.0,14.0,53.0,53.0,53.0,53.0,53.0,0.0,= 2*26.5,= 2*26.5,= 2*26.5,,
Young Amethyst Dragon,2059760-young-amethyst-dragon,FToD,161.0,https://www.dndbeyond.com/monsters/2059760-young-amethyst-dragon,dragon,large,generic,N,9.0,4,5000.0,5.0,1.0,5.0,4.0,2.0,4.0,5,5,9,4,6,8,0.0,0.0,0.0,0.0,1.0,0.0,0.0,0.0,0.0,0.0,0.0,1.0,0.0,0.0,0.0,1.0,1.0,1.0,1.0,1.0,1.0,0.5,1.0,1.0,1.0,0.5,1.0,1.0,1.0,1.0,18.0,18.0,168.0,168.0,6.2,6.2,9.0,9.0,17.0,50.333332,50.333332,72.0,39.5,39.5,0.0,= 2*36,= 20.5 + 2*9.5,= 20.5 + 2*9.5,,
Young Black Dragon,17067-young-black-dragon,MM (2014),88.0,https://www.dndbeyond.com/monsters/17067-young-black-dragon,dragon,large,generic,N,7.0,3,2900.0,4.0,2.0,3.0,1.0,0.0,2.0,4,5,6,1,3,5,0.0,0.0,0.0,0.0,0.0,0.0,0.0,0.0,0.0,0.0,0.0,0.0,0.0,0.0,0.0,1.0,1.0,1.0,0.0,1.0,1.0,1.0,1.0,1.0,1.0,1.0,1.0,1.0,2.0,1.0,18.0,18.0,127.5,127.5,4.0,4.0,7.0,7.0,14.0,60.0,60.0,98.0,41.0,41.0,0.0,= 2*49,= 19 + 2*11,= 19 + 2*11,,
Young Blue Dragon,17068-young-blue-dragon,MM (2014),91.0,https://www.dndbeyond.com/monsters/17068-young-blue-dragon,dragon,large,generic,N,9.0,4,5000.0,5.0,0.0,4.0,2.0,1.0,3.0,5,4,8,2,5,7,0.0,0.0,0.0,0.0,0.0,0.0,0.0,0.0,0.0,0.0,0.0,0.0,0.0,0.0,0.0,1.0,1.0,1.0,1.0,1.0,1.0,1.0,0.0,1.0,1.0,1.0,1.0,1.0,0.0,1.0,18.0,18.0,152.0,152.0,5.2,5.2,9.0,9.0,16.0,66.666664,66.666664,110.0,45.0,45.0,0.0,=2*55,= 21 + 2*12,= 21 + 2*12,,
Young Brass Dragon,17069-young-brass-dragon,MM (2014),105.0,https://www.dndbeyond.com/monsters/17069-young-brass-dragon,dragon,large,generic,N,6.0,3,2300.0,4.0,0.0,3.0,1.0,0.0,2.0,4,3,6,1,3,5,0.0,0.0,0.0,0.0,0.0,0.0,0.0,0.0,0.0,0.0,0.0,0.0,0.0,0.0,0.0,1.0,1.0,1.0,1.0,1.0,0.0,1.0,1.0,1.0,1.0,1.0,1.0,1.0,0.0,1.0,17.0,17.0,110.5,110.5,3.7,3.7,7.0,7.0,14.0,52.666668,52.666668,84.0,37.0,37.0,0.0,= 2*42,=15+2*11,=15+2*11,,
Young Bronze Dragon,17070-young-bronze-dragon,MM (2014),108.0,https://www.dndbeyond.com/monsters/17070-young-bronze-dragon,dragon,large,generic,N,8.0,3,3900.0,5.0,0.0,4.0,2.0,1.0,3.0,5,3,7,2,4,6,0.0,0.0,0.0,0.0,0.0,0.0,0.0,0.0,0.0,0.0,0.0,0.0,0.0,0.0,0.0,1.0,1.0,1.0,1.0,1.0,1.0,1.0,0.0,1.0,1.0,1.0,1.0,1.0,0.0,1.0,18.0,18.0,142.5,142.5,4.5,4.5,8.0,8.0,15.0,63.333332,63.333332,110.0,40.0,40.0,0.0,=2*55,= 16 + 2*12,= 16 + 2*12,,
Young Copper Dragon,17071-young-copper-dragon,MM (2014),111.0,https://www.dndbeyond.com/monsters/17071-young-copper-dragon,dragon,large,generic,N,7.0,3,2900.0,4.0,1.0,3.0,3.0,1.0,2.0,4,4,6,3,4,5,0.0,0.0,0.0,0.0,0.0,0.0,0.0,0.0,0.0,0.0,0.0,0.0,0.0,0.0,0.0,1.0,1.0,1.0,0.0,1.0,1.0,1.0,1.0,1.0,1.0,1.0,1.0,1.0,1.0,1.0,17.0,17.0,119.0,119.0,4.3,4.3,7.0,7.0,14.0,51.333332,51.333332,80.0,37.0,37.0,0.0,= 2*40,=15+2*11,=15+2*11,,
Young Crystal Dragon,2059761-young-crystal-dragon,FToD,172.0,https://www.dndbeyond.com/monsters/2059761-young-crystal-dragon,dragon,large,generic,N,5.0,3,1800.0,3.0,1.0,4.0,3.0,2.0,3.0,3,4,7,3,5,6,0.0,0.0,0.0,0.0,0.0,0.0,0.0,0.0,0.0,0.0,0.0,0.0,0.0,0.0,0.0,1.0,1.0,1.0,1.0,0.5,1.0,1.0,1.0,1.0,1.0,1.0,0.5,1.0,1.0,1.0,15.0,15.0,95.0,105.0,4.7,4.7,6.0,6.0,15.0,39.0,39.0,54.0,31.5,31.5,0.0,= 2*27,= 18.5 + 2*6.5,= 18.5 + 2*6.5,,
Young Deep Dragon,2059762-young-deep-dragon,FToD,175.0,https://www.dndbeyond.com/monsters/2059762-young-deep-dragon,dragon,large,generic,N,5.0,3,1800.0,4.0,1.0,3.0,1.0,2.0,3.0,4,4,6,1,5,6,0.0,1.0,0.0,0.0,1.0,0.0,0.0,0.0,0.0,0.0,1.0,0.0,0.0,0.0,0.0,1.0,1.0,1.0,1.0,1.0,1.0,1.0,1.0,1.0,0.5,0.5,1.0,1.0,1.0,1.0,16.0,18.0,93.5,93.5,4.3,4.3,7.0,7.0,14.0,33.333332,33.333332,44.0,28.0,28.0,0.0,=2*22,= 13 + 2*7.5,= 13 + 2*7.5,,Assumes +2 AC from Nightmare Breath (frightened).
Young Dragon Turtle,2059763-young-dragon-turtle,FToD,192.0,https://www.dndbeyond.com/monsters/2059763-young-dragon-turtle,dragon,huge,generic,N,10.0,4,5900.0,5.0,0.0,4.0,0.0,1.0,1.0,5,4,8,0,5,1,0.0,0.0,0.0,0.0,0.0,0.0,0.0,0.0,0.0,0.0,0.0,0.0,0.0,0.0,0.0,1.0,1.0,1.0,1.0,1.0,0.5,1.0,1.0,1.0,1.0,1.0,1.0,1.0,0.0,1.0,19.0,19.0,178.5,178.5,3.8,3.8,9.0,9.0,16.0,52.666668,52.666668,84.0,37.0,37.0,0.0,= 2*42,= 18 + 2*9.5,= 18 + 2*9.5,,
Young Emerald Dragon,2059764-young-emerald-dragon,FToD,197.0,https://www.dndbeyond.com/monsters/2059764-young-emerald-dragon,dragon,large,generic,N,8.0,3,3900.0,5.0,1.0,4.0,3.0,2.0,3.0,5,4,7,3,5,6,0.0,0.0,0.0,0.0,0.0,0.0,0.0,0.0,0.0,0.0,0.0,0.0,0.0,0.0,0.0,1.0,1.0,1.0,1.0,1.0,0.5,1.0,1.0,1.0,1.0,0.5,1.0,1.0,1.0,1.0,17.0,18.0,142.5,142.5,5.0,5.0,8.0,8.0,15.0,45.333332,45.333332,63.0,36.5,36.5,0.0,= 2*31.5,= 19.5 + 2*8.5,= 19.5 + 2*8.5,,Assumes +1 AC from Disorienting Breath.
Young Gold Dragon,17072-young-gold-dragon,MM (2014),115.0,https://www.dndbeyond.com/monsters/17072-young-gold-dragon,dragon,large,generic,N,10.0,4,5900.0,6.0,2.0,5.0,3.0,1.0,5.0,6,6,9,3,5,9,0.0,0.0,0.0,0.0,0.0,0.0,0.0,0.0,0.0,0.0,0.0,0.0,0.0,0.0,0.0,1.0,1.0,1.0,1.0,1.0,0.0,1.0,1.0,1.0,1.0,1.0,1.0,1.0,2.0,1.0,18.0,18.0,178.5,178.5,6.3,6.3,10.0,10.0,17.0,65.333336,65.333336,110.0,43.0,43.0,0.0,=2*55,=17 + 2*13,=17 + 2*13,,
Young Green Dragon,17073-young-green-dragon,MM (2014),94.0,https://www.dndbeyond.com/monsters/17073-young-green-dragon,dragon,large,generic,N,8.0,3,3900.0,4.0,1.0,3.0,3.0,1.0,2.0,4,4,6,3,4,5,0.0,0.0,0.0,0.0,0.0,0.0,0.0,0.0,0.0,0.0,1.0,0.0,0.0,0.0,0.0,1.0,1.0,1.0,1.0,1.0,1.0,1.0,1.0,1.0,0.0,1.0,1.0,1.0,1.0,1.0,18.0,18.0,136.0,136.0,4.3,4.3,7.0,7.0,14.0,52.666668,52.666668,84.0,37.0,37.0,0.0,= 2*42,=15+2*11,=15+2*11,,
Young Griffon (Medium),1123137-young-griffon-medium,IDRotF,163.0,https://www.dndbeyond.com/monsters/1123137-young-griffon-medium,monstrosity,medium,generic,N,1.0,2,200.0,1.0,2.0,3.0,-4.0,1.0,-1.0,1,2,3,-4,1,-1,0.0,0.0,0.0,0.0,0.0,0.0,0.0,0.0,0.0,0.0,0.0,0.0,0.0,0.0,0.0,1.0,1.0,1.0,1.0,1.0,1.0,1.0,1.0,1.0,1.0,1.0,1.0,1.0,2.0,1.0,12.0,12.0,32.5,32.5,0.3,0.3,3.0,3.0,,10.5,10.5,10.5,10.5,10.5,0.0,= 4.5 + 6,= 4.5 + 6,= 4.5 + 6,,
Young Griffon (Small),1123138-young-griffon-small,IDRotF,163.0,https://www.dndbeyond.com/monsters/1123138-young-griffon-small,monstrosity,small,generic,N,0.25,2,50.0,-1.0,2.0,3.0,-4.0,1.0,-1.0,-1,2,3,-4,1,-1,0.0,0.0,0.0,0.0,0.0,0.0,0.0,0.0,0.0,0.0,0.0,0.0,0.0,0.0,0.0,1.0,1.0,1.0,1.0,1.0,1.0,1.0,1.0,1.0,1.0,1.0,1.0,1.0,2.0,1.0,12.0,12.0,13.0,13.0,0.0,0.0,1.0,1.0,,5.0,5.0,5.0,5.0,5.0,0.0,= 2*2.5,= 2*2.5,= 2*2.5,,
Young Griffon (Tiny),1123139-young-griffon-tiny,IDRotF,163.0,https://www.dndbeyond.com/monsters/1123139-young-griffon-tiny,monstrosity,tiny,generic,N,0.0,2,10.0,-4.0,2.0,3.0,-4.0,1.0,-1.0,-4,2,3,-4,1,-1,0.0,0.0,0.0,0.0,0.0,0.0,0.0,0.0,0.0,0.0,0.0,0.0,0.0,0.0,0.0,1.0,1.0,1.0,1.0,1.0,1.0,1.0,1.0,1.0,1.0,1.0,1.0,1.0,2.0,1.0,12.0,12.0,5.5,5.5,-0.5,-0.5,0.0,0.0,,2.0,2.0,2.0,2.0,2.0,0.0,= 1 + 1,= 1 + 1,= 1 + 1,,
Young Kruthik,97338-young-kruthik,MToF,211.0,https://www.dndbeyond.com/monsters/97338-young-kruthik,monstrosity,small,legacy,N,0.125,2,25.0,1.0,3.0,1.0,-3.0,0.0,-2.0,1,3,1,-3,0,-2,0.0,0.0,0.0,0.0,0.0,0.0,0.0,0.0,0.0,0.0,0.0,0.0,0.0,0.0,0.0,1.0,1.0,1.0,1.0,1.0,1.0,1.0,1.0,1.0,1.0,1.0,1.0,1.0,3.0,1.0,16.0,16.0,9.0,9.0,0.0,0.0,5.0,6.0,,5.5,5.5,5.5,5.5,5.5,0.0,= 5.5,= 5.5,= 5.5,,
Young Kruthik,2560969-young-kruthik,MPMotM,168.0,https://www.dndbeyond.com/monsters/2560969-young-kruthik,monstrosity,small,generic,N,0.125,2,25.0,1.0,3.0,1.0,-3.0,0.0,-2.0,1,3,1,-3,0,-2,0.0,0.0,0.0,0.0,0.0,0.0,0.0,0.0,0.0,0.0,0.0,0.0,0.0,0.0,0.0,1.0,1.0,1.0,1.0,1.0,1.0,1.0,1.0,1.0,1.0,1.0,1.0,1.0,3.0,1.0,16.0,16.0,9.0,9.0,0.0,0.0,5.0,6.0,,5.5,5.5,5.5,5.5,5.5,0.0,= 5.5,= 5.5,= 5.5,,
Young Lunar Dragon,2821212-young-lunar-dragon,SAiS:BAM,35.0,https://www.dndbeyond.com/monsters/2821212-young-lunar-dragon,dragon,large,generic,N,7.0,3,2900.0,4.0,1.0,4.0,-1.0,0.0,1.0,4,1,7,-1,3,1,0.0,0.0,0.0,0.0,0.0,0.0,0.0,0.0,0.0,0.0,0.0,0.0,0.0,0.0,0.0,1.0,1.0,1.0,1.0,0.0,1.0,1.0,1.0,1.0,1.0,1.0,1.0,1.0,1.0,1.0,16.0,16.0,123.5,247.0,2.5,2.5,7.0,7.0,15.0,35.333332,35.333332,54.0,26.0,26.0,0.0,= 2*27,= 11 + 2*7.5,= 11 + 2*7.5,,Assumes 2x HP from Phase.
Young Moonstone Dragon,2059765-young-moonstone-dragon,FToD,213.0,https://www.dndbeyond.com/monsters/2059765-young-moonstone-dragon,dragon,large,generic,N,8.0,3,3900.0,4.0,3.0,3.0,4.0,3.0,4.0,4,3,6,7,6,7,0.0,1.0,0.0,0.0,0.0,0.0,0.0,0.0,0.0,0.0,0.0,0.0,0.0,0.0,0.0,1.0,1.0,1.0,1.0,1.0,1.0,1.0,1.0,1.0,1.0,1.0,1.0,1.0,3.0,1.0,18.0,18.0,144.5,144.5,5.5,5.5,7.0,7.0,14.0,54.0,54.0,77.0,42.5,42.5,0.0,= 2*38.5,= 20.5 + 2*11,= 20.5 + 2*11,,
Young Purple Worm,748152-young-purple-worm,PotA,113.0,https://www.dndbeyond.com/monsters/748152-young-purple-worm,monstrosity,gargantuan,generic,N,13.0,5,10000.0,9.0,-2.0,6.0,-5.0,-1.0,-3.0,9,-2,11,-5,4,-3,0.0,0.0,0.0,0.0,0.0,0.0,0.0,0.0,0.0,0.0,0.0,0.0,0.0,0.0,0.0,1.0,1.0,1.0,1.0,1.0,1.0,1.0,1.0,1.0,1.0,1.0,1.0,1.0,-2.0,1.0,18.0,18.0,181.5,181.5,2.3,2.3,14.0,14.0,19.0,97.0,97.0,83.0,104.0,104.0,0.0,= 22 + 61,= 22 + 61 + 21,= 22 + 61 + 21,,
Young Red Dragon,17074-young-red-dragon,MM (2014),98.0,https://www.dndbeyond.com/monsters/17074-young-red-dragon,dragon,large,generic,N,10.0,4,5900.0,6.0,0.0,5.0,2.0,0.0,4.0,6,4,9,2,4,8,0.0,0.0,0.0,0.0,0.0,0.0,0.0,0.0,0.0,0.0,0.0,0.0,0.0,0.0,0.0,1.0,1.0,1.0,1.0,1.0,0.0,1.0,1.0,1.0,1.0,1.0,1.0,1.0,0.0,1.0,18.0,18.0,178.5,178.5,5.5,5.5,10.0,10.0,17.0,66.0,66.0,112.0,43.0,43.0,0.0,=2*56,=17 + 2*13,=17 + 2*13,,
Young Red Shadow Dragon,17132-young-red-shadow-dragon,MM (2014),85.0,https://www.dndbeyond.com/monsters/17132-young-red-shadow-dragon,dragon,large,generic,N,13.0,5,10000.0,6.0,0.0,5.0,2.0,0.0,4.0,6,5,10,2,5,9,0.0,0.0,0.0,0.0,0.0,0.0,0.0,0.0,0.0,0.0,0.0,0.0,0.0,0.0,0.0,1.0,1.0,1.0,1.0,1.0,0.0,1.0,1.0,0.5,1.0,1.0,1.0,1.0,0.0,1.0,18.0,22.0,178.5,178.5,6.2,10.2,10.0,11.0,18.0,68.333336,68.333336,112.0,46.5,46.5,0.0,=2*56,= 20.5 + 2*13,= 20.5 + 2*13,,Assumes +4 AC from Shadow Stealth. Assumes +4 SB from Shadow Stealth. Assumes +1 AB from Shadow Stealth.
Young Remorhaz,17195-young-remorhaz,MM (2014),258.0,https://www.dndbeyond.com/monsters/17195-young-remorhaz,monstrosity,large,generic,N,5.0,3,1800.0,4.0,1.0,3.0,-4.0,0.0,-3.0,4,1,3,-4,0,-3,0.0,0.0,0.0,0.0,0.0,0.0,0.0,0.0,0.0,0.0,0.0,0.0,0.0,0.0,0.0,1.0,1.0,1.0,1.0,0.0,0.0,1.0,1.0,1.0,1.0,1.0,1.0,1.0,1.0,1.0,14.0,14.0,93.5,93.5,0.2,0.2,6.0,6.0,,34.0,34.0,34.0,34.0,34.0,0.0,= 27 + 7,= 27 + 7,= 27 + 7,,
Young Sapphire Dragon,2059766-young-sapphire-dragon,FToD,216.0,https://www.dndbeyond.com/monsters/2059766-young-sapphire-dragon,dragon,large,generic,N,9.0,4,5000.0,5.0,2.0,5.0,3.0,2.0,3.0,5,6,9,3,6,7,0.0,0.0,0.0,0.0,1.0,0.0,0.0,0.0,0.0,0.0,0.0,0.0,0.0,0.0,0.0,1.0,1.0,1.0,1.0,1.0,1.0,1.0,0.5,1.0,1.0,1.0,1.0,0.5,2.0,1.0,17.0,17.0,157.5,177.5,6.0,6.0,9.0,9.0,17.0,47.0,47.0,66.0,37.5,37.5,0.0,= 2*33,= 20.5 + 2*8.5,= 20.5 + 2*8.5,,Assumes +20 hit points from Debilitating Breath.
Young Sea Serpent,2059767-young-sea-serpent,FToD,291.0,https://www.dndbeyond.com/monsters/2059767-young-sea-serpent,dragon,huge,generic,N,8.0,3,3900.0,4.0,1.0,3.0,0.0,1.0,0.0,7,1,6,0,1,0,0.0,0.0,0.0,0.0,0.0,0.0,0.0,0.0,0.0,0.0,0.0,0.0,0.0,0.0,0.0,1.0,1.0,1.0,1.0,0.0,1.0,1.0,1.0,1.0,1.0,1.0,1.0,1.0,1.0,1.0,16.0,17.0,123.5,123.5,2.5,2.5,7.0,8.0,14.0,53.666668,53.666668,76.0,42.5,42.5,0.0,=2*38,= 20.5 + 22,= 20.5 + 22,,Assumes +1 AC from Constrict. Assumes +1 AB from Constrict.
Young Silver Dragon,17075-young-silver-dragon,MM (2014),118.0,https://www.dndbeyond.com/monsters/17075-young-silver-dragon,dragon,large,generic,N,9.0,4,5000.0,6.0,0.0,5.0,2.0,0.0,4.0,6,4,9,2,4,8,0.0,0.0,0.0,0.0,0.0,0.0,0.0,0.0,0.0,0.0,0.0,0.0,0.0,0.0,0.0,1.0,1.0,1.0,1.0,0.0,1.0,1.0,1.0,1.0,1.0,1.0,1.0,1.0,0.0,1.0,18.0,18.0,168.0,168.0,5.5,5.5,10.0,10.0,17.0,64.666664,64.666664,108.0,43.0,43.0,0.0,=2*54,=17 + 2*13,=17 + 2*13,,
Young Solar Dragon,2821213-young-solar-dragon,SAiS:BAM,53.0,https://www.dndbeyond.com/monsters/2821213-young-solar-dragon,dragon,large,generic,N,9.0,4,5000.0,5.0,2.0,5.0,1.0,2.0,1.0,5,6,9,1,6,5,1.0,0.0,0.0,0.0,0.0,0.0,0.0,0.0,0.0,0.0,0.0,0.0,0.0,0.0,0.0,1.0,1.0,1.0,1.0,1.0,1.0,1.0,1.0,1.0,1.0,1.0,0.0,1.0,2.0,1.0,16.0,20.0,178.5,178.5,5.3,5.3,9.0,9.0,17.0,47.666668,47.666668,88.0,27.5,27.5,0.0,= 2*44,= 19 + 8.5,= 19 + 8.5,,Assumes +4 AC from flying with Flyby.
Young Time Dragon,3883571-young-time-dragon,PAitM:MPP,51.0,https://www.dndbeyond.com/monsters/3883571-young-time-dragon,dragon,large,generic,N,11.0,4,7200.0,5.0,1.0,5.0,5.0,2.0,3.0,5,5,9,5,6,7,0.0,0.0,0.0,0.0,0.0,0.0,0.0,0.0,0.0,0.0,0.0,0.0,0.0,0.0,0.0,1.0,1.0,1.0,1.0,1.0,1.0,1.0,1.0,1.0,1.0,1.0,1.0,1.0,1.0,1.0,18.0,18.0,210.0,210.0,6.2,6.2,9.0,11.0,17.0,59.0,59.0,63.0,57.0,57.0,0.0,= 2*31.5,= 3*19,= 3*19,,Assumes +2 AB from Time Breath (advantage).
Young Topaz Dragon,2059768-young-topaz-dragon,FToD,223.0,https://www.dndbeyond.com/monsters/2059768-young-topaz-dragon,dragon,large,generic,N,7.0,3,2900.0,3.0,1.0,2.0,3.0,2.0,3.0,3,4,5,3,5,6,0.0,0.0,0.0,0.0,0.0,0.0,0.0,0.0,0.0,0.0,0.0,0.0,0.0,0.0,0.0,1.0,1.0,1.0,1.0,0.5,1.0,1.0,1.0,0.5,1.0,1.0,1.0,1.0,1.0,1.0,17.0,17.0,127.5,134.5,4.3,4.3,6.0,6.0,13.0,39.0,39.0,56.0,30.5,30.5,0.0,= 2*28,= 17.5 + 2*6.5,= 17.5 + 2*6.5,,Assumes +7 hit points from Desiccating Breath.
Young White Dragon,17076-young-white-dragon,MM (2014),101.0,https://www.dndbeyond.com/monsters/17076-young-white-dragon,dragon,large,generic,N,6.0,3,2300.0,4.0,0.0,4.0,-2.0,0.0,1.0,4,3,7,-2,3,4,0.0,0.0,0.0,0.0,0.0,0.0,0.0,0.0,0.0,0.0,0.0,0.0,0.0,0.0,0.0,1.0,1.0,1.0,1.0,0.0,1.0,1.0,1.0,1.0,1.0,1.0,1.0,1.0,0.0,1.0,17.0,17.0,133.0,133.0,3.2,3.2,7.0,7.0,15.0,54.666668,54.666668,90.0,37.0,37.0,0.0,= 2*45,=15+2*11,=15+2*11,,
Yuan-ti Abomination,17121-yuan-ti-abomination,MM (2014),308.0,https://www.dndbeyond.com/monsters/17121-yuan-ti-abomination,monstrosity,large,generic,N,7.0,3,2900.0,4.0,3.0,3.0,3.0,2.0,4.0,4,3,3,3,2,4,0.0,0.0,0.0,0.0,0.0,0.0,0.0,0.0,0.0,0.0,1.0,0.0,0.0,0.0,0.0,1.0,1.0,1.0,1.0,1.0,1.0,1.0,1.0,1.0,0.0,1.0,1.0,1.0,3.0,1.0,15.0,15.0,127.5,127.5,3.2,7.2,6.0,6.0,13.0,44.0,44.0,44.0,44.0,44.0,0.0,=2*22,=2*22,=2*22,,
Yuan-ti Anathema,17315-yuan-ti-anathema,VGtM,202.0,https://www.dndbeyond.com/monsters/17315-yuan-ti-anathema,monstrosity,huge,legacy,N,12.0,4,8400.0,6.0,1.0,4.0,4.0,3.0,5.0,6,1,4,4,3,5,0.0,0.0,0.0,0.0,0.0,0.0,0.0,0.0,0.0,0.0,1.0,0.0,0.0,0.0,0.0,1.0,1.0,1.0,0.5,1.0,0.5,1.0,0.5,1.0,0.0,1.0,1.0,1.0,1.0,1.25,16.0,16.0,189.0,236.3,3.8,7.8,10.0,10.0,,90.0,90.0,90.0,90.0,90.0,0.0,= 2*13 + 23 + 41,= 2*13 + 23 + 41,= 2*13 + 23 + 41,,
Yuan-ti Anathema,2560970-yuan-ti-anathema,MPMotM,272.0,https://www.dndbeyond.com/monsters/2560970-yuan-ti-anathema,monstrosity,huge,generic,N,12.0,4,8400.0,6.0,1.0,4.0,4.0,3.0,5.0,6,1,4,4,3,5,0.0,0.0,0.0,0.0,0.0,0.0,0.0,0.0,0.0,0.0,1.0,0.0,0.0,0.0,0.0,1.0,1.0,1.0,0.5,1.0,0.5,1.0,0.5,1.0,0.0,1.0,1.0,1.0,1.0,1.25,16.0,16.0,189.0,236.3,3.8,7.8,10.0,10.0,,67.0,67.0,67.0,67.0,67.0,0.0,= 2*13 + 41,= 2*13 + 41,= 2*13 + 41,,Assumes +25% HP from Ophidiophobia Aura.
Yuan-ti Broodguard,17316-yuan-ti-broodguard,VGtM,203.0,https://www.dndbeyond.com/monsters/17316-yuan-ti-broodguard,humanoid,medium,legacy,N,2.0,2,450.0,2.0,2.0,2.0,-2.0,0.0,-3.0,4,4,2,-2,2,-3,0.0,0.0,0.0,0.0,0.0,0.0,0.0,0.0,0.0,0.0,1.0,0.0,0.0,0.0,0.0,1.0,1.0,1.0,1.0,1.0,1.0,1.0,1.0,1.0,0.0,1.0,1.0,1.0,2.0,1.0,14.0,14.0,45.5,45.5,1.2,1.2,4.0,4.0,,16.0,16.0,16.0,16.0,16.0,0.0,= 6 + 2*5,= 6 + 2*5,= 6 + 2*5,,
Yuan-ti Broodguard,2560971-yuan-ti-broodguard,MPMotM,273.0,https://www.dndbeyond.com/monsters/2560971-yuan-ti-broodguard,monstrosity,medium,generic,N,2.0,2,450.0,2.0,2.0,2.0,-2.0,0.0,-3.0,4,4,2,-2,2,-3,0.0,1.0,0.0,0.0,0.0,0.0,0.0,0.0,1.0,0.0,1.0,0.0,0.0,0.0,0.0,1.0,1.0,1.0,1.0,1.0,1.0,1.0,1.0,1.0,0.0,1.0,1.0,1.0,2.0,1.0,14.0,14.0,45.5,45.5,1.2,1.2,4.0,4.0,,17.5,17.5,17.5,17.5,17.5,0.0,= 6.5 + 2*5.5,= 6.5 + 2*5.5,= 6.5 + 2*5.5,,
Yuan-ti Malison,17122-yuan-ti-malison,MM (2014),309.0,https://www.dndbeyond.com/monsters/17122-yuan-ti-malison,monstrosity,medium,generic,N,3.0,2,700.0,3.0,2.0,1.0,2.0,1.0,3.0,3,2,1,2,1,3,0.0,0.0,0.0,0.0,0.0,0.0,0.0,0.0,0.0,0.0,1.0,0.0,0.0,0.0,0.0,1.0,1.0,1.0,1.0,1.0,1.0,1.0,1.0,1.0,0.0,1.0,1.0,1.0,2.0,1.0,12.0,12.0,66.0,66.0,2.0,6.0,5.0,6.0,,26.0,26.0,26.0,26.0,26.0,0.0,= 26,= 26,= 26,,
Yuan-ti Malison (Type 1),301418-yuan-ti-malison-type-1,MM (2014),309.0,https://www.dndbeyond.com/monsters/301418-yuan-ti-malison-type-1,monstrosity,medium,generic,N,3.0,2,700.0,3.0,2.0,1.0,2.0,1.0,3.0,3,2,1,2,1,3,0.0,0.0,0.0,0.0,0.0,0.0,0.0,0.0,0.0,0.0,1.0,0.0,0.0,0.0,0.0,1.0,1.0,1.0,1.0,1.0,1.0,1.0,1.0,1.0,0.0,1.0,1.0,1.0,2.0,1.0,12.0,12.0,66.0,66.0,2.0,6.0,4.0,4.0,,27.0,27.0,27.0,27.0,27.0,0.0,= 2*13.5,= 2*13.5,= 2*13.5,,
Yuan-ti Malison (Type 2),301421-yuan-ti-malison-type-2,MM (2014),309.0,https://www.dndbeyond.com/monsters/301421-yuan-ti-malison-type-2,monstrosity,medium,generic,N,3.0,2,700.0,3.0,2.0,1.0,2.0,1.0,3.0,3,2,1,2,1,3,0.0,0.0,0.0,0.0,0.0,0.0,0.0,0.0,0.0,0.0,1.0,0.0,0.0,0.0,0.0,1.0,1.0,1.0,1.0,1.0,1.0,1.0,1.0,1.0,0.0,1.0,1.0,1.0,2.0,1.0,12.0,12.0,66.0,66.0,2.0,6.0,5.0,5.0,,25.0,25.0,25.0,25.0,25.0,0.0,= 2*12.5,= 2*12.5,= 2*12.5,,
Yuan-ti Malison (Type 3),301425-yuan-ti-malison-type-3,MM (2014),309.0,https://www.dndbeyond.com/monsters/301425-yuan-ti-malison-type-3,monstrosity,medium,generic,N,3.0,2,700.0,3.0,2.0,1.0,2.0,1.0,3.0,3,2,1,2,1,3,0.0,0.0,0.0,0.0,0.0,0.0,0.0,0.0,0.0,0.0,1.0,0.0,0.0,0.0,0.0,1.0,1.0,1.0,1.0,1.0,1.0,1.0,1.0,1.0,0.0,1.0,1.0,1.0,2.0,1.0,12.0,14.0,66.0,66.0,2.0,6.0,5.0,9.0,,24.166666,24.166666,22.5,25.0,25.0,0.0,= 12.5 + 10,= 2*12.5,= 2*12.5,,Assumes +2 AC from Constrict (Restrained). Assumes +4 AB from Constrict (Restrained).
Yuan-ti Malison (Type 4),302474-yuan-ti-malison-type-4,VGtM,96.0,https://www.dndbeyond.com/monsters/302474-yuan-ti-malison-type-4,monstrosity,medium,generic,N,3.0,2,700.0,3.0,2.0,1.0,2.0,1.0,3.0,3,2,1,2,1,3,0.0,0.0,0.0,0.0,0.0,0.0,0.0,0.0,0.0,0.0,1.0,0.0,0.0,0.0,0.0,1.0,1.0,1.0,1.0,1.0,1.0,1.0,1.0,1.0,0.0,1.0,1.0,1.0,2.0,1.0,12.0,12.0,66.0,66.0,2.0,6.0,5.0,5.0,,24.0,24.0,24.0,24.0,24.0,0.0,= 2*12,= 2*12,= 2*12,,
Yuan-ti Malison (Type 5),302480-yuan-ti-malison-type-5,VGtM,96.0,https://www.dndbeyond.com/monsters/302480-yuan-ti-malison-type-5,monstrosity,medium,generic,N,3.0,2,700.0,3.0,2.0,1.0,2.0,1.0,3.0,3,2,1,2,1,3,0.0,0.0,0.0,0.0,0.0,0.0,0.0,0.0,0.0,0.0,1.0,0.0,0.0,0.0,0.0,1.0,1.0,1.0,1.0,1.0,1.0,1.0,1.0,1.0,0.0,1.0,1.0,1.0,2.0,1.0,12.0,12.0,66.0,66.0,2.0,6.0,5.0,5.0,,24.0,24.0,24.0,24.0,24.0,0.0,= 2*12,= 2*12,= 2*12,,
Yuan-ti Mind Whisperer,17317-yuan-ti-mind-whisperer,VGtM,204.0,https://www.dndbeyond.com/monsters/17317-yuan-ti-mind-whisperer,monstrosity,medium,legacy,N,4.0,2,1100.0,3.0,2.0,1.0,2.0,2.0,3.0,3,2,1,2,4,5,0.0,0.0,0.0,0.0,0.0,0.0,0.0,0.0,0.0,0.0,1.0,0.0,0.0,0.0,0.0,1.0,1.0,1.0,1.0,1.0,1.0,1.0,1.0,1.0,0.0,1.0,1.0,1.0,2.0,1.0,14.0,14.0,71.5,80.5,2.8,6.8,5.0,5.0,13.0,28.666666,28.666666,34.0,34.0,18.0,0.0,= 12 + 6 + 16,= 12 + 6 + 16,= 12 + 6,,Assumes 9 hp from Sseth’s Blessing.
Yuan-ti Mind Whisperer,2560972-yuan-ti-mind-whisperer,MPMotM,274.0,https://www.dndbeyond.com/monsters/2560972-yuan-ti-mind-whisperer,monstrosity,medium,generic,N,4.0,2,1100.0,3.0,2.0,1.0,2.0,2.0,3.0,3,2,1,2,4,5,0.0,0.0,0.0,0.0,0.0,0.0,0.0,0.0,0.0,0.0,1.0,0.0,0.0,0.0,0.0,1.0,1.0,1.0,1.0,1.0,1.0,1.0,1.0,1.0,0.0,1.0,1.0,1.0,2.0,1.0,14.0,14.0,71.5,80.5,2.8,6.8,5.0,5.0,,33.0,33.0,33.0,33.0,33.0,0.0,= 2*16.5,= 2*16.5,= 2*16.5,,Assumes +9 HP from Sseth’s Blessing.
Yuan-ti Nightmare Speaker,17318-yuan-ti-nightmare-speaker,VGtM,205.0,https://www.dndbeyond.com/monsters/17318-yuan-ti-nightmare-speaker,monstrosity,medium,legacy,N,4.0,2,1100.0,3.0,2.0,1.0,2.0,1.0,3.0,3,2,1,2,3,5,0.0,0.0,0.0,0.0,0.0,0.0,0.0,0.0,0.0,0.0,1.0,0.0,0.0,0.0,0.0,1.0,1.0,1.0,1.0,1.0,1.0,1.0,1.0,1.0,0.0,1.0,1.0,1.0,2.0,1.0,14.0,14.0,71.5,71.5,2.7,6.7,5.0,5.0,,26.666666,26.666666,32.0,32.0,16.0,0.0,= 10 + 6 + 16,= 10 + 6 + 16,= 10 + 6,,
Yuan-ti Nightmare Speaker,2560973-yuan-ti-nightmare-speaker,MPMotM,275.0,https://www.dndbeyond.com/monsters/2560973-yuan-ti-nightmare-speaker,monstrosity,medium,generic,N,4.0,2,1100.0,3.0,2.0,1.0,2.0,1.0,3.0,3,2,1,2,3,5,0.0,0.0,0.0,0.0,0.0,0.0,0.0,0.0,0.0,0.0,1.0,0.0,0.0,0.0,0.0,1.0,1.0,1.0,1.0,1.0,1.0,1.0,1.0,1.0,0.0,1.0,1.0,1.0,2.0,1.0,14.0,14.0,71.5,71.5,2.7,6.7,5.0,5.0,13.0,36.666668,36.666668,22.0,44.0,44.0,0.0,= 22,= 2*16.5 + 11,= 2*16.5 + 11,,
Yuan-ti Pit Master,17319-yuan-ti-pit-master,VGtM,206.0,https://www.dndbeyond.com/monsters/17319-yuan-ti-pit-master,monstrosity,medium,legacy,N,5.0,3,1800.0,3.0,2.0,1.0,2.0,1.0,3.0,3,2,1,2,4,6,0.0,0.0,0.0,0.0,0.0,0.0,0.0,0.0,0.0,0.0,1.0,0.0,0.0,0.0,0.0,1.0,1.0,1.0,1.0,1.0,1.0,1.0,1.0,1.0,0.0,1.0,1.0,1.0,2.0,1.0,14.0,14.0,88.0,88.0,3.0,7.0,5.0,5.0,13.0,49.333332,49.333332,62.0,62.0,24.0,0.0,= 2*12 + 16 + 22,= 2*12 + 16 + 22,= 2*12,,
Yuan-ti Pit Master,2560974-yuan-ti-pit-master,MPMotM,276.0,https://www.dndbeyond.com/monsters/2560974-yuan-ti-pit-master,monstrosity,medium,generic,N,5.0,3,1800.0,3.0,2.0,1.0,2.0,1.0,3.0,3,2,1,2,4,6,0.0,0.0,0.0,0.0,0.0,0.0,0.0,0.0,0.0,0.0,1.0,0.0,0.0,0.0,0.0,1.0,1.0,1.0,1.0,1.0,1.0,1.0,1.0,1.0,0.0,1.0,1.0,1.0,2.0,1.0,14.0,14.0,88.0,88.0,3.0,7.0,6.0,6.0,13.0,37.5,37.5,37.5,37.5,37.5,0.0,= 3*12.5,= 3*12.5,= 3*12.5,,
Yuan-ti Pureblood,17123-yuan-ti-pureblood,MM (2014),310.0,https://www.dndbeyond.com/monsters/17123-yuan-ti-pureblood,humanoid,medium,generic,N,1.0,2,200.0,0.0,1.0,0.0,1.0,1.0,2.0,0,1,0,1,1,2,0.0,0.0,0.0,0.0,0.0,0.0,0.0,0.0,0.0,0.0,1.0,0.0,0.0,0.0,0.0,1.0,1.0,1.0,1.0,1.0,1.0,1.0,1.0,1.0,0.0,1.0,1.0,1.0,1.0,1.0,11.0,11.0,40.5,40.5,0.8,4.8,3.0,3.0,,11.0,11.0,11.0,11.0,11.0,0.0,= 11,= 11,= 11,,
Yusdrayl,23139-yusdrayl,TftYP,248.0,https://www.dndbeyond.com/monsters/23139-yusdrayl,humanoid,small,unique,N,1.0,2,200.0,-1.0,2.0,2.0,0.0,0.0,3.0,-1,2,2,0,0,3,0.0,0.0,0.0,0.0,0.0,0.0,0.0,0.0,0.0,0.0,0.0,0.0,0.0,0.0,0.0,1.0,1.0,1.0,1.0,1.0,1.0,1.0,1.0,1.0,1.0,1.0,1.0,1.0,2.0,1.0,15.0,15.0,16.5,16.5,1.0,1.0,5.0,6.0,13.0,20.0,20.0,20.0,20.0,20.0,0.0,= 2*10,= 2*10,= 2*10,,
Zakya Rakshasa,487623-zakya-rakshasa,ERftLW,309.0,https://www.dndbeyond.com/monsters/487623-zakya-rakshasa,fiend,medium,generic,N,5.0,3,1800.0,4.0,2.0,4.0,1.0,1.0,0.0,4,2,4,1,1,0,0.0,0.0,0.0,0.0,0.0,0.0,0.0,0.0,0.0,0.0,0.0,0.0,0.0,0.0,0.0,0.7,1.0,0.7,1.0,1.0,1.0,1.0,1.0,1.0,1.0,1.0,1.0,1.0,2.0,1.0,18.0,20.0,59.5,89.3,2.0,2.0,7.0,7.0,,35.0,35.0,35.0,35.0,35.0,0.0,= 3*8 + 11,= 3*8 + 11,= 3*8 + 11,,Assumes +2 AC from shield and Limited Magic Immunity.
Zarak,1979817-zarak,TWBtW,222.0,https://www.dndbeyond.com/monsters/1979817-zarak,humanoid,medium,unique,N,2.0,2,450.0,1.0,3.0,3.0,0.0,2.0,-2.0,1,5,3,2,2,-2,0.0,0.0,0.0,0.0,0.0,0.0,0.0,0.0,0.0,0.0,0.0,0.0,0.0,0.0,0.0,1.0,1.0,1.0,1.0,1.0,1.0,1.0,1.0,1.0,1.0,1.0,1.0,1.0,3.0,1.0,14.0,18.0,37.5,46.5,1.8,1.8,5.0,9.0,,11.0,17.666666,11.0,11.0,11.0,20.0,= 2*5.5,= 2*5.5,= 2*5.5,= 4*5,Assumes +3*3 hp from Uncanny Dodge.
Zaratan,97330-zaratan,MToF,201.0,https://www.dndbeyond.com/monsters/97330-zaratan,elemental,gargantuan,legacy,L,22.0,7,41000.0,10.0,0.0,10.0,-4.0,5.0,4.0,10,0,10,-4,12,11,0.0,0.0,0.0,1.0,0.0,0.0,0.0,0.0,1.0,1.0,1.0,0.0,0.0,1.0,0.0,0.7,0.7,0.7,1.0,0.5,0.5,1.0,0.5,1.0,0.0,1.0,1.0,2.0,0.0,1.0,21.0,21.0,307.5,397.5,6.5,6.5,17.0,17.0,25.0,137.83333,137.83333,145.5,134.0,134.0,0.0,= 2*33 + 3*26.5,= 28 + 26.5 + 3*26.5,= 28 + 26.5 + 3*26.5,,
Zaratan,2560975-zaratan,MPMotM,278.0,https://www.dndbeyond.com/monsters/2560975-zaratan,elemental,gargantuan,legendary,L,22.0,7,41000.0,10.0,0.0,10.0,-4.0,5.0,4.0,10,0,10,-4,12,11,0.0,0.0,0.0,1.0,0.0,0.0,0.0,0.0,1.0,1.0,1.0,0.0,0.0,1.0,0.0,0.7,0.7,0.7,1.0,0.5,0.5,1.0,0.5,1.0,0.0,1.0,1.0,1.0,0.0,1.0,21.0,21.0,307.5,397.5,6.5,6.5,17.0,17.0,25.0,137.83333,137.83333,145.5,134.0,134.0,0.0,= 2*33 + 3*26.5,= 28 + 26.5 + 3*26.5,= 28 + 26.5 + 3*26.5,,
Zargash,1979818-zargash,TWBtW,223.0,https://www.dndbeyond.com/monsters/1979818-zargash,humanoid,medium,unique,N,3.0,2,700.0,2.0,0.0,2.0,1.0,3.0,2.0,2,0,2,1,5,4,0.0,0.0,0.0,0.0,0.0,0.0,0.0,0.0,0.0,0.0,0.0,0.0,0.0,0.0,0.0,1.0,1.0,1.0,1.0,1.0,1.0,1.0,1.0,1.0,1.0,1.0,1.0,1.0,0.0,1.0,13.0,13.0,45.5,72.5,2.3,2.3,5.0,5.0,,25.0,28.0,25.0,25.0,25.0,9.0,= 25,= 25,= 25,= 2*4.5,"Assumes +22 HP from Animate Corpse, and +5 HP from Cling to Life. Assumes +2*4.5 damage from Animate Corpse."
Zargon the Returner,4635169-zargon-the-returner,QftIS,223.0,https://www.dndbeyond.com/monsters/4635169-zargon-the-returner,aberration,huge,unique,LL,17.0,6,18000.0,6.0,0.0,5.0,2.0,4.0,4.0,6,6,5,2,4,10,0.0,0.0,0.0,1.0,0.0,0.0,0.0,0.0,0.0,0.0,1.0,0.0,0.0,0.0,0.0,0.7,0.7,0.7,0.0,0.5,0.5,1.0,1.0,1.0,0.0,1.0,1.0,1.0,0.0,1.0,18.0,18.0,253.0,433.0,5.5,5.5,12.0,12.0,19.0,78.0,78.0,78.0,78.0,78.0,0.0,= 2*15 + 26 + 15 + 7,= 2*15 + 26 + 15 + 7,= 2*15 + 26 + 15 + 7,,
Zariel,96138-zariel,MToF,180.0,https://www.dndbeyond.com/monsters/96138-zariel,fiend,large,legacy,LL,26.0,8,90000.0,8.0,7.0,9.0,8.0,8.0,10.0,8,7,9,16,16,18,0.0,1.0,0.0,1.0,1.0,0.0,0.0,0.0,0.0,0.0,1.0,0.0,0.0,0.0,0.0,0.8,0.8,0.8,1.0,0.5,0.5,1.0,1.0,0.0,0.0,1.0,0.5,1.0,7.0,1.0,21.0,21.0,580.0,730.0,12.3,16.3,16.0,16.0,26.0,132.0,169.33333,132.0,132.0,132.0,112.0,=2*55 + 22,=2*55 + 22,=2*55 + 22,= 2*2*28,
Zariel,2560976-zariel,MPMotM,280.0,https://www.dndbeyond.com/monsters/2560976-zariel,fiend,large,unique,LL,26.0,8,90000.0,8.0,7.0,9.0,8.0,8.0,10.0,8,7,9,16,16,18,0.0,1.0,0.0,1.0,1.0,0.0,0.0,0.0,0.0,0.0,1.0,0.0,0.0,0.0,0.0,0.8,0.8,0.8,1.0,0.5,0.5,1.0,1.0,0.0,0.0,1.0,0.5,1.0,7.0,1.0,21.0,21.0,420.5,570.5,12.3,16.3,16.0,16.0,26.0,187.0,224.33333,187.0,187.0,187.0,112.0,= 3*55 + 22,= 3*55 + 22,= 3*55 + 22,= 2*2*28,
Zegana,176257-zegana,GGtR,255.0,https://www.dndbeyond.com/monsters/176257-zegana,humanoid,medium,unique,L,16.0,5,15000.0,0.0,2.0,2.0,5.0,4.0,3.0,0,2,2,10,9,3,0.0,0.0,0.0,0.0,0.0,0.0,0.0,0.0,0.0,0.0,0.0,0.0,0.0,0.0,0.0,1.0,1.0,1.0,1.0,0.5,1.0,1.0,1.0,1.0,0.5,1.0,1.0,1.0,2.0,1.0,16.0,21.0,130.0,220.0,4.3,8.3,10.0,10.0,,143.0,143.0,145.0,145.0,139.0,0.0,= 2*35 + 3*25,= 2*35 + 3*25,= 2*32 + 3*25,,Assumes +5 AC from Shield.
Zephyros,296828-zephyros,SKT,33.0,https://www.dndbeyond.com/monsters/296828-zephyros,giant,huge,unique,N,13.0,5,10000.0,8.0,0.0,6.0,4.0,3.0,3.0,8,0,11,4,8,8,0.0,0.0,0.0,0.0,0.0,0.0,0.0,0.0,0.0,0.0,0.0,0.0,0.0,0.0,0.0,1.0,1.0,1.0,1.0,1.0,1.0,1.0,1.0,1.0,1.0,1.0,1.0,1.0,0.0,1.0,14.0,14.0,200.0,260.0,6.5,6.5,9.0,9.0,17.0,84.0,84.0,84.0,84.0,84.0,0.0,= 2*42,= 2*42,= 2*42,,Assumes +3*20 hit points from staff of the magi.
Zindar,33281-zindar,ToA,239.0,https://www.dndbeyond.com/monsters/33281-zindar,humanoid,medium,unique,N,8.0,3,3900.0,2.0,0.0,2.0,3.0,2.0,4.0,2,0,5,3,5,4,0.0,0.0,0.0,0.0,0.0,0.0,0.0,0.0,0.0,0.0,0.0,0.0,0.0,0.0,0.0,1.0,1.0,1.0,1.0,1.0,0.5,1.0,1.0,1.0,1.0,1.0,1.0,1.0,0.0,1.0,13.0,20.0,110.5,165.8,3.2,3.2,7.0,7.0,15.0,50.666668,50.666668,0.0,108.0,44.0,0.0,= 0,= 3*36,=2*22,,Assumes Zindar casts stoneskin during the first round.
Ziraj the Hunter,149873-ziraj-the-hunter,WDH,201.0,https://www.dndbeyond.com/monsters/149873-ziraj-the-hunter,humanoid,medium,unique,N,8.0,3,3900.0,4.0,4.0,4.0,0.0,2.0,2.0,4,4,4,0,5,5,0.0,0.0,0.0,0.0,0.0,0.0,0.0,0.0,0.0,0.0,0.0,0.0,0.0,0.0,0.0,1.0,1.0,1.0,1.0,1.0,1.0,1.0,1.0,1.0,1.0,1.0,1.0,1.0,4.0,1.0,17.0,17.0,153.0,153.0,3.7,3.7,7.0,7.0,13.0,45.0,45.0,46.0,46.0,43.0,0.0,= 3*11 + 13,= 3*11 + 13,= 3*11 + 10,,
Zodar,2821214-zodar,SAiS:BAM,64.0,https://www.dndbeyond.com/monsters/2821214-zodar,aberration,medium,generic,N,16.0,5,15000.0,10.0,0.0,8.0,1.0,2.0,4.0,10,0,13,6,7,9,1.0,1.0,1.0,1.0,1.0,0.0,0.0,0.0,0.0,1.0,1.0,0.0,0.0,0.0,0.0,1.0,1.0,1.0,0.0,1.0,0.0,1.0,1.0,1.0,0.0,1.0,1.0,1.0,0.0,1.5,20.0,20.0,200.0,435.0,7.5,7.5,15.0,15.0,21.0,64.0,64.0,64.0,64.0,64.0,0.0,= 2*21 + 22,= 2*21 + 22,= 2*21 + 22,,
Zombie,17077-zombie,MM (2014),316.0,https://www.dndbeyond.com/monsters/17077-zombie,undead,medium,generic,N,0.25,2,50.0,1.0,-2.0,3.0,-4.0,-2.0,-3.0,1,-2,3,-4,0,-3,0.0,0.0,0.0,0.0,0.0,0.0,0.0,0.0,0.0,0.0,1.0,0.0,0.0,0.0,0.0,1.0,1.0,1.0,1.0,1.0,1.0,1.0,1.0,1.0,0.0,1.0,1.0,1.0,-2.0,1.0,8.0,8.0,22.5,29.5,-0.8,-0.8,3.0,3.0,,4.5,4.5,4.5,4.5,4.5,0.0,= 4.5,= 4.5,= 4.5,,
Zombie Clot,1680956-zombie-clot,VRGtR,255.0,https://www.dndbeyond.com/monsters/1680956-zombie-clot,undead,huge,generic,N,6.0,3,2300.0,5.0,0.0,3.0,-4.0,-1.0,0.0,5,0,6,-4,-1,0,0.0,1.0,0.0,1.0,0.0,0.0,0.0,0.0,1.0,1.0,1.0,0.0,0.0,1.0,0.0,1.0,1.0,1.0,1.0,1.0,1.0,1.0,1.0,1.0,0.0,1.0,1.0,1.0,0.0,1.0,12.0,13.0,104.5,151.5,1.0,1.0,8.0,8.0,,42.666668,42.666668,36.0,46.0,46.0,0.0,= 27 + 9,= 2*18.5 + 9,= 2*18.5 + 9,,Assumes 25 + 8 hit points from Flesh Entomb.
Zombie Plague Spreader,1680957-zombie-plague-spreader,VRGtR,255.0,https://www.dndbeyond.com/monsters/1680957-zombie-plague-spreader,undead,medium,generic,N,4.0,2,1100.0,3.0,0.0,2.0,-4.0,-3.0,-3.0,3,0,2,-4,-3,-3,0.0,1.0,0.0,1.0,0.0,0.0,0.0,0.0,0.0,0.0,1.0,0.0,0.0,0.0,0.0,1.0,1.0,1.0,1.0,1.0,1.0,1.0,1.0,0.5,0.0,1.0,1.0,1.0,0.0,1.0,10.0,11.0,78.0,85.0,-0.8,-0.8,5.0,5.0,12.0,31.0,31.0,31.0,31.0,31.0,0.0,= 2*15.5,= 2*15.5,= 2*15.5,,Assumes +1 AC from Viral Aura.
Zorak Lightdrinker,189881-zorak-lightdrinker,WDotMM,204.0,https://www.dndbeyond.com/monsters/189881-zorak-lightdrinker,undead,medium,unique,L,14.0,5,11500.0,4.0,4.0,4.0,3.0,2.0,4.0,4,9,4,3,7,9,0.0,0.0,0.0,0.0,0.0,0.0,0.0,0.0,0.0,0.0,0.0,0.0,0.0,0.0,0.0,0.7,0.7,0.7,1.0,1.0,1.0,1.0,1.0,0.5,0.5,1.0,1.0,1.0,4.0,1.25,18.0,18.0,144.5,368.1,6.0,6.0,10.0,10.0,17.0,57.0,57.0,57.0,57.0,57.0,0.0,= 2*16 + 8 + 17,= 2*16 + 8 + 17,= 2*16 + 8 + 17,,
Zorbo,33290-zorbo,ToA,241.0,https://www.dndbeyond.com/monsters/33290-zorbo,monstrosity,small,generic,N,0.5,2,100.0,1.0,0.0,1.0,-4.0,1.0,-2.0,1,0,1,-4,1,-2,0.0,0.0,0.0,0.0,0.0,0.0,0.0,0.0,0.0,0.0,0.0,0.0,0.0,0.0,0.0,1.0,1.0,1.0,1.0,1.0,1.0,1.0,1.0,1.0,1.0,1.0,1.0,1.0,0.0,1.0,10.0,10.0,27.0,27.0,-0.5,3.5,3.0,3.0,,8.0,8.0,8.0,8.0,8.0,0.0,= 8,= 8,= 8,,
ZUGGTMOY,17419-zuggtmoy,OotA,249.0,https://www.dndbeyond.com/monsters/17419-zuggtmoy,fiend,large,legacy,LL,23.0,7,50000.0,6.0,2.0,4.0,5.0,4.0,7.0,6,9,11,5,11,7,0.0,1.0,0.0,1.0,1.0,0.0,0.0,0.0,0.0,0.0,1.0,0.0,0.0,0.0,0.0,0.2,0.2,0.2,1.0,0.5,0.5,1.0,0.5,1.0,0.0,1.0,1.0,1.0,2.0,1.25,18.0,18.0,304.0,567.5,8.2,12.2,13.0,13.0,,194.66667,194.66667,208.0,168.0,208.0,0.0,= 4*24 + 3*24 + 4*10,= 4*24 + 3*24,= 4*24 + 3*24 + 4*10,,"Assumes +3*10 hit points from Protective Thrall, +30 hit points from lair actions. Assumes +4*10 damage from lair actions."
Zuggtmoy,17419-zuggtmoy,MToF,157.0,https://www.dndbeyond.com/monsters/17419-zuggtmoy,fiend,large,legacy,LL,23.0,7,50000.0,6.0,2.0,4.0,5.0,4.0,7.0,6,9,11,5,11,7,0.0,1.0,0.0,1.0,1.0,0.0,0.0,0.0,0.0,0.0,1.0,0.0,0.0,0.0,0.0,0.2,0.2,0.2,1.0,0.5,0.5,1.0,0.5,1.0,0.0,1.0,1.0,1.0,2.0,1.25,18.0,18.0,304.0,548.8,8.2,12.2,13.0,13.0,,168.0,168.0,168.0,168.0,168.0,0.0,= 4*24 + 3*24,= 4*24 + 3*24,= 4*24 + 3*24,,Assumes +15 HPR from Protective Thrall.
Zuggtmoy,2560977-zuggtmoy,MPMotM,282.0,https://www.dndbeyond.com/monsters/2560977-zuggtmoy,fiend,large,unique,LL,23.0,7,50000.0,6.0,2.0,4.0,5.0,4.0,7.0,6,9,11,5,11,7,0.0,1.0,0.0,1.0,1.0,0.0,0.0,0.0,0.0,0.0,1.0,0.0,0.0,0.0,0.0,0.2,0.2,0.2,1.0,0.5,0.5,1.0,0.5,1.0,0.0,1.0,1.0,1.0,2.0,1.25,18.0,18.0,304.0,548.8,8.2,12.2,13.0,13.0,,144.0,144.0,144.0,144.0,144.0,0.0,= 3*24 + 3*24,= 3*24 + 3*24,= 3*24 + 3*24,,Assumes +15 HPR from Protective Thrall.
